states,imprecision
0,1.0
1,0.04879437180296876
2,0.04783839584518734
3,0.04688909167704114
4,0.045936933891058136
5,0.044986679468489325
6,0.044034521682506315
7,0.043083316054309255
8,0.042127340096527965
9,0.04117613446833091
10,0.04023062182482851
11,0.039278464038845495
12,0.03828940920351598
13,0.03734010503536967
14,0.03639080086722346
15,0.03543291008576998
16,0.03447597719509798
17,0.03352381940911497
18,0.03256975444727317
19,0.031623295344668234
20,0.03066731938688683
21,0.02971611375868987
22,0.028778138794864017
23,0.027821205904192015
24,0.026867140942350213
25,0.025915935314153257
26,0.02496282441727338
27,0.02401446955329523
28,0.02306706304418105
29,0.022112998082339352
30,0.021162743659770552
31,0.02021058587378755
32,0.01926033145121864
33,0.018310077028649837
34,0.017359822606081043
35,0.016413363503475997
36,0.015469740939747961
37,0.014519486517179157
38,0.013568280888982095
39,0.012618026466413305
40,0.011667772043844393
41,0.010717517621275595
42,0.009767263198706801
43,0.008818908334728646
44,0.0078677027065317
45,0.00691744828396279
46,0.0059709891813578535
47,0.0050207347587889455
48,0.004078055817624658
49,0.003127801395055864
50,0.002180394885941684
51,0.001237715944777396
52,0.0012367609247955214
53,0.0012358097191673685
54,0.0012348518283858971
55,0.001233891058175174
56,0.0012329389003891134
57,0.0012319829244313856
58,0.0012310317188032327
59,0.0012300814643806395
60,0.001229128353483766
61,0.001228171420593061
62,0.0012272211661704664
63,0.0012262699605423144
64,0.0012253206563741519
65,0.0012243684985882015
66,0.001223412522630363
67,0.0012224507906877236
68,0.0012214967257259128
69,0.0012205397928352064
70,0.001219589538412613
71,0.0012186364275157402
72,0.001217680451558012
73,0.0012167254315761378
74,0.0012157761274079752
75,0.0012148239696220258
76,0.0012138679936641865
77,0.0012129196388002144
78,0.0012119684331720613
79,0.0012110134131901875
80,0.0012100631587677049
81,0.001209114803903733
82,0.0012081721249624926
83,0.0012072266123189794
84,0.0012062754066908261
85,0.0012053336704286326
86,0.0012043891032977867
87,0.0012034445361668313
88,0.0012024999690359865
89,0.0012015459040741754
90,0.0012005965999060122
91,0.001199644442120062
92,0.0011986989294765493
93,0.0011977505746125776
94,0.0011967993689844252
95,0.0011958481633561609
96,0.0011948571274400526
97,0.0011939049696541029
98,0.0011929537640258392
99,0.0011919637191456498
100,0.0011909736742654606
101,0.0011899836293852715
102,0.001188993584505083
103,0.001188003539624782
104,0.0011870134947445927
105,0.0011860234498644042
106,0.0011850334049842148
107,0.0011840850501202422
108,0.00118313669525627
109,0.0011821949589939647
110,0.0011812437533658124
111,0.00118029444919765
112,0.001179305394362395
113,0.001178358935259749
114,0.001177409631091586
115,0.0011764641184480726
116,0.0011755157635841007
117,0.001174525718703912
118,0.0011735773638399394
119,0.0011726290089759677
120,0.0011716806541119949
121,0.001170733247602862
122,0.0011697858410937285
123,0.0011688346354655767
124,0.0011678738652548537
125,0.0011669274061522075
126,0.0011659781019840438
127,0.0011650325893405313
128,0.0011640842344765587
129,0.0011631263436950863
130,0.0011621779888311143
131,0.0011612210559405203
132,0.0011602641230498143
133,0.0011593195559189695
134,0.0011583549330004277
135,0.0011574046785778334
136,0.0011564477456871276
137,0.0011554908127965335
138,0.0011545310033559408
139,0.0011535711939154591
140,0.0011526142610247538
141,0.001151650602729148
142,0.0011506965377673373
143,0.0011497396048766313
144,0.0011487836289189037
145,0.0011478276529610645
146,0.001146868803330037
147,0.0011459137833481627
148,0.0011449578073904345
149,0.001144000874499729
150,0.0011430439416090232
151,0.001142087965651295
152,0.0011411377112287011
153,0.001140181735270973
154,0.0011392219258303806
155,0.0011382659498726524
156,0.0011373071002415138
157,0.0011363530352797022
158,0.0011354018296514388
159,0.0011344525254833868
160,0.001133501319855124
161,0.0011325501142269714
162,0.0011315960492651596
163,0.001130646745096997
164,0.001129694587310937
165,0.0011287395673291736
166,0.0011277864564323001
167,0.0011268304804744607
168,0.0011258821256104887
169,0.0011249280606486778
170,0.0011239768550205251
171,0.001123020879062686
172,0.0011220629882812143
173,0.0011211098773843409
174,0.0011201567664874679
175,0.0011192084116234955
176,0.001118255300726623
177,0.00111730218982975
178,0.0011163490789328763
179,0.001115396921146927
180,0.001114445715518664
181,0.001113494509890511
182,0.0011125461550265392
183,0.0011115968508583758
184,0.001110646596435783
185,0.0011096934855389093
186,0.0011087441813707466
187,0.0011077967748616133
188,0.00110684175487985
189,0.0011058934000158778
190,0.0011049431455932848
191,0.0011039985784624395
192,0.0011030502235984672
193,0.001102097112701594
194,0.0011011497061924615
195,0.0011001965952955885
196,0.0010992425303337772
197,0.0010982836807026388
198,0.0010973257899211668
199,0.001096379330818631
200,0.0010954328717159843
201,0.001094486412613338
202,0.0010935427900496955
203,0.001092589679152822
204,0.0010916337031949828
205,0.0010906834487723893
206,0.001089742654246439
207,0.001088766380259898
208,0.0010878180253959262
209,0.0010868696705319536
210,0.0010859213156679817
211,0.0010849710612453878
212,0.0010840160412635134
213,0.0010830676863995414
214,0.0010821126664177778
215,0.0010811643115538063
216,0.0010802225752915002
217,0.0010792789527278575
218,0.0010783334400843447
219,0.0010773926455583947
220,0.00107644807842755
221,0.0010754997235634667
222,0.0010745437476057382
223,0.0010735877716480104
224,0.0010726327516661362
225,0.0010716815460379836
226,0.0010707303404097201
227,0.0010697676457723795
228,0.0010688183416043273
229,0.0010678661838182668
230,0.0010669102078605382
231,0.0010659637487578923
232,0.0010650058579764203
233,0.0010640450877656973
234,0.001063102408824568
235,0.0010621540539605952
236,0.0010612037995380015
237,0.001060241104900661
238,0.0010593003103747112
239,0.0010583471994778384
240,0.0010573959938496853
241,0.0010564561401181784
242,0.001055515345592228
243,0.0010545650911696347
244,0.0010536052817291532
245,0.001052647390947681
246,0.0010516885413166532
247,0.0010507505663528427
248,0.0010498097718268926
249,0.0010488557068649709
250,0.0010479006868832075
251,0.0010469570643194541
252,0.0010459962941087313
253,0.001045056440377223
254,0.0010440975907461962
255,0.0010431577370147995
256,0.0010422055792287388
257,0.0010412562750605758
258,0.0010403079201966041
259,0.001039357665774121
260,0.0010384178120426133
261,0.0010374685078744506
262,0.0010365106170930896
263,0.0010355536842023834
264,0.0010345967513116785
265,0.00103364077535395
266,0.0010326828845724776
267,0.001031729773675605
268,0.0010307718828941324
269,0.0010298130332629938
270,0.0010288541836319669
271,0.0010278953340008283
272,0.0010269345637901053
273,0.0010259956499124587
274,0.0010250586129235686
275,0.0010241215759346776
276,0.0010231770088038328
277,0.0010222229438420212
278,0.0010212859068531312
279,0.0010203375519891589
280,0.0010193796612076864
281,0.0010184217704262142
282,0.0010174667504444512
283,0.001016508859662979
284,0.001015552883705251
285,0.0010145988187433286
286,0.0010136437987615654
287,0.0010126887787796914
288,0.0010117318458890967
289,0.0010107777809271743
290,0.0010098398059633635
291,0.0010088828730726582
292,0.0010079095249801995
293,0.0010069564140833265
294,0.0010060156195573764
295,0.0010050567699263489
296,0.001004095037983599
297,0.0010031428801976496
298,0.0010021907224117
299,0.0010012366574497773
300,0.0010002778078187498
301,0.0009993351288776209
302,0.0009983896162341081
303,0.0009974326833434024
304,0.00099647479256193
305,0.000995516901780458
306,0.0009945628368186465
307,0.0009936087718568354
308,0.0009926566140707749
309,0.000991703503173902
310,0.000990749438212091
311,0.000989796327315218
312,0.0009888432164183443
313,0.0009878881964364705
314,0.0009869312635458756
315,0.0009859791057598153
316,0.0009850259948629427
317,0.0009840681040815809
318,0.0009831168984533178
319,0.0009821694919441846
320,0.0009812277556819904
321,0.000980281296579344
322,0.000979328185682471
323,0.0009783731657007082
324,0.0009774143160695692
325,0.0009764621582836197
326,0.0009755090473867466
327,0.0009745549824249359
328,0.0009736056782567726
329,0.0009726516132949615
330,0.0009717004076666977
331,0.0009707492020385459
332,0.0009697960911416721
333,0.0009688448855134088
334,0.0009678869947319367
335,0.0009669367403094545
336,0.0009659807643516152
337,0.0009650266993898041
338,0.0009640735884929312
339,0.0009631195235311198
340,0.0009621787290051694
341,0.0009612322699025234
342,0.000960280112116574
343,0.0009593279543305135
344,0.0009583575233632622
345,0.0009574044124663892
346,0.0009564522546804404
347,0.0009554972346985658
348,0.0009545441238016932
349,0.0009535929181735402
350,0.0009526359852828344
351,0.0009516819203210234
352,0.0009507249874303182
353,0.0009497718765334451
354,0.000948820670905293
355,0.0009478685131192321
356,0.0009469201582552598
357,0.0009459699038327772
358,0.0009450205996646144
359,0.0009440722448006423
360,0.0009431229406324791
361,0.0009421717350042159
362,0.0009412214805817335
363,0.0009402693227956729
364,0.0009393200186275098
365,0.00093836786084156
366,0.0009374195059775884
367,0.0009364635300198596
368,0.0009355208510786198
369,0.0009345610416381377
370,0.0009336126867741659
371,0.0009326586218123543
372,0.0009317026458545149
373,0.0009307495349576426
374,0.0009297992805350487
375,0.0009288499763668854
376,0.0009279016215029137
377,0.0009269523173348616
378,0.0009260011117065982
379,0.0009250508572840043
380,0.0009241043981814687
381,0.0009231636036555191
382,0.000922219036524674
383,0.0009212621036339683
384,0.0009203137487699961
385,0.0009193653939060246
386,0.0009184170390420519
387,0.00091746868417808
388,0.0009165155732812068
389,0.000915565318858613
390,0.0009146254651271054
391,0.0009136723542302324
392,0.0009127268415867196
393,0.0009117727766249081
394,0.0009108196657280356
395,0.0009098627328373298
396,0.0009089067568796018
397,0.0009079517368977275
398,0.0009069957609399988
399,0.0009060407409581254
400,0.0009050847650003964
401,0.0009041364101364245
402,0.0009031880552724522
403,0.0009022387511042891
404,0.0009012837311224157
405,0.0009003315733364662
406,0.0008993860606929525
407,0.0008984339029070031
408,0.0008974855480430314
409,0.0008965419254792775
410,0.0008955954663766309
411,0.0008946433085906812
412,0.0008936882886089184
413,0.0008927389844407553
414,0.0008917915779316219
415,0.0008908403723033589
416,0.0008898891666752067
417,0.0008889370088892564
418,0.0008879810329314175
419,0.0008870421190537716
420,0.0008860966064102579
421,0.0008851281153344772
422,0.0008841683058939956
423,0.0008832180514714014
424,0.000882268747303239
425,0.0008813184928806452
426,0.0008803653819837723
427,0.0008794132241978226
428,0.0008784572482399832
429,0.0008775031832781722
430,0.000876556724175637
431,0.0008756083693115538
432,0.0008746647467479105
433,0.0008737116358510378
434,0.0008727623316828749
435,0.0008718073117010007
436,0.0008708589568370281
437,0.0008699010660555565
438,0.0008689470010937452
439,0.0008680014884502316
440,0.0008670502828220795
441,0.0008661028763129465
442,0.000865149765416073
443,0.0008642014105521009
444,0.0008632521063839379
445,0.0008622961304262099
446,0.0008613487239170772
447,0.0008603975182888134
448,0.0008594491634248411
449,0.0008584979577966892
450,0.0008575477033740951
451,0.0008565955455881454
452,0.000855644339959882
453,0.0008546921821739328
454,0.0008537381172121217
455,0.0008527850063152486
456,0.0008518526451503083
457,0.0008508985801884972
458,0.0008499435602066227
459,0.0008489942560384603
460,0.0008480401910766486
461,0.0008470908869084862
462,0.0008461358669267224
463,0.0008451875120627502
464,0.0008442372576401568
465,0.0008432870032175633
466,0.0008423443242764336
467,0.0008413940698538401
468,0.0008404428642255767
469,0.0008394945093616047
470,0.0008385480502590692
471,0.0008375977958364755
472,0.0008366399050550033
473,0.0008356924985458704
474,0.0008347412929177178
475,0.0008337891351317687
476,0.000832843622488255
477,0.0008318914647021947
478,0.0008309393069162454
479,0.0008299881012880925
480,0.0008290330813062183
481,0.0008280799704093459
482,0.0008271297159867518
483,0.0008261804118186999
484,0.000825227300921716
485,0.0008242798944126939
486,0.0008233277366266331
487,0.0008223727166448704
488,0.0008214243617808982
489,0.0008204769552717653
490,0.0008195371015403685
491,0.0008185906424377221
492,0.0008176460753068774
493,0.0008166958208842835
494,0.0008157446152561307
495,0.0008147943608335374
496,0.0008138431552052735
497,0.0008128909974193242
498,0.0008119473748555706
499,0.0008109904419649758
500,0.000810041137796813
501,0.0008090899321685494
502,0.0008081500784371535
503,0.0008072036193345067
504,0.000806253364912024
505,0.0008053021592837608
506,0.0008043471393019975
507,0.0008033940284051244
508,0.0008024390084232504
509,0.0008014897042550876
510,0.0008005384986269346
511,0.0007995920395242884
512,0.000798639881738339
513,0.0007976867708414662
514,0.0007967393643323332
515,0.0007957910094683605
516,0.0007948407550457671
517,0.0007938895494176147
518,0.0007929392949950208
519,0.0007919880893668685
520,0.0007910378349442746
521,0.0007900866293160114
522,0.0007891335184191385
523,0.0007881813606331888
524,0.000787233954124056
525,0.0007862817963381066
526,0.0007853334414741342
527,0.0007843822358458704
528,0.0007834395569047411
529,0.0007824949897738961
530,0.0007815370989924241
531,0.0007805991240286136
532,0.0007796421911379081
533,0.0007786938362739362
534,0.0007777454814099637
535,0.0007767990223074285
536,0.000775850667443456
537,0.0007748946914856173
538,0.000773952012544488
539,0.0007730027083763249
540,0.0007720534042081617
541,0.0007711059976990284
542,0.0007701576428350566
543,0.0007691997520535846
544,0.0007682447320718209
545,0.0007672944776492273
546,0.000766346122785255
547,0.0007653776317094739
548,0.0007644273772868804
549,0.0007634780731188282
550,0.0007625278186962349
551,0.0007615766130679712
552,0.0007606263586454889
553,0.0007596770544773257
554,0.0007587296479681925
555,0.0007577803438000297
556,0.000756830089377436
557,0.0007558845767339228
558,0.0007549314658370501
559,0.0007539906713111003
560,0.0007530451586675868
561,0.0007520996460240736
562,0.0007511541333806716
563,0.0007501972004899663
564,0.0007492488456259938
565,0.0007483023865233474
566,0.0007473530823551843
567,0.0007463980623734212
568,0.0007454430423915472
569,0.0007444956358824142
570,0.0007435491767798786
571,0.0007426017702707453
572,0.0007416543637616125
573,0.0007407088511180991
574,0.000739750001487072
575,0.0007387949815051974
576,0.0007378456773370344
577,0.0007368973224730625
578,0.0007359546435319329
579,0.0007350034379037805
580,0.0007340541337356174
581,0.0007331076746329712
582,0.0007321593197689991
583,0.000731210964905027
584,0.0007302654522615136
585,0.0007293161480933509
586,0.0007283706354498377
587,0.0007274232289407048
588,0.0007264729745182218
589,0.0007255236703500588
590,0.0007245676943922199
591,0.0007236221817487064
592,0.000722675722646171
593,0.0007217302100026581
594,0.000720785642871813
595,0.0007198344372435493
596,0.0007188813263466761
597,0.0007179291685607272
598,0.0007169846014298823
599,0.0007160400342990372
600,0.0007150954671681917
601,0.0007141509000373472
602,0.0007131996944090836
603,0.0007122560718453299
604,0.0007112981810639686
605,0.0007103431610820942
606,0.0007093900501852213
607,0.0007084435910825751
608,0.000707496184573442
609,0.0007065478297094695
610,0.0007056013706069341
611,0.0007046425209757958
612,0.0007036979538449507
613,0.0007027609168560599
614,0.0007018172942924172
615,0.0007008708351897708
616,0.0006999253225462575
617,0.0006989807554154127
618,0.0006980314512472497
619,0.0006970840447381166
620,0.0006961385320946035
621,0.0006951825561368752
622,0.0006942275361550009
623,0.0006932753783690517
624,0.0006923317558052979
625,0.0006913767358235343
626,0.0006904331132597808
627,0.0006894857067506477
628,0.0006885335489646983
629,0.0006875899264009445
630,0.0006866453592700995
631,0.0006857017367063457
632,0.0006847552776038104
633,0.0006838031198177498
634,0.0006828604408766206
635,0.0006819101864540267
636,0.0006809608822858637
637,0.0006800115781177005
638,0.0006790613236952183
639,0.0006781082127983453
640,0.0006771522368405059
641,0.0006761981718786948
642,0.000675255492937565
643,0.0006743071380735931
644,0.0006733597315644604
645,0.0006724142189209471
646,0.0006714668124118137
647,0.0006705194059026806
648,0.0006695643859209177
649,0.0006686093659390434
650,0.0006676543459572802
651,0.0006667050417891171
652,0.0006657633055268117
653,0.0006648101946299392
654,0.0006638646819864258
655,0.0006629067912050646
656,0.0006619527262431426
657,0.0006610005684571929
658,0.0006600588321949983
659,0.0006591161532537578
660,0.0006581649476256061
661,0.0006572108826637947
662,0.0006562644235611478
663,0.0006553141691385542
664,0.0006543743154071582
665,0.0006534231097790059
666,0.0006524661768882999
667,0.0006515149712601476
668,0.0006505647168375542
669,0.00064961446241496
670,0.000648666107550988
671,0.0006477168033828249
672,0.000646768448518853
673,0.0006458238813880082
674,0.0006448688614061336
675,0.000643916703620184
676,0.0006429635927233114
677,0.0006420133383007178
678,0.0006410706593595881
679,0.000640123252850455
680,0.0006391786857196103
681,0.0006382341185887652
682,0.0006372838641661714
683,0.0006363392970353268
684,0.0006353814062538544
685,0.0006344263862720912
686,0.0006334704103142519
687,0.0006325153903324889
688,0.0006315622794355047
689,0.0006306139245715326
690,0.0006296665180625103
691,0.0006287143602764498
692,0.0006277612493795771
693,0.0006268232744157665
694,0.0006258730199931727
695,0.0006249275073496594
696,0.0006239715313919314
697,0.0006230307368659815
698,0.0006220861697351367
699,0.0006211368655669736
700,0.0006201856599387103
701,0.0006192354055162272
702,0.0006182832477301672
703,0.0006173405687890374
704,0.0006163903143664439
705,0.0006154391087382918
706,0.0006144879031100281
707,0.0006135366974818755
708,0.0006125826325200645
709,0.000611630474734004
710,0.0006106773638371309
711,0.000609732796706286
712,0.0006087815910781338
713,0.0006078284801812605
714,0.0006068829675377472
715,0.0006059317619095949
716,0.0006049738711281228
717,0.00060402076023125
718,0.0006030657402493753
719,0.0006021126293525025
720,0.0006011595184556298
721,0.0006002083128274769
722,0.0005992580584048832
723,0.0005983049475080104
724,0.0005973537418797468
725,0.0005964006309828739
726,0.0005954503765602805
727,0.000594499170932128
728,0.0005935470131461784
729,0.0005925986582822065
730,0.0005916540911513611
731,0.0005907009802544885
732,0.0005897450042966492
733,0.0005888079673077582
734,0.0005878615082052229
735,0.0005869131533412509
736,0.0005859657468321178
737,0.0005850164426639546
738,0.0005840614226820806
739,0.0005831130678181083
740,0.0005821741539404623
741,0.0005812238995178687
742,0.0005802736450952752
743,0.0005793157543138028
744,0.0005783626434169298
745,0.0005774104856309803
746,0.0005764583278450306
747,0.0005755061700589705
748,0.0005745540122730209
749,0.0005736094451421758
750,0.0005726544251604128
751,0.0005717022673743521
752,0.0005707491564774793
753,0.0005697969986915294
754,0.0005688438877946566
755,0.0005678898228328456
756,0.000566938617204582
757,0.0005659893130364189
758,0.0005650390586138254
759,0.0005640916521048035
760,0.0005631404464765397
761,0.0005621901920539465
762,0.0005612408878858943
763,0.0005602915837177312
764,0.0005593413292951376
765,0.0005583872643333266
766,0.0005574398578241936
767,0.0005564857928623822
768,0.0005555412257315372
769,0.0005545871607696149
770,0.0005536463662436654
771,0.0005526989597345323
772,0.000551752500631997
773,0.0005507965246741574
774,0.0005498472205059945
775,0.0005488922005242314
776,0.0005479428963560684
777,0.0005469935921879054
778,0.0005460442880197427
779,0.0005450930823915902
780,0.0005441418767633266
781,0.0005431906711351743
782,0.0005422385133492245
783,0.0005412863555631642
784,0.0005403380006991921
785,0.0005393886965311399
786,0.0005384336765492659
787,0.0005374748269181274
788,0.0005365236212899748
789,0.0005355714635040252
790,0.0005346202578757618
791,0.0005336690522476096
792,0.0005327168944616603
793,0.0005317656888333965
794,0.0005308295888815097
795,0.000529878383253357
796,0.0005289309767442241
797,0.0005279788189582744
798,0.000527028564535681
799,0.0005260792603675182
800,0.0005251271025815683
801,0.0005241749447956191
802,0.0005232256406274561
803,0.0005222667909963177
804,0.0005213127260345063
805,0.0005203615204063538
806,0.0005194103147780904
807,0.0005184704610466938
808,0.0005175249484031805
809,0.0005165803812723356
810,0.0005156272703754629
811,0.0005146798638663298
812,0.0005137238879084903
813,0.000512771730122541
814,0.0005118157541648126
815,0.0005108654997422192
816,0.0005099133419562695
817,0.000508962136328006
818,0.0005080118819054124
819,0.0005070597241194632
820,0.0005061113692554908
821,0.0005051611148328974
822,0.0005042099092047448
823,0.0005032625026956118
824,0.0005023150961864787
825,0.0005013619852896057
826,0.0005004098275036563
827,0.0004994595730810624
828,0.0004985102689128997
829,0.0004975581111269501
830,0.0004966097562629777
831,0.0004956604520948149
832,0.0004947101976722213
833,0.0004937608935040585
834,0.0004928144344015228
835,0.0004918679752988763
836,0.0004909205687897433
837,0.0004899722139257711
838,0.0004890229097576082
839,0.00048807360558955626
840,0.00048712430142139345
841,0.00048617499725323043
842,0.00048522569308506757
843,0.0004842801804415542
844,0.00048332611547974286
845,0.00048237109549786883
846,0.00048141988986971635
847,0.00048047343076707005
848,0.0004795174548093419
849,0.00047856909994536956
850,0.0004776169421593091
851,0.000476663831262436
852,0.000475708811280673
853,0.00047475379129879885
854,0.00047379877131703557
855,0.0004728523122143892
856,0.00047190015442843974
857,0.0004709508502602765
858,0.00047000154609211375
859,0.0004690522419239506
860,0.0004681029377557875
861,0.00046716025881465855
862,0.0004662147461711451
863,0.0004652587702134169
864,0.0004643094660452539
865,0.00046336205953612103
866,0.0004624118051135271
867,0.0004614625009453642
868,0.0004605131967773124
869,0.00045957051783607195
870,0.0004586212136679091
871,0.0004576747545653735
872,0.0004567245001427802
873,0.000455775195974617
874,0.0004548287368720817
875,0.0004538813303629486
876,0.00045293392385381537
877,0.00045198746475116913
878,0.0004510504277622786
879,0.00045010302125325635
880,0.00044915750860974324
881,0.0004482082044415803
882,0.00044725984957760817
883,0.0004463190550516583
884,0.0004453763761104179
885,0.00044442707194236586
886,0.00044347966543323297
887,0.0004425341527897196
888,0.0004415914738485906
889,0.00044064596120507715
890,0.0004396976063411051
891,0.0004387483021729422
892,0.00043779899800477933
893,0.00043684969383661604
894,0.00043589943941402243
895,0.00043494918499142903
896,0.00043399702720547945
897,0.00043305056810294396
898,0.00043210788916170346
899,0.00043115858499354054
900,0.0004302121258910054
901,0.0004292628217228424
902,0.00042831351755467944
903,0.00042736516269070696
904,0.00042641585852254426
905,0.00042546560409995065
906,0.0004245285671111708
907,0.0004235802122471988
908,0.00042262710135032566
909,0.0004216739904533418
910,0.0004207218326673921
911,0.0004197715782447986
912,0.0004188260656012854
913,0.00041787676143323365
914,0.00041693030233058714
915,0.0004159828958214538
916,0.00041503548931232103
917,0.0004140890302097855
918,0.0004131435175662725
919,0.0004121989504354275
920,0.0004112534377919142
921,0.00041030603128278104
922,0.00040935101130090706
923,0.0004084073887372641
924,0.00040746659421131415
925,0.00040652579968525327
926,0.0004055726887883805
927,0.0004046233846203283
928,0.0004036788174893724
929,0.0004027380229634226
930,0.00040178776854094006
931,0.00040084036203180673
932,0.00039989200716783474
933,0.00039893698718596065
934,0.00039798292222414927
935,0.00039703551571501633
936,0.0003960843100868638
937,0.00039513405566427007
938,0.00039418475149610705
939,0.0003932344970735135
940,0.0003922870905643805
941,0.0003913339796675075
942,0.0003903789596857445
943,0.0003894296555175813
944,0.0003884765446207084
945,0.00038753103197719513
946,0.00038658457287454883
947,0.00038563336724639635
948,0.0003846821616182439
949,0.0003837319071956502
950,0.0003827807015673867
951,0.0003818342424648514
952,0.00038088967533400625
953,0.0003799488808079456
954,0.0003790014742989233
955,0.0003780559616554104
956,0.0003771095025527638
957,0.0003761639899092505
958,0.000375217530806715
959,0.00037427107170406854
960,0.00037332461260142225
961,0.0003723790999579091
962,0.0003714326408553737
963,0.0003704833366872108
964,0.0003695349818232385
965,0.00036858377619508603
966,0.00036764203993278055
967,0.0003667096787678404
968,0.0003657594243453575
969,0.00036481957061385
970,0.00036386931619136764
971,0.0003629247490604115
972,0.0003619725912744619
973,0.00036102043348851265
974,0.0003600768109247587
975,0.00035912655650216513
976,0.00035817914999303186
977,0.00035723458286218696
978,0.00035628907021867373
979,0.00035534355757516057
980,0.00035439330315267803
981,0.00035344304873008426
982,0.00035249279430749075
983,0.00035154158867933816
984,0.00035059323381536617
985,0.000349644878951394
986,0.0003486965240874219
987,0.00034774531845915835
988,0.00034679411283100586
989,0.00034584765372835935
990,0.0003448992988643874
991,0.0003439528397617408
992,0.00034300543325271876
993,0.0003420580267435858
994,0.0003411125141000726
995,0.00034016794696922764
996,0.00033922432440547384
997,0.00033827596954150174
998,0.0003373323469777477
999,0.0003363877798469029
1000,0.00033544510090577345
1001,0.00033449674604180124
1002,0.0003335483911778289
1003,0.00033260003631385693
1004,0.0003316573573726165
1005,0.0003307090025086445
1006,0.0003297549375468333
1007,0.00032880658268286133
1008,0.0003278667289514649
1009,0.0003269231063877112
1010,0.0003259785392568659
1011,0.0003250320801542193
1012,0.00032408467364508664
1013,0.0003231391610015733
1014,0.0003221860501047
1015,0.0003212348444765479
1016,0.0003202855403083847
1017,0.0003193390812057382
1018,0.0003183926221032032
1019,0.0003174442672392308
1020,0.0003165072302503402
1021,0.0003155617176068269
1022,0.00031461051197867435
1023,0.0003136593063504112
1024,0.00031270810072225885
1025,0.00031175974585828675
1026,0.00031080854023002324
1027,0.00030985733460187054
1028,0.00030891465566074117
1029,0.0003079653514925783
1030,0.0003070245569666283
1031,0.0003060752527984656
1032,0.0003051306856676206
1033,0.00030418422656497434
1034,0.00030323492239681116
1035,0.00030228561822864835
1036,0.00030133346044269865
1037,0.000300381302656749
1038,0.00029943009702848567
1039,0.00029848079286043405
1040,0.00029753811391919365
1041,0.00029659449135543986
1042,0.00029564518718738786
1043,0.0002946958830192247
1044,0.0002937465788510621
1045,0.00029279727468289874
1046,0.0002918517620393858
1047,0.00029090340717541374
1048,0.00028995694807287803
1049,0.0002890189731089566
1050,0.00028806966894090474
1051,0.00028712320983825807
1052,0.00028617769719474495
1053,0.0002852340746309913
1054,0.00028428666812185826
1055,0.00028334398918072895
1056,0.0002823918313947794
1057,0.00028144062576651574
1058,0.00028049983124056615
1059,0.0002795476734546166
1060,0.00027859741903202306
1061,0.000277653796468269
1062,0.0002767035420457865
1063,0.00027575233641752273
1064,0.0002748001786315735
1065,0.0002738499242089796
1066,0.00027290630164522606
1067,0.00027196267908158333
1068,0.00027101905651782964
1069,0.0002700688020952356
1070,0.0002691213955861025
1071,0.00026817588294258976
1072,0.0002672332040014602
1073,0.0002662895814377065
1074,0.0002653469024965769
1075,0.0002644051662343828
1076,0.0002634549118117888
1077,0.00026250560764362585
1078,0.0002615619850798722
1079,0.00026062024881767787
1080,0.00025967662625392385
1081,0.00025873016715138874
1082,0.00025778937262543883
1083,0.00025684575006168514
1084,0.00025590212749793134
1085,0.00025495944855680175
1086,0.0002540158259930481
1087,0.0002530655715704542
1088,0.00025212853458156376
1089,0.00025118774005561395
1090,0.0002502516401037271
1091,0.0002493117863723304
1092,0.00024837005011013586
1093,0.0002474292555841863
1094,0.00024648090072021406
1095,0.0002455325458562417
1096,0.0002445832416880788
1097,0.00024363772904456568
1098,0.0002426893741805936
1099,0.00024174007001243072
1100,0.00024079927548648075
1101,0.00023984521052466978
1102,0.00023889875142202305
1103,0.00023795512885826952
1104,0.00023700582469010636
1105,0.00023605652052194356
1106,0.0002351091140129212
1107,0.00023415980984475824
1108,0.00023321050567659527
1109,0.0002322612015084324
1110,0.0002313118973402694
1111,0.00023037016107807506
1112,0.0002294237019754285
1113,0.0002284753471114566
1114,0.00022752604294329335
1115,0.00022657863643427142
1116,0.0002256293322661085
1117,0.00022467812663784514
1118,0.00022373544769671572
1119,0.0002227861435285527
1120,0.00022184346458742338
1121,0.00022089605807829027
1122,0.000219953379137161
1123,0.00021900407496899793
1124,0.00021805477080083516
1125,0.00021710546663267232
1126,0.00021615616246450922
1127,0.00021520780760053706
1128,0.00021426418503689434
1129,0.00021332714804800384
1130,0.00021238163540449035
1131,0.000211435176301844
1132,0.00021050188184246213
1133,0.00020955731471161695
1134,0.00020861274758077178
1135,0.0002076681804499271
1136,0.00020671887628176386
1137,0.00020576957211360108
1138,0.00020482216560446792
1139,0.00020388042934227374
1140,0.00020294057561087692
1141,0.000201992220746905
1142,0.00020104291657874196
1143,0.0002000945617147697
1144,0.0001991462068507976
1145,0.00019820069420728464
1146,0.00019725043978469092
1147,0.00019630208492071857
1148,0.0001953603486585243
1149,0.0001944167260947705
1150,0.00019347026699212394
1151,0.0001925275880509947
1152,0.00019158773431959814
1153,0.00019064788058809065
1154,0.00018970802685669414
1155,0.00018876817312529773
1156,0.00018782831939379005
1157,0.000186879964529818
1158,0.00018593160966584585
1159,0.00018499175593444952
1160,0.0001840528420566922
1161,0.000183111105794498
1162,0.00018216275093052575
1163,0.00018122289719912923
1164,0.0001802849222353186
1165,0.00017933940959180536
1166,0.00017839861506585572
1167,0.00017745120855672264
1168,0.000176511354825215
1169,0.00017556394831619293
1170,0.00017461559345222083
1171,0.00017368042960019803
1172,0.00017273491695679607
1173,0.0001717884578541496
1174,0.00017084577891302014
1175,0.00016989742404904798
1176,0.00016895191140553487
1177,0.00016800450489640192
1178,0.0001670570983872688
1179,0.0001661172446558722
1180,0.00016517078555322573
1181,0.00016422904929103144
1182,0.000163282590188385
1183,0.00016233518367925206
1184,0.00016138587951108888
1185,0.0001604384730020668
1186,0.0001594995591243099
1187,0.00015855404648079676
1188,0.0001576113675396672
1189,0.00015666963127747302
1190,0.0001557222247683398
1191,0.00015477481825920678
1192,0.00015382741175007378
1193,0.0001528800052409406
1194,0.00015193259873180756
1195,0.0001509870860884055
1196,0.000150049111124484
1197,0.00014910548856084113
1198,0.00014815808205170803
1199,0.00014721067554257508
1200,0.00014626326903344197
1201,0.00014532623204455142
1202,0.0001443788255355293
1203,0.00014343141902639628
1204,0.00014248779646264256
1205,0.0001415384922944795
1206,0.00014059581335335036
1207,0.0001396493542507038
1208,0.00013870950051930733
1209,0.00013776493338846235
1210,0.0001368165785244902
1211,0.00013587106588097694
1212,0.00013492744331722306
1213,0.0001339838207534694
1214,0.00013304396702207286
1215,0.00013209750791942632
1216,0.00013115482897829722
1217,0.00013020647411432498
1218,0.00012926001501167847
1219,0.00012831355590914312
1220,0.00012736520104517085
1221,0.00012641874194252445
1222,0.00012547228283987805
1223,0.00012452677019636493
1224,0.00012358031109382936
1225,0.00012264233613001882
1226,0.00012169682348650575
1227,0.00012075414454526542
1228,0.00011980768544272989
1229,0.00011886971047891928
1230,0.00011792985674741188
1231,0.00011698717780628263
1232,0.00011604355524252878
1233,0.00011509709613999324
1234,0.00011415063703734677
1235,0.00011320417793470042
1236,0.00011225771883216498
1237,0.00011131031232303187
1238,0.00011037514847112014
1239,0.00010943058134027511
1240,0.00010848222647630293
1241,0.00010754331259854584
1242,0.0001066006336574166
1243,0.00010566453370552952
1244,0.00010471712719639656
1245,0.0001037697206872635
1246,0.00010282609812362073
1247,0.0001018805854801075
1248,0.00010093507283659427
1249,9.998956019308109e-05
1250,9.904215368394815e-05
1251,9.810323980619098e-05
1252,9.715583329716891e-05
1253,9.620937419452252e-05
1254,9.526480706367747e-05
1255,9.43164521997053e-05
1256,9.337188506886025e-05
1257,9.242731793801526e-05
1258,9.148275080705917e-05
1259,9.053818367621419e-05
1260,8.959361654536926e-05
1261,8.864715744283382e-05
1262,8.770542118052839e-05
1263,8.675990853701527e-05
1264,8.581817227482078e-05
1265,8.487831854342431e-05
1266,8.393469597967046e-05
1267,8.300233481473024e-05
1268,8.206529782583957e-05
1269,8.112450329988975e-05
1270,8.01837087739399e-05
1271,7.924291424799003e-05
1272,7.830587725909943e-05
1273,7.736977730732342e-05
1274,7.642615474356966e-05
1275,7.547874823443654e-05
1276,7.453418110359157e-05
1277,7.359526722583439e-05
1278,7.265541349443794e-05
1279,7.171084636359297e-05
1280,7.076438726094653e-05
1281,6.981982013010141e-05
1282,6.88724136209684e-05
1283,6.792784649012341e-05
1284,6.698327935927845e-05
1285,6.604060041814908e-05
1286,6.509697785439525e-05
1287,6.415712412299877e-05
1288,6.321444518175846e-05
1289,6.227459145036201e-05
1290,6.134036276228552e-05
1291,6.040050903088905e-05
1292,5.945499638737581e-05
1293,5.8518896435488805e-05
1294,5.7579982557731634e-05
1295,5.6637303616602346e-05
1296,5.569462467547301e-05
1297,5.475383014952314e-05
1298,5.381773019763611e-05
1299,5.287505125639575e-05
1300,5.193331499420137e-05
1301,5.099063605307207e-05
1302,5.004701348931825e-05
1303,4.9118376178602936e-05
1304,4.818321232669121e-05
1305,4.7240533385561876e-05
1306,4.629502074204875e-05
1307,4.535328447985434e-05
1308,4.4413430748346805e-05
1309,4.347545578453623e-05
1310,4.2532776843406916e-05
1311,4.159292311189947e-05
1312,4.0655886123119905e-05
1313,3.971320718187957e-05
1314,3.877991272249751e-05
1315,3.783817646030307e-05
1316,3.690488200092103e-05
1317,3.596314573872658e-05
1318,3.502046679759732e-05
1319,3.408061306608976e-05
1320,3.3143576077310235e-05
1321,3.22046621995531e-05
1322,3.126668723574255e-05
1323,3.032871227193201e-05
1324,2.939167528304142e-05
1325,2.845744659496498e-05
1326,2.751571033277054e-05
1327,2.657679645501343e-05
1328,2.563788257736733e-05
1329,2.4701782625480264e-05
1330,2.377035382172822e-05
1331,2.28351899698165e-05
1332,2.2834224381318456e-05
1333,2.2833262649291086e-05
1334,2.2832298026465046e-05
1335,2.2831342050499956e-05
1336,2.283038128025881e-05
1337,2.2829429122461775e-05
1338,2.2828468352220625e-05
1339,2.2827513332268606e-05
1340,2.282654967400433e-05
1341,2.2825592741138045e-05
1342,2.2824641535468243e-05
1343,2.2823691281037544e-05
1344,2.2822727622773258e-05
1345,2.282177260271023e-05
1346,2.2820808944445943e-05
1347,2.2819839483934088e-05
1348,2.2818876789343363e-05
1349,2.2817923678419824e-05
1350,2.2816962908178685e-05
1351,2.2816006932213643e-05
1352,2.2815056677782944e-05
1353,2.2814103566859423e-05
1354,2.281315426277962e-05
1355,2.281220019773043e-05
1356,2.2811254685173307e-05
1357,2.28103063302232e-05
1358,2.280935035425813e-05
1359,2.2808396289319952e-05
1360,2.2807439356453678e-05
1361,2.2806489102022983e-05
1362,2.2805524479085883e-05
1363,2.2804566588319214e-05
1364,2.280360293005489e-05
1365,2.280265077225787e-05
1366,2.2801695752305843e-05
1367,2.2800743594508795e-05
1368,2.2799783785054664e-05
1369,2.2798832579384885e-05
1370,2.2797878514446694e-05
1371,2.27969320553134e-05
1372,2.2795977035361417e-05
1373,2.2795022015409377e-05
1374,2.279406220595526e-05
1375,2.2793099511253513e-05
1376,2.2792143535399493e-05
1377,2.2791187559434444e-05
1378,2.2790232539371385e-05
1379,2.278928418453229e-05
1380,2.2788331073608794e-05
1381,2.278737986805002e-05
1382,2.278641620967471e-05
1383,2.2785459276808407e-05
1384,2.2784496582217703e-05
1385,2.278353292395341e-05
1386,2.2782575990976123e-05
1387,2.2781613296385388e-05
1388,2.2780620275386628e-05
1389,2.2779627254498908e-05
1390,2.2778634233500125e-05
1391,2.2777682075703056e-05
1392,2.2776736563034926e-05
1393,2.277578535747616e-05
1394,2.277483510304547e-05
1395,2.2773888643912166e-05
1396,2.277292787367103e-05
1397,2.277197380873287e-05
1398,2.277102640224628e-05
1399,2.2770071382183236e-05
1400,2.276911731724507e-05
1401,2.276816991075847e-05
1402,2.2767217752961415e-05
1403,2.2766257943507298e-05
1404,2.2765304832694778e-05
1405,2.2764348856729746e-05
1406,2.2763392880764697e-05
1407,2.2762434031098354e-05
1408,2.2761481873301282e-05
1409,2.276052398253457e-05
1410,2.2759530961535837e-05
1411,2.275857402866954e-05
1412,2.2757623774238834e-05
1413,2.2756630753240088e-05
1414,2.2755637732352327e-05
1415,2.2754644711353568e-05
1416,2.275365268344932e-05
1417,2.275266065543403e-05
1418,2.2751703722567747e-05
1419,2.2750752516897944e-05
1420,2.274980035921194e-05
1421,2.27488472482884e-05
1422,2.2747887438834266e-05
1423,2.2746934327910767e-05
1424,2.2745981216987242e-05
1425,2.274503475796498e-05
1426,2.2744081647041454e-05
1427,2.274313518790818e-05
1428,2.2742183982349392e-05
1429,2.274119195433411e-05
1430,2.274019992642983e-05
1431,2.2739207898414555e-05
1432,2.273821587051027e-05
1433,2.2737223842605993e-05
1434,2.2736266909739743e-05
1435,2.2735318554789614e-05
1436,2.2734363534837595e-05
1437,2.273341896774639e-05
1438,2.2732474400544136e-05
1439,2.273152794152189e-05
1440,2.2730582428853746e-05
1441,2.2729635969720427e-05
1442,2.2728689510587152e-05
1443,2.272773830502839e-05
1444,2.2726789000837574e-05
1445,2.2725839696646766e-05
1446,2.272488372068172e-05
1447,2.2723891692777443e-05
1448,2.2722899664762143e-05
1449,2.272194845920338e-05
1450,2.2720988649749255e-05
1451,2.2720035538825727e-05
1452,2.271904450290572e-05
1453,2.2718093297346982e-05
1454,2.2717134447680656e-05
1455,2.271618228988359e-05
1456,2.2715223440217245e-05
1457,2.271427128242022e-05
1458,2.2713280246611227e-05
1459,2.2712289210691256e-05
1460,2.2711298174771247e-05
1461,2.2710348870580436e-05
1462,2.270939097981374e-05
1463,2.2708439774143957e-05
1464,2.2707485709205774e-05
1465,2.270653545477506e-05
1466,2.270558520034439e-05
1467,2.2704633994674578e-05
1468,2.270368183687756e-05
1469,2.27027296791915e-05
1470,2.2701784166523367e-05
1471,2.27008320087263e-05
1472,2.2699886496058148e-05
1473,2.2698940983389985e-05
1474,2.2697949947469983e-05
1475,2.2696958911550012e-05
1476,2.269600675375295e-05
1477,2.2695049820886646e-05
1478,2.26940957559485e-05
1479,2.2693134985707343e-05
1480,2.2692142957803065e-05
1481,2.2691199335178612e-05
1482,2.2690244315226607e-05
1483,2.268928929527457e-05
1484,2.2688340940435467e-05
1485,2.2687349904515493e-05
1486,2.268635886859551e-05
1487,2.2685367832675516e-05
1488,2.2684376796755504e-05
1489,2.26834198638892e-05
1490,2.268247150893908e-05
1491,2.268152410245248e-05
1492,2.268056812648743e-05
1493,2.267961882240765e-05
1494,2.2678664757358486e-05
1495,2.2677712599561403e-05
1496,2.267675279021829e-05
1497,2.2675762745283386e-05
1498,2.26747717093634e-05
1499,2.2673780673443375e-05
1500,2.2672821823777066e-05
1501,2.2671871569346358e-05
1502,2.2670881524522467e-05
1503,2.2669891479587527e-05
1504,2.2668901434763626e-05
1505,2.2667911389828713e-05
1506,2.2666951580485598e-05
1507,2.266599273081928e-05
1508,2.2665044375980145e-05
1509,2.2664094121549444e-05
1510,2.266313046317414e-05
1511,2.266217353030786e-05
1512,2.266122327587716e-05
1513,2.2660232239957168e-05
1514,2.265924120403719e-05
1515,2.2658250168117195e-05
1516,2.2657297057304675e-05
1517,2.2656343946381153e-05
1518,2.2655353901446257e-05
1519,2.2654363856622343e-05
1520,2.2653373811687433e-05
1521,2.265238376686353e-05
1522,2.26513937219286e-05
1523,2.2650403677104705e-05
1524,2.2649413632169755e-05
1525,2.2648423587345874e-05
1526,2.2647433542410947e-05
1527,2.264644349758705e-05
1528,2.2645453452652117e-05
1529,2.2644463407828206e-05
1530,2.264347336289328e-05
1531,2.2642511630976956e-05
1532,2.2641562326786175e-05
1533,2.2640613022595333e-05
1534,2.263965129067901e-05
1535,2.263868955876271e-05
1536,2.2637731667996e-05
1537,2.2636780462326194e-05
1538,2.2635830207895485e-05
1539,2.2634879953464817e-05
1540,2.2633936330951333e-05
1541,2.263298322002783e-05
1542,2.2632032014469058e-05
1543,2.2631088391844595e-05
1544,2.2630130501077872e-05
1545,2.2629179295408073e-05
1546,2.2628222362541822e-05
1547,2.2627274007702713e-05
1548,2.2626282971782718e-05
1549,2.2625291935862723e-05
1550,2.262430089994271e-05
1551,2.2623310855007777e-05
1552,2.2622321800169744e-05
1553,2.262136390940307e-05
1554,2.2620406018636352e-05
1555,2.2619446209182198e-05
1556,2.261848639972807e-05
1557,2.261752659038498e-05
1558,2.2616577286194137e-05
1559,2.2615627982003342e-05
1560,2.2614680575516723e-05
1561,2.2613733169030128e-05
1562,2.2612783864839323e-05
1563,2.2611834560648518e-05
1564,2.2610878584683466e-05
1565,2.2609929280492668e-05
1566,2.26089733045276e-05
1567,2.2608010609936874e-05
1568,2.260706225509777e-05
1569,2.2606114848611202e-05
1570,2.260517405405781e-05
1571,2.2604211359356096e-05
1572,2.2603250589225982e-05
1573,2.2602300334795263e-05
1574,2.2601351030604438e-05
1575,2.260040077617375e-05
1576,2.2599447665250218e-05
1577,2.259848497065951e-05
1578,2.259752227595778e-05
1579,2.259656534309153e-05
1580,2.2595615088660804e-05
1581,2.2594665784470013e-05
1582,2.2593712673657513e-05
1583,2.2592749978955783e-05
1584,2.2591800674764975e-05
1585,2.2590857995830036e-05
1586,2.2589905838033e-05
1587,2.2588955583713308e-05
1588,2.2587999607748256e-05
1589,2.2587050303557437e-05
1590,2.258608760885572e-05
1591,2.258513830477595e-05
1592,2.2584195625841016e-05
1593,2.25832463216502e-05
1594,2.2582303642715296e-05
1595,2.2581351484918237e-05
1596,2.2580401230487563e-05
1597,2.2579449072690497e-05
1598,2.2578506393755582e-05
1599,2.2577554235958537e-05
1600,2.2576608723290373e-05
1601,2.257564216823217e-05
1602,2.2574673677167034e-05
1603,2.2573711945250714e-05
1604,2.2572751175009564e-05
1605,2.2571790404768428e-05
1606,2.2570841100688632e-05
1607,2.256988225102229e-05
1608,2.256892340135596e-05
1609,2.2567972195797203e-05
1610,2.2567013346130874e-05
1611,2.2566054496464535e-05
1612,2.2565095646909228e-05
1613,2.2564136797242902e-05
1614,2.2563177947576573e-05
1615,2.2562219098021273e-05
1616,2.2561270743071127e-05
1617,2.256032238823201e-05
1618,2.2559375929098745e-05
1619,2.255841419718241e-05
1620,2.2557455347516065e-05
1621,2.255649745674935e-05
1622,2.255554910191028e-05
1623,2.2554599797719458e-05
1624,2.2553647639922393e-05
1625,2.2552685908006073e-05
1626,2.255173660381525e-05
1627,2.2550787299735455e-05
1628,2.2549835141938437e-05
1629,2.2548873409911054e-05
1630,2.2547918389959062e-05
1631,2.254696241399401e-05
1632,2.25460035644387e-05
1633,2.2545041832411343e-05
1634,2.254409252833157e-05
1635,2.254314417338142e-05
1636,2.2542194869190603e-05
1637,2.2541242711504574e-05
1638,2.2540294356554466e-05
1639,2.2539345052474693e-05
1640,2.253839289467762e-05
1641,2.253744643554433e-05
1642,2.253649808070525e-05
1643,2.2535556344460698e-05
1644,2.2534590755851638e-05
1645,2.2533638598165592e-05
1646,2.2532673009556542e-05
1647,2.253171127764021e-05
1648,2.2530749545723885e-05
1649,2.252980213923729e-05
1650,2.2528854732750697e-05
1651,2.2527907326153046e-05
1652,2.252695707172238e-05
1653,2.2525997262379236e-05
1654,2.2525041286414183e-05
1655,2.2524091982223392e-05
1656,2.2523145523090093e-05
1657,2.2522179934592056e-05
1658,2.252122777679501e-05
1659,2.2520278472604193e-05
1660,2.251932249663912e-05
1661,2.2518373192559317e-05
1662,2.2517424837609233e-05
1663,2.251646886164414e-05
1664,2.2515520506805067e-05
1665,2.251456930124627e-05
1666,2.251362094629618e-05
1667,2.251264954400422e-05
1668,2.2511682021386648e-05
1669,2.251072795644849e-05
1670,2.25097710235822e-05
1671,2.2508809291554868e-05
1672,2.2507847559638544e-05
1673,2.2506901100505225e-05
1674,2.2505948942708207e-05
1675,2.2504991051941474e-05
1676,2.2504033161174754e-05
1677,2.2503076228308508e-05
1678,2.2502121208356468e-05
1679,2.2501162358690156e-05
1680,2.2500208293751995e-05
1681,2.2499250402985262e-05
1682,2.249829251221856e-05
1683,2.249733462134086e-05
1684,2.2496376730574128e-05
1685,2.2495418839807415e-05
1686,2.2494460949040715e-05
1687,2.24935001787996e-05
1688,2.2492542288032886e-05
1689,2.249158439726619e-05
1690,2.2490626506499474e-05
1691,2.2489668615732774e-05
1692,2.2488718361302066e-05
1693,2.248776047053534e-05
1694,2.2486805450472308e-05
1695,2.248584755970562e-05
1696,2.2484889668938912e-05
1697,2.2483932736072615e-05
1698,2.2482974845305922e-05
1699,2.2482014075064796e-05
1700,2.2481056184298086e-05
1701,2.2480098293531377e-05
1702,2.2479150887044778e-05
1703,2.2478186264107698e-05
1704,2.2477228373341e-05
1705,2.2476270482574265e-05
1706,2.2475308750546913e-05
1707,2.247434798041682e-05
1708,2.2473391047439513e-05
1709,2.2472431237985365e-05
1710,2.2471482883146255e-05
1711,2.2470537370478122e-05
1712,2.246957274765206e-05
1713,2.2468620589854986e-05
1714,2.2467651129343108e-05
1715,2.2466705616674968e-05
1716,2.2465754411005165e-05
1717,2.246480225320813e-05
1718,2.2463832792696255e-05
1719,2.2462874901929546e-05
1720,2.2461929389261372e-05
1721,2.246096476632431e-05
1722,2.246001356076555e-05
1723,2.2459068048097372e-05
1724,2.245810342516029e-05
1725,2.2457152219490507e-05
1726,2.2456206706933396e-05
1727,2.2455258351983257e-05
1728,2.2454293729157183e-05
1729,2.2453329106220124e-05
1730,2.245237790055031e-05
1731,2.245142096768406e-05
1732,2.2450467856760546e-05
1733,2.244952423424707e-05
1734,2.2448561539545317e-05
1735,2.244761223535452e-05
1736,2.2446657215402517e-05
1737,2.244569932463579e-05
1738,2.2444734701698738e-05
1739,2.2443782543901676e-05
1740,2.2442825611035375e-05
1741,2.2441862916444687e-05
1742,2.244090214620354e-05
1743,2.2439941375962384e-05
1744,2.2438980605721235e-05
1745,2.2438036038630025e-05
1746,2.2437072380365724e-05
1747,2.2436101949407944e-05
1748,2.2435141179166778e-05
1749,2.2434180408925638e-05
1750,2.2433217714334916e-05
1751,2.2432260781468632e-05
1752,2.243130480550359e-05
1753,2.2430348829538534e-05
1754,2.242939093877184e-05
1755,2.2428433048005146e-05
1756,2.2427476115027816e-05
1757,2.242651918216154e-05
1758,2.2425561291394846e-05
1759,2.2424610085725063e-05
1760,2.242365219495833e-05
1761,2.2422692385504192e-05
1762,2.2421734494737493e-05
1763,2.2420777561871233e-05
1764,2.2419824450947697e-05
1765,2.2418866560180974e-05
1766,2.2417909627314734e-05
1767,2.2416951736548024e-05
1768,2.2415994803681744e-05
1769,2.2415040738632528e-05
1770,2.241408667369437e-05
1771,2.2413128782927692e-05
1772,2.2412171850061374e-05
1773,2.24112244435748e-05
1774,2.2410270378525606e-05
1775,2.240931344565931e-05
1776,2.2408359380721155e-05
1777,2.2407406269797654e-05
1778,2.2406453158874126e-05
1779,2.2405496226007865e-05
1780,2.240454216106968e-05
1781,2.240358522820339e-05
1782,2.2402630208140376e-05
1783,2.2401673275274096e-05
1784,2.240071729930905e-05
1785,2.239976323437087e-05
1786,2.2398806301504582e-05
1787,2.2397845531263443e-05
1788,2.2396891466325276e-05
1789,2.2395933575558563e-05
1790,2.239497664269231e-05
1791,2.2394019709714996e-05
1792,2.2393062776848716e-05
1793,2.2392102006607586e-05
1794,2.2391146030642517e-05
1795,2.2390190054788477e-05
1796,2.238923312181118e-05
1797,2.2388280010998698e-05
1798,2.2387316352623382e-05
1799,2.2386358461856646e-05
1800,2.2385400571089953e-05
1801,2.2384448413292905e-05
1802,2.2383494348354755e-05
1803,2.2382531653652994e-05
1804,2.2381579495966985e-05
1805,2.2380619686512824e-05
1806,2.2379660836846508e-05
1807,2.2378709631176715e-05
1808,2.237774789926039e-05
1809,2.2376790966394104e-05
1810,2.237583880859707e-05
1811,2.2374882832631994e-05
1812,2.2373925899765733e-05
1813,2.237296127682866e-05
1814,2.23720091190316e-05
1815,2.2371053143066543e-05
1816,2.237009141115021e-05
1817,2.236912195063834e-05
1818,2.236815249012646e-05
1819,2.2367200332329425e-05
1820,2.236623956208827e-05
1821,2.2365270101576424e-05
1822,2.236431794377934e-05
1823,2.236335332084228e-05
1824,2.2362389662577985e-05
1825,2.23614441499098e-05
1826,2.236049863724166e-05
1827,2.2359550282402562e-05
1828,2.2358585659465465e-05
1829,2.2357622001201185e-05
1830,2.235666602523613e-05
1831,2.235570813446939e-05
1832,2.2354746402442044e-05
1833,2.2353778879935487e-05
1834,2.235282672213845e-05
1835,2.2351875516468684e-05
1836,2.2350918583602386e-05
1837,2.2349966425805344e-05
1838,2.2349006616351207e-05
1839,2.2348045846221083e-05
1840,2.234708891324376e-05
1841,2.2346127181327446e-05
1842,2.2345170248461162e-05
1843,2.234421522850917e-05
1844,2.234325733763142e-05
1845,2.234229944686471e-05
1846,2.234134155609801e-05
1847,2.2340383665331306e-05
1848,2.233943245966151e-05
1849,2.233847456889482e-05
1850,2.2337517636028547e-05
1851,2.2336564525105015e-05
1852,2.2335607592238755e-05
1853,2.233465638656895e-05
1854,2.2333702321630785e-05
1855,2.2332752067200093e-05
1856,2.2331797047248074e-05
1857,2.2330844889451016e-05
1858,2.2329886039784683e-05
1859,2.2328936735704917e-05
1860,2.2327986481274212e-05
1861,2.2327032416336035e-05
1862,2.232607835128686e-05
1863,2.2325126193489825e-05
1864,2.2324174035803772e-05
1865,2.2323219015740764e-05
1866,2.232226685794368e-05
1867,2.2321312793005536e-05
1868,2.2320352983551378e-05
1869,2.2319395092784695e-05
1870,2.231844102784651e-05
1871,2.2317479295930198e-05
1872,2.2316525230881e-05
1873,2.2315572120068506e-05
1874,2.2314618055019314e-05
1875,2.231366112215303e-05
1876,2.2312708964355985e-05
1877,2.2311755853543492e-05
1878,2.2310801788494306e-05
1879,2.230984867768184e-05
1880,2.2308892701716768e-05
1881,2.2307939590793236e-05
1882,2.230698457084123e-05
1883,2.230602668007453e-05
1884,2.2305073569150996e-05
1885,2.2304121411353944e-05
1886,2.2303169253556896e-05
1887,2.2302213277591843e-05
1888,2.230126207192208e-05
1889,2.2300310866363314e-05
1890,2.229935297559661e-05
1891,2.229839699963153e-05
1892,2.2297445793961757e-05
1893,2.229648981799669e-05
1894,2.229553670707317e-05
1895,2.2294575936943062e-05
1896,2.2293619960978013e-05
1897,2.2292668755308207e-05
1898,2.2291700264243084e-05
1899,2.229073564130602e-05
1900,2.2289774871064885e-05
1901,2.228881889521084e-05
1902,2.2287867689541052e-05
1903,2.2286911713575986e-05
1904,2.2285949981659683e-05
1905,2.228498921141854e-05
1906,2.2284033235453454e-05
1907,2.2283082029783675e-05
1908,2.2282125096917388e-05
1909,2.2281161438653097e-05
1910,2.2280203547886388e-05
1911,2.227924852793438e-05
1912,2.2278287757693266e-05
1913,2.2277327948239098e-05
1914,2.2276367177997955e-05
1915,2.227540640775682e-05
1916,2.2274450431902793e-05
1917,2.2273495411839764e-05
1918,2.2272547057000675e-05
1919,2.2271591081035612e-05
1920,2.227063510507055e-05
1921,2.2269680085118524e-05
1922,2.226872315225225e-05
1923,2.2267765261485557e-05
1924,2.2266804491244424e-05
1925,2.2265837936186188e-05
1926,2.2264886730516426e-05
1927,2.2263936476085724e-05
1928,2.2262980500120645e-05
1929,2.226202929456189e-05
1930,2.2261074274498857e-05
1931,2.226011254258252e-05
1932,2.225915656661748e-05
1933,2.2258204408820426e-05
1934,2.225724651805372e-05
1935,2.225628574781257e-05
1936,2.2255333590126557e-05
1937,2.22543814323295e-05
1938,2.2253428321405984e-05
1939,2.2252467551164824e-05
1940,2.225151348622668e-05
1941,2.225055271598552e-05
1942,2.2249596740020485e-05
1943,2.2248641720068463e-05
1944,2.2247686700116443e-05
1945,2.2246729767250153e-05
1946,2.2245773791285104e-05
1947,2.224482448709429e-05
1948,2.2243868511129264e-05
1949,2.2242920156290164e-05
1950,2.224196322331284e-05
1951,2.2241012968993154e-05
1952,2.224005507811543e-05
1953,2.223910767162884e-05
1954,2.2238156466070097e-05
1955,2.2237198575192338e-05
1956,2.223624546437986e-05
1957,2.223529425871007e-05
1958,2.223434305304028e-05
1959,2.2233385162273585e-05
1960,2.2232436807434458e-05
1961,2.223148750324366e-05
1962,2.2230537248812965e-05
1963,2.2229579358046262e-05
1964,2.2228623382081206e-05
1965,2.2227669317143033e-05
1966,2.2226714297191013e-05
1967,2.2225756406424324e-05
1968,2.2224800430459248e-05
1969,2.2223843497593008e-05
1970,2.2222890386669456e-05
1971,2.222194108247864e-05
1972,2.2220988924681616e-05
1973,2.2220038670250928e-05
1974,2.2219090315411818e-05
1975,2.2218133382545534e-05
1976,2.2217175491778828e-05
1977,2.2216223333981773e-05
1978,2.221526256374063e-05
1979,2.2214313259549798e-05
1980,2.2213357283584736e-05
1981,2.2212403218646582e-05
1982,2.2211452012976803e-05
1983,2.2210500807418043e-05
1984,2.2209553400931465e-05
1985,2.2208600290007943e-05
1986,2.2207644314042853e-05
1987,2.2206689294090878e-05
1988,2.2205741887493253e-05
1989,2.2204788776680737e-05
1990,2.220382318818269e-05
1991,2.220285952980737e-05
1992,2.2201900680252063e-05
1993,2.2200942789374328e-05
1994,2.2199987769422353e-05
1995,2.2199032749470327e-05
1996,2.219807005476858e-05
1997,2.2197115989830433e-05
1998,2.2196159056964145e-05
1999,2.219520689916711e-05
2000,2.2194250923202048e-05
2001,2.2193295903250046e-05
2002,2.2192345648819313e-05
2003,2.219139349102229e-05
2004,2.2190439426084125e-05
2005,2.2189492019597527e-05
2006,2.2188536999534488e-05
2007,2.218758197958249e-05
2008,2.2186632675391688e-05
2009,2.2185682420960956e-05
2010,2.218472931014847e-05
2011,2.21837781044787e-05
2012,2.2182824039540544e-05
2013,2.21818632692994e-05
2014,2.218090633643309e-05
2015,2.21799721077387e-05
2016,2.217901421697199e-05
2017,2.2178059197019967e-05
2018,2.217711084206986e-05
2019,2.2176151992514555e-05
2020,2.2175193142848222e-05
2021,2.2174235252081502e-05
2022,2.2173280232129513e-05
2023,2.2172329026459697e-05
2024,2.2171379722268902e-05
2025,2.2170424702316876e-05
2026,2.2169464892862773e-05
2027,2.2168509872910757e-05
2028,2.2167555807972593e-05
2029,2.2166595998518442e-05
2030,2.2165645744087764e-05
2031,2.216469072402471e-05
2032,2.2163736659086542e-05
2033,2.21627768496324e-05
2034,2.2161823738819936e-05
2035,2.2160868718756898e-05
2036,2.2159911785890624e-05
2037,2.2158947162953534e-05
2038,2.2157987353499373e-05
2039,2.2157026583369276e-05
2040,2.215607251832009e-05
2041,2.215511270897695e-05
2042,2.2154153859310626e-05
2043,2.2153194049856495e-05
2044,2.215223424040235e-05
2045,2.215127347016122e-05
2046,2.2150319405223044e-05
2047,2.214936534028487e-05
2048,2.214841318248784e-05
2049,2.2147458162535827e-05
2050,2.2146503142583838e-05
2051,2.2145550031660306e-05
2052,2.2144597873863237e-05
2053,2.214364285391125e-05
2054,2.2142684004244916e-05
2055,2.214173089332139e-05
2056,2.214077108386725e-05
2057,2.213981797305476e-05
2058,2.2138865815257692e-05
2059,2.2137912704334194e-05
2060,2.2136958639396004e-05
2061,2.213600361933299e-05
2062,2.2135048599380983e-05
2063,2.213409644158393e-05
2064,2.2133138550817232e-05
2065,2.21321835308652e-05
2066,2.21312285109132e-05
2067,2.2130267740672064e-05
2068,2.2129311764706995e-05
2069,2.2128361510276286e-05
2070,2.2127405534311234e-05
2071,2.2126456230120456e-05
2072,2.2125500254155394e-05
2073,2.21245499997247e-05
2074,2.212359497977269e-05
2075,2.2122647573286067e-05
2076,2.2121698269095252e-05
2077,2.21207422931302e-05
2078,2.211979203869953e-05
2079,2.211883510583325e-05
2080,2.211788294803618e-05
2081,2.2116932693605484e-05
2082,2.2115980535808426e-05
2083,2.211503028137774e-05
2084,2.2114073348511464e-05
2085,2.2113121190714416e-05
2086,2.2112166170762406e-05
2087,2.2111213059838858e-05
2088,2.2110259948915373e-05
2089,2.2109303016049082e-05
2090,2.2108347996097063e-05
2091,2.2107399641257963e-05
2092,2.2106451286418857e-05
2093,2.210550103198816e-05
2094,2.210455362539055e-05
2095,2.210359669252426e-05
2096,2.2102646438093555e-05
2097,2.2101698083254445e-05
2098,2.2100746877584683e-05
2099,2.2099785145668346e-05
2100,2.209882629600202e-05
2101,2.2097873185189507e-05
2102,2.2096922930758826e-05
2103,2.2095970772961774e-05
2104,2.209500615002468e-05
2105,2.2094046340570553e-05
2106,2.20931008279024e-05
2107,2.2092141018559275e-05
2108,2.2091189812889486e-05
2109,2.2090234792937487e-05
2110,2.2089274022696354e-05
2111,2.2088317089830073e-05
2112,2.208733886033266e-05
2113,2.208639240119938e-05
2114,2.208544404636025e-05
2115,2.208449093543675e-05
2116,2.2083539729877977e-05
2117,2.2082594217209823e-05
2118,2.2081644913019025e-05
2119,2.2080692755221943e-05
2120,2.207974059742488e-05
2121,2.2078794138402652e-05
2122,2.2077841027479124e-05
2123,2.2076890773048415e-05
2124,2.2075939567378633e-05
2125,2.2074995000287433e-05
2126,2.207403806742116e-05
2127,2.2073079217754823e-05
2128,2.207212228488854e-05
2129,2.2071172030457834e-05
2130,2.2070215097591543e-05
2131,2.206926293979451e-05
2132,2.2068312685363783e-05
2133,2.2067355752497513e-05
2134,2.206639881952022e-05
2135,2.2065441886653916e-05
2136,2.2064484953787662e-05
2137,2.2063525144333525e-05
2138,2.2062573938663725e-05
2139,2.206162273310497e-05
2140,2.2060672478674274e-05
2141,2.205972601954099e-05
2142,2.2058770999588972e-05
2143,2.2057821695398168e-05
2144,2.2056871440967476e-05
2145,2.2055921186536778e-05
2146,2.205497378005018e-05
2147,2.2054025425211083e-05
2148,2.2053074219541266e-05
2149,2.2052114410087136e-05
2150,2.2051144949575274e-05
2151,2.2050188973610225e-05
2152,2.204923681581318e-05
2153,2.2048285610254386e-05
2154,2.204733535582369e-05
2155,2.2046378422846395e-05
2156,2.204543006800729e-05
2157,2.2044483608874024e-05
2158,2.2043531451187998e-05
2159,2.2042578340264476e-05
2160,2.2041621407398165e-05
2161,2.2040667342349013e-05
2162,2.203971040948273e-05
2163,2.203875825168566e-05
2164,2.203780704612692e-05
2165,2.203685202606387e-05
2166,2.2035897006111863e-05
2167,2.2034947701921065e-05
2168,2.2033998397841276e-05
2169,2.203304528691774e-05
2170,2.2032087396151034e-05
2171,2.203113333110186e-05
2172,2.2030184976262742e-05
2173,2.2029230911324585e-05
2174,2.2028281607133767e-05
2175,2.2027326587181768e-05
2176,2.202637252224358e-05
2177,2.2025420364446543e-05
2178,2.2024465344494554e-05
2179,2.2023510324431502e-05
2180,2.2022550514977385e-05
2181,2.2021597404164862e-05
2182,2.2020647149734184e-05
2183,2.201969308468497e-05
2184,2.201873423512967e-05
2185,2.2017774425675557e-05
2186,2.2016820360737397e-05
2187,2.2015860551283223e-05
2188,2.2014906486345073e-05
2189,2.201395242129589e-05
2190,2.2012993571740573e-05
2191,2.2012033762286422e-05
2192,2.2011085407447353e-05
2193,2.201013134239816e-05
2194,2.2009177277459994e-05
2195,2.2008222257507978e-05
2196,2.2007272953317153e-05
2197,2.2006323649126355e-05
2198,2.2005371491329306e-05
2199,2.2004414558463033e-05
2200,2.2003460493524852e-05
2201,2.200250356065858e-05
2202,2.200153797216052e-05
2203,2.200058199619547e-05
2204,2.199962983839843e-05
2205,2.1998672905532163e-05
2206,2.1997715972554843e-05
2207,2.1996767617715754e-05
2208,2.1995810684849473e-05
2209,2.199486327836285e-05
2210,2.1993886027082965e-05
2211,2.1992935772652246e-05
2212,2.1991987417813174e-05
2213,2.199101114386261e-05
2214,2.199005612379955e-05
2215,2.1989099190933298e-05
2216,2.1988150836094185e-05
2217,2.198720248125506e-05
2218,2.1986252226824366e-05
2219,2.1985303871985267e-05
2220,2.198435456779447e-05
2221,2.1983406212955372e-05
2222,2.1982451192892317e-05
2223,2.1981501888812538e-05
2224,2.198055258462172e-05
2225,2.1979597564558712e-05
2226,2.1978643499620545e-05
2227,2.197768847966852e-05
2228,2.1976738225237807e-05
2229,2.1975787970807112e-05
2230,2.1974840564320547e-05
2231,2.197389126012973e-05
2232,2.1972914008849813e-05
2233,2.1971957075983536e-05
2234,2.1971006821552827e-05
2235,2.197005180160083e-05
2236,2.1969100595931032e-05
2237,2.1968151291851263e-05
2238,2.1967192442184927e-05
2239,2.196624218775423e-05
2240,2.196529572862093e-05
2241,2.1964336879065644e-05
2242,2.1963381859002605e-05
2243,2.1962431604571914e-05
2244,2.1961481350252214e-05
2245,2.1960532995302116e-05
2246,2.195958178974334e-05
2247,2.1958629631946294e-05
2248,2.1957679377515572e-05
2249,2.195671956806146e-05
2250,2.195575975860731e-05
2251,2.195480186784061e-05
2252,2.1953845891875542e-05
2253,2.195289943274226e-05
2254,2.1951940583186963e-05
2255,2.1950986518137774e-05
2256,2.1950041951046567e-05
2257,2.1949086931094524e-05
2258,2.194814141842637e-05
2259,2.194719873949148e-05
2260,2.1946246581694404e-05
2261,2.1945299175207812e-05
2262,2.1944360261261217e-05
2263,2.194341095718146e-05
2264,2.19424549812164e-05
2265,2.1941505677025588e-05
2266,2.1940557322186458e-05
2267,2.1939605164389423e-05
2268,2.1938653006592354e-05
2269,2.1937706547459076e-05
2270,2.1936760088325784e-05
2271,2.193581835208126e-05
2272,2.193486046131456e-05
2273,2.193391020688384e-05
2274,2.193295804908681e-05
2275,2.1932007794656077e-05
2276,2.1931063227564874e-05
2277,2.1930109162626707e-05
2278,2.1929153186661682e-05
2279,2.1928201980991862e-05
2280,2.192725172656116e-05
2281,2.1926297661623004e-05
2282,2.1925343596684864e-05
2283,2.1924395241845748e-05
2284,2.1923437351079028e-05
2285,2.1922469828461466e-05
2286,2.192152336932817e-05
2287,2.1920566436461893e-05
2288,2.1919619029975308e-05
2289,2.1918661139208602e-05
2290,2.1917712784258483e-05
2291,2.1916764429419353e-05
2292,2.191581607458025e-05
2293,2.1914861054628247e-05
2294,2.1913905078663202e-05
2295,2.191295292086614e-05
2296,2.1911996944901074e-05
2297,2.1911039054134398e-05
2298,2.191008116336767e-05
2299,2.1909124230390375e-05
2300,2.190816633962367e-05
2301,2.1907209406757385e-05
2302,2.190625343079232e-05
2303,2.1905306024305734e-05
2304,2.190435576987503e-05
2305,2.1903395960420915e-05
2306,2.1902437110754576e-05
2307,2.1901481134789493e-05
2308,2.1900525158935487e-05
2309,2.1899572048011958e-05
2310,2.189861607204691e-05
2311,2.189765722238059e-05
2312,2.1896698372714227e-05
2313,2.189572112154535e-05
2314,2.1894761312091213e-05
2315,2.1893807247153077e-05
2316,2.1892853182214913e-05
2317,2.1891902927784208e-05
2318,2.1890948862735002e-05
2319,2.1889999558655223e-05
2320,2.188904930422453e-05
2321,2.1888098098554732e-05
2322,2.188714974371564e-05
2323,2.188619853804584e-05
2324,2.1885244473107687e-05
2325,2.1884290408169527e-05
2326,2.1883342053330437e-05
2327,2.1882393698380288e-05
2328,2.188144154058323e-05
2329,2.1880486520631254e-05
2330,2.1879533409707726e-05
2331,2.1878580298895226e-05
2332,2.187763099470441e-05
2333,2.1876676929766244e-05
2334,2.187572286471706e-05
2335,2.1874775458230456e-05
2336,2.1873828051743854e-05
2337,2.187287779731316e-05
2338,2.1871930390826577e-05
2339,2.1870979185156778e-05
2340,2.1870028930726096e-05
2341,2.1869074865787947e-05
2342,2.1868120800849776e-05
2343,2.1867161951183417e-05
2344,2.1866193460118317e-05
2345,2.1865245105279194e-05
2346,2.1864296750440097e-05
2347,2.186334173037706e-05
2348,2.1862393375537987e-05
2349,2.1861445020698877e-05
2350,2.1860487129932167e-05
2351,2.1859534019008642e-05
2352,2.1858581861211583e-05
2353,2.1857623011656297e-05
2354,2.1856673707465458e-05
2355,2.185571677448817e-05
2356,2.1854765568929402e-05
2357,2.18538105489774e-05
2358,2.1852856483928197e-05
2359,2.1851880209977637e-05
2360,2.185093090578684e-05
2361,2.1849974929821776e-05
2362,2.1848998655871196e-05
2363,2.1848050301032113e-05
2364,2.1847074026970493e-05
2365,2.1846124722890704e-05
2366,2.1845148448829118e-05
2367,2.184420104234254e-05
2368,2.184324888454547e-05
2369,2.184229195167921e-05
2370,2.1841345492545905e-05
2371,2.184039142760774e-05
2372,2.183944212341694e-05
2373,2.183848519055064e-05
2374,2.183753683571154e-05
2375,2.183658658128086e-05
2376,2.1835637277090053e-05
2377,2.1834683212151883e-05
2378,2.18337320064821e-05
2379,2.183277889566959e-05
2380,2.183180262160798e-05
2381,2.1830853317417177e-05
2382,2.182990401333739e-05
2383,2.1828958500669244e-05
2384,2.1828004435731068e-05
2385,2.182704270370374e-05
2386,2.182606447431736e-05
2387,2.1825118961649175e-05
2388,2.1824171555162603e-05
2389,2.1823219397365538e-05
2390,2.1822264377302506e-05
2391,2.1821315073222717e-05
2392,2.182036481879203e-05
2393,2.1819417412305426e-05
2394,2.181846143634035e-05
2395,2.1817509278543316e-05
2396,2.1816559024112627e-05
2397,2.1815609719921802e-05
2398,2.1814652787055505e-05
2399,2.1813700629258463e-05
2400,2.181275037482776e-05
2401,2.181179535487576e-05
2402,2.1810847948278145e-05
2403,2.180989292832615e-05
2404,2.180891665437556e-05
2405,2.180796735018476e-05
2406,2.1807019943698145e-05
2407,2.1806068738028372e-05
2408,2.1805123225471238e-05
2409,2.1804173921280416e-05
2410,2.180321794531536e-05
2411,2.180225909564902e-05
2412,2.180129928619491e-05
2413,2.1800345221256737e-05
2414,2.179939211033321e-05
2415,2.179843037841691e-05
2416,2.1797466720152585e-05
2417,2.1796504025450865e-05
2418,2.179554517589556e-05
2419,2.179460249696065e-05
2420,2.179365319276981e-05
2421,2.179270768010165e-05
2422,2.1791757425670966e-05
2423,2.17908138031575e-05
2424,2.178986354872679e-05
2425,2.178891424453601e-05
2426,2.1787964940345184e-05
2427,2.178702696542522e-05
2428,2.1786070032447934e-05
2429,2.1785126409934463e-05
2430,2.178417900344786e-05
2431,2.178323159696128e-05
2432,2.178228986060569e-05
2433,2.17813290904756e-05
2434,2.178037407041256e-05
2435,2.177941905046055e-05
2436,2.1778477314215995e-05
2437,2.177752038134973e-05
2438,2.177656822355266e-05
2439,2.1775620817066074e-05
2440,2.177467435793278e-05
2441,2.177372220013572e-05
2442,2.1772766224170674e-05
2443,2.177182354523578e-05
2444,2.1770868525283773e-05
2445,2.176991159241746e-05
2446,2.1768962288226674e-05
2447,2.1768017721024445e-05
2448,2.1767068416944656e-05
2449,2.176611244097959e-05
2450,2.1765168818355124e-05
2451,2.17642157075426e-05
2452,2.1763265453111927e-05
2453,2.17623180465143e-05
2454,2.176135149145609e-05
2455,2.176039264190076e-05
2456,2.1759445235303168e-05
2457,2.1758494029744374e-05
2458,2.1757538053779328e-05
2459,2.175659537484444e-05
2460,2.1755643217047358e-05
2461,2.1754697704379228e-05
2462,2.1753740771512927e-05
2463,2.175278575156092e-05
2464,2.175183264063741e-05
2465,2.175087474987068e-05
2466,2.1749917817004426e-05
2467,2.1748962796941368e-05
2468,2.1748005864075087e-05
2469,2.174706224156163e-05
2470,2.1746106265596588e-05
2471,2.1745147415930235e-05
2472,2.1744191439965206e-05
2473,2.1743241185534498e-05
2474,2.174228616558248e-05
2475,2.1741309891631928e-05
2476,2.1740333617570346e-05
2477,2.173935734361976e-05
2478,2.173840993713318e-05
2479,2.1737451087466834e-05
2480,2.1736499881797048e-05
2481,2.1735550577717252e-05
2482,2.173459651266806e-05
2483,2.1733642447729916e-05
2484,2.1732700711485358e-05
2485,2.1731755198817194e-05
2486,2.1730804944386496e-05
2487,2.172985943182935e-05
2488,2.172891012763856e-05
2489,2.1727961772799453e-05
2490,2.172701056712968e-05
2491,2.172605650219151e-05
2492,2.1725102437142315e-05
2493,2.172415503065571e-05
2494,2.1723206675816637e-05
2495,2.1722256421385925e-05
2496,2.172130901489933e-05
2497,2.172035876046863e-05
2498,2.1719408506037926e-05
2499,2.171845730036813e-05
2500,2.171751556412359e-05
2501,2.1716568157636996e-05
2502,2.1715620751150394e-05
2503,2.1714672396311308e-05
2504,2.1713727829109065e-05
2505,2.171277662355033e-05
2506,2.171182541788052e-05
2507,2.1710874212210743e-05
2508,2.1709923006651987e-05
2509,2.170897654751867e-05
2510,2.1708022482580528e-05
2511,2.1707072228149813e-05
2512,2.1706113378483494e-05
2513,2.170515452892817e-05
2514,2.1704189905991104e-05
2515,2.1703246283366607e-05
2516,2.1702292218428454e-05
2517,2.1701340060631385e-05
2518,2.170037832871507e-05
2519,2.1699410806097514e-05
2520,2.1698461501906702e-05
2521,2.169750743696851e-05
2522,2.169655623140977e-05
2523,2.1695610718741588e-05
2524,2.169465186907525e-05
2525,2.1693694936208985e-05
2526,2.1692736086542656e-05
2527,2.1691782021604506e-05
2528,2.1690823171938143e-05
2529,2.1689878604846963e-05
2530,2.168892262888188e-05
2531,2.1687967608929888e-05
2532,2.168700683868876e-05
2533,2.1686031540957284e-05
2534,2.1685082236766482e-05
2535,2.1684129125953973e-05
2536,2.1683177920284194e-05
2537,2.1682229565445077e-05
2538,2.1681281210605964e-05
2539,2.168032905280893e-05
2540,2.1679381646211294e-05
2541,2.1678425670357288e-05
2542,2.1677450372625813e-05
2543,2.1676496307576637e-05
2544,2.1675536498233522e-05
2545,2.1674577648567166e-05
2546,2.167360039728728e-05
2547,2.167264442132223e-05
2548,2.1671688445357156e-05
2549,2.1670732469503132e-05
2550,2.1669785062905528e-05
2551,2.1668838603883248e-05
2552,2.1667892144749953e-05
2553,2.1666939033826424e-05
2554,2.1665990678987335e-05
2555,2.166504042455665e-05
2556,2.1664079654315483e-05
2557,2.1663126543391975e-05
2558,2.166217056753794e-05
2559,2.1661218409740897e-05
2560,2.1660267204071114e-05
2561,2.1659317899880293e-05
2562,2.1658368595689495e-05
2563,2.1657419291609705e-05
2564,2.1656471885012077e-05
2565,2.16555149521458e-05
2566,2.165456279434875e-05
2567,2.1653608729410592e-05
2568,2.1652655618487057e-05
2569,2.165170631440727e-05
2570,2.165074554416611e-05
2571,2.16497838122498e-05
2572,2.1648824962583455e-05
2573,2.1647864192342325e-05
2574,2.164688889461086e-05
2575,2.1645947158366305e-05
2576,2.1644997854175524e-05
2577,2.1644035159584813e-05
2578,2.1643079183619743e-05
2579,2.164211648902902e-05
2580,2.1641162423979836e-05
2581,2.16402006920635e-05
2582,2.1639240882609385e-05
2583,2.1638296315518165e-05
2584,2.163735646176777e-05
2585,2.1636412839254343e-05
2586,2.163545686328928e-05
2587,2.1634517949342676e-05
2588,2.1633570542856094e-05
2589,2.1632621238665266e-05
2590,2.163166526270022e-05
2591,2.1630720695609007e-05
2592,2.1629766630670837e-05
2593,2.16288106547058e-05
2594,2.1627859449036002e-05
2595,2.1626912990013736e-05
2596,2.1625970310967808e-05
2597,2.1625024798410664e-05
2598,2.162407073336146e-05
2599,2.162310514486344e-05
2600,2.162215584078364e-05
2601,2.1621197949905933e-05
2602,2.1620255270970997e-05
2603,2.161930975841388e-05
2604,2.161836045422305e-05
2605,2.1617409248553265e-05
2606,2.1616455183615102e-05
2607,2.1615512504680187e-05
2608,2.1614566045546905e-05
2609,2.161361006958183e-05
2610,2.161265600464368e-05
2611,2.161170193970553e-05
2612,2.1610745006839235e-05
2613,2.1609803270483664e-05
2614,2.1608862476041324e-05
2615,2.1607911270371525e-05
2616,2.1606969534127006e-05
2617,2.1606028739573607e-05
2618,2.160507084880692e-05
2619,2.1604114872841862e-05
2620,2.1603160807903685e-05
2621,2.1602206742965532e-05
2622,2.160125076700047e-05
2623,2.160029574693745e-05
2624,2.159934928791517e-05
2625,2.159840472071296e-05
2626,2.1597459208155794e-05
2627,2.1596509903964993e-05
2628,2.1595558698295218e-05
2629,2.1594608443864526e-05
2630,2.1593659139673704e-05
2631,2.159271268065144e-05
2632,2.159176622151814e-05
2633,2.1590816917327358e-05
2634,2.1589867613136516e-05
2635,2.1588923990623083e-05
2636,2.1587979423531856e-05
2637,2.1587029169101167e-05
2638,2.1586080814151035e-05
2639,2.158513340766444e-05
2640,2.1584189785150993e-05
2641,2.1583245217948747e-05
2642,2.1582299705391595e-05
2643,2.1581354192723445e-05
2644,2.158040868005528e-05
2645,2.157946411296407e-05
2646,2.1578519545761826e-05
2647,2.157757024168207e-05
2648,2.1576617130758552e-05
2649,2.1575664019835017e-05
2650,2.15747109089115e-05
2651,2.157376160483172e-05
2652,2.157280371395398e-05
2653,2.1571845823187264e-05
2654,2.1570887932420575e-05
2655,2.1569933867482405e-05
2656,2.1568991188547483e-05
2657,2.1568047565923006e-05
2658,2.1567093500984833e-05
2659,2.156613465142953e-05
2660,2.1565186296479414e-05
2661,2.1564233185666908e-05
2662,2.156328861846468e-05
2663,2.1562342159331377e-05
2664,2.1561382349988282e-05
2665,2.156041288936537e-05
2666,2.1559451157449068e-05
2667,2.155849422458279e-05
2668,2.15575296016457e-05
2669,2.1556591626725747e-05
2670,2.155565552675041e-05
2671,2.155471473219707e-05
2672,2.1553758756232017e-05
2673,2.1552809452041185e-05
2674,2.155186014796138e-05
2675,2.155090512789835e-05
2676,2.1549952970101302e-05
2677,2.1549002715781654e-05
2678,2.1548058148579418e-05
2679,2.1547112635911247e-05
2680,2.1546154745144545e-05
2681,2.154521395059119e-05
2682,2.1544272214346627e-05
2683,2.1543331419904263e-05
2684,2.1542380214234484e-05
2685,2.154142710331099e-05
2686,2.154048253621978e-05
2687,2.1539538913595286e-05
2688,2.153859529108181e-05
2689,2.153764977841366e-05
2690,2.1536700474222858e-05
2691,2.1535756851709397e-05
2692,2.1534816057156018e-05
2693,2.1533868650669432e-05
2694,2.153291553974591e-05
2695,2.1531964334187144e-05
2696,2.153102165525223e-05
2697,2.1530075196118926e-05
2698,2.152911730535225e-05
2699,2.15281698987546e-05
2700,2.1527222492268023e-05
2701,2.1526271286709246e-05
2702,2.1525318175785714e-05
2703,2.152436887159492e-05
2704,2.1523417665925154e-05
2705,2.152247309883394e-05
2706,2.152152853174273e-05
2707,2.152058207260942e-05
2708,2.151963561347613e-05
2709,2.1518679637511068e-05
2710,2.1517724617559062e-05
2711,2.151676192296836e-05
2712,2.1515810717298595e-05
2713,2.1514868981054046e-05
2714,2.1513912048187745e-05
2715,2.1512960842517987e-05
2716,2.1512002951751246e-05
2717,2.151104601888499e-05
2718,2.1510092907961468e-05
2719,2.1509139797037963e-05
2720,2.1508180947371613e-05
2721,2.15072220978163e-05
2722,2.150626803287813e-05
2723,2.1505312056913098e-05
2724,2.150435416614637e-05
2725,2.1503394356692247e-05
2726,2.150243646592554e-05
2727,2.1501488110975415e-05
2728,2.150053309102338e-05
2729,2.149957424135707e-05
2730,2.149862967426584e-05
2731,2.1497674654313854e-05
2732,2.1496728195180562e-05
2733,2.1495781736047287e-05
2734,2.149480741364675e-05
2735,2.1493848563980383e-05
2736,2.1492888754637285e-05
2737,2.149191150335738e-05
2738,2.1490952653691036e-05
2739,2.148999284423692e-05
2740,2.1489033994681606e-05
2741,2.148807418522748e-05
2742,2.1487115335561122e-05
2743,2.1486157444794426e-05
2744,2.1485205286997374e-05
2745,2.1484257880510775e-05
2746,2.1483305722713724e-05
2747,2.1482355468283035e-05
2748,2.1481399492317976e-05
2749,2.1480424194586508e-05
2750,2.1479474890506736e-05
2751,2.1478526535556604e-05
2752,2.1477575329997837e-05
2753,2.147662126494865e-05
2754,2.147567196086885e-05
2755,2.1474720755199083e-05
2756,2.14737742960658e-05
2757,2.147281832010074e-05
2758,2.1471864255162568e-05
2759,2.1470913049603795e-05
2760,2.1469966590470496e-05
2761,2.146902107780236e-05
2762,2.1468071773611555e-05
2763,2.1467122469420736e-05
2764,2.14661703117347e-05
2765,2.1465218153937645e-05
2766,2.1464259304271306e-05
2767,2.1463299494817158e-05
2768,2.1462340645150853e-05
2769,2.146138179559555e-05
2770,2.146042102535439e-05
2771,2.145946025511324e-05
2772,2.1458500445659126e-05
2773,2.1457525148038687e-05
2774,2.1456570127975645e-05
2775,2.145561223720892e-05
2776,2.1454657217256936e-05
2777,2.145371548101237e-05
2778,2.145275950504733e-05
2779,2.1451804485095306e-05
2780,2.1450842753067977e-05
2781,2.1449886777102908e-05
2782,2.1448928886336188e-05
2783,2.144797195346991e-05
2784,2.1447013103803575e-05
2785,2.1446053294349444e-05
2786,2.1445093485006322e-05
2787,2.1444145130056207e-05
2788,2.1443183398139866e-05
2789,2.144222646527361e-05
2790,2.1441276210842894e-05
2791,2.1440333531908006e-05
2792,2.143938707277472e-05
2793,2.1438440613641415e-05
2794,2.143749035932176e-05
2795,2.143655050557137e-05
2796,2.1435600251140673e-05
2797,2.143463562820357e-05
2798,2.1433678695337286e-05
2799,2.143273318266913e-05
2800,2.143179144642458e-05
2801,2.1430845933756417e-05
2802,2.1429900421088267e-05
2803,2.142895962653492e-05
2804,2.1428014113977784e-05
2805,2.1427068601309607e-05
2806,2.1426122142176332e-05
2807,2.1425176629508175e-05
2808,2.1424235835065808e-05
2809,2.1423295040512432e-05
2810,2.1422348581379164e-05
2811,2.142140022654003e-05
2812,2.142044711561654e-05
2813,2.141950065648325e-05
2814,2.1418549450924467e-05
2815,2.1417601096085384e-05
2816,2.1416652741135245e-05
2817,2.1415705334648646e-05
2818,2.1414755080217948e-05
2819,2.141379334830162e-05
2820,2.1412839283363478e-05
2821,2.141188426341146e-05
2822,2.1410927330434152e-05
2823,2.1409973265495995e-05
2824,2.1409032470942606e-05
2825,2.1408090734698054e-05
2826,2.140714427556479e-05
2827,2.140619402124511e-05
2828,2.140524756211181e-05
2829,2.140429540431478e-05
2830,2.140333655464842e-05
2831,2.1402374822732093e-05
2832,2.140141597306576e-05
2833,2.140044748200064e-05
2834,2.1399485750084317e-05
2835,2.139852690041798e-05
2836,2.1397566130287864e-05
2837,2.1396607280621535e-05
2838,2.139564072556332e-05
2839,2.1394680916109188e-05
2840,2.139372110665504e-05
2841,2.1392761297200903e-05
2842,2.1391817674687442e-05
2843,2.139085882502111e-05
2844,2.1389901892154846e-05
2845,2.1388963917123857e-05
2846,2.1388021238188944e-05
2847,2.1387081384549575e-05
2848,2.138613208035879e-05
2849,2.1385189401423875e-05
2850,2.138424388875569e-05
2851,2.138330309420233e-05
2852,2.1382362299648974e-05
2853,2.1381419620714045e-05
2854,2.1380465555775892e-05
2855,2.1379524761222523e-05
2856,2.1378583024977977e-05
2857,2.13776394024645e-05
2858,2.1376684382512497e-05
2859,2.1375739815310258e-05
2860,2.137479619279679e-05
2861,2.13738459383661e-05
2862,2.137290137116386e-05
2863,2.1371957748650416e-05
2864,2.137100654298064e-05
2865,2.1370058188141544e-05
2866,2.136911456562806e-05
2867,2.1368167159141464e-05
2868,2.1367223536517005e-05
2869,2.1366280857582076e-05
2870,2.1365332502742956e-05
2871,2.136438414790387e-05
2872,2.136342721492656e-05
2873,2.136246065986836e-05
2874,2.136150563991634e-05
2875,2.13605515749782e-05
2876,2.1359607952353716e-05
2877,2.1358668098714346e-05
2878,2.135772636235877e-05
2879,2.1356784626114223e-05
2880,2.135583151519071e-05
2881,2.135487840437822e-05
2882,2.135392624658117e-05
2883,2.1352982623956678e-05
2884,2.135203141839791e-05
2885,2.1351079260600886e-05
2886,2.1350120410934543e-05
2887,2.134916156126819e-05
2888,2.134820749633005e-05
2889,2.134724576441373e-05
2890,2.1346308727410175e-05
2891,2.1345369813574583e-05
2892,2.13444261909501e-05
2893,2.1343483512015187e-05
2894,2.134253705299292e-05
2895,2.134158203292989e-05
2896,2.1340625100063616e-05
2897,2.133968618622805e-05
2898,2.1338745391674675e-05
2899,2.133780459712133e-05
2900,2.133686191818639e-05
2901,2.1335918295672957e-05
2902,2.133496899148214e-05
2903,2.133402347881398e-05
2904,2.133307512397487e-05
2905,2.1332118191108598e-05
2906,2.133117456848411e-05
2907,2.13302300013929e-05
2908,2.1329291087446314e-05
2909,2.1328350293003933e-05
2910,2.1327406670379454e-05
2911,2.1326458315540374e-05
2912,2.1325512802872197e-05
2913,2.1324564448033104e-05
2914,2.1323606557266395e-05
2915,2.1322649624400107e-05
2916,2.1321691733633394e-05
2917,2.1320734800656088e-05
2918,2.1319789288098977e-05
2919,2.1318832355121654e-05
2920,2.1317890618877105e-05
2921,2.1316946051785916e-05
2922,2.1315984319869572e-05
2923,2.131502354962845e-05
2924,2.1314062779387293e-05
2925,2.1313096224329083e-05
2926,2.1312138333562363e-05
2927,2.131118235759731e-05
2928,2.1310224466830608e-05
2929,2.1309270401892462e-05
2930,2.1308314425927386e-05
2931,2.130735940586437e-05
2932,2.1306407248178345e-05
2933,2.1305449357300617e-05
2934,2.130449146653392e-05
2935,2.130353740159574e-05
2936,2.1302579510829017e-05
2937,2.1301622577962746e-05
2938,2.1300663728296434e-05
2939,2.129970679543016e-05
2940,2.1298747945763807e-05
2941,2.129778909609748e-05
2942,2.1296830246542164e-05
2943,2.1295875226479116e-05
2944,2.1294918293612852e-05
2945,2.129396136074656e-05
2946,2.1293008249823043e-05
2947,2.1292051316956756e-05
2948,2.129110011128697e-05
2949,2.1290157432352058e-05
2950,2.1289213809838628e-05
2951,2.128827018721412e-05
2952,2.128729683914531e-05
2953,2.1286344681348265e-05
2954,2.1285386790581572e-05
2955,2.1284429857715295e-05
2956,2.1283471966948558e-05
2957,2.1282515034082305e-05
2958,2.128156001401925e-05
2959,2.1280604038054197e-05
2960,2.127964710518793e-05
2961,2.1278689214421217e-05
2962,2.1277732281554923e-05
2963,2.1276774390788244e-05
2964,2.1275817457921963e-05
2965,2.1274843135410393e-05
2966,2.1273901399165868e-05
2967,2.1272957776652404e-05
2968,2.1272003711714244e-05
2969,2.127105155391719e-05
2970,2.1270093663150462e-05
2971,2.1269134813484133e-05
2972,2.1268160491083592e-05
2973,2.1267186168683047e-05
2974,2.126622827780535e-05
2975,2.126528087131875e-05
2976,2.1264331567127922e-05
2977,2.126338794461447e-05
2978,2.1262445265679553e-05
2979,2.1261493107882487e-05
2980,2.1260542853451803e-05
2981,2.1259592599021094e-05
2982,2.1258634708254395e-05
2983,2.1257675858588065e-05
2984,2.1256717967821376e-05
2985,2.1255761991856303e-05
2986,2.1254805058990023e-05
2987,2.1253855754799225e-05
2988,2.1252897864032485e-05
2989,2.125193997326579e-05
2990,2.1250981123599466e-05
2991,2.125002610364745e-05
2992,2.1249069170781176e-05
2993,2.124811032111484e-05
2994,2.1247152430348134e-05
2995,2.124619358068181e-05
2996,2.124523760471676e-05
2997,2.1244281628862702e-05
2998,2.1243334222265088e-05
2999,2.12423772893988e-05
3000,2.1241427985208023e-05
3001,2.1240474874395506e-05
3002,2.123952461996482e-05
3003,2.1238563849723658e-05
3004,2.123762022709917e-05
3005,2.1236681313263617e-05
3006,2.123573863432871e-05
3007,2.1234783614376692e-05
3008,2.1233833359945994e-05
3009,2.1232872589704868e-05
3010,2.1231928967191394e-05
3011,2.1230965308816074e-05
3012,2.1230015054385356e-05
3013,2.1229053322469032e-05
3014,2.1228108755377822e-05
3015,2.1227147985136703e-05
3016,2.122618721489557e-05
3017,2.122522740544142e-05
3018,2.1224274294628913e-05
3019,2.122331927456588e-05
3020,2.1222364254613866e-05
3021,2.1221411143690344e-05
3022,2.1220458986004335e-05
3023,2.1219505875080816e-05
3024,2.1218565080527437e-05
3025,2.1217623344282895e-05
3026,2.121667783161474e-05
3027,2.121572567381767e-05
3028,2.1214752325748886e-05
3029,2.1213791555507743e-05
3030,2.1212830785377622e-05
3031,2.1211870015136483e-05
3032,2.121091212436977e-05
3033,2.1209952314915632e-05
3034,2.12089925054615e-05
3035,2.1208038440523335e-05
3036,2.120707959085698e-05
3037,2.120611400235896e-05
3038,2.1205155152692612e-05
3039,2.120419917672757e-05
3040,2.120323551846325e-05
3041,2.1202276668796927e-05
3042,2.1201317819241626e-05
3043,2.120034349684107e-05
3044,2.1199393242410387e-05
3045,2.1198437266445325e-05
3046,2.119748415552182e-05
3047,2.119653009058364e-05
3048,2.1195576025534474e-05
3049,2.1194617175979154e-05
3050,2.1193679200948168e-05
3051,2.119273368839104e-05
3052,2.119178057746751e-05
3053,2.119082651252936e-05
3054,2.1189875306859573e-05
3055,2.1188914536618406e-05
3056,2.1187968077596136e-05
3057,2.1187023510393904e-05
3058,2.118608365664355e-05
3059,2.1185127680678474e-05
3060,2.1184177426358798e-05
3061,2.1183230967225502e-05
3062,2.1182288288290624e-05
3063,2.1181335177367082e-05
3064,2.118037920140202e-05
3065,2.1179441226482087e-05
3066,2.1178500431928707e-05
3067,2.1177560578178316e-05
3068,2.1176617899243394e-05
3069,2.1175674276729936e-05
3070,2.1174729709527738e-05
3071,2.1173762187021144e-05
3072,2.117280333735483e-05
3073,2.1171837748856767e-05
3074,2.1170879858090085e-05
3075,2.116992004863593e-05
3076,2.116896119896961e-05
3077,2.1168005223004556e-05
3078,2.116704252841384e-05
3079,2.116609512181623e-05
3080,2.116515244288132e-05
3081,2.1164214467961334e-05
3082,2.1163276493041387e-05
3083,2.1162338518010398e-05
3084,2.116139960417483e-05
3085,2.11604644403396e-05
3086,2.1159513234669792e-05
3087,2.1158576197666243e-05
3088,2.1157633518731335e-05
3089,2.1156684214540537e-05
3090,2.115574436090118e-05
3091,2.1154804507150783e-05
3092,2.1153864653400422e-05
3093,2.1152922917155856e-05
3094,2.115198023822096e-05
3095,2.1151031883270822e-05
3096,2.1150090147026277e-05
3097,2.1149149352583937e-05
3098,2.114820667353801e-05
3099,2.1147265879095663e-05
3100,2.1146327904064667e-05
3101,2.114537954922559e-05
3102,2.1144439695475192e-05
3103,2.1143485630537036e-05
3104,2.1142529654571963e-05
3105,2.1141581299732856e-05
3106,2.1140638620797968e-05
3107,2.113968836636726e-05
3108,2.1138743799276046e-05
3109,2.113779544432592e-05
3110,2.1136851821812463e-05
3111,2.113590251762164e-05
3112,2.1134958895108184e-05
3113,2.1134015272483705e-05
3114,2.1133062161560197e-05
3115,2.1132112857480407e-05
3116,2.113116450253029e-05
3117,2.1130212344844242e-05
3118,2.112926209041356e-05
3119,2.1128322236663156e-05
3120,2.112738332271658e-05
3121,2.11264434690772e-05
3122,2.1125501732721645e-05
3123,2.1124561879082283e-05
3124,2.1123622965135702e-05
3125,2.1122682170582337e-05
3126,2.1121742316942957e-05
3127,2.1120800580587413e-05
3128,2.111985978614507e-05
3129,2.111890285316777e-05
3130,2.1117961116923198e-05
3131,2.1117008959126143e-05
3132,2.1116067222881635e-05
3133,2.1115124543946716e-05
3134,2.111418186501178e-05
3135,2.111323729792059e-05
3136,2.1112286092250798e-05
3137,2.1111332027312652e-05
3138,2.1110383672473535e-05
3139,2.1109435317523423e-05
3140,2.1108484111964643e-05
3141,2.110752430251052e-05
3142,2.1106566411743792e-05
3143,2.1105600823245735e-05
3144,2.1104638128544024e-05
3145,2.11036763966277e-05
3146,2.1102716587173536e-05
3147,2.1101754855257243e-05
3148,2.1100795045803092e-05
3149,2.109983906983804e-05
3150,2.1098881179071317e-05
3151,2.109792328830462e-05
3152,2.1096966355438333e-05
3153,2.1096007505772008e-05
3154,2.1095048656105675e-05
3155,2.1094089806550348e-05
3156,2.109312614817504e-05
3157,2.1092167298619752e-05
3158,2.10912113226547e-05
3159,2.10902572577165e-05
3160,2.1089303192667334e-05
3161,2.108834817271532e-05
3162,2.108739219675028e-05
3163,2.108644003895322e-05
3164,2.1085484062988155e-05
3165,2.1084530952175662e-05
3166,2.1083575932112617e-05
3167,2.1082620912160635e-05
3168,2.108166302139392e-05
3169,2.108070608852762e-05
3170,2.107975297760413e-05
3171,2.10787979576521e-05
3172,2.1077841981687044e-05
3173,2.1076886961624026e-05
3174,2.1075930985658947e-05
3175,2.1074977874846485e-05
3176,2.1074021898881395e-05
3177,2.1073071644450714e-05
3178,2.1072114711584423e-05
3179,2.1071142336848144e-05
3180,2.1070202483097756e-05
3181,2.106925032530073e-05
3182,2.1068277950564432e-05
3183,2.106732197459937e-05
3184,2.1066364083832677e-05
3185,2.1065414779641866e-05
3186,2.1064457846775568e-05
3187,2.1063503781726406e-05
3188,2.1062550670913907e-05
3189,2.1061577322734077e-05
3190,2.1060622302782054e-05
3191,2.105966632681701e-05
3192,2.1058713216004482e-05
3193,2.105776105820743e-05
3194,2.105680603814441e-05
3195,2.105585101819241e-05
3196,2.105487864345613e-05
3197,2.105392933926531e-05
3198,2.1052980035074484e-05
3199,2.105203262858789e-05
3200,2.105106025385163e-05
3201,2.1050101404185298e-05
3202,2.1049144471318993e-05
3203,2.1048187538452733e-05
3204,2.1047231562487667e-05
3205,2.104627558652262e-05
3206,2.1045299312572045e-05
3207,2.1044324014840593e-05
3208,2.104337471064978e-05
3209,2.1042416819883045e-05
3210,2.1041467515692264e-05
3211,2.1040518211501446e-05
3212,2.103956510068895e-05
3213,2.103861864155564e-05
3214,2.1037660750788955e-05
3215,2.1036702860022225e-05
3216,2.1035746884057193e-05
3217,2.103479186410518e-05
3218,2.103383684404213e-05
3219,2.1032888489203035e-05
3220,2.1031935378279503e-05
3221,2.103098512384884e-05
3222,2.103001274911253e-05
3223,2.1029055816246256e-05
3224,2.102810079629423e-05
3225,2.1027147685370725e-05
3226,2.102619266541872e-05
3227,2.102523764535569e-05
3228,2.102428166950165e-05
3229,2.102332569353659e-05
3230,2.1022369717571536e-05
3231,2.1021412784594237e-05
3232,2.1020454893827537e-05
3233,2.101950178301503e-05
3234,2.1018552478824216e-05
3235,2.1017588820559943e-05
3236,2.1016639516369114e-05
3237,2.1015685451319915e-05
3238,2.1014736147240126e-05
3239,2.1013786843049348e-05
3240,2.1012832778111178e-05
3241,2.1011871046083832e-05
3242,2.1010923639597233e-05
3243,2.100996670673096e-05
3244,2.1009010730765877e-05
3245,2.100805092131175e-05
3246,2.100710066688104e-05
3247,2.100613700861676e-05
3248,2.100517911785004e-05
3249,2.1004221227083325e-05
3250,2.100326333631664e-05
3251,2.1002305445438914e-05
3252,2.10013475546722e-05
3253,2.10003896639055e-05
3254,2.0999436552981983e-05
3255,2.0998478662215276e-05
3256,2.099751981265995e-05
3257,2.099656192189325e-05
3258,2.0995603072226924e-05
3259,2.0994645181460204e-05
3260,2.0993687290693525e-05
3261,2.0992729399815762e-05
3262,2.0991771509049056e-05
3263,2.0990815533084007e-05
3264,2.0989860513131998e-05
3265,2.098890549318001e-05
3266,2.0987950473228e-05
3267,2.098699066377386e-05
3268,2.098603850597681e-05
3269,2.0985085395053286e-05
3270,2.098412750428659e-05
3271,2.0983174393363054e-05
3272,2.098222032842491e-05
3273,2.098126626348673e-05
3274,2.0980317908536622e-05
3275,2.0979358099193473e-05
3276,2.0978413531991258e-05
3277,2.0977464227800453e-05
3278,2.097652437416109e-05
3279,2.0975569354098046e-05
3280,2.0974620050018267e-05
3281,2.097366693909475e-05
3282,2.0972714781297707e-05
3283,2.0971751123033403e-05
3284,2.097080276808327e-05
3285,2.096986385424769e-05
3286,2.0968922118003147e-05
3287,2.096797943906826e-05
3288,2.0967019629614107e-05
3289,2.096605307455589e-05
3290,2.0965093265101747e-05
3291,2.096413345564763e-05
3292,2.096317460598128e-05
3293,2.0962220541043134e-05
3294,2.0961255918106044e-05
3295,2.0960299942140985e-05
3296,2.0959337247550297e-05
3297,2.0958379356783557e-05
3298,2.0957422423917283e-05
3299,2.0956465490939987e-05
3300,2.095549214287118e-05
3301,2.095453521000491e-05
3302,2.095358019005289e-05
3303,2.0952616531677584e-05
3304,2.0951668176838454e-05
3305,2.09507160190414e-05
3306,2.0949775224599065e-05
3307,2.094881924863402e-05
3308,2.0947864228570992e-05
3309,2.0946922492326453e-05
3310,2.094598732849118e-05
3311,2.0945050291487636e-05
3312,2.0944107612552703e-05
3313,2.0943155454755672e-05
3314,2.0942218417752116e-05
3315,2.0941275738817208e-05
3316,2.0940328332330605e-05
3317,2.0939385653395687e-05
3318,2.0938441086304497e-05
3319,2.0937494627171222e-05
3320,2.093655571333563e-05
3321,2.0935614918782267e-05
3322,2.0934677881778725e-05
3323,2.0933735202843806e-05
3324,2.0932787796357207e-05
3325,2.0931849821326235e-05
3326,2.0930902414839623e-05
3327,2.092995120928088e-05
3328,2.0929021642301923e-05
3329,2.0928078963367027e-05
3330,2.0927135340853567e-05
3331,2.0926196427018e-05
3332,2.0925253747972064e-05
3333,2.092431106903713e-05
3334,2.09233740321446e-05
3335,2.0922415182478296e-05
3336,2.0921450559541216e-05
3337,2.0920495539589177e-05
3338,2.0919542428665665e-05
3339,2.0918590270868634e-05
3340,2.0917640016437935e-05
3341,2.0916697337503016e-05
3342,2.0915745179705944e-05
3343,2.0914793974147188e-05
3344,2.0913844669956396e-05
3345,2.0912906694925414e-05
3346,2.0911968720005457e-05
3347,2.091102980616988e-05
3348,2.0910083347036603e-05
3349,2.0909146310033058e-05
3350,2.090820551547969e-05
3351,2.0907265661729287e-05
3352,2.0906327686809344e-05
3353,2.090538028032272e-05
3354,2.0904436657698272e-05
3355,2.0903494921453697e-05
3356,2.090255224251882e-05
3357,2.0901608620005337e-05
3358,2.0900665941070422e-05
3359,2.0899725146517056e-05
3360,2.089878341027253e-05
3361,2.089783978764804e-05
3362,2.0896897108713126e-05
3363,2.0895953486199666e-05
3364,2.0895002280529856e-05
3365,2.08940558213966e-05
3366,2.08931093623743e-05
3367,2.089216100753523e-05
3368,2.0891214548401916e-05
3369,2.0890266193562837e-05
3370,2.08893187869652e-05
3371,2.0888368532534507e-05
3372,2.0887396157798225e-05
3373,2.0886436348344077e-05
3374,2.088548419065807e-05
3375,2.08845243812039e-05
3376,2.0883562649176585e-05
3377,2.0882606673322548e-05
3378,2.0881649740345225e-05
3379,2.0880690890789938e-05
3380,2.0879732041123595e-05
3381,2.0878775108257315e-05
3382,2.0877820088194277e-05
3383,2.087686123863896e-05
3384,2.0875908127715445e-05
3385,2.087495310776343e-05
3386,2.0873998087700394e-05
3387,2.0873038278357282e-05
3388,2.0872078468903158e-05
3389,2.0871115774201438e-05
3390,2.087015788343472e-05
3391,2.0869201907469642e-05
3392,2.0868239212878944e-05
3393,2.0867284192926935e-05
3394,2.0866325343260602e-05
3395,2.0865368410394318e-05
3396,2.0864410519627622e-05
3397,2.08634516699613e-05
3398,2.086249569399622e-05
3399,2.0861534923755094e-05
3400,2.0860575114300947e-05
3401,2.0859620094348954e-05
3402,2.085866698342543e-05
3403,2.0857705251509095e-05
3404,2.0856746401842773e-05
3405,2.0855787552287453e-05
3406,2.085482870262112e-05
3407,2.0853876544824082e-05
3408,2.0852916735369924e-05
3409,2.0851956925915783e-05
3410,2.0850998076360466e-05
3411,2.085004401131128e-05
3412,2.0849096604824705e-05
3413,2.084814444702764e-05
3414,2.0847194192596955e-05
3415,2.08462401276588e-05
3416,2.0845284151693733e-05
3417,2.0844331993896694e-05
3418,2.0843378883084168e-05
3419,2.084242577216068e-05
3420,2.0841472661237145e-05
3421,2.0840519550313633e-05
3422,2.083954717557734e-05
3423,2.083859787138653e-05
3424,2.0837647617066843e-05
3425,2.083669259700382e-05
3426,2.0835738532065655e-05
3427,2.0834783512113656e-05
3428,2.0833829447175482e-05
3429,2.083288014298467e-05
3430,2.0831930838793873e-05
3431,2.08309767738557e-05
3432,2.083002461605865e-05
3433,2.08290724582616e-05
3434,2.082811839332344e-05
3435,2.0827167187653664e-05
3436,2.082619481291738e-05
3437,2.0825239792965345e-05
3438,2.082428477301335e-05
3439,2.0823328797048284e-05
3440,2.082237377698526e-05
3441,2.0821418757033233e-05
3442,2.0820446382296974e-05
3443,2.081947400756069e-05
3444,2.0818501632824393e-05
3445,2.0817548521900878e-05
3446,2.0816595410977363e-05
3447,2.081564515654667e-05
3448,2.0814674725588834e-05
3449,2.0813702350852572e-05
3450,2.0812757783761335e-05
3451,2.0811786381358395e-05
3452,2.081081497895541e-05
3453,2.080987418451309e-05
3454,2.080892677802648e-05
3455,2.0807955375623518e-05
3456,2.0806983973220574e-05
3457,2.0806012570817593e-05
3458,2.0805050838901277e-05
3459,2.080409868110422e-05
3460,2.0803126306367923e-05
3461,2.0802172241429763e-05
3462,2.080122198699906e-05
3463,2.080027458051249e-05
3464,2.0799330013310247e-05
3465,2.079835861101831e-05
3466,2.0797405500094787e-05
3467,2.079645334229773e-05
3468,2.0795499277359568e-05
3469,2.0794545212421418e-05
3470,2.079359210149791e-05
3471,2.0792636125532824e-05
3472,2.079168206059469e-05
3473,2.0790727040642668e-05
3474,2.0789774882845596e-05
3475,2.0788797631565718e-05
3476,2.078782330916518e-05
3477,2.0786868289213184e-05
3478,2.078591898502235e-05
3479,2.078496300905729e-05
3480,2.0784006076191006e-05
3481,2.0783053918393975e-05
3482,2.07821017605969e-05
3483,2.07811486496734e-05
3484,2.078019362972137e-05
3485,2.0779221254985086e-05
3486,2.077826719004695e-05
3487,2.0777313124997737e-05
3488,2.0776362870567052e-05
3489,2.077540880562889e-05
3490,2.077447457693449e-05
3491,2.0773537539930932e-05
3492,2.0772574845340234e-05
3493,2.0771620780402057e-05
3494,2.077066001016093e-05
3495,2.076968860775795e-05
3496,2.076874309520081e-05
3497,2.0767782324959696e-05
3498,2.0766825392093402e-05
3499,2.076586845911611e-05
3500,2.0764916301319054e-05
3501,2.07639622363809e-05
3502,2.076300530351459e-05
3503,2.076204837064831e-05
3504,2.0761090479881623e-05
3505,2.0760133546904324e-05
3506,2.0759178526952308e-05
3507,2.0758224462014144e-05
3508,2.0757269442062125e-05
3509,2.075631346609707e-05
3510,2.0755360355173575e-05
3511,2.0754401505507232e-05
3512,2.0753441696053098e-05
3513,2.0752489538367055e-05
3514,2.0751536427443526e-05
3515,2.0750584269646478e-05
3516,2.074963115872297e-05
3517,2.0748677093784803e-05
3518,2.0747720160918533e-05
3519,2.074677085672771e-05
3520,2.0745818698930673e-05
3521,2.0744870344091563e-05
3522,2.074392198925245e-05
3523,2.0742977422050234e-05
3524,2.0742018572494924e-05
3525,2.0741063552431885e-05
3526,2.0740107576466833e-05
3527,2.073915637090805e-05
3528,2.0738199437930753e-05
3529,2.0737242505064466e-05
3530,2.073628844012632e-05
3531,2.0735331507260032e-05
3532,2.073437744232189e-05
3533,2.0733423377272686e-05
3534,2.0732465486505963e-05
3535,2.0731508553639706e-05
3536,2.0730551620773415e-05
3537,2.0729597555835245e-05
3538,2.072864349078607e-05
3539,2.0727689425847916e-05
3540,2.0726735360909756e-05
3541,2.0725781295971583e-05
3542,2.0724830090301783e-05
3543,2.072388835405726e-05
3544,2.072293714838748e-05
3545,2.0721986893956768e-05
3546,2.0721046099514417e-05
3547,2.0720085329273288e-05
3548,2.0719142650338376e-05
3549,2.0718202796587988e-05
3550,2.0717254441748864e-05
3551,2.0716316466717902e-05
3552,2.0715354734801575e-05
3553,2.071441769779804e-05
3554,2.071347407528457e-05
3555,2.0712532339040034e-05
3556,2.0711579228116516e-05
3557,2.0710628022446727e-05
3558,2.0709679667607613e-05
3559,2.0708731312768524e-05
3560,2.0707794275764965e-05
3561,2.070685723876141e-05
3562,2.0705920201757874e-05
3563,2.0704985973063472e-05
3564,2.0704047059227887e-05
3565,2.0703102492136704e-05
3566,2.0702164517105718e-05
3567,2.0701230288411317e-05
3568,2.0700291374575748e-05
3569,2.0699356210740476e-05
3570,2.0698419173736947e-05
3571,2.069748494504254e-05
3572,2.069654603120698e-05
3573,2.06956052366536e-05
3574,2.0694667261622626e-05
3575,2.069372928670266e-05
3576,2.0692791311782706e-05
3577,2.0691854274779164e-05
3578,2.069091723777561e-05
3579,2.068998207394036e-05
3580,2.068904127938696e-05
3581,2.0688099543142442e-05
3582,2.06871578068979e-05
3583,2.0686217953147502e-05
3584,2.0685277158594147e-05
3585,2.068433636404077e-05
3586,2.0683395569598407e-05
3587,2.06824528906635e-05
3588,2.0681511154307958e-05
3589,2.068056753179449e-05
3590,2.0679622964703277e-05
3591,2.0678673660512442e-05
3592,2.0677734746565868e-05
3593,2.067679017947464e-05
3594,2.067581877707168e-05
3595,2.067484737477976e-05
3596,2.0673900915646484e-05
3597,2.0672942065980155e-05
3598,2.0671987046028132e-05
3599,2.0671030113161838e-05
3600,2.06700703037077e-05
3601,2.0669120049277002e-05
3602,2.0668170745086197e-05
3603,2.066720997484506e-05
3604,2.0666249204714924e-05
3605,2.0665284581777837e-05
3606,2.066432284986151e-05
3607,2.0663366873896475e-05
3608,2.066241089793141e-05
3609,2.0661454921966377e-05
3610,2.0660496072300017e-05
3611,2.0659542007361857e-05
3612,2.065858315769552e-05
3613,2.0657626224829264e-05
3614,2.0656672159891074e-05
3615,2.0655714269124364e-05
3616,2.0654750610749075e-05
3617,2.0653798452951993e-05
3618,2.0652844388013837e-05
3619,2.0651888412048798e-05
3620,2.0650929562493474e-05
3621,2.064997549744431e-05
3622,2.064901856457802e-05
3623,2.064806354462599e-05
3624,2.064710661175971e-05
3625,2.0646144879732392e-05
3626,2.0645188903878352e-05
3627,2.06442329279133e-05
3628,2.0643277907850255e-05
3629,2.0642316175933928e-05
3630,2.0641362110995778e-05
3631,2.0640408046057588e-05
3632,2.0639449196391255e-05
3633,2.063849513145311e-05
3634,2.0637536281786772e-05
3635,2.0636581261834773e-05
3636,2.063562432896848e-05
3637,2.063466643809074e-05
3638,2.063370374350005e-05
3639,2.063274489383371e-05
3640,2.0631786044278383e-05
3641,2.063083006831333e-05
3642,2.0629876003375164e-05
3643,2.0628918112497445e-05
3644,2.062796500168497e-05
3645,2.062701284388789e-05
3646,2.0626052073646775e-05
3647,2.0625100867976975e-05
3648,2.0624138173386277e-05
3649,2.062317451512196e-05
3650,2.0622222357324912e-05
3651,2.0621270199527864e-05
3652,2.0620343418542565e-05
3653,2.061940918984818e-05
3654,2.06184693360978e-05
3655,2.0617535107403384e-05
3656,2.0616596193567805e-05
3657,2.0615660093592513e-05
3658,2.0614718357347957e-05
3659,2.0613777562794605e-05
3660,2.061283582655003e-05
3661,2.061189691271447e-05
3662,2.0610953290089978e-05
3663,2.060998188779806e-05
3664,2.0609023996920342e-05
3665,2.0608065147365018e-05
3666,2.0607103415448674e-05
3667,2.0606146482471398e-05
3668,2.0605190506506342e-05
3669,2.0604233573640055e-05
3670,2.060327759767501e-05
3671,2.0602315865758683e-05
3672,2.0601343491022377e-05
3673,2.060038847107038e-05
3674,2.0599436313273316e-05
3675,2.0598479380407032e-05
3676,2.059752626948352e-05
3677,2.059656549924237e-05
3678,2.0595609523277315e-05
3679,2.0594657365480284e-05
3680,2.0593707111049565e-05
3681,2.0592755905490808e-05
3682,2.059179513524968e-05
3683,2.059084107031152e-05
3684,2.0589885094346446e-05
3685,2.0588926244680134e-05
3686,2.0587968353913407e-05
3687,2.0587011421047127e-05
3688,2.0586057356108956e-05
3689,2.0585108051918155e-05
3690,2.0584160645431556e-05
3691,2.0583211341240738e-05
3692,2.0582260135570962e-05
3693,2.0581313676437684e-05
3694,2.0580362470878917e-05
3695,2.0579416011745608e-05
3696,2.0578467656906505e-05
3697,2.057749625450356e-05
3698,2.057654695031274e-05
3699,2.057560049129049e-05
3700,2.0574648333493442e-05
3701,2.0573695222569903e-05
3702,2.0572740202617894e-05
3703,2.057179089842709e-05
3704,2.057084159423626e-05
3705,2.0569881784782157e-05
3706,2.056892771984397e-05
3707,2.0567974608920452e-05
3708,2.0567019588968463e-05
3709,2.0566069334537734e-05
3710,2.056511526959958e-05
3711,2.056416120466144e-05
3712,2.0563209998991642e-05
3713,2.0562257841194576e-05
3714,2.056130663552481e-05
3715,2.0560335233232852e-05
3716,2.055938497880215e-05
3717,2.0558434724371466e-05
3718,2.0557483518701673e-05
3719,2.055653136090464e-05
3720,2.0555561900392767e-05
3721,2.0554619221457838e-05
3722,2.0553661330691145e-05
3723,2.0552711076260434e-05
3724,2.055176556359227e-05
3725,2.0550815309161595e-05
3726,2.0549865054730877e-05
3727,2.0548921432217443e-05
3728,2.0547970226547637e-05
3729,2.0547016161609474e-05
3730,2.0546073482674575e-05
3731,2.054512891558334e-05
3732,2.0544181509096743e-05
3733,2.054323788647228e-05
3734,2.0542292373804106e-05
3735,2.0541321942846302e-05
3736,2.054037926391139e-05
3737,2.053943469682019e-05
3738,2.0538487290333588e-05
3739,2.0537536084663782e-05
3740,2.053658678047298e-05
3741,2.053562888970627e-05
3742,2.0534677684036485e-05
3743,2.0533721708071433e-05
3744,2.053277050251266e-05
3745,2.0531819296842877e-05
3746,2.053086904241218e-05
3747,2.052991973822138e-05
3748,2.052896758053535e-05
3749,2.0528015422738306e-05
3750,2.052706706778816e-05
3751,2.0526112047836178e-05
3752,2.0525159890039096e-05
3753,2.0524208684480343e-05
3754,2.0523257478810557e-05
3755,2.0522305321013526e-05
3756,2.0521348388147238e-05
3757,2.0520399083956423e-05
3758,2.0519449779765625e-05
3759,2.0518478377473663e-05
3760,2.0517506002737385e-05
3761,2.051655384494033e-05
3762,2.051560073401682e-05
3763,2.0514646669078665e-05
3764,2.051369355815512e-05
3765,2.0512743303724424e-05
3766,2.0511793999533616e-05
3767,2.05108408886101e-05
3768,2.0509896321518888e-05
3769,2.050894701732809e-05
3770,2.0508003394814612e-05
3771,2.0507050283891094e-05
3772,2.0506095263939098e-05
3773,2.050514215301557e-05
3774,2.0504186177050504e-05
3775,2.0503236872859726e-05
3776,2.050228566730094e-05
3777,2.050133350950388e-05
3778,2.0500379444565717e-05
3779,2.0499427286768692e-05
3780,2.049847608109889e-05
3781,2.0497523923301845e-05
3782,2.0496573668871143e-05
3783,2.0495621511074088e-05
3784,2.049467505205182e-05
3785,2.0493723846382043e-05
3786,2.049276595561532e-05
3787,2.0491807105948997e-05
3788,2.0490848256282685e-05
3789,2.0489888446939553e-05
3790,2.048893819250884e-05
3791,2.0487987938078156e-05
3792,2.0487032918015124e-05
3793,2.0486082663695455e-05
3794,2.0485128598646276e-05
3795,2.0484176440849194e-05
3796,2.0483223330036698e-05
3797,2.048226543927001e-05
3798,2.0481318980136717e-05
3799,2.0480359170682583e-05
3800,2.047939936122846e-05
3801,2.0478447203431387e-05
3802,2.0477495045634332e-05
3803,2.047654193482184e-05
3804,2.0475585958856794e-05
3805,2.0474629025879494e-05
3806,2.047367496094134e-05
3807,2.04727218500178e-05
3808,2.0471768739205292e-05
3809,2.0470810848327594e-05
3810,2.046985199877226e-05
3811,2.0468898887848745e-05
3812,2.0467940997082032e-05
3813,2.0466989791412253e-05
3814,2.046603763361522e-05
3815,2.0465081657650146e-05
3816,2.0464125681796106e-05
3817,2.046316970583105e-05
3818,2.0462217548034e-05
3819,2.0461259657267306e-05
3820,2.0460311302317167e-05
3821,2.0459363895830588e-05
3822,2.045840408637644e-05
3823,2.0457453831945762e-05
3824,2.045649402249162e-05
3825,2.0455561661414362e-05
3826,2.0454601851960248e-05
3827,2.045366293801364e-05
3828,2.0452702167883543e-05
3829,2.0451767004048275e-05
3830,2.0450820544915e-05
3831,2.0449887250473263e-05
3832,2.0448947396722865e-05
3833,2.044801035971934e-05
3834,2.0447073322715794e-05
3835,2.0446124018524966e-05
3836,2.0445165168969642e-05
3837,2.0444200546032576e-05
3838,2.044326163208597e-05
3839,2.0442321778446623e-05
3840,2.0441381924696238e-05
3841,2.044043924576132e-05
3842,2.0439498451207957e-05
3843,2.0438542475242898e-05
3844,2.0437594120403784e-05
3845,2.043664671391719e-05
3846,2.043570403487127e-05
3847,2.0434749014919245e-05
3848,2.0433794949981102e-05
3849,2.0432842792184057e-05
3850,2.0431878169246964e-05
3851,2.0430917399116854e-05
3852,2.0429953740741514e-05
3853,2.0428998720789512e-05
3854,2.042804370083752e-05
3855,2.042708963589933e-05
3856,2.042613652497583e-05
3857,2.042518246003766e-05
3858,2.042422456915992e-05
3859,2.0423271458347436e-05
3860,2.0422318347423935e-05
3861,2.0421360456657222e-05
3862,2.0420407345733703e-05
3863,2.041945136976865e-05
3864,2.0418498258845112e-05
3865,2.0417545148032637e-05
3866,2.0416591082983427e-05
3867,2.0415635107018378e-05
3868,2.041468104208023e-05
3869,2.041372410921392e-05
3870,2.041277099829042e-05
3871,2.0411818840493357e-05
3872,2.0410865729680858e-05
3873,2.040990975371582e-05
3874,2.0408953777750764e-05
3875,2.0407997801785715e-05
3876,2.0407041825820632e-05
3877,2.0406088714897144e-05
3878,2.0405135603973605e-05
3879,2.0404182493161102e-05
3880,2.04032246022834e-05
3881,2.0402265752728084e-05
3882,2.040129435032512e-05
3883,2.040034219252806e-05
3884,2.039938812758992e-05
3885,2.03984397727508e-05
3886,2.0397481881984092e-05
3887,2.039652303231775e-05
3888,2.0395565141551063e-05
3889,2.039460629188473e-05
3890,2.039364840111803e-05
3891,2.03926952901945e-05
3892,2.039173355827816e-05
3893,2.0390771826361856e-05
3894,2.0389813935595146e-05
3895,2.038885604471741e-05
3896,2.0387898153950694e-05
3897,2.038693642203438e-05
3898,2.0385981402082348e-05
3899,2.0385023511315645e-05
3900,2.0384068491252624e-05
3901,2.0383117285693877e-05
3902,2.038215747623971e-05
3903,2.0381206270569923e-05
3904,2.0380255065011177e-05
3905,2.0379303859341378e-05
3906,2.0378352653671615e-05
3907,2.0377401448112855e-05
3908,2.0376449290315804e-05
3909,2.0375499035885078e-05
3910,2.037453730396877e-05
3911,2.037357460926702e-05
3912,2.0372611914676337e-05
3913,2.0371656894724297e-05
3914,2.0370705689054535e-05
3915,2.0369745879600394e-05
3916,2.036878510935925e-05
3917,2.036782433922913e-05
3918,2.0366872181432075e-05
3919,2.036593044518752e-05
3920,2.036498398605423e-05
3921,2.036403752692095e-05
3922,2.0363098613085394e-05
3923,2.0362160638054412e-05
3924,2.036122547421914e-05
3925,2.0360287499299187e-05
3926,2.0359355138110928e-05
3927,2.0358413401866383e-05
3928,2.035747730189107e-05
3929,2.035653838805553e-05
3930,2.035560228808019e-05
3931,2.035466525107664e-05
3932,2.0353723514832095e-05
3933,2.0352762744590982e-05
3934,2.035180581172467e-05
3935,2.0350845041483562e-05
3936,2.0349887150716842e-05
3937,2.03489263804757e-05
3938,2.0347972315537536e-05
3939,2.0347022061106848e-05
3940,2.0346064170340145e-05
3941,2.0345109150388126e-05
3942,2.034415125962143e-05
3943,2.034319528365637e-05
3944,2.0342241218607164e-05
3945,2.0341287153669018e-05
3946,2.03403340428565e-05
3947,2.0339376151978786e-05
3948,2.0338421132026767e-05
3949,2.0337464199160493e-05
3950,2.033651204136345e-05
3951,2.033555893043993e-05
3952,2.0334607724881153e-05
3953,2.0333658420690358e-05
3954,2.0332703400738352e-05
3955,2.033174933568916e-05
3956,2.0330794315737137e-05
3957,2.0329837382870863e-05
3958,2.0328900345867318e-05
3959,2.0327965182032046e-05
3960,2.0327010162080054e-05
3961,2.032606748314513e-05
3962,2.032512480409922e-05
3963,2.0324187767206677e-05
3964,2.0323246972653322e-05
3965,2.0322305236408773e-05
3966,2.0321361613784266e-05
3967,2.0320417046693073e-05
3968,2.0319471534024917e-05
3969,2.0318514601158622e-05
3970,2.031755671039193e-05
3971,2.031659690093779e-05
3972,2.031563709148364e-05
3973,2.0314680158617384e-05
3974,2.0313722267850665e-05
3975,2.0312769156927146e-05
3976,2.0311813180962087e-05
3977,2.031086007003857e-05
3978,2.030990600510041e-05
3979,2.0308957650261295e-05
3980,2.0307999759494596e-05
3981,2.030704760169753e-05
3982,2.0306095443900513e-05
3983,2.0305139467935444e-05
3984,2.0304181577168744e-05
3985,2.0303223686402028e-05
3986,2.0302276279804417e-05
3987,2.0301327924965324e-05
3988,2.0300379570126214e-05
3989,2.02994302659354e-05
3990,2.0298476200997235e-05
3991,2.0297526896806427e-05
3992,2.0296578541967297e-05
3993,2.0295627336297545e-05
3994,2.029465690533971e-05
3995,2.0293712338248514e-05
3996,2.029275540538224e-05
3997,2.029178497442442e-05
3998,2.0290826124758087e-05
3999,2.028987587032738e-05
4000,2.0288930357659222e-05
4001,2.0287978199862163e-05
4002,2.0287021266995896e-05
4003,2.028607006132611e-05
4004,2.028511885576735e-05
4005,2.0284173343099166e-05
4006,2.0283227830431003e-05
4007,2.028225739947321e-05
4008,2.0281301423508133e-05
4009,2.0280349265711078e-05
4010,2.0279399961631292e-05
4011,2.0278449707200608e-05
4012,2.027750135225049e-05
4013,2.0276542502695185e-05
4014,2.0275585569717886e-05
4015,2.027463150477972e-05
4016,2.027367648482768e-05
4017,2.027272050886263e-05
4018,2.027176357599637e-05
4019,2.0270815221157243e-05
4020,2.0269865916966452e-05
4021,2.0268915662535757e-05
4022,2.026796540810505e-05
4023,2.0267015153674364e-05
4024,2.0266064899243666e-05
4025,2.0265120332152435e-05
4026,2.0264171977313322e-05
4027,2.0263223622363224e-05
4028,2.026226860241119e-05
4029,2.0261325923476292e-05
4030,2.0260382300962818e-05
4031,2.0259435841829543e-05
4032,2.025848273090603e-05
4033,2.0257509382837227e-05
4034,2.0256560078646402e-05
4035,2.0255608872976616e-05
4036,2.0254658618545907e-05
4037,2.025370931446611e-05
4038,2.025276285533283e-05
4039,2.0251816396199558e-05
4040,2.0250869937177268e-05
4041,2.0249922530579684e-05
4042,2.0248974175740564e-05
4043,2.0248024871549746e-05
4044,2.0247071760737267e-05
4045,2.0246123405787124e-05
4046,2.0245175050948038e-05
4047,2.024422479651733e-05
4048,2.024327359095856e-05
4049,2.0242315700080824e-05
4050,2.0241360680128818e-05
4051,2.024040470416378e-05
4052,2.023944585460847e-05
4053,2.023849560017776e-05
4054,2.0237541535128575e-05
4055,2.0236592231048775e-05
4056,2.023564292685797e-05
4057,2.02346705521217e-05
4058,2.023369914971874e-05
4059,2.023274889528802e-05
4060,2.023179768961824e-05
4061,2.0230846484059484e-05
4062,2.0229898129220397e-05
4063,2.0228938319766257e-05
4064,2.0227989015575425e-05
4065,2.022703685777838e-05
4066,2.0226086603347692e-05
4067,2.0225137299156863e-05
4068,2.0224184188344364e-05
4069,2.022323488415357e-05
4070,2.0222289371485413e-05
4071,2.0221340067294574e-05
4072,2.0220384091329535e-05
4073,2.0219426200562826e-05
4074,2.0218467350896493e-05
4075,2.0217508501341193e-05
4076,2.0216536126604907e-05
4077,2.02155868224141e-05
4078,2.0214637518223294e-05
4079,2.0213688214032473e-05
4080,2.0212738909841654e-05
4081,2.021178960576188e-05
4082,2.0210840301571067e-05
4083,2.0209890047140352e-05
4084,2.0208934071175283e-05
4085,2.020798381674461e-05
4086,2.0207026883878327e-05
4087,2.020607757968752e-05
4088,2.02051273252568e-05
4089,2.0204178021065993e-05
4090,2.020322586326893e-05
4091,2.020228224075548e-05
4092,2.0201333885916397e-05
4093,2.0200388373248207e-05
4094,2.01994333532962e-05
4095,2.0198483098865523e-05
4096,2.0197529987941994e-05
4097,2.0196578782272195e-05
4098,2.0195625671459726e-05
4099,2.0194673513662654e-05
4100,2.0193720402739146e-05
4101,2.0192761553072817e-05
4102,2.019180748813464e-05
4103,2.019085437721112e-05
4104,2.0189898401246093e-05
4105,2.018894338129406e-05
4106,2.0187997868625907e-05
4107,2.0187043803687746e-05
4108,2.018609354925705e-05
4109,2.0185142343698288e-05
4110,2.018419588456499e-05
4111,2.0183250371896846e-05
4112,2.018230201705772e-05
4113,2.018135366221863e-05
4114,2.018041192586308e-05
4115,2.0179442465351184e-05
4116,2.0178492210920485e-05
4117,2.0177541005361725e-05
4118,2.0176586940423552e-05
4119,2.0175631920360547e-05
4120,2.017467115023043e-05
4121,2.017370941820307e-05
4122,2.0172759163772383e-05
4123,2.0171805098834206e-05
4124,2.0170850078882193e-05
4125,2.016989696795867e-05
4126,2.016894290302053e-05
4127,2.0167991697350736e-05
4128,2.016703763241258e-05
4129,2.016608356747441e-05
4130,2.016513616098781e-05
4131,2.0164184003190755e-05
4132,2.0163229938252578e-05
4133,2.0162273005275285e-05
4134,2.0161320847478247e-05
4135,2.0160367736665744e-05
4136,2.0159415578868672e-05
4137,2.015845864600241e-05
4138,2.0157509341811597e-05
4139,2.0156554321748562e-05
4140,2.0155604067428906e-05
4141,2.0154650956505358e-05
4142,2.0153700702074663e-05
4143,2.0152751397883868e-05
4144,2.0151789665967528e-05
4145,2.0150836555044016e-05
4146,2.014988725085322e-05
4147,2.0148925518936864e-05
4148,2.0147970498984855e-05
4149,2.0147018341187834e-05
4150,2.0146065230264302e-05
4151,2.0145109254299256e-05
4152,2.014415423434725e-05
4153,2.014320397991653e-05
4154,2.0142250868993e-05
4155,2.014130156480221e-05
4156,2.0140352260722426e-05
4157,2.0139402006291708e-05
4158,2.0138448895368193e-05
4159,2.0137495784444668e-05
4160,2.013654267352118e-05
4161,2.0135593369441384e-05
4162,2.0134636436464074e-05
4163,2.0133683325651585e-05
4164,2.0132732119981792e-05
4165,2.01317856608485e-05
4166,2.0130828727982203e-05
4167,2.0129870837215523e-05
4168,2.0128913904349233e-05
4169,2.012795601358254e-05
4170,2.012699524334139e-05
4171,2.01260449889107e-05
4172,2.0125087098143996e-05
4173,2.012413016527771e-05
4174,2.0123172274399987e-05
4175,2.0122222020080307e-05
4176,2.0121271765649602e-05
4177,2.0120321511218887e-05
4178,2.0119370305549115e-05
4179,2.011840953530797e-05
4180,2.0117447803391628e-05
4181,2.0116487033150485e-05
4182,2.0115525301234158e-05
4183,2.0114574095564383e-05
4184,2.0113622890005605e-05
4185,2.0112671684335837e-05
4186,2.011172047877706e-05
4187,2.011077022434637e-05
4188,2.0109819018676603e-05
4189,2.0108860169010253e-05
4190,2.0107902278243567e-05
4191,2.0106951072684793e-05
4192,2.0105998914887742e-05
4193,2.010504961069691e-05
4194,2.010409267783066e-05
4195,2.010316682365952e-05
4196,2.0102233529106797e-05
4197,2.0101301168029557e-05
4198,2.0100362254082973e-05
4199,2.0099422400332568e-05
4200,2.009848630046829e-05
4201,2.00975464467179e-05
4202,2.009660659296751e-05
4203,2.009566391403261e-05
4204,2.0094724060282222e-05
4205,2.0093782324037687e-05
4206,2.009284058779315e-05
4207,2.0091897908858253e-05
4208,2.0090958994911645e-05
4209,2.008999918545752e-05
4210,2.0089044165505505e-05
4211,2.0088091054581987e-05
4212,2.0087133163815277e-05
4213,2.0086181958256493e-05
4214,2.0085232654065685e-05
4215,2.008427572119942e-05
4216,2.008333020853127e-05
4217,2.008237231776455e-05
4218,2.0081411547523395e-05
4219,2.0080453656756686e-05
4220,2.007949672389044e-05
4221,2.007853979091311e-05
4222,2.0077579020783012e-05
4223,2.0076620171116683e-05
4224,2.0075668965446863e-05
4225,2.0074718711016185e-05
4226,2.0073767505457415e-05
4227,2.007281248550542e-05
4228,2.0071859374581894e-05
4229,2.0070908168912088e-05
4230,2.0069956011115063e-05
4231,2.0069004805556283e-05
4232,2.0068065891609712e-05
4233,2.0067108958743408e-05
4234,2.006615680094638e-05
4235,2.0065207496755538e-05
4236,2.006425629119679e-05
4237,2.0063315496643422e-05
4238,2.0062374702090053e-05
4239,2.006143390764769e-05
4240,2.006048839497954e-05
4241,2.005953050421283e-05
4242,2.005856684583751e-05
4243,2.005762510959296e-05
4244,2.005668994575772e-05
4245,2.0055749151204355e-05
4246,2.005480835665096e-05
4247,2.005386756220861e-05
4248,2.005292582596408e-05
4249,2.0051987850933105e-05
4250,2.0051048937097537e-05
4251,2.0050079476585672e-05
4252,2.004913585396119e-05
4253,2.004817892109488e-05
4254,2.0047219111640754e-05
4255,2.004626409168874e-05
4256,2.004530715882247e-05
4257,2.0044350225845178e-05
4258,2.0043393292978884e-05
4259,2.0042435402212167e-05
4260,2.0041478469345904e-05
4261,2.004051961967957e-05
4262,2.0039558849438438e-05
4263,2.0038601916572144e-05
4264,2.0037656403903984e-05
4265,2.003670329309147e-05
4266,2.0035748273028467e-05
4267,2.0034798968948667e-05
4268,2.0033841078070945e-05
4269,2.003288414520465e-05
4270,2.003193008026648e-05
4271,2.0030979825835807e-05
4272,2.0030025760897636e-05
4273,2.0029071695959466e-05
4274,2.002811858503596e-05
4275,2.002716069426926e-05
4276,2.002620376129193e-05
4277,2.0025245870525215e-05
4278,2.0024275439567408e-05
4279,2.002332328177038e-05
4280,2.0022366348904076e-05
4281,2.002141419110702e-05
4282,2.0020457258240764e-05
4283,2.0019503193302583e-05
4284,2.001854912836444e-05
4285,2.001759410830138e-05
4286,2.0016638132336333e-05
4287,2.0015681199470073e-05
4288,2.0014724266603795e-05
4289,2.0013766375837086e-05
4290,2.001280944297079e-05
4291,2.0011858237300995e-05
4292,2.001090893311018e-05
4293,2.000995962891938e-05
4294,2.0009010324839604e-05
4295,2.0008057213916065e-05
4296,2.0007101237951006e-05
4297,2.000615003228122e-05
4298,2.0005197874484175e-05
4299,2.0004241898519116e-05
4300,2.0003289740833104e-05
4301,2.0002335675783928e-05
4302,2.0001383517986876e-05
4303,2.0000431360300843e-05
4304,1.999947729525164e-05
4305,1.9998522275299635e-05
4306,1.999757011750257e-05
4307,1.999661414153752e-05
4308,1.999565433208338e-05
4309,1.9994693561953263e-05
4310,1.9993747102819994e-05
4311,1.999279874798087e-05
4312,1.9991842772015825e-05
4313,1.999089441717673e-05
4314,1.99899413062532e-05
4315,1.9988987241315027e-05
4316,1.9988041728646867e-05
4317,1.9987072268135022e-05
4318,1.9986122013704297e-05
4319,1.99851717592736e-05
4320,1.9984218648350104e-05
4321,1.9983275025725618e-05
4322,1.998232096078745e-05
4323,1.998136784986393e-05
4324,1.9980415692177883e-05
4325,1.997946543774719e-05
4326,1.997850658808088e-05
4327,1.9977552523142716e-05
4328,1.997659367347638e-05
4329,1.9975634823810043e-05
4330,1.9974675974254723e-05
4331,1.9973719998289657e-05
4332,1.9972772591803085e-05
4333,1.9971803131180178e-05
4334,1.9970848111228175e-05
4335,1.996989309127617e-05
4336,1.9968937115311104e-05
4337,1.9967984004387582e-05
4338,1.9967030893464064e-05
4339,1.996607778265158e-05
4340,1.9965129427701452e-05
4341,1.9964180123621656e-05
4342,1.996323081943086e-05
4343,1.9962274843465806e-05
4344,1.996132363779603e-05
4345,1.9960369572857853e-05
4346,1.9959414552905848e-05
4347,1.995845857694078e-05
4348,1.9957505466017284e-05
4349,1.995655711117818e-05
4350,1.995560970469157e-05
4351,1.9954654684628554e-05
4352,1.995368619356341e-05
4353,1.995273403576637e-05
4354,1.9951775186211065e-05
4355,1.9950826831260933e-05
4356,1.9949875625702166e-05
4357,1.994892442003239e-05
4358,1.9947975115841575e-05
4359,1.9947002741105266e-05
4360,1.9946053437025484e-05
4361,1.9945107924357313e-05
4362,1.9944151948392268e-05
4363,1.994320264420148e-05
4364,1.9942255237714857e-05
4365,1.9941302126791366e-05
4366,1.99403566141232e-05
4367,1.9939411101566068e-05
4368,1.993846558889789e-05
4369,1.993751628470709e-05
4370,1.9936569825573805e-05
4371,1.9935623366551542e-05
4372,1.993466643357423e-05
4373,1.993371141362221e-05
4374,1.9932756393670193e-05
4375,1.9931801373607175e-05
4376,1.9930845397753156e-05
4377,1.992988846477585e-05
4378,1.992893344482381e-05
4379,1.9927960096755032e-05
4380,1.9927012690268433e-05
4381,1.9926064335318308e-05
4382,1.992511122450581e-05
4383,1.992416286955568e-05
4384,1.9923215463069074e-05
4385,1.992226520863839e-05
4386,1.9921315904558603e-05
4387,1.9920365650127885e-05
4388,1.9919416345937076e-05
4389,1.9918442997868282e-05
4390,1.9917495591270647e-05
4391,1.9916546287190855e-05
4392,1.9915598880593247e-05
4393,1.991465242157098e-05
4394,1.9913695488593664e-05
4395,1.9912747133754568e-05
4396,1.9911797829563767e-05
4397,1.9910848525483988e-05
4398,1.9909899221293146e-05
4399,1.990894991710234e-05
4400,1.990800156226324e-05
4401,1.9907032101751366e-05
4402,1.9906084695153775e-05
4403,1.9905125845598438e-05
4404,1.9904168912621155e-05
4405,1.9903205254356865e-05
4406,1.9902254048798085e-05
4407,1.9901305693847963e-05
4408,1.990035733900885e-05
4409,1.9899409932522244e-05
4410,1.9898463473388962e-05
4411,1.9897510362465444e-05
4412,1.989655534251346e-05
4413,1.9895599366548396e-05
4414,1.989464339058332e-05
4415,1.989369598409674e-05
4416,1.989274952496344e-05
4417,1.9891796414150966e-05
4418,1.9890847109960135e-05
4419,1.9889897805769333e-05
4420,1.9888948501578505e-05
4421,1.9887999197387703e-05
4422,1.9887049893307904e-05
4423,1.988609391734285e-05
4424,1.9885147458209587e-05
4425,1.9884198154018762e-05
4426,1.9883250747532166e-05
4427,1.9882292856765467e-05
4428,1.9881334007099117e-05
4429,1.988037994216098e-05
4430,1.9879431587321857e-05
4431,1.9878483232371735e-05
4432,1.9877533928291963e-05
4433,1.987658367386126e-05
4434,1.9875628653798223e-05
4435,1.9874673633846204e-05
4436,1.9873724329655406e-05
4437,1.9872774075335703e-05
4438,1.9871823820905015e-05
4439,1.9870871663107973e-05
4440,1.986991185365384e-05
4441,1.9868943362588696e-05
4442,1.9867988342525664e-05
4443,1.9867028533182556e-05
4444,1.9866078278751874e-05
4445,1.986512802432116e-05
4446,1.986417776989045e-05
4447,1.986322751545976e-05
4448,1.9862276309789987e-05
4449,1.986132890330337e-05
4450,1.986038054846429e-05
4451,1.9859427437540777e-05
4452,1.9858481924872613e-05
4453,1.985752976707555e-05
4454,1.985658046299578e-05
4455,1.985561969275462e-05
4456,1.9854667534957574e-05
4457,1.9853716329287785e-05
4458,1.9852764171490747e-05
4459,1.9851812013804687e-05
4460,1.985085985600766e-05
4461,1.9849911501057533e-05
4462,1.9848960295498767e-05
4463,1.9848009089828964e-05
4464,1.984706073498987e-05
4465,1.9846106670051724e-05
4466,1.9845156415621023e-05
4467,1.9844207111430218e-05
4468,1.98432559057604e-05
4469,1.9842303747963367e-05
4470,1.984134393862024e-05
4471,1.9840384129166097e-05
4472,1.9839431971369063e-05
4473,1.9838483616529963e-05
4474,1.983753336209927e-05
4475,1.9836576429121945e-05
4476,1.983561949625567e-05
4477,1.9834658726014538e-05
4478,1.9833700835247842e-05
4479,1.9832743902381534e-05
4480,1.9831785052715222e-05
4481,1.9830827161948516e-05
4482,1.9829877857868713e-05
4483,1.9828930451271112e-05
4484,1.9827977340458613e-05
4485,1.982702518266154e-05
4486,1.9826070162598502e-05
4487,1.9825109392468395e-05
4488,1.982414862222727e-05
4489,1.9823198367796567e-05
4490,1.9822248113365842e-05
4491,1.9821297858935167e-05
4492,1.9820339968168438e-05
4493,1.9819382077401748e-05
4494,1.9818428966478226e-05
4495,1.981747490154005e-05
4496,1.9816518925575007e-05
4497,1.9815564860636857e-05
4498,1.9814613654967048e-05
4499,1.9813662449408284e-05
4500,1.981271977036235e-05
4501,1.981177991672301e-05
4502,1.9810840062972637e-05
4503,1.980989832672808e-05
4504,1.980896128972455e-05
4505,1.9807998595022812e-05
4506,1.9807039745467502e-05
4507,1.9806085680418313e-05
4508,1.9805134474859536e-05
4509,1.9804185170668745e-05
4510,1.9803234916238036e-05
4511,1.980228371056826e-05
4512,1.9801331552882235e-05
4513,1.9800379395085152e-05
4514,1.979943104013504e-05
4515,1.979848078581536e-05
4516,1.9797520015574228e-05
4517,1.9796571660735125e-05
4518,1.979561568477008e-05
4519,1.9794658751792763e-05
4520,1.9793702775827697e-05
4521,1.9792745842961437e-05
4522,1.979179082300943e-05
4523,1.9790835803057388e-05
4524,1.978988269213387e-05
4525,1.9788932437703205e-05
4526,1.9787985031216606e-05
4527,1.97870338255468e-05
4528,1.97860835711161e-05
4529,1.9785132365557345e-05
4530,1.9784181159887563e-05
4531,1.9783226139935547e-05
4532,1.978227493426578e-05
4533,1.9781323728707015e-05
4534,1.97803667957297e-05
4535,1.9779408904963002e-05
4536,1.9778458650532307e-05
4537,1.9777500759765577e-05
4538,1.9776562784845647e-05
4539,1.9775610627048582e-05
4540,1.9774658469251517e-05
4541,1.977370821482084e-05
4542,1.9772755103897314e-05
4543,1.9771799127932245e-05
4544,1.977084219506596e-05
4545,1.9769885262199697e-05
4546,1.976893215127619e-05
4547,1.976798284708535e-05
4548,1.976704861839096e-05
4549,1.9766108764751613e-05
4550,1.976516891100122e-05
4551,1.9764232811025902e-05
4552,1.9763299516584176e-05
4553,1.9762369949716265e-05
4554,1.976143478588101e-05
4555,1.976049962193472e-05
4556,1.975956445809947e-05
4557,1.9758623663546075e-05
4558,1.9757683809906706e-05
4559,1.975674489596015e-05
4560,1.9755805982124574e-05
4561,1.9754869882149258e-05
4562,1.9753936587707525e-05
4563,1.975296809664239e-05
4564,1.975203386794799e-05
4565,1.975109776797269e-05
4566,1.9750161667997378e-05
4567,1.974922369307741e-05
4568,1.974826771711234e-05
4569,1.9747312697160353e-05
4570,1.9746357677097318e-05
4571,1.9745403612159165e-05
4572,1.974444763619411e-05
4573,1.9743502123636958e-05
4574,1.974255944459101e-05
4575,1.9741612985568754e-05
4576,1.9740665579082155e-05
4577,1.9739721011879933e-05
4578,1.9738774552746644e-05
4579,1.9737820487808474e-05
4580,1.9736867376884945e-05
4581,1.9735910444018675e-05
4582,1.9734962089179565e-05
4583,1.9734018466666114e-05
4584,1.973306630886907e-05
4585,1.9732116054438364e-05
4586,1.973116389664132e-05
4587,1.9730209831703132e-05
4588,1.9729263372569854e-05
4589,1.972831501773074e-05
4590,1.9727359041765715e-05
4591,1.972640306580065e-05
4592,1.9725451860130867e-05
4593,1.9724494927264593e-05
4594,1.972354086232643e-05
4595,1.972258488636135e-05
4596,1.972163368069157e-05
4597,1.972067674782529e-05
4598,1.971971981495903e-05
4599,1.971876670403551e-05
4600,1.971781263909732e-05
4601,1.9716856663132286e-05
4602,1.9715896853678132e-05
4603,1.9714942788739985e-05
4604,1.971398681277491e-05
4605,1.971302987990865e-05
4606,1.9712080575717827e-05
4607,1.9711122684951138e-05
4608,1.971016575197383e-05
4609,1.970920881910754e-05
4610,1.9708255708184002e-05
4611,1.9707308301697407e-05
4612,1.9706360895210835e-05
4613,1.9705410640780113e-05
4614,1.9704457529856605e-05
4615,1.9703509175017522e-05
4616,1.9702557969458735e-05
4617,1.97016058116617e-05
4618,1.970065079159867e-05
4619,1.9699692900831945e-05
4620,1.9698739789908444e-05
4621,1.9697785724970284e-05
4622,1.9696831660032104e-05
4623,1.969587950223505e-05
4624,1.969492639131154e-05
4625,1.969397137135954e-05
4626,1.969302016580075e-05
4627,1.969206705487724e-05
4628,1.969110532296094e-05
4629,1.9690142628259185e-05
4630,1.968919047046214e-05
4631,1.9688235450510114e-05
4632,1.968728138557195e-05
4633,1.9686323494805265e-05
4634,1.9685369429756065e-05
4635,1.968441822419732e-05
4636,1.968346415925913e-05
4637,1.9682514855068324e-05
4638,1.968156174414482e-05
4639,1.9680608633221294e-05
4640,1.967965456828312e-05
4641,1.9678696677516427e-05
4642,1.967774261257828e-05
4643,1.9676787592515243e-05
4644,1.9675836386956476e-05
4645,1.9674887082765674e-05
4646,1.967392823309931e-05
4647,1.9672968423645177e-05
4648,1.9672013403693185e-05
4649,1.9671060292769643e-05
4650,1.9670108134972605e-05
4651,1.96691550241601e-05
4652,1.9668199048195053e-05
4653,1.966724879376434e-05
4654,1.9666297588094566e-05
4655,1.9665347333663864e-05
4656,1.966439612810511e-05
4657,1.9663445873674395e-05
4658,1.96624965694836e-05
4659,1.9661546315052906e-05
4660,1.9660598908566324e-05
4661,1.9659642932601268e-05
4662,1.965869362841043e-05
4663,1.9657746221923844e-05
4664,1.9656792156985687e-05
4665,1.9655839046062145e-05
4666,1.9654892586928857e-05
4667,1.9653946127795592e-05
4668,1.965299966877332e-05
4669,1.965205131393421e-05
4670,1.9651104854800927e-05
4671,1.965015078986275e-05
4672,1.9649198632065705e-05
4673,1.9648245521142204e-05
4674,1.9647300008474027e-05
4675,1.9646351653634927e-05
4676,1.9645400447965138e-05
4677,1.964444542801314e-05
4678,1.9643490408061133e-05
4679,1.9642534432096077e-05
4680,1.9641577499229807e-05
4681,1.9640605124493504e-05
4682,1.9639654870062813e-05
4683,1.963871124743831e-05
4684,1.9637742756373217e-05
4685,1.9636794401534087e-05
4686,1.963584794240082e-05
4687,1.963489292244881e-05
4688,1.9633937902496783e-05
4689,1.9632980011619075e-05
4690,1.9632023078752794e-05
4691,1.9631067102787715e-05
4692,1.9630111126822652e-05
4693,1.962915419395638e-05
4694,1.9628198217991346e-05
4695,1.962724319803931e-05
4696,1.962628722207428e-05
4697,1.9625336967643583e-05
4698,1.9624385761973784e-05
4699,1.962343645789399e-05
4700,1.962248810294386e-05
4701,1.9621541643921586e-05
4702,1.962058566795655e-05
4703,1.961961814533895e-05
4704,1.9618656413422628e-05
4705,1.9617705207752852e-05
4706,1.961675685291377e-05
4707,1.9615786421955935e-05
4708,1.961481501955297e-05
4709,1.961386761306639e-05
4710,1.9612920206579787e-05
4711,1.961197090238897e-05
4712,1.9611024443255683e-05
4713,1.9610055952190557e-05
4714,1.960910759735147e-05
4715,1.960815257739944e-05
4716,1.960719755733643e-05
4717,1.9606241581371364e-05
4718,1.960528560551734e-05
4719,1.9604329629552285e-05
4720,1.9603372696574972e-05
4721,1.960241672060991e-05
4722,1.9601459787743636e-05
4723,1.960048935678584e-05
4724,1.9599517954382868e-05
4725,1.959857149536058e-05
4726,1.9597625036227303e-05
4727,1.9596674781796608e-05
4728,1.959572642695751e-05
4729,1.9594777122766704e-05
4730,1.959382876792758e-05
4731,1.9592879463736782e-05
4732,1.9591931108897672e-05
4733,1.9590993133866696e-05
4734,1.9590046674844423e-05
4735,1.9589099268246823e-05
4736,1.9588150913407713e-05
4737,1.9587202558568616e-05
4738,1.958625420372952e-05
4739,1.9585305848890386e-05
4740,1.9584356544699602e-05
4741,1.9583387084187727e-05
4742,1.958241859301157e-05
4743,1.9581472133989322e-05
4744,1.9580514243222602e-05
4745,1.957955635234489e-05
4746,1.9578605146786103e-05
4747,1.9577659634117946e-05
4748,1.9576703658152884e-05
4749,1.957575625166631e-05
4750,1.9574804093869264e-05
4751,1.9573848117904188e-05
4752,1.9572893097952175e-05
4753,1.9571937121987136e-05
4754,1.9570981146022064e-05
4755,1.9570021336567937e-05
4756,1.9569065360602867e-05
4757,1.9568108427736593e-05
4758,1.9567156269939535e-05
4759,1.9566207915100432e-05
4760,1.9565255757303394e-05
4761,1.9564307402464274e-05
4762,1.956335999586666e-05
4763,1.9562413536844386e-05
4764,1.956146423265361e-05
4765,1.956051302698379e-05
4766,1.9559569404470335e-05
4767,1.9558612471604058e-05
4768,1.9557664116653932e-05
4769,1.9556709096701933e-05
4770,1.9555755985778398e-05
4771,1.9554809526756128e-05
4772,1.955386117180601e-05
4773,1.9552911867726244e-05
4774,1.9551957802677034e-05
4775,1.955100278272502e-05
4776,1.9550056323591764e-05
4777,1.9549104165905707e-05
4778,1.954815486171491e-05
4779,1.954719792884862e-05
4780,1.9546242908785594e-05
4781,1.9545290750988545e-05
4782,1.9544343344501947e-05
4783,1.9543397831833803e-05
4784,1.9542444721021297e-05
4785,1.9541494466590582e-05
4786,1.9540543260920796e-05
4787,1.9539590149997295e-05
4788,1.9538642743510692e-05
4789,1.953769533702408e-05
4790,1.9536747930537508e-05
4791,1.9535794819613973e-05
4792,1.953484075467583e-05
4793,1.9533887643752284e-05
4794,1.9532938339561483e-05
4795,1.9531989035370675e-05
4796,1.953104352281354e-05
4797,1.9530095167863405e-05
4798,1.9529146813024325e-05
4799,1.9528194655227267e-05
4800,1.9527235805671953e-05
4801,1.9526286501481155e-05
4802,1.9525337197290317e-05
4803,1.9524385991620554e-05
4804,1.952343668754075e-05
4805,1.9522479754563445e-05
4806,1.9521521863796736e-05
4807,1.952055143283893e-05
4808,1.9519581001881128e-05
4809,1.9518632647042005e-05
4810,1.9517686187908726e-05
4811,1.9516737833069613e-05
4812,1.951578947823052e-05
4813,1.9514841123280388e-05
4814,1.9513888012467905e-05
4815,1.9512935854670843e-05
4816,1.9511987499831754e-05
4817,1.9511036294161937e-05
4818,1.951007648470783e-05
4819,1.9509116675253693e-05
4820,1.950816737106286e-05
4821,1.9507218066983075e-05
4822,1.950626113400577e-05
4823,1.9505307069067595e-05
4824,1.950435109310254e-05
4825,1.950339607315054e-05
4826,1.9502440097185495e-05
4827,1.950148603224733e-05
4828,1.9500513657511026e-05
4829,1.949956625102443e-05
4830,1.9498618844426823e-05
4831,1.949766668662977e-05
4832,1.9496721174072657e-05
4833,1.9495772819122514e-05
4834,1.9494823515042722e-05
4835,1.9493875160092596e-05
4836,1.9492926805253503e-05
4837,1.94919793987669e-05
4838,1.949103009457608e-05
4839,1.949008173973699e-05
4840,1.948913433325038e-05
4841,1.948818597841128e-05
4842,1.948723857181366e-05
4843,1.948628355186167e-05
4844,1.9485332346191885e-05
4845,1.948438399135277e-05
4846,1.9483428971400766e-05
4847,1.9482473951448757e-05
4848,1.9481514141994612e-05
4849,1.948055816602957e-05
4850,1.9479601233163286e-05
4851,1.947864812223976e-05
4852,1.947769691656999e-05
4853,1.9476737107115848e-05
4854,1.9475786852685143e-05
4855,1.9474829919818873e-05
4856,1.9473872986952575e-05
4857,1.9472915096185855e-05
4858,1.9471958163319605e-05
4859,1.9471006005522547e-05
4860,1.9470054799852757e-05
4861,1.9469104545422042e-05
4862,1.9468161866487137e-05
4863,1.9467206846535124e-05
4864,1.9466272617840713e-05
4865,1.9465333704005178e-05
4866,1.9464395728974192e-05
4867,1.946345210646073e-05
4868,1.946251319251412e-05
4869,1.9461572398071784e-05
4870,1.946062971913687e-05
4871,1.9459687040090947e-05
4872,1.945875374564921e-05
4873,1.9457820451207468e-05
4874,1.9456888090019233e-05
4875,1.9455954795577497e-05
4876,1.945500359001874e-05
4877,1.945405238434894e-05
4878,1.9453099273425406e-05
4879,1.9452138503184273e-05
4880,1.945117965362896e-05
4881,1.945022463356594e-05
4882,1.944927437924625e-05
4883,1.9448307824188046e-05
4884,1.9447366087832492e-05
4885,1.9446425293390125e-05
4886,1.9445475038959454e-05
4887,1.9444530471757204e-05
4888,1.9443582116918088e-05
4889,1.9442629005994583e-05
4890,1.9441686327059657e-05
4891,1.9440735121500897e-05
4892,1.943978676655077e-05
4893,1.9438834608864742e-05
4894,1.9437888149731454e-05
4895,1.9436936944061685e-05
4896,1.943598573850291e-05
4897,1.943504022583475e-05
4898,1.9434091870995644e-05
4899,1.943314256680484e-05
4900,1.943219799960262e-05
4901,1.9431253432511394e-05
4902,1.9430303178080716e-05
4903,1.9429354823241592e-05
4904,1.942840931057343e-05
4905,1.942746757432891e-05
4906,1.9426518270138082e-05
4907,1.942556325018608e-05
4908,1.942461013926254e-05
4909,1.9423658933703808e-05
4910,1.942270295773875e-05
4911,1.9421749846815234e-05
4912,1.942079673589169e-05
4913,1.941983980302542e-05
4914,1.9418886692101886e-05
4915,1.9417932627163747e-05
4916,1.94169795162402e-05
4917,1.9416024496288222e-05
4918,1.9415068520323143e-05
4919,1.9414116362526115e-05
4920,1.9413169903392803e-05
4921,1.9412222496906217e-05
4922,1.941128076066167e-05
4923,1.9410327649738154e-05
4924,1.9409374538814646e-05
4925,1.9408420473876462e-05
4926,1.9407463541010188e-05
4927,1.9406506608143907e-05
4928,1.940554775847757e-05
4929,1.9404595600680526e-05
4930,1.9403649141547234e-05
4931,1.9402701735060652e-05
4932,1.940175527603838e-05
4933,1.940080407036858e-05
4934,1.939985761123529e-05
4935,1.9398905453438236e-05
4936,1.9397950433486244e-05
4937,1.939700207864715e-05
4938,1.9396054672160542e-05
4939,1.939510156123702e-05
4940,1.939414749629887e-05
4941,1.939319438537535e-05
4942,1.9392239365423333e-05
4943,1.9391288159753537e-05
4944,1.9390338855562742e-05
4945,1.9389381922696458e-05
4946,1.9388427857758308e-05
4947,1.9387472837695267e-05
4948,1.9386516861841243e-05
4949,1.938556565617145e-05
4950,1.9384611591233294e-05
4951,1.9383654658255978e-05
4952,1.938270250056995e-05
4953,1.9381749389646443e-05
4954,1.938079723184939e-05
4955,1.9379838382183035e-05
4956,1.9378877611941896e-05
4957,1.937791588002558e-05
4958,1.937695414810926e-05
4959,1.9376000083171092e-05
4960,1.9375048877501313e-05
4961,1.9374098623070605e-05
4962,1.9373147417511828e-05
4963,1.937219048453455e-05
4964,1.9371238326848516e-05
4965,1.937028521592499e-05
4966,1.936932828305871e-05
4967,1.936837517213519e-05
4968,1.93674249177045e-05
4969,1.9366474663273795e-05
4970,1.936552345760399e-05
4971,1.9364573203173324e-05
4972,1.9363621997614544e-05
4973,1.9362665064748277e-05
4974,1.9361713859078464e-05
4975,1.9360760748154966e-05
4976,1.935980668321679e-05
4977,1.9358849750350512e-05
4978,1.935789759255347e-05
4979,1.9356944481629928e-05
4980,1.9355992323832887e-05
4981,1.9355035390966606e-05
4982,1.9354082280043098e-05
4983,1.9353130122246053e-05
4984,1.9352174146280987e-05
4985,1.9351221988483935e-05
4986,1.9350265055617658e-05
4987,1.9349314801186943e-05
4988,1.9348360736248807e-05
4989,1.9347408578451748e-05
4990,1.9346456420654686e-05
4991,1.9345509961632427e-05
4992,1.934455494156941e-05
4993,1.9343596092014075e-05
4994,1.9342642026964903e-05
4995,1.9341710598252952e-05
4996,1.934076129406216e-05
4997,1.9339808183138622e-05
4998,1.9338855072215114e-05
4999,1.9337905768024293e-05
5000,1.9336955513704613e-05
5001,1.9336004308034855e-05
5002,1.9335071013593115e-05
5003,1.9334137719151375e-05
5004,1.9333204424598623e-05
5005,1.93322598575074e-05
5006,1.933131529041621e-05
5007,1.9330368831282904e-05
5008,1.9329422372149643e-05
5009,1.9328478749636152e-05
5010,1.932752944544535e-05
5011,1.9326579191014662e-05
5012,1.932562130024797e-05
5013,1.932467294540884e-05
5014,1.9323717925345808e-05
5015,1.9322760992479524e-05
5016,1.932180310171283e-05
5017,1.932084521094614e-05
5018,1.931989685610702e-05
5019,1.9318943745183513e-05
5020,1.931799158738646e-05
5021,1.931704038171667e-05
5022,1.931609012739699e-05
5023,1.931513892172721e-05
5024,1.9314188667296492e-05
5025,1.9313237461626706e-05
5026,1.9312284350814234e-05
5027,1.931132645993651e-05
5028,1.931037239499833e-05
5029,1.9309412585544184e-05
5030,1.9308464230705108e-05
5031,1.9307513976274396e-05
5032,1.9306557043408102e-05
5033,1.9305606788977407e-05
5034,1.930465558330764e-05
5035,1.9303705328987966e-05
5036,1.930275792239032e-05
5037,1.930181146336808e-05
5038,1.9300863108417956e-05
5039,1.9299891706126015e-05
5040,1.9298941451695306e-05
5041,1.9297992147504498e-05
5042,1.929704568837122e-05
5043,1.9296076227859328e-05
5044,1.929512597342863e-05
5045,1.929417761858954e-05
5046,1.9293232105921366e-05
5047,1.929227994812433e-05
5048,1.9291326837200813e-05
5049,1.9290355434908854e-05
5050,1.9289408975775566e-05
5051,1.9288460620936476e-05
5052,1.9287506555998323e-05
5053,1.9286552490949117e-05
5054,1.928559842601095e-05
5055,1.928464722034118e-05
5056,1.9283701707784023e-05
5057,1.9282751453353355e-05
5058,1.9281800247683566e-05
5059,1.9280846182745393e-05
5060,1.927989116279338e-05
5061,1.9278936142730345e-05
5062,1.9277982077792195e-05
5063,1.9277028966868663e-05
5064,1.927607966278888e-05
5065,1.9275134150120734e-05
5066,1.927418674363411e-05
5067,1.9273235537964336e-05
5068,1.9272275728510192e-05
5069,1.927131975254515e-05
5070,1.9270364732593124e-05
5071,1.9269409712641138e-05
5072,1.9268455647591942e-05
5073,1.9267501582653775e-05
5074,1.9266555123631496e-05
5075,1.926560486920082e-05
5076,1.9264653663531035e-05
5077,1.9263703409100317e-05
5078,1.9262750298176815e-05
5079,1.9261800993985987e-05
5080,1.92608526391469e-05
5081,1.9259901433588144e-05
5082,1.9258945457623088e-05
5083,1.925799710267295e-05
5084,1.9257052535581742e-05
5085,1.9256098470643592e-05
5086,1.9255144405705426e-05
5087,1.9254187472728116e-05
5088,1.9253233407789963e-05
5089,1.925227838783795e-05
5090,1.9251308927326072e-05
5091,1.9250339466814217e-05
5092,1.9249370006191323e-05
5093,1.924840054567944e-05
5094,1.9247449340009652e-05
5095,1.924649718232362e-05
5096,1.9245543117274427e-05
5097,1.924459286284375e-05
5098,1.9243641657284986e-05
5099,1.9242692353094184e-05
5100,1.9241738288155997e-05
5101,1.9240785177232492e-05
5102,1.9239833971562717e-05
5103,1.923888371724301e-05
5104,1.92379306063195e-05
5105,1.923697844852247e-05
5106,1.9236030093683357e-05
5107,1.923508173873323e-05
5108,1.9234129581047186e-05
5109,1.923317837537742e-05
5110,1.923220891486556e-05
5111,1.9231257709195766e-05
5112,1.9230315030260847e-05
5113,1.9229345569748976e-05
5114,1.9228399110615673e-05
5115,1.9227452651482402e-05
5116,1.9226498586544225e-05
5117,1.9225543566592243e-05
5118,1.9224574106080358e-05
5119,1.9223631427145442e-05
5120,1.922268402054784e-05
5121,1.9221713589590014e-05
5122,1.9220744129078162e-05
5123,1.921980145014325e-05
5124,1.9218854043656635e-05
5125,1.921791418990627e-05
5126,1.9216960124968083e-05
5127,1.9216006060029947e-05
5128,1.921505103996691e-05
5129,1.9214081579455044e-05
5130,1.921312655950303e-05
5131,1.9212180100369726e-05
5132,1.9211233641236444e-05
5133,1.921028243567768e-05
5134,1.9209336923009534e-05
5135,1.9208389516522918e-05
5136,1.9207443057389633e-05
5137,1.9206496598256337e-05
5138,1.9205548243417254e-05
5139,1.9204597988986556e-05
5140,1.920364773455584e-05
5141,1.9202696528997084e-05
5142,1.9201750069863782e-05
5143,1.9200801715024702e-05
5144,1.919985050935492e-05
5145,1.9198894533389864e-05
5146,1.9197939513437838e-05
5147,1.9196984493485853e-05
5148,1.9196028517520794e-05
5149,1.9195069667854447e-05
5150,1.919412510076323e-05
5151,1.919317198983972e-05
5152,1.9192223635000613e-05
5153,1.9191273380569924e-05
5154,1.9190325973972317e-05
5155,1.9189377619133193e-05
5156,1.9188433996619743e-05
5157,1.918748183882269e-05
5158,1.918653632615452e-05
5159,1.918558986702124e-05
5160,1.9184637709224167e-05
5161,1.918368745490451e-05
5162,1.918274288770228e-05
5163,1.9181798320611052e-05
5164,1.9180853753408843e-05
5165,1.9179907294386584e-05
5166,1.9178960835253288e-05
5167,1.917801437611998e-05
5168,1.917705648535329e-05
5169,1.9176109078866678e-05
5170,1.917515214600042e-05
5171,1.91741990350769e-05
5172,1.9173247829407106e-05
5173,1.917230042292051e-05
5174,1.9171353963787205e-05
5175,1.9170400852974706e-05
5176,1.916945059854403e-05
5177,1.9168499392874222e-05
5178,1.9167538622633092e-05
5179,1.916657977307779e-05
5180,1.9165634260409625e-05
5181,1.91646896933184e-05
5182,1.9163743234185133e-05
5183,1.916279677505182e-05
5184,1.916185220796062e-05
5185,1.9160903853121525e-05
5186,1.915995264745173e-05
5187,1.9159000489654674e-05
5188,1.9158049283984888e-05
5189,1.9157095219046728e-05
5190,1.915614115410857e-05
5191,1.9155186134156572e-05
5192,1.9154233976359524e-05
5193,1.9153282770689725e-05
5194,1.9152330612892683e-05
5195,1.9151378455095628e-05
5196,1.9150425344283122e-05
5197,1.914947223335961e-05
5198,1.9148523878520507e-05
5199,1.914757647192289e-05
5200,1.91466281170838e-05
5201,1.91456797622447e-05
5202,1.9144730458053885e-05
5203,1.9143779252495098e-05
5204,1.9142834685292882e-05
5205,1.9141882527495837e-05
5206,1.9140915004989257e-05
5207,1.9139964750558583e-05
5208,1.913901354488877e-05
5209,1.9138065190049694e-05
5210,1.9137115885858865e-05
5211,1.913616086590687e-05
5212,1.9135205845843814e-05
5213,1.9134250825891825e-05
5214,1.9133291976336522e-05
5215,1.9132337911287323e-05
5216,1.9131384800474827e-05
5217,1.9130431689551298e-05
5218,1.912947857862778e-05
5219,1.9128529274436995e-05
5220,1.9127563685938938e-05
5221,1.912661438174813e-05
5222,1.9125668869190988e-05
5223,1.9124722410057693e-05
5224,1.9123772155626978e-05
5225,1.912281999782993e-05
5226,1.9121865932891776e-05
5227,1.9120914727221994e-05
5228,1.9119962569424945e-05
5229,1.9119025532421383e-05
5230,1.9118087557501453e-05
5231,1.9117134446577935e-05
5232,1.9116194592827554e-05
5233,1.9115256617907594e-05
5234,1.9114299685041303e-05
5235,1.91133484793715e-05
5236,1.911239536844799e-05
5237,1.911143363653169e-05
5238,1.9110479571593495e-05
5239,1.9109513983095468e-05
5240,1.9108566576608865e-05
5241,1.9107619170122277e-05
5242,1.910667176352465e-05
5243,1.9105723408685552e-05
5244,1.910477505384645e-05
5245,1.9103830486644213e-05
5246,1.910288686413075e-05
5247,1.910193565846096e-05
5248,1.910098825197437e-05
5249,1.9100041792841072e-05
5250,1.909909722574988e-05
5251,1.9098144114826358e-05
5252,1.9097204261186978e-05
5253,1.9096263466633636e-05
5254,1.9095320787698697e-05
5255,1.9094380933948323e-05
5256,1.9093432579109216e-05
5257,1.9092483274918418e-05
5258,1.9091539652293935e-05
5259,1.9090586541481453e-05
5260,1.9089632476432243e-05
5261,1.908867650057821e-05
5262,1.908771860970047e-05
5263,1.908676454476233e-05
5264,1.9085805695095985e-05
5265,1.908485067514397e-05
5266,1.908389374227772e-05
5267,1.908293489261136e-05
5268,1.908197891664633e-05
5269,1.9081026758849255e-05
5270,1.9080074601163243e-05
5271,1.907911190646151e-05
5272,1.907815974866446e-05
5273,1.907720759086739e-05
5274,1.907625448005491e-05
5275,1.907530896738673e-05
5276,1.9074365344762243e-05
5277,1.907342172224878e-05
5278,1.907247526311552e-05
5279,1.9071529750447333e-05
5280,1.9070583291425084e-05
5281,1.9069637778756937e-05
5282,1.906869226608877e-05
5283,1.9067746753420593e-05
5284,1.9066801240863476e-05
5285,1.9065844307886176e-05
5286,1.906488928793416e-05
5287,1.906394188144755e-05
5288,1.9062983031781205e-05
5289,1.9062028966843055e-05
5290,1.9061074901904892e-05
5291,1.9060120836966732e-05
5292,1.9059162946088997e-05
5293,1.9058210788402977e-05
5294,1.905725672335379e-05
5295,1.905630074738873e-05
5296,1.905534858959168e-05
5297,1.9054395478779185e-05
5298,1.905343662911286e-05
5299,1.9052475858871696e-05
5300,1.9051527504032623e-05
5301,1.9050572484080583e-05
5302,1.9049618419142447e-05
5303,1.904866816471173e-05
5304,1.904771123173443e-05
5305,1.9046739829442507e-05
5306,1.904579147460339e-05
5307,1.9044839316806325e-05
5308,1.904389191020871e-05
5309,1.9042940704649948e-05
5310,1.9041986639711788e-05
5311,1.9041036385281082e-05
5312,1.9040084227484048e-05
5313,1.903913111656051e-05
5314,1.9038177051622376e-05
5315,1.9037226797191674e-05
5316,1.9036279390705062e-05
5317,1.903532245772777e-05
5318,1.903436934691527e-05
5319,1.9033417189118204e-05
5320,1.903247072998492e-05
5321,1.9031514754019887e-05
5322,1.9030557821153607e-05
5323,1.90296075667229e-05
5324,1.9028656361053112e-05
5325,1.9027701341101103e-05
5326,1.90267520369103e-05
5327,1.9025799879113247e-05
5328,1.9024842946246966e-05
5329,1.902389553976036e-05
5330,1.9022947184921257e-05
5331,1.9021997880730446e-05
5332,1.902104190476539e-05
5333,1.9020085928800344e-05
5334,1.9019136624609506e-05
5335,1.9018180648644464e-05
5336,1.901723134456467e-05
5337,1.9016276324501663e-05
5338,1.9015324166704595e-05
5339,1.9014370101766414e-05
5340,1.9013416036828268e-05
5341,1.9012463879031233e-05
5342,1.9011506946164942e-05
5343,1.901055383524142e-05
5344,1.900960262957163e-05
5345,1.9008650471885592e-05
5346,1.9007697360962084e-05
5347,1.900674520316504e-05
5348,1.9005791138226865e-05
5349,1.900483228856052e-05
5350,1.9003871518319406e-05
5351,1.9002915542354327e-05
5352,1.9001970029797186e-05
5353,1.9001031115850612e-05
5354,1.9000096887156204e-05
5355,1.8999159850152665e-05
5356,1.8998205785214485e-05
5357,1.8997251720276328e-05
5358,1.899631092572297e-05
5359,1.899537013116959e-05
5360,1.8994429336727223e-05
5361,1.89934876004827e-05
5362,1.8992541141349403e-05
5363,1.8991595628681232e-05
5364,1.8990644423011464e-05
5365,1.898969796398919e-05
5366,1.8988750557391566e-05
5367,1.898780976294922e-05
5368,1.898686990919885e-05
5369,1.8985915844260678e-05
5370,1.8984964638590885e-05
5371,1.8984021016077438e-05
5372,1.898306981040765e-05
5373,1.8982116699484134e-05
5374,1.89811740205492e-05
5375,1.898021995561107e-05
5376,1.8979264935659032e-05
5377,1.8978295475036166e-05
5378,1.897734426947738e-05
5379,1.897639306380762e-05
5380,1.897544185824883e-05
5381,1.8974490652579067e-05
5382,1.89735451399109e-05
5383,1.8972601517397436e-05
5384,1.8971646497334405e-05
5385,1.897069529177563e-05
5386,1.8969744086105845e-05
5387,1.89687900211677e-05
5388,1.8967838815497913e-05
5389,1.8966888561067194e-05
5390,1.896593545025472e-05
5391,1.896498329245766e-05
5392,1.8964033988266862e-05
5393,1.896307896831484e-05
5394,1.896212871388413e-05
5395,1.896117845945346e-05
5396,1.896023010461433e-05
5397,1.89592779468173e-05
5398,1.8958326741147516e-05
5399,1.8957376486716814e-05
5400,1.895642337579329e-05
5401,1.895547121810724e-05
5402,1.895451810718375e-05
5403,1.8953569752344645e-05
5404,1.8952611861466906e-05
5405,1.8951654928600612e-05
5406,1.8950711306087165e-05
5407,1.8949762951248068e-05
5408,1.894881649211477e-05
5409,1.894786623768409e-05
5410,1.8946935740338237e-05
5411,1.894599211771376e-05
5412,1.8945040912154977e-05
5413,1.894408397917767e-05
5414,1.8943130868365178e-05
5415,1.8942176803316016e-05
5416,1.8941233180802524e-05
5417,1.894028955817804e-05
5418,1.89393459356646e-05
5419,1.8938393777867553e-05
5420,1.893743971292937e-05
5421,1.8936483736964334e-05
5422,1.893552776099927e-05
5423,1.893457082813299e-05
5424,1.893361771720948e-05
5425,1.8932669362370362e-05
5426,1.893172100753128e-05
5427,1.8930770753100574e-05
5428,1.8929821448909756e-05
5429,1.8928874989776454e-05
5430,1.892792758328986e-05
5431,1.8926975425492834e-05
5432,1.8926025171062125e-05
5433,1.8925077764575513e-05
5434,1.8924125606778478e-05
5435,1.89231715418403e-05
5436,1.8922221287409596e-05
5437,1.8921271032978915e-05
5438,1.8920318875181863e-05
5439,1.8919365764258328e-05
5440,1.8918416460067543e-05
5441,1.8917447969002424e-05
5442,1.8916498664922628e-05
5443,1.8915543644859583e-05
5444,1.891458862490759e-05
5445,1.891364311223941e-05
5446,1.8912697599571246e-05
5447,1.891175114054898e-05
5448,1.8910798029625472e-05
5449,1.8909853462534275e-05
5450,1.8908900351610757e-05
5451,1.890794724068724e-05
5452,1.890699508289018e-05
5453,1.8906049570222023e-05
5454,1.8905102163735414e-05
5455,1.8904155704713172e-05
5456,1.8903202593789633e-05
5457,1.8902250435992575e-05
5458,1.8901296371054408e-05
5459,1.8900340395089366e-05
5460,1.8899386330040193e-05
5461,1.8898435124481403e-05
5462,1.8897485820290598e-05
5463,1.8896536516099804e-05
5464,1.8895589109613208e-05
5465,1.8894638855182493e-05
5466,1.8893684790244326e-05
5467,1.889273072530616e-05
5468,1.8891780470875488e-05
5469,1.8890838734630926e-05
5470,1.888987988496461e-05
5471,1.8888932478477998e-05
5472,1.888798507199142e-05
5473,1.8887026222325073e-05
5474,1.8886075967894385e-05
5475,1.8885125713463673e-05
5476,1.888418114637246e-05
5477,1.8883232791422344e-05
5478,1.8882278726484184e-05
5479,1.888132561556065e-05
5480,1.888037155062251e-05
5481,1.8879417485684342e-05
5482,1.887847102655105e-05
5483,1.887750253548593e-05
5484,1.8876552281055226e-05
5485,1.8875602976864428e-05
5486,1.8874652722544738e-05
5487,1.8873685199927173e-05
5488,1.8872733994257367e-05
5489,1.8871784690066565e-05
5490,1.88708334845078e-05
5491,1.8869885129668685e-05
5492,1.886893201874518e-05
5493,1.8867979860948112e-05
5494,1.886703529385691e-05
5495,1.886608788725929e-05
5496,1.8865139532420208e-05
5497,1.88641892779895e-05
5498,1.886323712019244e-05
5499,1.8862284962395386e-05
5500,1.8861333756836622e-05
5501,1.8860383502405914e-05
5502,1.8859435147566814e-05
5503,1.8858486792616702e-05
5504,1.885753843777759e-05
5505,1.8856581504911335e-05
5506,1.8855638825976423e-05
5507,1.885468093520971e-05
5508,1.88537297295399e-05
5509,1.8852778523981144e-05
5510,1.8851827318311355e-05
5511,1.8850884639376466e-05
5512,1.8849935335185645e-05
5513,1.8848988876052336e-05
5514,1.884803957197258e-05
5515,1.884709121702243e-05
5516,1.8846140011463668e-05
5517,1.8845200157713283e-05
5518,1.8844233602655097e-05
5519,1.8843279537716907e-05
5520,1.884232547266773e-05
5521,1.884137140772955e-05
5522,1.8840421153298873e-05
5523,1.8839462303743563e-05
5524,1.883851394879343e-05
5525,1.883757221254891e-05
5526,1.8836628590035418e-05
5527,1.88356868537909e-05
5528,1.8834745117435312e-05
5529,1.8833799604878194e-05
5530,1.883284649395467e-05
5531,1.883189338303116e-05
5532,1.8830945028192065e-05
5533,1.8829994773761356e-05
5534,1.8829042615964304e-05
5535,1.8828094261125184e-05
5536,1.882714780199189e-05
5537,1.882620323490071e-05
5538,1.8825252029230896e-05
5539,1.8824299871433865e-05
5540,1.8823351516594765e-05
5541,1.882240316175566e-05
5542,1.8821452907324947e-05
5543,1.8820501701655178e-05
5544,1.8819550496096408e-05
5545,1.8818599290426632e-05
5546,1.881764903599591e-05
5547,1.881669783032613e-05
5548,1.8815726428034203e-05
5549,1.8814755997076396e-05
5550,1.8813806692885564e-05
5551,1.881284688343142e-05
5552,1.8811892818493266e-05
5553,1.881094066069621e-05
5554,1.8809985640744206e-05
5555,1.880902966477916e-05
5556,1.8808086985844258e-05
5557,1.880713673141355e-05
5558,1.880618552574376e-05
5559,1.8805240958652557e-05
5560,1.8804289752982765e-05
5561,1.88033375951857e-05
5562,1.8802389240346593e-05
5563,1.8801439936155798e-05
5564,1.8800491581316695e-05
5565,1.8799537516378532e-05
5566,1.879859483744363e-05
5567,1.8797649324775443e-05
5568,1.879670381210731e-05
5569,1.879575735297401e-05
5570,1.8794811840416866e-05
5571,1.879385682035385e-05
5572,1.8792897970798514e-05
5573,1.8791947716367833e-05
5574,1.879099555857078e-05
5575,1.8790037667804085e-05
5576,1.878907881813773e-05
5577,1.878813330546957e-05
5578,1.8787184001278757e-05
5579,1.878623184359274e-05
5580,1.878528063792294e-05
5581,1.878432848012591e-05
5582,1.878337632232886e-05
5583,1.8782420346363786e-05
5584,1.878147104217299e-05
5585,1.8780525529615833e-05
5586,1.8779578123018222e-05
5587,1.8778630716531647e-05
5588,1.8777681412340812e-05
5589,1.8776732108261026e-05
5590,1.87757828040702e-05
5591,1.8774831598400446e-05
5592,1.8773881343969737e-05
5593,1.877293013841098e-05
5594,1.877198178346086e-05
5595,1.877102962566381e-05
5596,1.877007651485129e-05
5597,1.8769123403927775e-05
5598,1.8768169338989615e-05
5599,1.876721718119256e-05
5600,1.876626311625439e-05
5601,1.87653128618237e-05
5602,1.8764361656153913e-05
5603,1.87634114017232e-05
5604,1.8762459243926153e-05
5605,1.8761507086129104e-05
5606,1.8760554928332063e-05
5607,1.8759591270067752e-05
5608,1.8758646702976552e-05
5609,1.8757710603001226e-05
5610,1.8756767924066324e-05
5611,1.8755823356975128e-05
5612,1.8754874052784323e-05
5613,1.8753919987846146e-05
5614,1.875296496778312e-05
5615,1.87520061182278e-05
5616,1.8751063439292892e-05
5617,1.8750114135102094e-05
5618,1.8749155285435734e-05
5619,1.874820693059664e-05
5620,1.8747249039829942e-05
5621,1.8746296882032877e-05
5622,1.8745343771109358e-05
5623,1.874437818261131e-05
5624,1.874343644636677e-05
5625,1.874248047040173e-05
5626,1.874152926473193e-05
5627,1.874059410089667e-05
5628,1.8739658937061428e-05
5629,1.8738709632870606e-05
5630,1.873774790095427e-05
5631,1.8736800494467673e-05
5632,1.8735838762551367e-05
5633,1.8734895139926863e-05
5634,1.8733947733440288e-05
5635,1.8733002220772125e-05
5636,1.8732052916581293e-05
5637,1.8731107404024182e-05
5638,1.873015999742655e-05
5639,1.8729213538404285e-05
5640,1.8728266131806657e-05
5641,1.8727319672784394e-05
5642,1.8726376050159907e-05
5643,1.8725423892362856e-05
5644,1.872448026984942e-05
5645,1.8723530015418724e-05
5646,1.8722591101583148e-05
5647,1.8721650307029762e-05
5648,1.872070762809487e-05
5649,1.8719755470297815e-05
5650,1.8718802359374297e-05
5651,1.8717849248450782e-05
5652,1.8716895183512595e-05
5653,1.8715938250646318e-05
5654,1.87149832306943e-05
5655,1.8714025339927616e-05
5656,1.871307127487841e-05
5657,1.8712116254926407e-05
5658,1.871115836415972e-05
5659,1.8710201431293424e-05
5660,1.87092329402283e-05
5661,1.8708281734558535e-05
5662,1.8707330528888746e-05
5663,1.8706366870624453e-05
5664,1.8705424191689527e-05
5665,1.8704478679021347e-05
5666,1.870353600008645e-05
5667,1.8702588593599853e-05
5668,1.870163833916916e-05
5669,1.870069093268258e-05
5670,1.8699736867744416e-05
5671,1.8698780891779357e-05
5672,1.8697829686109574e-05
5673,1.8696871795342844e-05
5674,1.8695918684419333e-05
5675,1.8694961751553062e-05
5676,1.869400768661488e-05
5677,1.869305838242407e-05
5678,1.8692113815332864e-05
5679,1.869115496566652e-05
5680,1.8690201854743013e-05
5681,1.8689241084501866e-05
5682,1.8688283193735174e-05
5683,1.868732530296845e-05
5684,1.8686366453302138e-05
5685,1.8685408562535425e-05
5686,1.8684450671768722e-05
5687,1.8683497560845207e-05
5688,1.8682552993754e-05
5689,1.868160748108581e-05
5690,1.8680660074599218e-05
5691,1.8679707916802173e-05
5692,1.86787509839359e-05
5693,1.867779882613886e-05
5694,1.867684285017379e-05
5695,1.8675893545982983e-05
5696,1.8674947086960724e-05
5697,1.8673999680363082e-05
5698,1.8673053221340816e-05
5699,1.8672104866390707e-05
5700,1.8671157459904122e-05
5701,1.8670209105065012e-05
5702,1.8669259800874187e-05
5703,1.866831049668338e-05
5704,1.8667355476731363e-05
5705,1.8666405222300668e-05
5706,1.8665454016741898e-05
5707,1.8664503762311203e-05
5708,1.866355160451415e-05
5709,1.8662600398844382e-05
5710,1.8661648241047317e-05
5711,1.8660695130234814e-05
5712,1.8659739154269782e-05
5713,1.8658786043346244e-05
5714,1.8657830067381185e-05
5715,1.865687790958414e-05
5716,1.8655924798660638e-05
5717,1.865497073372245e-05
5718,1.8654016668784308e-05
5719,1.8653060692819242e-05
5720,1.8652108535022184e-05
5721,1.865115351507019e-05
5722,1.8650196582092868e-05
5723,1.8649243471280382e-05
5724,1.8648291313483334e-05
5725,1.8647338202559802e-05
5726,1.8646388898368987e-05
5727,1.8645439594178186e-05
5728,1.8644484574226197e-05
5729,1.8643530509288013e-05
5730,1.8642579303618217e-05
5731,1.8641616609027506e-05
5732,1.864065198609045e-05
5733,1.8639696966138434e-05
5734,1.8638766468792582e-05
5735,1.86378322400982e-05
5736,1.8636882935907383e-05
5737,1.863592982498386e-05
5738,1.8634982418497262e-05
5739,1.8634035012010663e-05
5740,1.863309044480843e-05
5741,1.863214019037773e-05
5742,1.8631188984818986e-05
5743,1.8630248190265594e-05
5744,1.8629307395712214e-05
5745,1.8628366601158852e-05
5746,1.8627425806716485e-05
5747,1.8626486892769925e-05
5748,1.862554515652536e-05
5749,1.8624602477590467e-05
5750,1.862364745763845e-05
5751,1.862269625196867e-05
5752,1.8621744094171624e-05
5753,1.862079288861286e-05
5754,1.8619841682943075e-05
5755,1.861887898835234e-05
5756,1.86179268305553e-05
5757,1.861696413585356e-05
5758,1.8616011978056513e-05
5759,1.8615067410965313e-05
5760,1.8614122843874075e-05
5761,1.8613171638204296e-05
5762,1.861221948040726e-05
5763,1.86112673226102e-05
5764,1.8610315164813148e-05
5765,1.8609363959254378e-05
5766,1.860841844658624e-05
5767,1.860747293391805e-05
5768,1.8606520776121016e-05
5769,1.8605575263563878e-05
5770,1.860462500913319e-05
5771,1.8603671898209672e-05
5772,1.8602724491723083e-05
5773,1.860177708512546e-05
5774,1.860083062610317e-05
5775,1.8599877515179667e-05
5776,1.8598926309509864e-05
5777,1.8597972244571725e-05
5778,1.859702008677467e-05
5779,1.8596065066822667e-05
5780,1.859511671198356e-05
5781,1.8594163601060046e-05
5782,1.8593210490136527e-05
5783,1.8592260235705812e-05
5784,1.8591307124893312e-05
5785,1.8590358769943194e-05
5786,1.8589405659130698e-05
5787,1.858845254820718e-05
5788,1.8587495615340892e-05
5789,1.8586551048138663e-05
5790,1.858560648104747e-05
5791,1.8584665686494077e-05
5792,1.8583718280007485e-05
5793,1.8582768975816677e-05
5794,1.8581818721385965e-05
5795,1.858087320871782e-05
5796,1.857994084764057e-05
5797,1.857898773671708e-05
5798,1.857803176075202e-05
5799,1.8577070990510862e-05
5800,1.8576117879587354e-05
5801,1.857516476877485e-05
5802,1.857420399853372e-05
5803,1.8573262262289156e-05
5804,1.8572319583354258e-05
5805,1.8571379729603866e-05
5806,1.8570438935050487e-05
5807,1.8569499081300106e-05
5808,1.856854787574137e-05
5809,1.8567607081187983e-05
5810,1.8566655875518194e-05
5811,1.856571508107584e-05
5812,1.8564770513873625e-05
5813,1.8563823107387013e-05
5814,1.8562877594718863e-05
5815,1.8561936800165487e-05
5816,1.8560993177652023e-05
5817,1.8560050498717114e-05
5818,1.8559109704163732e-05
5819,1.8558156593240224e-05
5820,1.855720252830206e-05
5821,1.8556249417378562e-05
5822,1.8555293441524495e-05
5823,1.855434318709382e-05
5824,1.8553391981424024e-05
5825,1.855244077575424e-05
5826,1.8551491471674443e-05
5827,1.8550539313877388e-05
5828,1.8549587156080336e-05
5829,1.8548639749593744e-05
5830,1.8547692342996122e-05
5831,1.854674588397388e-05
5832,1.8545800371305703e-05
5833,1.8544849165635917e-05
5834,1.854389796007717e-05
5835,1.854295055347953e-05
5836,1.8542003146992947e-05
5837,1.8541055740506355e-05
5838,1.8540108334019756e-05
5839,1.853915902982896e-05
5840,1.8538213517160788e-05
5841,1.8537267058138518e-05
5842,1.853631680370783e-05
5843,1.8535363692784305e-05
5844,1.8534414388593497e-05
5845,1.8533465084402685e-05
5846,1.8532514829971973e-05
5847,1.853156742348537e-05
5848,1.8530614312561863e-05
5849,1.8529664058131168e-05
5850,1.852871380370047e-05
5851,1.8527765448861363e-05
5852,1.8526818042374784e-05
5853,1.8525869687535654e-05
5854,1.8524918481865892e-05
5855,1.852397107537929e-05
5856,1.8523019869709507e-05
5857,1.852206866415073e-05
5858,1.8521117458480944e-05
5859,1.8520165300683906e-05
5860,1.8519214095125136e-05
5861,1.8518261937328078e-05
5862,1.851730882640458e-05
5863,1.8516356668607508e-05
5864,1.851540451081047e-05
5865,1.8514450445872316e-05
5866,1.85135011416815e-05
5867,1.851254707674333e-05
5868,1.8511589185976628e-05
5869,1.8510635121038444e-05
5870,1.85096829632414e-05
5871,1.850873175757163e-05
5872,1.8507770025655287e-05
5873,1.8506825458453044e-05
5874,1.8505855997941193e-05
5875,1.8504901933003013e-05
5876,1.850395452651644e-05
5877,1.8503007120029835e-05
5878,1.8502062552827603e-05
5879,1.8501114197988493e-05
5880,1.8500159178036477e-05
5881,1.849920511309834e-05
5882,1.8498261490473847e-05
5883,1.8497313135634748e-05
5884,1.8496360024711233e-05
5885,1.8495405959773046e-05
5886,1.8494453801975997e-05
5887,1.849350354754531e-05
5888,1.8492534087033454e-05
5889,1.8491582881363662e-05
5890,1.8490630723566593e-05
5891,1.848968521100947e-05
5892,1.848874064380722e-05
5893,1.8487781794251926e-05
5894,1.8486822944585584e-05
5895,1.8485878377383355e-05
5896,1.8484919527828034e-05
5897,1.848396259496176e-05
5898,1.8483012340531062e-05
5899,1.8482060182734027e-05
5900,1.8481108024936952e-05
5901,1.848015395999879e-05
5902,1.8479199894949603e-05
5903,1.8478245830011456e-05
5904,1.8477289854046394e-05
5905,1.8476332921180103e-05
5906,1.8475382666749428e-05
5907,1.847443241231873e-05
5908,1.847347452155202e-05
5909,1.8472525217361192e-05
5910,1.847157686252209e-05
5911,1.8470625656852327e-05
5912,1.846967730201321e-05
5913,1.84687298955266e-05
5914,1.8467781540687525e-05
5915,1.8466829382890473e-05
5916,1.8465879128459744e-05
5917,1.8464927922789972e-05
5918,1.8463977668359277e-05
5919,1.8463028364279478e-05
5920,1.8462080009329366e-05
5921,1.8461130705249566e-05
5922,1.846016124462668e-05
5923,1.845921288978759e-05
5924,1.845826548330098e-05
5925,1.8457308550434707e-05
5926,1.84563592462439e-05
5927,1.8455403270278826e-05
5928,1.8454446337412556e-05
5929,1.8453489404546265e-05
5930,1.8452521881928696e-05
5931,1.8451573527089603e-05
5932,1.8450625172139454e-05
5933,1.844967586805967e-05
5934,1.8448724662389882e-05
5935,1.8447776307550776e-05
5936,1.8446825101880987e-05
5937,1.844587389621123e-05
5938,1.8444921738525175e-05
5939,1.8443969580728123e-05
5940,1.8443000120105236e-05
5941,1.8442038388188906e-05
5942,1.8441094765675442e-05
5943,1.8440153971122086e-05
5944,1.843920561628297e-05
5945,1.843824964031792e-05
5946,1.8437302233831325e-05
5947,1.843634338416501e-05
5948,1.843539787149684e-05
5949,1.843444666593809e-05
5950,1.843350115326992e-05
5951,1.8432543262503192e-05
5952,1.8431587286538154e-05
5953,1.843062073147995e-05
5954,1.8429654176421715e-05
5955,1.842870297075193e-05
5956,1.8427760291817037e-05
5957,1.8426816669303566e-05
5958,1.84258711566354e-05
5959,1.842492375014881e-05
5960,1.842397539519869e-05
5961,1.842302893617641e-05
5962,1.842208625724151e-05
5963,1.8421135051571734e-05
5964,1.8420188592438442e-05
5965,1.841923833800773e-05
5966,1.8418295659072815e-05
5967,1.8417352980137913e-05
5968,1.841640367594709e-05
5969,1.8415455321108e-05
5970,1.8414506966268892e-05
5971,1.8413556711838197e-05
5972,1.8412605506168425e-05
5973,1.8411655251737727e-05
5974,1.8410704046178963e-05
5975,1.840975284050917e-05
5976,1.8408803536318342e-05
5977,1.840783601381179e-05
5978,1.8406881948762624e-05
5979,1.840592501589634e-05
5980,1.8404983279651777e-05
5981,1.840404060071689e-05
5982,1.840309034628619e-05
5983,1.840214199144708e-05
5984,1.8401190785777285e-05
5985,1.840023958021854e-05
5986,1.839929217362089e-05
5987,1.839833906280841e-05
5988,1.8397389758617606e-05
5989,1.839643950418691e-05
5990,1.8395490199996083e-05
5991,1.839454089580529e-05
5992,1.8393592540966165e-05
5993,1.8392645134479573e-05
5994,1.8391699621811426e-05
5995,1.8390734033313358e-05
5996,1.8389787574180097e-05
5997,1.8388833509241927e-05
5998,1.8387880398318398e-05
5999,1.8386921548763098e-05
6000,1.838597698156085e-05
6001,1.8385022916622702e-05
6002,1.8384073612431887e-05
6003,1.838312525759279e-05
6004,1.8382175953401972e-05
6005,1.8381226649322193e-05
6006,1.8380275443652397e-05
6007,1.837932613946158e-05
6008,1.837837778462247e-05
6009,1.8377426578952687e-05
6010,1.837647632452199e-05
6011,1.837552416672493e-05
6012,1.8374572961166187e-05
6013,1.8373617941214164e-05
6014,1.8372667686783462e-05
6015,1.8371719331833334e-05
6016,1.8370769077402656e-05
6017,1.8369818823082976e-05
6018,1.836886761741319e-05
6019,1.836791736298249e-05
6020,1.8366966157312696e-05
6021,1.8366013999515648e-05
6022,1.8365061841829605e-05
6023,1.8364114435232014e-05
6024,1.8363158459266952e-05
6025,1.836220343931495e-05
6026,1.8361247463349873e-05
6027,1.8360297208919182e-05
6028,1.8359347904728384e-05
6029,1.835839765040871e-05
6030,1.835742818978582e-05
6031,1.8356471256919513e-05
6032,1.8355520051249727e-05
6033,1.8354560241906632e-05
6034,1.835359658353131e-05
6035,1.8352644425734255e-05
6036,1.8351684616391153e-05
6037,1.8350740049188904e-05
6038,1.8349790744998092e-05
6039,1.8348836680059922e-05
6040,1.834789305754647e-05
6041,1.8346944702596353e-05
6042,1.834599444827667e-05
6043,1.834504229047961e-05
6044,1.834409013268256e-05
6045,1.834313702175905e-05
6046,1.8342171433260994e-05
6047,1.8341220227591232e-05
6048,1.8340267116778722e-05
6049,1.8339314005855187e-05
6050,1.8338368493187054e-05
6051,1.8337429579351455e-05
6052,1.83364840666833e-05
6053,1.8335546091652333e-05
6054,1.833460435540778e-05
6055,1.8333659788316584e-05
6056,1.833270953388589e-05
6057,1.8331764966794683e-05
6058,1.833081566260387e-05
6059,1.8329863504806802e-05
6060,1.832891134700976e-05
6061,1.8327958236086246e-05
6062,1.832700417114809e-05
6063,1.8326051060224557e-05
6064,1.8325096995286377e-05
6065,1.8324141975334395e-05
6066,1.8323186955382362e-05
6067,1.8322229064504637e-05
6068,1.832126154199808e-05
6069,1.8320310336328308e-05
6070,1.831934860441199e-05
6071,1.8318391671545687e-05
6072,1.831744521241241e-05
6073,1.8316483480496082e-05
6074,1.8315520785794355e-05
6075,1.831457243095526e-05
6076,1.8313629752020333e-05
6077,1.8312688957466947e-05
6078,1.831174627853206e-05
6079,1.8310801711440828e-05
6080,1.8309859975196286e-05
6081,1.8308914462528133e-05
6082,1.8307964208097445e-05
6083,1.830701680161084e-05
6084,1.8306070342477544e-05
6085,1.830512293599095e-05
6086,1.8304169825067427e-05
6087,1.830321861939765e-05
6088,1.8302273106840516e-05
6089,1.830132285240983e-05
6090,1.830037922978533e-05
6091,1.8299434662694115e-05
6092,1.829847772982785e-05
6093,1.82975179203737e-05
6094,1.8296558110919563e-05
6095,1.829561070443296e-05
6096,1.8294658546635922e-05
6097,1.829371208750262e-05
6098,1.829276468101605e-05
6099,1.8291807748149768e-05
6100,1.8290862235481584e-05
6101,1.8289916722813427e-05
6102,1.8288964565016392e-05
6103,1.8288019997925186e-05
6104,1.8287072591438573e-05
6105,1.8286127078770434e-05
6106,1.828518061963714e-05
6107,1.8284228461840093e-05
6108,1.828327439690192e-05
6109,1.8282318420936874e-05
6110,1.8281370066097768e-05
6111,1.8280421711258664e-05
6112,1.827947430466105e-05
6113,1.8278525949821937e-05
6114,1.8277577594982844e-05
6115,1.8276627340552142e-05
6116,1.8275675182755067e-05
6117,1.8274725878564265e-05
6118,1.8273770858612256e-05
6119,1.827281965305351e-05
6120,1.8271863677088433e-05
6121,1.8270908657025405e-05
6122,1.826995363707341e-05
6123,1.8268998617121377e-05
6124,1.826804645932434e-05
6125,1.826709048335928e-05
6126,1.8266139277689507e-05
6127,1.8265186166877e-05
6128,1.8264230190911942e-05
6129,1.826327803311491e-05
6130,1.826232396817674e-05
6131,1.8261370857253212e-05
6132,1.8260417746329707e-05
6133,1.825946463540616e-05
6134,1.825851247760913e-05
6135,1.8257559366796627e-05
6136,1.825660625587311e-05
6137,1.825565409807607e-05
6138,1.8254700987152525e-05
6139,1.8253749781593782e-05
6140,1.8252797623796717e-05
6141,1.8251846418126938e-05
6142,1.8250884686210604e-05
6143,1.8249915225698746e-05
6144,1.8248953493671384e-05
6145,1.8247994644116097e-05
6146,1.824703002117899e-05
6147,1.8246085453976768e-05
6148,1.8245135199657085e-05
6149,1.8244200970962677e-05
6150,1.824326299593169e-05
6151,1.824232502101176e-05
6152,1.8241388921036446e-05
6153,1.8240450946116482e-05
6154,1.8239509209760915e-05
6155,1.823856275073866e-05
6156,1.8237621014494093e-05
6157,1.8236665038529057e-05
6158,1.8235708105551755e-05
6159,1.8234754994739265e-05
6160,1.8233804740308557e-05
6161,1.823285448587785e-05
6162,1.823189371563673e-05
6163,1.8230934865970386e-05
6164,1.8229972171379678e-05
6165,1.822902381654056e-05
6166,1.8228076410053973e-05
6167,1.8227121389990955e-05
6168,1.8226170184432168e-05
6169,1.822521802663514e-05
6170,1.822424856612326e-05
6171,1.8223286834095902e-05
6172,1.822234037507364e-05
6173,1.8221389169403863e-05
6174,1.8220438914973172e-05
6175,1.8219493402304985e-05
6176,1.8218545995818416e-05
6177,1.82175966916276e-05
6178,1.8216651178959424e-05
6179,1.8215704719937158e-05
6180,1.8214750654998988e-05
6181,1.8213801350808186e-05
6182,1.8212847285870036e-05
6183,1.8211893220820827e-05
6184,1.8210942015262087e-05
6185,1.820998508228477e-05
6186,1.8209037675798165e-05
6187,1.820808742136748e-05
6188,1.820713906652838e-05
6189,1.820618500159022e-05
6190,1.820523284379317e-05
6191,1.8204280685996097e-05
6192,1.8203334226862808e-05
6193,1.8202389659771622e-05
6194,1.8201450745936046e-05
6195,1.8200501441745242e-05
6196,1.8199553086906125e-05
6197,1.8198600929109063e-05
6198,1.8197651624918265e-05
6199,1.8196699467121203e-05
6200,1.8195750162930405e-05
6201,1.819479035347626e-05
6202,1.8193830544022124e-05
6203,1.8192878386336104e-05
6204,1.8191926228539056e-05
6205,1.819096641908492e-05
6206,1.819001426128785e-05
6207,1.818906210349082e-05
6208,1.81881089925673e-05
6209,1.818714533430298e-05
6210,1.8186184564061833e-05
6211,1.8185242827817312e-05
6212,1.8184302974066914e-05
6213,1.818336312031655e-05
6214,1.8182424206480987e-05
6215,1.8181481527546048e-05
6216,1.8180522677879732e-05
6217,1.817957242344902e-05
6218,1.8178633509613472e-05
6219,1.817768325518278e-05
6220,1.8176732049512968e-05
6221,1.81757931356774e-05
6222,1.8174847623009242e-05
6223,1.8173901163986997e-05
6224,1.8172960369433607e-05
6225,1.817201957488024e-05
6226,1.8171080661044666e-05
6227,1.8170139866491287e-05
6228,1.8169199071937915e-05
6229,1.816826109701798e-05
6230,1.8167322183071377e-05
6231,1.8166384208151407e-05
6232,1.8165442471906865e-05
6233,1.8164501677353513e-05
6234,1.8163549519556454e-05
6235,1.8162596408632933e-05
6236,1.8161643297820443e-05
6237,1.8160689232771268e-05
6238,1.8159739928691455e-05
6239,1.8158772406073873e-05
6240,1.8157822151643195e-05
6241,1.8156864260876482e-05
6242,1.8155914006445797e-05
6243,1.8154964702254982e-05
6244,1.8154014447824264e-05
6245,1.8153065143633466e-05
6246,1.8152115839553663e-05
6247,1.815115506931254e-05
6248,1.8150204814881845e-05
6249,1.814925456045113e-05
6250,1.8148304306020435e-05
6251,1.8147355001829614e-05
6252,1.8146408542807357e-05
6253,1.8145457337137582e-05
6254,1.814450613146778e-05
6255,1.8143560618910645e-05
6256,1.8142626390216236e-05
6257,1.8141681823014004e-05
6258,1.814074102857165e-05
6259,1.8139802114625056e-05
6260,1.8138851860194385e-05
6261,1.8137898749270843e-05
6262,1.81369522902486e-05
6263,1.8136001084578815e-05
6264,1.8135048926781746e-05
6265,1.8134096768984694e-05
6266,1.8133137919429384e-05
6267,1.8132191460296095e-05
6268,1.8131245001162797e-05
6269,1.813029664632372e-05
6270,1.812934734213289e-05
6271,1.8128392322180896e-05
6272,1.812744111651111e-05
6273,1.8126495603842937e-05
6274,1.8125550091285813e-05
6275,1.8124605524083577e-05
6276,1.8123654318524807e-05
6277,1.8122705963574664e-05
6278,1.8121757608735585e-05
6279,1.812081304164438e-05
6280,1.8119869419019878e-05
6281,1.8118918213461108e-05
6282,1.8117967959030437e-05
6283,1.8117015801233368e-05
6284,1.8116070288565208e-05
6285,1.8115120034134516e-05
6286,1.8114173575112233e-05
6287,1.8113221417315205e-05
6288,1.8112274958181903e-05
6289,1.811132470375122e-05
6290,1.8110375399560403e-05
6291,1.810942514512971e-05
6292,1.8108473939570945e-05
6293,1.810752558462082e-05
6294,1.8106574379062056e-05
6295,1.810562602422295e-05
6296,1.810467672003214e-05
6297,1.8103728365193015e-05
6298,1.810277811076233e-05
6299,1.8101824045713137e-05
6300,1.810087474163336e-05
6301,1.8099923535963576e-05
6302,1.8098975181124473e-05
6303,1.8098024926693778e-05
6304,1.809707467226308e-05
6305,1.8096123466593277e-05
6306,1.809517130879623e-05
6307,1.8094223902309633e-05
6308,1.8093271744512578e-05
6309,1.809231672456057e-05
6310,1.8091365518890773e-05
6311,1.8090413361204757e-05
6312,1.808946120340771e-05
6313,1.8088507138358533e-05
6314,1.8087553073420366e-05
6315,1.808660091562331e-05
6316,1.808564685068516e-05
6317,1.808468704123102e-05
6318,1.8083735835672257e-05
6319,1.8082786531481435e-05
6320,1.808183722729062e-05
6321,1.808086776677875e-05
6322,1.8079918462587944e-05
6323,1.8078956730671607e-05
6324,1.807800552500184e-05
6325,1.8077060957910614e-05
6326,1.807611733528615e-05
6327,1.807517276819493e-05
6328,1.8074220610397876e-05
6329,1.8073270355967165e-05
6330,1.8072324843299018e-05
6331,1.8071371732486522e-05
6332,1.807041957468946e-05
6333,1.8069466463765955e-05
6334,1.806850473184962e-05
6335,1.8067561109225145e-05
6336,1.8066614650091843e-05
6337,1.80656691375347e-05
6338,1.8064722678401424e-05
6339,1.8063774323562307e-05
6340,1.806282786442904e-05
6341,1.8061858403917157e-05
6342,1.806090624612012e-05
6343,1.8059962623495615e-05
6344,1.8059013319415833e-05
6345,1.805806211374606e-05
6346,1.8057113758906968e-05
6347,1.8056166352420365e-05
6348,1.8055205582179216e-05
6349,1.8054250562227193e-05
6350,1.8053297451303702e-05
6351,1.805234814711287e-05
6352,1.805139979227378e-05
6353,1.8050444772321768e-05
6354,1.8049486881444022e-05
6355,1.8048528990677316e-05
6356,1.8047571099910627e-05
6357,1.8046615123945567e-05
6358,1.804565914798052e-05
6359,1.804470412802849e-05
6360,1.8043748152063457e-05
6361,1.8042793132111434e-05
6362,1.804183715614639e-05
6363,1.8040881180181313e-05
6364,1.803992424731506e-05
6365,1.8038967314448758e-05
6366,1.8038018010257954e-05
6367,1.803707060377135e-05
6368,1.8036124144638052e-05
6369,1.803517578979895e-05
6370,1.803422267887545e-05
6371,1.8033272424444756e-05
6372,1.8032322170014048e-05
6373,1.803137286582323e-05
6374,1.8030424510984123e-05
6375,1.8029474256553425e-05
6376,1.8028505765488325e-05
6377,1.802753727442319e-05
6378,1.8026588919584086e-05
6379,1.8025640564633964e-05
6380,1.802468363176768e-05
6381,1.802374471793211e-05
6382,1.80227954137413e-05
6383,1.802184515931059e-05
6384,1.802087860425239e-05
6385,1.801992262828733e-05
6386,1.8018973324096508e-05
6387,1.8018029701583067e-05
6388,1.8017080397392242e-05
6389,1.8016132042553156e-05
6390,1.801518083688336e-05
6391,1.8014228679086322e-05
6392,1.80132803242472e-05
6393,1.8012330069816517e-05
6394,1.80113817149774e-05
6395,1.8010431460546705e-05
6396,1.8009484054060096e-05
6397,1.8008534749869298e-05
6398,1.8007584495438603e-05
6399,1.800663328976883e-05
6400,1.8005682084210054e-05
6401,1.8004732780019236e-05
6402,1.800377104810293e-05
6403,1.8002826480900673e-05
6404,1.8001878126061587e-05
6405,1.800091157100336e-05
6406,1.7999954638137073e-05
6407,1.799900817900379e-05
6408,1.799806455649033e-05
6409,1.7997112398693293e-05
6410,1.7996156422728233e-05
6411,1.7995208067889127e-05
6412,1.7994264445264644e-05
6413,1.7993314190833946e-05
6414,1.799235821486889e-05
6415,1.7991392626370853e-05
6416,1.7990427037872775e-05
6417,1.7989481525204625e-05
6418,1.7988538846269706e-05
6419,1.798759143978311e-05
6420,1.798664876084822e-05
6421,1.798570324818004e-05
6422,1.7984753944100276e-05
6423,1.7983809376898033e-05
6424,1.7982860072707225e-05
6425,1.7981912666220616e-05
6426,1.798096431138151e-05
6427,1.798001690489493e-05
6428,1.7979068550055835e-05
6429,1.7978120195105692e-05
6430,1.7977174682548558e-05
6431,1.7976224428117873e-05
6432,1.797527702152024e-05
6433,1.7974308530455105e-05
6434,1.7973365851520213e-05
6435,1.7972421284429e-05
6436,1.79714710299983e-05
6437,1.797052362351171e-05
6438,1.7969577164378428e-05
6439,1.7968631651710268e-05
6440,1.796768613915311e-05
6441,1.7966734933483327e-05
6442,1.7965783727813545e-05
6443,1.796483252225479e-05
6444,1.796388416730465e-05
6445,1.7962934863224877e-05
6446,1.796198555903405e-05
6447,1.796101900397585e-05
6448,1.7960071597489233e-05
6449,1.7959129861133686e-05
6450,1.7958179606814e-05
6451,1.7957232200216392e-05
6452,1.7956284793729793e-05
6453,1.795533643889068e-05
6454,1.7954387134699885e-05
6455,1.7953435929030103e-05
6456,1.7952484723471316e-05
6457,1.7951529703519334e-05
6458,1.7950573727554274e-05
6459,1.7949630104929785e-05
6460,1.7948676994006273e-05
6461,1.794772768992646e-05
6462,1.794677743549577e-05
6463,1.794582908054566e-05
6464,1.7944879776465847e-05
6465,1.794393142151573e-05
6466,1.794298306667664e-05
6467,1.7942035660190037e-05
6468,1.794108445452026e-05
6469,1.794013515044047e-05
6470,1.793918394477067e-05
6471,1.7938233690339994e-05
6472,1.7937286283853385e-05
6473,1.79363388773668e-05
6474,1.793538957317596e-05
6475,1.7934440268985153e-05
6476,1.793349001455447e-05
6477,1.7932539760123767e-05
6478,1.7931588554565013e-05
6479,1.793063734889523e-05
6480,1.7929687094464523e-05
6481,1.7928735888794737e-05
6482,1.7927787533955644e-05
6483,1.792683917911653e-05
6484,1.792589082427742e-05
6485,1.792493675933927e-05
6486,1.7923981739276216e-05
6487,1.7923033384437116e-05
6488,1.792208408024632e-05
6489,1.7921133825815613e-05
6490,1.7920165334750503e-05
6491,1.7919214129191716e-05
6492,1.7918264825000935e-05
6493,1.7917313619331125e-05
6494,1.7916364315140307e-05
6495,1.791540833917526e-05
6496,1.791444948961995e-05
6497,1.7913485831244632e-05
6498,1.7912526021901514e-05
6499,1.7911578615303902e-05
6500,1.7910630260464806e-05
6501,1.7909691346629237e-05
6502,1.7908742991790117e-05
6503,1.7907793687599323e-05
6504,1.7906844383408508e-05
6505,1.79058969769219e-05
6506,1.7904947672731108e-05
6507,1.7903999317892e-05
6508,1.790304906346128e-05
6509,1.79020988090306e-05
6510,1.7901151402544006e-05
6511,1.7900203995946384e-05
6512,1.7899260373432937e-05
6513,1.7898312966946328e-05
6514,1.7897361761276556e-05
6515,1.7896412457085717e-05
6516,1.789546125152696e-05
6517,1.7894510997096262e-05
6518,1.7893562642257173e-05
6519,1.789260666629212e-05
6520,1.7891662099089888e-05
6521,1.7890710893531114e-05
6522,1.7889752043864785e-05
6523,1.78887951109985e-05
6524,1.788784770451192e-05
6525,1.7886905968156355e-05
6526,1.7885967054320763e-05
6527,1.7885026259767394e-05
6528,1.7884084523522852e-05
6529,1.7883132365725814e-05
6530,1.7882180207928765e-05
6531,1.7881227097116266e-05
6532,1.7880273032067077e-05
6533,1.7879314182511773e-05
6534,1.787836677591416e-05
6535,1.7877416521594483e-05
6536,1.7876459588617166e-05
6537,1.7875503612652124e-05
6538,1.7874559045560897e-05
6539,1.7873600195894578e-05
6540,1.7872647085082072e-05
6541,1.7871700625948793e-05
6542,1.787074369308251e-05
6543,1.786979343865181e-05
6544,1.7868837462686742e-05
6545,1.7867891003553467e-05
6546,1.7866944544420178e-05
6547,1.78659980853979e-05
6548,1.786505257272973e-05
6549,1.7864106113596463e-05
6550,1.7863161546505233e-05
6551,1.7862216033837076e-05
6552,1.7861270521168912e-05
6553,1.786032311468234e-05
6554,1.785937665554906e-05
6555,1.7858430196526772e-05
6556,1.7857482789929158e-05
6557,1.7856532535498446e-05
6558,1.7855581329939682e-05
6559,1.7854634870806394e-05
6560,1.7853687464319805e-05
6561,1.785273910948072e-05
6562,1.785179075453059e-05
6563,1.7850845241973442e-05
6564,1.784988926600839e-05
6565,1.7848938060338614e-05
6566,1.7847988756147806e-05
6567,1.7847039452068013e-05
6568,1.78460901478772e-05
6569,1.784513799008015e-05
6570,1.7844185832283088e-05
6571,1.7843233674486023e-05
6572,1.7842283420055338e-05
6573,1.784133411586454e-05
6574,1.7840384811673712e-05
6575,1.7839425962118408e-05
6576,1.7838476657927603e-05
6577,1.7837528303088504e-05
6578,1.7836575192164958e-05
6579,1.7835625887974164e-05
6580,1.7834677533135054e-05
6581,1.7833728228944235e-05
6582,1.7832772252979207e-05
6583,1.783181148284908e-05
6584,1.7830861228418357e-05
6585,1.7829910973987662e-05
6586,1.782896071955697e-05
6587,1.782799706118166e-05
6588,1.782703532926533e-05
6589,1.782607647971002e-05
6590,1.7825111856772925e-05
6591,1.7824168234148455e-05
6592,1.7823223667057235e-05
6593,1.7822276260570643e-05
6594,1.78213154903295e-05
6595,1.782037469577614e-05
6596,1.7819437658772582e-05
6597,1.781849686433023e-05
6598,1.7817542799281046e-05
6599,1.7816585866414773e-05
6600,1.781562509617363e-05
6601,1.7814668163307352e-05
6602,1.7813710272540643e-05
6603,1.7812760968349838e-05
6604,1.7811800198219707e-05
6605,1.781084804042267e-05
6606,1.7809888230968518e-05
6607,1.78089264990522e-05
6608,1.7807985704498815e-05
6609,1.7807041137296583e-05
6610,1.780609088297691e-05
6611,1.7805143476379282e-05
6612,1.7804197963822158e-05
6613,1.7803247709391467e-05
6614,1.780229935444133e-05
6615,1.7801340504886034e-05
6616,1.7800389299216238e-05
6617,1.7799441892729646e-05
6618,1.7798493537890533e-05
6619,1.7797544233699738e-05
6620,1.7796594929508896e-05
6621,1.7795646574669824e-05
6622,1.7794693463746285e-05
6623,1.7793739398808142e-05
6624,1.7792786287884607e-05
6625,1.7791833176961102e-05
6626,1.7790882922530386e-05
6627,1.778992885759224e-05
6628,1.778897574666872e-05
6629,1.7788023588982675e-05
6630,1.778706473931634e-05
6631,1.7786117332829764e-05
6632,1.778515848316343e-05
6633,1.7784209178972603e-05
6634,1.7783258924541898e-05
6635,1.7782301033775202e-05
6636,1.778133737551091e-05
6637,1.7780377566056774e-05
6638,1.777942826186597e-05
6639,1.7778476104068918e-05
6640,1.777751917120262e-05
6641,1.777656319523758e-05
6642,1.7775636414252296e-05
6643,1.7774699377248747e-05
6644,1.7773739567905612e-05
6645,1.7772780718239296e-05
6646,1.777182951256951e-05
6647,1.777086970311538e-05
6648,1.7769910853560056e-05
6649,1.7768948158858322e-05
6650,1.7767988349404185e-05
6651,1.776702854006108e-05
6652,1.776606873060693e-05
6653,1.7765106035905198e-05
6654,1.7764148145138482e-05
6655,1.7763190254371782e-05
6656,1.7762239999941084e-05
6657,1.776128210917438e-05
6658,1.7760342255424007e-05
6659,1.77594024016736e-05
6660,1.7758454046834505e-05
6661,1.7757508534166352e-05
6662,1.775656585523143e-05
6663,1.7755627880311497e-05
6664,1.7754688026561095e-05
6665,1.7753746290316567e-05
6666,1.775280925331301e-05
6667,1.7751867517068483e-05
6668,1.7750929542037483e-05
6669,1.774998874759515e-05
6670,1.774904701123959e-05
6671,1.774810527499504e-05
6672,1.7747157868508445e-05
6673,1.774620475758493e-05
6674,1.774525164677244e-05
6675,1.774429758172326e-05
6676,1.7743341605758186e-05
6677,1.7742384672891905e-05
6678,1.774143536870109e-05
6679,1.77404774779344e-05
6680,1.7739519587167695e-05
6681,1.7738562654301407e-05
6682,1.773759609924318e-05
6683,1.7736646795052393e-05
6684,1.773569654062168e-05
6685,1.773474533506293e-05
6686,1.7733788402085612e-05
6687,1.7732838147654913e-05
6688,1.773188789322421e-05
6689,1.773092712309409e-05
6690,1.7729976868663393e-05
6691,1.7729026614232708e-05
6692,1.7728076359801993e-05
6693,1.7727126105371315e-05
6694,1.7726164373454995e-05
6695,1.772520552378866e-05
6696,1.772425716894953e-05
6697,1.772329831928322e-05
6698,1.77223394697279e-05
6699,1.772137869948675e-05
6700,1.7720417929245613e-05
6701,1.771946767481491e-05
6702,1.771851742038422e-05
6703,1.771757568413967e-05
6704,1.7716633005204766e-05
6705,1.7715684650365666e-05
6706,1.7714731539442145e-05
6707,1.7713782235251316e-05
6708,1.7712832931060525e-05
6709,1.7711885524573923e-05
6710,1.771093716973483e-05
6711,1.7709993547221352e-05
6712,1.770904424303055e-05
6713,1.77080920852335e-05
6714,1.7707143730394396e-05
6715,1.7706187754429333e-05
6716,1.7705245075494425e-05
6717,1.7704292917697366e-05
6718,1.7703341712027594e-05
6719,1.7702383821260894e-05
6720,1.770143830859273e-05
6721,1.7700487103033967e-05
6722,1.7699545366678403e-05
6723,1.7698597011839276e-05
6724,1.769765244474809e-05
6725,1.7696703140557258e-05
6726,1.7695758573466045e-05
6727,1.7694802597501003e-05
6728,1.769384182725985e-05
6729,1.7692895368126585e-05
6730,1.769194985556943e-05
6731,1.7691003396436158e-05
6732,1.7690053142005446e-05
6733,1.7689107629337293e-05
6734,1.7688160222850704e-05
6735,1.7687213763717392e-05
6736,1.7686272969164026e-05
6737,1.768532651014175e-05
6738,1.768438005100846e-05
6739,1.7683429796577787e-05
6740,1.7682487117642878e-05
6741,1.7681537813452046e-05
6742,1.7680590406965457e-05
6743,1.767964300047885e-05
6744,1.7678692746048174e-05
6745,1.767774154037839e-05
6746,1.767679413389179e-05
6747,1.7675846727405183e-05
6748,1.767489742321437e-05
6749,1.7673949068375282e-05
6750,1.7673000713536182e-05
6751,1.7672051409345354e-05
6752,1.7671100203675582e-05
6753,1.767015089948476e-05
6754,1.7669199693926007e-05
6755,1.7668248488256197e-05
6756,1.766729823382552e-05
6757,1.7666345122901984e-05
6758,1.7665394868582305e-05
6759,1.7664443662912515e-05
6760,1.7663491505115467e-05
6761,1.7662539347318422e-05
6762,1.7661588141648653e-05
6763,1.7660634076710476e-05
6764,1.7659678100745424e-05
6765,1.7658726895186654e-05
6766,1.765777091922162e-05
6767,1.7656823512735023e-05
6768,1.7655874208544188e-05
6769,1.7654916317777498e-05
6770,1.7653967013586673e-05
6771,1.7653015807916894e-05
6772,1.7652064602358137e-05
6773,1.7651118143224852e-05
6774,1.7650165985427784e-05
6775,1.764921382763073e-05
6776,1.7648264523439924e-05
6777,1.7647315219249122e-05
6778,1.7646355409905997e-05
6779,1.7645402298982472e-05
6780,1.764445014118544e-05
6781,1.7643495121233425e-05
6782,1.7642537230466715e-05
6783,1.7641578380800386e-05
6784,1.7640632868132232e-05
6785,1.763968546164564e-05
6786,1.763874842464207e-05
6787,1.763780291197392e-05
6788,1.7636853607783116e-05
6789,1.7635904303703317e-05
6790,1.763495499951252e-05
6791,1.7634009486844342e-05
6792,1.7633067750599824e-05
6793,1.763212601435525e-05
6794,1.763118427811074e-05
6795,1.7630226387232988e-05
6796,1.7629287473397436e-05
6797,1.762834385088397e-05
6798,1.762740587585299e-05
6799,1.7626466962017404e-05
6800,1.762552898698644e-05
6801,1.762457873266676e-05
6802,1.7623628478236064e-05
6803,1.7622670587358346e-05
6804,1.762172223251924e-05
6805,1.7620772928328424e-05
6806,1.76198283612372e-05
6807,1.761888379414601e-05
6808,1.7617934489955186e-05
6809,1.7616985185764364e-05
6810,1.7616035881573553e-05
6811,1.7615084676014793e-05
6812,1.7614135371823978e-05
6813,1.7613182260900476e-05
6814,1.7612230103103428e-05
6815,1.7611276992179913e-05
6816,1.7610324834493887e-05
6817,1.7609373628824088e-05
6818,1.760842242315429e-05
6819,1.7607460691237975e-05
6820,1.7606510436807263e-05
6821,1.7605570583056882e-05
6822,1.760461937749814e-05
6823,1.7603667219701073e-05
6824,1.7602717915510255e-05
6825,1.7601770509023673e-05
6826,1.7600812618256977e-05
6827,1.7599852808802823e-05
6828,1.759890729613467e-05
6829,1.759796083700138e-05
6830,1.759701437797912e-05
6831,1.759604685536155e-05
6832,1.759510228827032e-05
6833,1.7594156775602152e-05
6834,1.759318925298458e-05
6835,1.7592221730367005e-05
6836,1.759126192091286e-05
6837,1.7590310715354094e-05
6838,1.7589368036419205e-05
6839,1.7588421577285903e-05
6840,1.7587475118152625e-05
6841,1.7586531495639167e-05
6842,1.758558408915255e-05
6843,1.7584636682554947e-05
6844,1.7583669160048377e-05
6845,1.758272364738022e-05
6846,1.7581758058882183e-05
6847,1.758080970404307e-05
6848,1.7579851813276384e-05
6849,1.7578891043035227e-05
6850,1.7577935067070158e-05
6851,1.75769838614004e-05
6852,1.7576027885435327e-05
6853,1.757507190947026e-05
6854,1.757412923053537e-05
6855,1.7573180875696246e-05
6856,1.7572231571505448e-05
6857,1.7571283216666338e-05
6858,1.7570323407212194e-05
6859,1.756937600072562e-05
6860,1.7568421935787435e-05
6861,1.7567469777990393e-05
6862,1.7566513802025348e-05
6863,1.7565564497834533e-05
6864,1.756459890933647e-05
6865,1.756365528682302e-05
6866,1.756270026676e-05
6867,1.756174429079492e-05
6868,1.7560788314940904e-05
6869,1.7559832338975835e-05
6870,1.7558884932378237e-05
6871,1.7557938473355947e-05
6872,1.755698821892527e-05
6873,1.7556036061128207e-05
6874,1.755508675693741e-05
6875,1.7554136502506714e-05
6876,1.7553190043373402e-05
6877,1.7552243584351156e-05
6878,1.7551296177753518e-05
6879,1.7550352555240084e-05
6880,1.7549404200400957e-05
6881,1.754846152146605e-05
6882,1.7547520726912687e-05
6883,1.7546576159821473e-05
6884,1.7545631592619248e-05
6885,1.7544687025528038e-05
6886,1.7543741512859857e-05
6887,1.754279600019172e-05
6888,1.7541848593705115e-05
6889,1.754089928951431e-05
6890,1.7539944269562277e-05
6891,1.7539002533317752e-05
6892,1.7538053229126948e-05
6893,1.7537108662035727e-05
6894,1.7536144039098658e-05
6895,1.7535188063133585e-05
6896,1.753424255046543e-05
6897,1.7533294195626312e-05
6898,1.75323515166914e-05
6899,1.7531405057558135e-05
6900,1.7530457651071523e-05
6901,1.752950929623244e-05
6902,1.7528565673607953e-05
6903,1.7527616369528157e-05
6904,1.7526668014578042e-05
6905,1.7525721555555755e-05
6906,1.7524774148958134e-05
6907,1.7523827689935864e-05
6908,1.752287933498576e-05
6909,1.7521931928499143e-05
6910,1.7520992074748766e-05
6911,1.7520049395813854e-05
6912,1.7519103883256726e-05
6913,1.75181593160545e-05
6914,1.7517214748963277e-05
6915,1.7516268289829978e-05
6916,1.7515318035399313e-05
6917,1.7514367780968605e-05
6918,1.7513419426129495e-05
6919,1.7512471071290402e-05
6920,1.75115208168597e-05
6921,1.7510570562428982e-05
6922,1.7509621258238177e-05
6923,1.750867195404737e-05
6924,1.7507725495025113e-05
6925,1.7506779035891807e-05
6926,1.7505831629405212e-05
6927,1.7504884222918623e-05
6928,1.750393776378533e-05
6929,1.7502992251117174e-05
6930,1.7502043896278064e-05
6931,1.7501096489791486e-05
6932,1.7500149083193854e-05
6933,1.749920072835475e-05
6934,1.7498252373515655e-05
6935,1.7497294482748955e-05
6936,1.7496336591982232e-05
6937,1.7495377742315896e-05
6938,1.749441601039957e-05
6939,1.7493468603912987e-05
6940,1.7492528750162606e-05
6941,1.74915803953235e-05
6942,1.7490632040373387e-05
6943,1.7489684633886792e-05
6944,1.74887171112692e-05
6945,1.7487771598712055e-05
6946,1.7486815622747013e-05
6947,1.7485864417077214e-05
6948,1.7484911306153712e-05
6949,1.7483962951314592e-05
6950,1.7483012696883894e-05
6951,1.748206434204479e-05
6952,1.748111693555819e-05
6953,1.748016858060809e-05
6954,1.7479222121585807e-05
6955,1.747827755438359e-05
6956,1.7477332041826437e-05
6957,1.7476385582693148e-05
6958,1.7475434377023365e-05
6959,1.7474484122592657e-05
6960,1.7473533868161972e-05
6961,1.7472581710475953e-05
6962,1.747163145604523e-05
6963,1.7470683101095116e-05
6964,1.7469732846664417e-05
6965,1.746877878172625e-05
6966,1.746783137523965e-05
6967,1.7466883968753077e-05
6968,1.7465937509619768e-05
6969,1.746499010313318e-05
6970,1.7464045536041976e-05
6971,1.7463097181091833e-05
6972,1.746214882625274e-05
6973,1.7461198571822052e-05
6974,1.746025116533546e-05
6975,1.7459304706202148e-05
6976,1.7458337183695598e-05
6977,1.7457388828745483e-05
6978,1.7456440473906383e-05
6979,1.7455480664452235e-05
6980,1.745452181489692e-05
6981,1.7453562005442784e-05
6982,1.7452613650492682e-05
6983,1.745166529565357e-05
6984,1.7450715041222867e-05
6985,1.7449763835664087e-05
6986,1.744881642906649e-05
6987,1.7447867124986683e-05
6988,1.7446919718389086e-05
6989,1.74459704143093e-05
6990,1.7445021110118475e-05
6991,1.7444071805927674e-05
6992,1.744312155149698e-05
6993,1.7442171297066267e-05
6994,1.7441222942227174e-05
6995,1.7440268877289004e-05
6996,1.7439318622858312e-05
6997,1.7438370268019195e-05
6998,1.743742191306908e-05
6999,1.7436471658638382e-05
7000,1.7435523303799285e-05
7001,1.743456445424395e-05
7002,1.7433604644789838e-05
7003,1.743264866882478e-05
7004,1.743168885937062e-05
7005,1.743074334670246e-05
7006,1.7429799724189007e-05
7007,1.742885515698679e-05
7008,1.742790299918973e-05
7009,1.7426960320254828e-05
7010,1.7426011965415718e-05
7011,1.74250636105766e-05
7012,1.7424115255737518e-05
7013,1.742316023567447e-05
7014,1.742220712486199e-05
7015,1.7421241536363933e-05
7016,1.7420293181413818e-05
7017,1.7419336248547517e-05
7018,1.741838978941422e-05
7019,1.7417445222323015e-05
7020,1.741649876318973e-05
7021,1.7415553250632612e-05
7022,1.7414611514277048e-05
7023,1.741366883534212e-05
7024,1.7412719531151317e-05
7025,1.741177212466471e-05
7026,1.7410829445729803e-05
7027,1.7409886766794898e-05
7028,1.7408934608997853e-05
7029,1.7407985304807017e-05
7030,1.7407037898320422e-05
7031,1.7406088594129624e-05
7032,1.7405136436443584e-05
7033,1.7404186182012903e-05
7034,1.7403234024215838e-05
7035,1.7402284720025016e-05
7036,1.740133446559432e-05
7037,1.740038611075522e-05
7038,1.739943680656443e-05
7039,1.7398488451725303e-05
7040,1.739754009688621e-05
7041,1.73965917419361e-05
7042,1.7395643387096992e-05
7043,1.739469503225789e-05
7044,1.7393745728067074e-05
7045,1.7392786878400734e-05
7046,1.7391824183810026e-05
7047,1.739086052554573e-05
7048,1.7389896867170397e-05
7049,1.7388944709484377e-05
7050,1.7387986818606642e-05
7051,1.7387044139671744e-05
7052,1.738609007473356e-05
7053,1.738514077054276e-05
7054,1.7384185750590753e-05
7055,1.7383235496160065e-05
7056,1.738229281722516e-05
7057,1.7381348250133932e-05
7058,1.738040273746577e-05
7059,1.7379456278332494e-05
7060,1.737850792349339e-05
7061,1.737756051700677e-05
7062,1.7376614057873496e-05
7063,1.737566285220372e-05
7064,1.7374713548123938e-05
7065,1.7373763293693233e-05
7066,1.737281588720663e-05
7067,1.7371866583015816e-05
7068,1.737092012388253e-05
7069,1.7369973664749245e-05
7070,1.7369024360558437e-05
7071,1.7368073154999674e-05
7072,1.736712385080884e-05
7073,1.7366174546618044e-05
7074,1.7365212814701707e-05
7075,1.736425396503539e-05
7076,1.736329415558123e-05
7077,1.7362353361138897e-05
7078,1.7361407848470733e-05
7079,1.736045949363162e-05
7080,1.7359525264937236e-05
7081,1.735856641527088e-05
7082,1.735760660581675e-05
7083,1.7356646796362625e-05
7084,1.735568506444629e-05
7085,1.7354726214779955e-05
7086,1.7353766405436843e-05
7087,1.735280755577052e-05
7088,1.735184870610419e-05
7089,1.7350888896650027e-05
7090,1.7349934831711888e-05
7091,1.7348978855746832e-05
7092,1.7348022879781766e-05
7093,1.734706594691549e-05
7094,1.734611664272467e-05
7095,1.734518054274935e-05
7096,1.7344238806504806e-05
7097,1.734330176950128e-05
7098,1.7342357202410077e-05
7099,1.7341416407856705e-05
7100,1.7340476554106303e-05
7101,1.7339538579186367e-05
7102,1.733858355923435e-05
7103,1.7337628539282325e-05
7104,1.7336675428358816e-05
7105,1.733571945239375e-05
7106,1.7334761561627068e-05
7107,1.7333806541564013e-05
7108,1.7332858186724916e-05
7109,1.7331902210759864e-05
7110,1.7330946234794795e-05
7111,1.7329989301928514e-05
7112,1.7329032369062257e-05
7113,1.7328076393097195e-05
7114,1.7327128986610606e-05
7115,1.732617205374433e-05
7116,1.7325212244290185e-05
7117,1.732425626832512e-05
7118,1.7323307913374993e-05
7119,1.7322350980508713e-05
7120,1.732140262566962e-05
7121,1.732044569280333e-05
7122,1.7319497337964226e-05
7123,1.7318548033773424e-05
7124,1.7317591100907127e-05
7125,1.7316631291453e-05
7126,1.731568293650288e-05
7127,1.7314734581663785e-05
7128,1.731379001457257e-05
7129,1.731284355543926e-05
7130,1.731189520060017e-05
7131,1.731094684576106e-05
7132,1.730998991289479e-05
7133,1.7309032979917496e-05
7134,1.7308076047051195e-05
7135,1.7307119114184918e-05
7136,1.7306169809994096e-05
7137,1.730521000053998e-05
7138,1.730425019108585e-05
7139,1.7303293258219544e-05
7140,1.730233344876541e-05
7141,1.7301376515899123e-05
7142,1.7300418625132437e-05
7143,1.7299461692266153e-05
7144,1.7298515233132857e-05
7145,1.7297564978702173e-05
7146,1.7296616623863073e-05
7147,1.7295670164729764e-05
7148,1.7294714188764718e-05
7149,1.7293766782278123e-05
7150,1.7292818427439003e-05
7151,1.7291871968305714e-05
7152,1.7290920762635955e-05
7153,1.7289973356149356e-05
7154,1.728901833619734e-05
7155,1.7288073768995118e-05
7156,1.7287127309972845e-05
7157,1.7286178005782024e-05
7158,1.728522011501532e-05
7159,1.7284273655882022e-05
7160,1.728333097694712e-05
7161,1.7282387354433646e-05
7162,1.728144373180919e-05
7163,1.7280502937255807e-05
7164,1.7279557424698656e-05
7165,1.727861096556539e-05
7166,1.7277669229320825e-05
7167,1.727672560669636e-05
7168,1.7275779147674076e-05
7169,1.727483268854081e-05
7170,1.7273886229407516e-05
7171,1.72729359749768e-05
7172,1.7271993296041912e-05
7173,1.727105061710698e-05
7174,1.7270102262267877e-05
7175,1.7269153907428794e-05
7176,1.7268203652998092e-05
7177,1.726725908579584e-05
7178,1.726632111087589e-05
7179,1.7265370856445198e-05
7180,1.7264422501606105e-05
7181,1.7263475095119496e-05
7182,1.7262527688521885e-05
7183,1.7261580282035293e-05
7184,1.7260630977844468e-05
7185,1.725968451882221e-05
7186,1.7258736163872083e-05
7187,1.725778209893392e-05
7188,1.7256832794743115e-05
7189,1.7255884439903988e-05
7190,1.7254934185473296e-05
7191,1.72539848812825e-05
7192,1.725303557720269e-05
7193,1.725208722225258e-05
7194,1.725113506456654e-05
7195,1.725018576037574e-05
7196,1.724923455470596e-05
7197,1.724828144378243e-05
7198,1.7247328332969932e-05
7199,1.724637522204643e-05
7200,1.7245424016376625e-05
7201,1.7244473761945923e-05
7202,1.724352065113343e-05
7203,1.7242571346942615e-05
7204,1.7241626779740403e-05
7205,1.7240680320718127e-05
7206,1.723973386158484e-05
7207,1.723878740245154e-05
7208,1.7237829511684854e-05
7209,1.7236879257254152e-05
7210,1.723593279812086e-05
7211,1.7234975865254583e-05
7212,1.7234029406232313e-05
7213,1.723308294709903e-05
7214,1.7232136487965743e-05
7215,1.7231178597199013e-05
7216,1.723023213806575e-05
7217,1.722927520519945e-05
7218,1.72283230474024e-05
7219,1.722737088960534e-05
7220,1.7226423483118748e-05
7221,1.7225473228688073e-05
7222,1.7224527716019903e-05
7223,1.7223582203462765e-05
7224,1.7222624312585026e-05
7225,1.722167024764688e-05
7226,1.722071235688017e-05
7227,1.7219768734366706e-05
7228,1.7218821327769088e-05
7229,1.7217869169972033e-05
7230,1.721691891565237e-05
7231,1.7215960065986025e-05
7232,1.7215014553317858e-05
7233,1.721406809418457e-05
7234,1.7213108284730452e-05
7235,1.7212158030410762e-05
7236,1.7211210623813134e-05
7237,1.721026321732655e-05
7238,1.7209315810839954e-05
7239,1.7208361745901794e-05
7240,1.7207402896235457e-05
7241,1.720644500546875e-05
7242,1.7205496650629655e-05
7243,1.720453780096333e-05
7244,1.7203592288295152e-05
7245,1.720263343873983e-05
7246,1.72016745890735e-05
7247,1.7200713818832373e-05
7248,1.7199754969166037e-05
7249,1.719879899331201e-05
7250,1.7197843017346958e-05
7251,1.719688416768061e-05
7252,1.719593200988357e-05
7253,1.7194976989931557e-05
7254,1.7194013331556228e-05
7255,1.7193051599639898e-05
7256,1.719209275008459e-05
7257,1.7191137730021553e-05
7258,1.7190189375182466e-05
7259,1.7189244808091256e-05
7260,1.7188285958424917e-05
7261,1.7187327108758594e-05
7262,1.718637685432788e-05
7263,1.718541512241156e-05
7264,1.7184470555320366e-05
7265,1.7183528819075807e-05
7266,1.7182575708152296e-05
7267,1.7181623550355244e-05
7268,1.7180676143868638e-05
7269,1.7179726839677847e-05
7270,1.7178770863712764e-05
7271,1.7177821559521953e-05
7272,1.7176879823277418e-05
7273,1.7175934310609278e-05
7274,1.7174986904122665e-05
7275,1.717403949763607e-05
7276,1.7173093038502775e-05
7277,1.717214563201618e-05
7278,1.7171199172882904e-05
7279,1.7170252713860648e-05
7280,1.7169295780883328e-05
7281,1.7168347426044235e-05
7282,1.7167379903426653e-05
7283,1.7166430599346864e-05
7284,1.716548980479348e-05
7285,1.7164540500602666e-05
7286,1.716359498793451e-05
7287,1.716265136542107e-05
7288,1.7161702061230258e-05
7289,1.716075749413902e-05
7290,1.715981292693681e-05
7291,1.7158869304423338e-05
7292,1.7157922845290046e-05
7293,1.7156972590859344e-05
7294,1.715602138530058e-05
7295,1.7155074926167305e-05
7296,1.7154125621976484e-05
7297,1.7153177267137377e-05
7298,1.715223175446924e-05
7299,1.7151282450278402e-05
7300,1.7150334095439326e-05
7301,1.714938479124849e-05
7302,1.7148441168735027e-05
7303,1.7147501314984672e-05
7304,1.7146553908498057e-05
7305,1.7145596975631793e-05
7306,1.714464956903417e-05
7307,1.7143694549082142e-05
7308,1.7142763120259183e-05
7309,1.714180618739291e-05
7310,1.714084925452665e-05
7311,1.7139906575591734e-05
7312,1.7138968600560744e-05
7313,1.7138030625640798e-05
7314,1.713708983108743e-05
7315,1.7136153731112092e-05
7316,1.713521950241771e-05
7317,1.7134281527497748e-05
7318,1.713334355257778e-05
7319,1.713240557754681e-05
7320,1.713146666371123e-05
7321,1.7130527749875665e-05
7322,1.71295897748447e-05
7323,1.7128645207753465e-05
7324,1.7127698748620184e-05
7325,1.7126750393781097e-05
7326,1.7125807714846175e-05
7327,1.712486314764394e-05
7328,1.712391668862167e-05
7329,1.712297022948839e-05
7330,1.7122019975057686e-05
7331,1.7121070670866865e-05
7332,1.712012421184462e-05
7333,1.711918058922013e-05
7334,1.7118238852975594e-05
7335,1.7117292393842305e-05
7336,1.7116340236045247e-05
7337,1.7115388078248185e-05
7338,1.7114434967435695e-05
7339,1.7113482809638647e-05
7340,1.7112530651841585e-05
7341,1.7111578494044547e-05
7342,1.7110630139205434e-05
7343,1.710968368007214e-05
7344,1.7108733425641454e-05
7345,1.710778412145064e-05
7346,1.7106827188584375e-05
7347,1.7105869297817652e-05
7348,1.710490852757652e-05
7349,1.7103950636809816e-05
7350,1.710298986656866e-05
7351,1.710203101701336e-05
7352,1.710107216734703e-05
7353,1.7100105612288807e-05
7354,1.7099157257449694e-05
7355,1.7098211744781544e-05
7356,1.709726338994244e-05
7357,1.7096315034992326e-05
7358,1.7095369522435178e-05
7359,1.709441067276883e-05
7360,1.709346705025539e-05
7361,1.7092521537587217e-05
7362,1.7091574131100622e-05
7363,1.709062197330358e-05
7364,1.708967456670595e-05
7365,1.708872999961474e-05
7366,1.7087781644775642e-05
7367,1.7086832340584848e-05
7368,1.708588493409825e-05
7369,1.7084918379040033e-05
7370,1.7083969074849208e-05
7371,1.7083019770658413e-05
7372,1.7082071415819303e-05
7373,1.7081104860761074e-05
7374,1.7080148884796038e-05
7375,1.7079191951929754e-05
7376,1.7078246439261584e-05
7377,1.7077286629807463e-05
7378,1.7076334472010398e-05
7379,1.7075382314213363e-05
7380,1.7074434907726754e-05
7381,1.7073476058060432e-05
7382,1.7072519125194148e-05
7383,1.7071566014381645e-05
7384,1.7070610038416593e-05
7385,1.706965501835356e-05
7386,1.706871045126234e-05
7387,1.7067758293465293e-05
7388,1.70668108869787e-05
7389,1.7065852037312368e-05
7390,1.706489318764605e-05
7391,1.7063937211792002e-05
7392,1.7062983146742826e-05
7393,1.7062028126790793e-05
7394,1.7061072150825758e-05
7395,1.7060117130873745e-05
7396,1.7059164019950214e-05
7397,1.705821281428044e-05
7398,1.7057263510200655e-05
7399,1.705631135240359e-05
7400,1.705535919460655e-05
7401,1.705440894017586e-05
7402,1.7053464373084627e-05
7403,1.7052516966487006e-05
7404,1.7051561946535003e-05
7405,1.7050607881596853e-05
7406,1.704966425897237e-05
7407,1.7048713053413597e-05
7408,1.7047765646927e-05
7409,1.7046819187793706e-05
7410,1.704587745154916e-05
7411,1.7044931938881024e-05
7412,1.704398831636755e-05
7413,1.7043044693743077e-05
7414,1.7042102957498515e-05
7415,1.704115460265942e-05
7416,1.7040207196061818e-05
7417,1.703925789198202e-05
7418,1.7038312379313844e-05
7419,1.7037358314375705e-05
7420,1.7036404249326522e-05
7421,1.7035454945246723e-05
7422,1.7034505641055908e-05
7423,1.7033559181922623e-05
7424,1.703261272278933e-05
7425,1.7031667210232193e-05
7426,1.7030722643029947e-05
7427,1.7029775236543355e-05
7428,1.7028830669452155e-05
7429,1.7027883262965566e-05
7430,1.7026935856367952e-05
7431,1.702598655228814e-05
7432,1.7025037248097334e-05
7433,1.702408794390652e-05
7434,1.702313958906744e-05
7435,1.7022189334636738e-05
7436,1.7021241928150136e-05
7437,1.7020294521552525e-05
7438,1.7019347115065923e-05
7439,1.7018399708579314e-05
7440,1.7017451353740214e-05
7441,1.7016499195943176e-05
7442,1.701554989175237e-05
7443,1.701460248526577e-05
7444,1.7013654130426665e-05
7445,1.7012705775476526e-05
7446,1.701175931645428e-05
7447,1.701081096150413e-05
7448,1.7009862606665052e-05
7449,1.7008906630699976e-05
7450,1.700795065473494e-05
7451,1.7006994678769875e-05
7452,1.7006037745903587e-05
7453,1.700508176993855e-05
7454,1.7004124837072247e-05
7455,1.7003167904205987e-05
7456,1.70022109713397e-05
7457,1.700125403836239e-05
7458,1.700029614759569e-05
7459,1.6999339214729417e-05
7460,1.6998392755596125e-05
7461,1.699744629657384e-05
7462,1.6996499837440563e-05
7463,1.699555432477239e-05
7464,1.699460881210424e-05
7465,1.6993662353081963e-05
7466,1.6992716840413823e-05
7467,1.6991771327745643e-05
7468,1.699082297290656e-05
7469,1.6989857384408512e-05
7470,1.698891187174035e-05
7471,1.6987963516901235e-05
7472,1.6987015162062126e-05
7473,1.6986068702928857e-05
7474,1.6985123190260687e-05
7475,1.6984178623169487e-05
7476,1.6983232164036202e-05
7477,1.698228570490291e-05
7478,1.6981336400712088e-05
7479,1.698038804587298e-05
7480,1.6979421490814762e-05
7481,1.697847313597568e-05
7482,1.6977516203109375e-05
7483,1.697657069044123e-05
7484,1.6975615670489206e-05
7485,1.697466541605851e-05
7486,1.6973710395995476e-05
7487,1.6972762041156396e-05
7488,1.6971808930232878e-05
7489,1.6970860575393778e-05
7490,1.696991316890718e-05
7491,1.696896765623901e-05
7492,1.696801930139991e-05
7493,1.69670709465608e-05
7494,1.6966121642369998e-05
7495,1.6965170436700192e-05
7496,1.6964221132620406e-05
7497,1.6963268974823368e-05
7498,1.6962316817026313e-05
7499,1.6961370357893017e-05
7500,1.696042295140642e-05
7501,1.6959471745736636e-05
7502,1.6958526233068476e-05
7503,1.6957578826581884e-05
7504,1.6956628572151175e-05
7505,1.6955681165664604e-05
7506,1.6954722315998268e-05
7507,1.695376538313198e-05
7508,1.695280845026569e-05
7509,1.6951848640811562e-05
7510,1.695088883135743e-05
7511,1.6949944264266204e-05
7512,1.6948994009835513e-05
7513,1.694804470564471e-05
7514,1.6947093500085945e-05
7515,1.6946145145135802e-05
7516,1.6945194890705114e-05
7517,1.694424558662534e-05
7518,1.6943296282434527e-05
7519,1.6942349823301242e-05
7520,1.6941402416814646e-05
7521,1.694044930589112e-05
7522,1.6939500951052015e-05
7523,1.6938553544565422e-05
7524,1.693760613807882e-05
7525,1.693665588364811e-05
7526,1.6935705629217427e-05
7527,1.693474773845072e-05
7528,1.693378888878437e-05
7529,1.6932832912819332e-05
7530,1.6931887400151172e-05
7531,1.6930939993664566e-05
7532,1.6929991638825463e-05
7533,1.6929042334634652e-05
7534,1.6928098712010182e-05
7535,1.6927143692058177e-05
7536,1.692620759208284e-05
7537,1.6925260185596268e-05
7538,1.6924308027799213e-05
7539,1.692336440528574e-05
7540,1.6922416050446653e-05
7541,1.692146864384901e-05
7542,1.6920519339769225e-05
7543,1.6919573827101086e-05
7544,1.6918627367967783e-05
7545,1.6917673303029627e-05
7546,1.6916731566785075e-05
7547,1.6915789830540536e-05
7548,1.691484715160562e-05
7549,1.691390541525007e-05
7550,1.691296273631515e-05
7551,1.691201627729289e-05
7552,1.6911068870695257e-05
7553,1.6910120515856157e-05
7554,1.690917310936958e-05
7555,1.690822475453047e-05
7556,1.6907275450339657e-05
7557,1.690632804385307e-05
7558,1.690537493292953e-05
7559,1.6904421822006035e-05
7560,1.6903468711082517e-05
7561,1.6902515600270007e-05
7562,1.6901562489346485e-05
7563,1.690060937842296e-05
7564,1.689965722062592e-05
7565,1.6898704109813426e-05
7566,1.6897752904143634e-05
7567,1.689680644501035e-05
7568,1.6895853334086844e-05
7569,1.689489352474373e-05
7570,1.689393467507737e-05
7571,1.6892979655125363e-05
7572,1.689202272214806e-05
7573,1.6891066746183014e-05
7574,1.6890109813316727e-05
7575,1.688915288045044e-05
7576,1.6888189222186166e-05
7577,1.6887229412732032e-05
7578,1.6886271521965313e-05
7579,1.688530882726359e-05
7580,1.6884345168999295e-05
7581,1.688338343708294e-05
7582,1.688241784858492e-05
7583,1.688147893463833e-05
7584,1.6880539080887945e-05
7585,1.6879584060935936e-05
7586,1.68786309500124e-05
7587,1.687769109637304e-05
7588,1.6876752182426464e-05
7589,1.6875809503491546e-05
7590,1.687485543855337e-05
7591,1.6873912759618457e-05
7592,1.6872966300485195e-05
7593,1.6872020787817025e-05
7594,1.6871075275259897e-05
7595,1.6870127868662252e-05
7596,1.6869179513823163e-05
7597,1.6868232107336577e-05
7598,1.6867284700849965e-05
7599,1.686633729436337e-05
7600,1.6865383229314177e-05
7601,1.686443771675706e-05
7602,1.6863483651707877e-05
7603,1.6862535296868774e-05
7604,1.686157740610207e-05
7605,1.6860631893433904e-05
7606,1.685968068787512e-05
7607,1.6858723754897844e-05
7608,1.6857783901258465e-05
7609,1.6856844987311888e-05
7610,1.6855889011346822e-05
7611,1.6854945388833358e-05
7612,1.68539894128683e-05
7613,1.6853033436903246e-05
7614,1.685207746093821e-05
7615,1.6851121484973152e-05
7616,1.6850166465021122e-05
7617,1.684920953215485e-05
7618,1.6848256421231333e-05
7619,1.684730044526628e-05
7620,1.6846353038779672e-05
7621,1.6845397062814616e-05
7622,1.684445532657007e-05
7623,1.6843506971619963e-05
7624,1.6842550995654897e-05
7625,1.684159118631179e-05
7626,1.6840634253334482e-05
7627,1.6839677320468208e-05
7628,1.6838729913981613e-05
7629,1.6837770104527485e-05
7630,1.6836813171661198e-05
7631,1.6835856238794897e-05
7632,1.6834899305817594e-05
7633,1.6833942372951337e-05
7634,1.6832995913818045e-05
7635,1.6832047558978925e-05
7636,1.683110204631078e-05
7637,1.683014607045674e-05
7638,1.6829188179579023e-05
7639,1.6828239824739924e-05
7640,1.682728289187363e-05
7641,1.682633926924916e-05
7642,1.682539564673568e-05
7643,1.6824449187602394e-05
7644,1.682350650866747e-05
7645,1.6822560995999335e-05
7646,1.6821615483442187e-05
7647,1.682067280450729e-05
7648,1.681972539790965e-05
7649,1.6818779885352526e-05
7650,1.681783814899696e-05
7651,1.6816898295357606e-05
7652,1.68159546727331e-05
7653,1.6815010105641903e-05
7654,1.681406269915531e-05
7655,1.6813117186487148e-05
7656,1.681217261939594e-05
7657,1.6811224264445805e-05
7658,1.6810278751888678e-05
7659,1.6809331345291056e-05
7660,1.6808382990451946e-05
7661,1.6807429879528425e-05
7662,1.6806480575448646e-05
7663,1.6805532220498513e-05
7664,1.680457815556035e-05
7665,1.680362885136954e-05
7666,1.680267954717873e-05
7667,1.680173024309893e-05
7668,1.6800781888148812e-05
7669,1.6799831633829153e-05
7670,1.679888801120465e-05
7671,1.6797931078338366e-05
7672,1.6796985565670223e-05
7673,1.6796038159183637e-05
7674,1.67950888549928e-05
7675,1.6794143342324645e-05
7676,1.6793197829767518e-05
7677,1.6792252317099348e-05
7678,1.67913068044312e-05
7679,1.6790360345297892e-05
7680,1.6789413886275643e-05
7681,1.6788464582084824e-05
7682,1.6787515277894016e-05
7683,1.678656787140742e-05
7684,1.678562141227414e-05
7685,1.678467589960596e-05
7686,1.6783730386937822e-05
7687,1.6782788650693284e-05
7688,1.6781843138136125e-05
7689,1.6780893833945327e-05
7690,1.6779949266743078e-05
7691,1.6779003754185937e-05
7692,1.6778054449995153e-05
7693,1.677709943004314e-05
7694,1.6776142497065827e-05
7695,1.6775185564199536e-05
7696,1.6774228631333255e-05
7697,1.6773272655368196e-05
7698,1.67723233511774e-05
7699,1.6771377838509245e-05
7700,1.677043043202264e-05
7701,1.6769480177591944e-05
7702,1.6768535610500745e-05
7703,1.676759104340951e-05
7704,1.676663697836033e-05
7705,1.6765678128805015e-05
7706,1.6764711573746822e-05
7707,1.6763760368077016e-05
7708,1.67628015184107e-05
7709,1.676184266885539e-05
7710,1.676088381918904e-05
7711,1.675992688632277e-05
7712,1.6758973775399265e-05
7713,1.6758023520968553e-05
7714,1.6757077061835268e-05
7715,1.6756130602812992e-05
7716,1.675517749188948e-05
7717,1.675421960112278e-05
7718,1.6753261710356064e-05
7719,1.6752316197687918e-05
7720,1.6751358306921198e-05
7721,1.6750401373943915e-05
7722,1.6749447309005735e-05
7723,1.674849515120868e-05
7724,1.6747534381078556e-05
7725,1.674657649020084e-05
7726,1.674561764064553e-05
7727,1.6744661664680458e-05
7728,1.6743705688715416e-05
7729,1.6742749712750357e-05
7730,1.6741793736785304e-05
7731,1.6740834887118968e-05
7732,1.6739874116988854e-05
7733,1.6738915267322532e-05
7734,1.6737956417656196e-05
7735,1.6736997568100862e-05
7736,1.6736044457177354e-05
7737,1.6735105543230752e-05
7738,1.6734148610364496e-05
7739,1.6733203097696315e-05
7740,1.6732264183860767e-05
7741,1.673132902002549e-05
7742,1.6730374955087345e-05
7743,1.672941993502429e-05
7744,1.6728472528537715e-05
7745,1.6727522274107013e-05
7746,1.6726567254155007e-05
7747,1.6725612234203e-05
7748,1.6724656258237946e-05
7749,1.672370790339884e-05
7750,1.6722751927433763e-05
7751,1.6721793077767457e-05
7752,1.6720845671280845e-05
7753,1.6719902048656376e-05
7754,1.6718953693817272e-05
7755,1.6717996760950995e-05
7756,1.6717037911284646e-05
7757,1.6716079061729342e-05
7758,1.6715122128752043e-05
7759,1.6714165195885752e-05
7760,1.6713214941455057e-05
7761,1.671226183053155e-05
7762,1.6711315371509262e-05
7763,1.6710368912375994e-05
7764,1.6709422453242705e-05
7765,1.67084750467561e-05
7766,1.6707527640269514e-05
7767,1.6706582127601354e-05
7768,1.6705646027626017e-05
7769,1.670470429138148e-05
7770,1.6703756884894887e-05
7771,1.6702810425761615e-05
7772,1.6701862070922502e-05
7773,1.6700914664435903e-05
7774,1.6699969151767736e-05
7775,1.6699023639099583e-05
7776,1.669807812643143e-05
7777,1.6697124061493266e-05
7778,1.6696178548825116e-05
7779,1.669523398173388e-05
7780,1.6694289414642696e-05
7781,1.6693333438677627e-05
7782,1.669238318424693e-05
7783,1.6691435777760343e-05
7784,1.6690487422810214e-05
7785,1.6689538118730425e-05
7786,1.6688588814539596e-05
7787,1.668764330187145e-05
7788,1.668669873478023e-05
7789,1.6685754167578e-05
7790,1.668480105676551e-05
7791,1.6683856489563286e-05
7792,1.6682910030429974e-05
7793,1.6681963571407728e-05
7794,1.6681017112274425e-05
7795,1.668007065314113e-05
7796,1.6679123246654534e-05
7797,1.6678165355887842e-05
7798,1.6677215101457133e-05
7799,1.6676257210690434e-05
7800,1.6675297401236296e-05
7801,1.6674342381284294e-05
7802,1.6673385448418007e-05
7803,1.667242659875169e-05
7804,1.6671476344320993e-05
7805,1.6670533665386057e-05
7806,1.6669591929141525e-05
7807,1.666864357419141e-05
7808,1.6667689509253246e-05
7809,1.6666735444315076e-05
7810,1.6665788037828477e-05
7811,1.6664844415204004e-05
7812,1.6663900792690534e-05
7813,1.666295811375563e-05
7814,1.6662014491131135e-05
7815,1.6661069924039925e-05
7816,1.666012724510502e-05
7817,1.665918456617011e-05
7818,1.6658227633303834e-05
7819,1.6657269742537128e-05
7820,1.6656308972295975e-05
7821,1.6655352996330905e-05
7822,1.6654396063464652e-05
7823,1.665344008749959e-05
7824,1.665248411153452e-05
7825,1.6651527178668233e-05
7826,1.665058166600009e-05
7827,1.6649632361809268e-05
7828,1.6648669667218573e-05
7829,1.664771464715552e-05
7830,1.6646758671190486e-05
7831,1.6645803651238473e-05
7832,1.664486097230355e-05
7833,1.6643913565816952e-05
7834,1.6642968998725756e-05
7835,1.664203102369478e-05
7836,1.6641093986691218e-05
7837,1.6640158822855976e-05
7838,1.663921896910559e-05
7839,1.6638272510083325e-05
7840,1.6637326050950043e-05
7841,1.6636382428325547e-05
7842,1.6635438805812073e-05
7843,1.6634495183298636e-05
7844,1.6633540163235594e-05
7845,1.6632596540722133e-05
7846,1.6631652918097654e-05
7847,1.6630708351006454e-05
7848,1.6629759996167347e-05
7849,1.6628813537034045e-05
7850,1.6627854687367706e-05
7851,1.6626901576555213e-05
7852,1.662595795393073e-05
7853,1.6625011494797458e-05
7854,1.66240659822403e-05
7855,1.662312046957216e-05
7856,1.662217401043887e-05
7857,1.6621226603952276e-05
7858,1.6620281091284106e-05
7859,1.661933557861595e-05
7860,1.6618391956102485e-05
7861,1.6617452102352097e-05
7862,1.661650847983863e-05
7863,1.6615563912636424e-05
7864,1.6614620290122937e-05
7865,1.661367666749846e-05
7866,1.6612733044985003e-05
7867,1.661178942236053e-05
7868,1.661084579984705e-05
7869,1.6609903120912157e-05
7870,1.6608958553820937e-05
7871,1.6608014931196444e-05
7872,1.6607072252261556e-05
7873,1.6606121997830847e-05
7874,1.6605173642991747e-05
7875,1.6604228130323597e-05
7876,1.660328261765542e-05
7877,1.6602332363224712e-05
7878,1.6601380205538683e-05
7879,1.6600431850588564e-05
7880,1.6599483495749478e-05
7881,1.659853419155866e-05
7882,1.659758203376161e-05
7883,1.6596631779441928e-05
7884,1.659568342449179e-05
7885,1.659473031367932e-05
7886,1.6593785746477074e-05
7887,1.6592840233808907e-05
7888,1.6591892827322332e-05
7889,1.6590944472483212e-05
7890,1.6589995168292404e-05
7891,1.6589048709159105e-05
7892,1.6588102250136846e-05
7893,1.6587144359370143e-05
7894,1.6586195055179335e-05
7895,1.6585240035227326e-05
7896,1.6584290731036497e-05
7897,1.658334427190322e-05
7898,1.6582385422236883e-05
7899,1.658142753147018e-05
7900,1.6580469640703477e-05
7901,1.6579510791037144e-05
7902,1.6578552900270435e-05
7903,1.6577595009503718e-05
7904,1.6576636159837396e-05
7905,1.65756773102821e-05
7906,1.6574719419515393e-05
7907,1.657376152863764e-05
7908,1.657280267908233e-05
7909,1.6571857166414187e-05
7910,1.6570911653746033e-05
7911,1.6569952804190713e-05
7912,1.6569007291522566e-05
7913,1.6568060832389264e-05
7914,1.6567117209875817e-05
7915,1.656616790568498e-05
7916,1.6565221446551697e-05
7917,1.656425585805366e-05
7918,1.6563309398920374e-05
7919,1.656236199243376e-05
7920,1.6561406016468702e-05
7921,1.6560448125702013e-05
7922,1.655949214973694e-05
7923,1.655853617377191e-05
7924,1.6557579240905628e-05
7925,1.6556623264940565e-05
7926,1.655566633207428e-05
7927,1.6554709399207997e-05
7928,1.6553751508330282e-05
7929,1.6552801253899564e-05
7930,1.6551855741342443e-05
7931,1.6550898808365133e-05
7932,1.6549941875498866e-05
7933,1.6548983025943535e-05
7934,1.654802321648941e-05
7935,1.6547066283512105e-05
7936,1.6546113172699606e-05
7937,1.6545169550075136e-05
7938,1.654421929564441e-05
7939,1.6543261404877705e-05
7940,1.654230447201144e-05
7941,1.6541348496046372e-05
7942,1.654039156318011e-05
7943,1.6539432713513772e-05
7944,1.6538472904059645e-05
7945,1.6537518839121478e-05
7946,1.6536566681324426e-05
7947,1.6535615475765646e-05
7948,1.653466427009586e-05
7949,1.65337121122988e-05
7950,1.6532763757459715e-05
7951,1.6531806824593435e-05
7952,1.6530859417995807e-05
7953,1.6529906307183307e-05
7954,1.6528957002992506e-05
7955,1.6528007698801705e-05
7956,1.652705839461088e-05
7957,1.6526109090420075e-05
7958,1.652516263139779e-05
7959,1.652421237696711e-05
7960,1.6523260219170055e-05
7961,1.6522306154231878e-05
7962,1.6521353996434826e-05
7963,1.6520410373810354e-05
7964,1.651945630887219e-05
7965,1.6518507004681375e-05
7966,1.6517560545659122e-05
7967,1.6516614086525817e-05
7968,1.6515671407590922e-05
7969,1.6514720201921126e-05
7970,1.6513769947490438e-05
7971,1.651281778969338e-05
7972,1.6511866584134612e-05
7973,1.6510922016932383e-05
7974,1.6509973662093273e-05
7975,1.6509025307254163e-05
7976,1.650807790076758e-05
7977,1.65071314416343e-05
7978,1.6506183086795183e-05
7979,1.6505235680308584e-05
7980,1.6504287325358482e-05
7981,1.6503339918871877e-05
7982,1.6502389664441182e-05
7983,1.6501446041927704e-05
7984,1.6500502419303224e-05
7985,1.6499551213744475e-05
7986,1.6498603807146853e-05
7987,1.6497655452307737e-05
7988,1.6496708993285494e-05
7989,1.649575968909466e-05
7990,1.6494816066470193e-05
7991,1.649386390867313e-05
7992,1.6492912703114357e-05
7993,1.64919614974446e-05
7994,1.6491015984776418e-05
7995,1.6490063826979377e-05
7996,1.64891173679571e-05
7997,1.648817090882382e-05
7998,1.6487224449690526e-05
7999,1.648626751682425e-05
8000,1.6485311540859203e-05
8001,1.648435460799292e-05
8002,1.648340340232314e-05
8003,1.6482447426358064e-05
8004,1.6481484731767373e-05
8005,1.6480526841000653e-05
8006,1.6479569908134376e-05
8007,1.647861393216932e-05
8008,1.6477656999192e-05
8009,1.647670102322695e-05
8010,1.6475744090360674e-05
8011,1.6474786199593958e-05
8012,1.6473828308827255e-05
8013,1.6472872332862213e-05
8014,1.647191348319589e-05
8015,1.6470957507230835e-05
8016,1.6470011048208548e-05
8017,1.6469066481006323e-05
8018,1.6468119074519713e-05
8019,1.646717356185156e-05
8020,1.6466232767409224e-05
8021,1.64652691090339e-05
8022,1.6464325486520434e-05
8023,1.6463379027387138e-05
8024,1.6462432568253846e-05
8025,1.646148610923159e-05
8026,1.64605396500983e-05
8027,1.6459575027161232e-05
8028,1.6458629514493065e-05
8029,1.645768115965395e-05
8030,1.6456736592562755e-05
8031,1.6455787288371934e-05
8032,1.6454838933532827e-05
8033,1.6453890578693727e-05
8034,1.645294317209611e-05
8035,1.6451996713073843e-05
8036,1.645105025394056e-05
8037,1.6450103794807276e-05
8038,1.6449158282139102e-05
8039,1.6448209927300003e-05
8040,1.6447253951334947e-05
8041,1.6446307492312698e-05
8042,1.6445363869688187e-05
8043,1.6444419302596998e-05
8044,1.6443476623662082e-05
8045,1.6442532056459847e-05
8046,1.644158464997325e-05
8047,1.6440635345782426e-05
8048,1.6439684140223686e-05
8049,1.643873198242663e-05
8050,1.6437785523293336e-05
8051,1.6436837168454232e-05
8052,1.6435889761967634e-05
8053,1.6434943302834338e-05
8054,1.6433994947995242e-05
8055,1.6433050380793e-05
8056,1.6432099175234256e-05
8057,1.643114796956446e-05
8058,1.643019771513376e-05
8059,1.6429246509574995e-05
8060,1.6428294351777943e-05
8061,1.6427345047587132e-05
8062,1.642639574339632e-05
8063,1.6425448336909718e-05
8064,1.6424502824241565e-05
8065,1.6423557311573425e-05
8066,1.6422610852551145e-05
8067,1.6421660598120447e-05
8068,1.6420708440323402e-05
8069,1.641976008548428e-05
8070,1.6418815518282053e-05
8071,1.6417867163442946e-05
8072,1.6416918808603856e-05
8073,1.6415972349470558e-05
8074,1.6415025890337276e-05
8075,1.641407943131501e-05
8076,1.6413121540437278e-05
8077,1.6412162690881967e-05
8078,1.6411205757904664e-05
8079,1.641024594856154e-05
8080,1.6409289015584263e-05
8081,1.6408332082717972e-05
8082,1.640738182828726e-05
8083,1.64064363156191e-05
8084,1.640548796078001e-05
8085,1.6404537706349316e-05
8086,1.6403592193792178e-05
8087,1.6402643838842056e-05
8088,1.6401691681045004e-05
8089,1.6400735705079942e-05
8090,1.6399778772213648e-05
8091,1.6398818962759507e-05
8092,1.6397869658679728e-05
8093,1.6396922252082103e-05
8094,1.6395958593817823e-05
8095,1.6395014026726603e-05
8096,1.6394063772295905e-05
8097,1.6393116365809323e-05
8098,1.6392168010859177e-05
8099,1.6391215853062146e-05
8100,1.6390264647503375e-05
8101,1.638931724101678e-05
8102,1.6388373618392304e-05
8103,1.638742526355318e-05
8104,1.638648069646199e-05
8105,1.638553234151186e-05
8106,1.6384583037432076e-05
8107,1.6383638470229837e-05
8108,1.638268631243278e-05
8109,1.6381735106874025e-05
8110,1.63807867520349e-05
8111,1.6379840292901623e-05
8112,1.6378892886415034e-05
8113,1.6377940728617976e-05
8114,1.6376988570820927e-05
8115,1.6376040215981838e-05
8116,1.6375093756848525e-05
8117,1.6374141599051487e-05
8118,1.6373193244212374e-05
8119,1.63722467850791e-05
8120,1.63713003259458e-05
8121,1.6370348168148745e-05
8122,1.6369400761662153e-05
8123,1.6368454302528878e-05
8124,1.6367502144842845e-05
8125,1.6366545211865542e-05
8126,1.636559210105303e-05
8127,1.6364638036003857e-05
8128,1.6363683016051854e-05
8129,1.6362727040086785e-05
8130,1.636177106412172e-05
8131,1.6360815088156667e-05
8132,1.635985911219162e-05
8133,1.6358906954394563e-05
8134,1.6357947145051465e-05
8135,1.6356989254173716e-05
8136,1.6356030404618423e-05
8137,1.6355072513851706e-05
8138,1.6354115580874393e-05
8139,1.6353159604909344e-05
8140,1.6352204584957345e-05
8141,1.6351241890366637e-05
8142,1.635027726742955e-05
8143,1.6349312644492474e-05
8144,1.6348356668527412e-05
8145,1.6347401648575396e-05
8146,1.634644567261033e-05
8147,1.6345488739744063e-05
8148,1.6344538485313358e-05
8149,1.6343593918111132e-05
8150,1.6342648405553994e-05
8151,1.634170383835175e-05
8152,1.63407602158383e-05
8153,1.6339814703170145e-05
8154,1.633887202423523e-05
8155,1.6337927457144026e-05
8156,1.6336982889941777e-05
8157,1.6336039267428323e-05
8158,1.63350861565048e-05
8159,1.633413304558128e-05
8160,1.6333183741501504e-05
8161,1.6332230630577985e-05
8162,1.633127561062597e-05
8163,1.633033481607259e-05
8164,1.6329389303404444e-05
8165,1.632842757148811e-05
8166,1.6327472551425095e-05
8167,1.6326517531473086e-05
8168,1.6325563466534902e-05
8169,1.6324607490569857e-05
8170,1.6323655332772805e-05
8171,1.632270031282079e-05
8172,1.6321753853687514e-05
8173,1.63208111747526e-05
8174,1.6319864715619293e-05
8175,1.63189144611886e-05
8176,1.6317968948631474e-05
8177,1.631702438142923e-05
8178,1.6316069361477232e-05
8179,1.6315126682542307e-05
8180,1.631418776870674e-05
8181,1.6313242256038575e-05
8182,1.631229674337041e-05
8183,1.6311351230702254e-05
8184,1.631041231686671e-05
8185,1.6309471522313334e-05
8186,1.630853166856293e-05
8187,1.6307592754727363e-05
8188,1.6306651018482825e-05
8189,1.6305703611996233e-05
8190,1.6304759044793997e-05
8191,1.6303812585771727e-05
8192,1.6302866126638456e-05
8193,1.6301921559436227e-05
8194,1.630097130511654e-05
8195,1.630002389851891e-05
8196,1.6299078385961778e-05
8197,1.629813476333729e-05
8198,1.629718355766751e-05
8199,1.6296236151180917e-05
8200,1.629528779634182e-05
8201,1.6294339441502708e-05
8202,1.6293392035016115e-05
8203,1.6292443680065987e-05
8204,1.6291496273579408e-05
8205,1.6290548867092812e-05
8206,1.628959670929576e-05
8207,1.628864930280917e-05
8208,1.6287697145012117e-05
8209,1.6286751632343947e-05
8210,1.6285798521420428e-05
8211,1.6284844456482275e-05
8212,1.628388848051721e-05
8213,1.628294296784904e-05
8214,1.6281989857036553e-05
8215,1.6281033881071494e-05
8216,1.628008836840334e-05
8217,1.6279142855735174e-05
8218,1.6278186879770128e-05
8219,1.6277242312678918e-05
8220,1.627629774558771e-05
8221,1.6275354122963208e-05
8222,1.6274408610295055e-05
8223,1.627346404320384e-05
8224,1.6272508067238796e-05
8225,1.6271556861568996e-05
8226,1.627060088571496e-05
8227,1.6269648727917925e-05
8228,1.626869275195286e-05
8229,1.626773677598781e-05
8230,1.6266781755924765e-05
8231,1.626583150160509e-05
8232,1.6264877436555927e-05
8233,1.6263930977533644e-05
8234,1.626297977186387e-05
8235,1.626203141702476e-05
8236,1.626108590435661e-05
8237,1.626013279343307e-05
8238,1.6259180635636025e-05
8239,1.625823133155623e-05
8240,1.625728487242296e-05
8241,1.6256336517583837e-05
8242,1.6255381497520802e-05
8243,1.6254423606754116e-05
8244,1.625346571598741e-05
8245,1.6252507825220697e-05
8246,1.6251548975554354e-05
8247,1.6250591084787644e-05
8248,1.624963319402095e-05
8249,1.6248685787534342e-05
8250,1.6247736483343555e-05
8251,1.6246789076856942e-05
8252,1.624584261772367e-05
8253,1.6244889506800142e-05
8254,1.6243930657244818e-05
8255,1.6242969887003685e-05
8256,1.6242015822065532e-05
8257,1.6241063664268487e-05
8258,1.624011055334497e-05
8259,1.62391497831038e-05
8260,1.623818708851311e-05
8261,1.623722919774638e-05
8262,1.6236272264880114e-05
8263,1.6235313415213788e-05
8264,1.6234357439248715e-05
8265,1.6233402419296713e-05
8266,1.6232451213626944e-05
8267,1.6231488519036233e-05
8268,1.623053254307117e-05
8269,1.6229573693404837e-05
8270,1.6228621535607765e-05
8271,1.62276646027415e-05
8272,1.622673317391855e-05
8273,1.6225799879476823e-05
8274,1.622484676855328e-05
8275,1.622389079258824e-05
8276,1.6222941488397424e-05
8277,1.622198551243236e-05
8278,1.6221029536467303e-05
8279,1.622008307744504e-05
8280,1.6219128057382012e-05
8281,1.6218170166615312e-05
8282,1.6217214190650253e-05
8283,1.621625534109495e-05
8284,1.621529649142862e-05
8285,1.6214337641762288e-05
8286,1.6213381665797225e-05
8287,1.6212424732930938e-05
8288,1.62114687569659e-05
8289,1.621051373701387e-05
8290,1.6209569169922676e-05
8291,1.6208627433678138e-05
8292,1.6207689458647156e-05
8293,1.6206744891555935e-05
8294,1.6205805037805554e-05
8295,1.620486235887065e-05
8296,1.6203918736246166e-05
8297,1.6202973223689025e-05
8298,1.6202022018019235e-05
8299,1.620107366318013e-05
8300,1.6200126256693533e-05
8301,1.6199181689491304e-05
8302,1.6198236176823134e-05
8303,1.619729160973193e-05
8304,1.6196346097063788e-05
8305,1.619539774222466e-05
8306,1.6194453175133474e-05
8307,1.6193507662465314e-05
8308,1.6192563095374104e-05
8309,1.619161852817185e-05
8310,1.619067396108065e-05
8311,1.6189717028214378e-05
8312,1.6188761052249325e-05
8313,1.6187806987311145e-05
8314,1.6186852922261976e-05
8315,1.6185895989395672e-05
8316,1.6184948582909097e-05
8317,1.618399069214238e-05
8318,1.618303280137567e-05
8319,1.6182087288707514e-05
8320,1.6181130355841244e-05
8321,1.6180174379876168e-05
8322,1.617921744689889e-05
8323,1.6178261471044848e-05
8324,1.6177309313247793e-05
8325,1.617634950379366e-05
8326,1.6175393527828593e-05
8327,1.617443755186353e-05
8328,1.6173482531911528e-05
8329,1.6172525598934232e-05
8330,1.6171564828804115e-05
8331,1.617060789582681e-05
8332,1.6169658591747016e-05
8333,1.6168707386077244e-05
8334,1.6167767532326842e-05
8335,1.6166814421403327e-05
8336,1.6165859401451318e-05
8337,1.6164913888783154e-05
8338,1.6163971209848246e-05
8339,1.6163028530913344e-05
8340,1.6162074465975184e-05
8341,1.616113084346172e-05
8342,1.616017486749666e-05
8343,1.6159216976729954e-05
8344,1.6158257167275827e-05
8345,1.6157304056352295e-05
8346,1.6156346165585602e-05
8347,1.6155390189620537e-05
8348,1.6154448453375985e-05
8349,1.6153506717131443e-05
8350,1.615256403808553e-05
8351,1.6151610927273006e-05
8352,1.615065590720999e-05
8353,1.6149699931355958e-05
8354,1.6148749676925266e-05
8355,1.6147803217791964e-05
8356,1.6146849152853797e-05
8357,1.6145899848663002e-05
8358,1.6144944828710973e-05
8359,1.6143990763661794e-05
8360,1.6143044304639538e-05
8361,1.6142090239590345e-05
8362,1.6141139985159657e-05
8363,1.6140185920221497e-05
8364,1.613923946119921e-05
8365,1.6138284441136176e-05
8366,1.6137341762201267e-05
8367,1.6136385786236215e-05
8368,1.6135438379749623e-05
8369,1.6134486221952578e-05
8370,1.6133530245987522e-05
8371,1.613257427002246e-05
8372,1.6131618294057404e-05
8373,1.6130662318092358e-05
8374,1.6129714911605746e-05
8375,1.6128771289092295e-05
8376,1.6127836125257044e-05
8377,1.6126899088253478e-05
8378,1.612596298827818e-05
8379,1.6125022193724793e-05
8380,1.6124076681056633e-05
8381,1.612313400212174e-05
8382,1.6122191323186815e-05
8383,1.6121248644251913e-05
8384,1.612030218522964e-05
8385,1.6119359506294738e-05
8386,1.6118415883670252e-05
8387,1.611747131657904e-05
8388,1.6116527693954545e-05
8389,1.6115587840204167e-05
8390,1.611464232764704e-05
8391,1.6113687307584015e-05
8392,1.6112733242645835e-05
8393,1.6111778222693825e-05
8394,1.6110826064896787e-05
8395,1.6109880552228607e-05
8396,1.61089226614619e-05
8397,1.610796764150991e-05
8398,1.6107013576571725e-05
8399,1.6106056643594445e-05
8400,1.610510353278195e-05
8401,1.610415896557971e-05
8402,1.6103217229335172e-05
8403,1.6102274550400263e-05
8404,1.610132809126695e-05
8405,1.6100382578709823e-05
8406,1.609943706604167e-05
8407,1.609847917527496e-05
8408,1.6097527017477905e-05
8409,1.6096570084611618e-05
8410,1.609562646198714e-05
8411,1.6094683783052226e-05
8412,1.609374110411732e-05
8413,1.609279559144915e-05
8414,1.6091848184962572e-05
8415,1.609090833121218e-05
8416,1.608996565227727e-05
8417,1.6089025798526894e-05
8418,1.608808500408453e-05
8419,1.6087143267728976e-05
8420,1.6086197755171835e-05
8421,1.6085250348574217e-05
8422,1.6084306726060763e-05
8423,1.608336498981623e-05
8424,1.608242136719172e-05
8425,1.608147680010053e-05
8426,1.608053694635014e-05
8427,1.6079588591511034e-05
8428,1.6078640236671947e-05
8429,1.6077690932481126e-05
8430,1.607674162829032e-05
8431,1.6075793273451197e-05
8432,1.6074842067781432e-05
8433,1.6073897500690225e-05
8434,1.607294152472515e-05
8435,1.607199695763394e-05
8436,1.6071050498500647e-05
8437,1.607010593129844e-05
8438,1.60691537736124e-05
8439,1.606820731447912e-05
8440,1.6067256108809314e-05
8441,1.606630395101227e-05
8442,1.606535179321523e-05
8443,1.6064409114280306e-05
8444,1.6063463601723185e-05
8445,1.6062519979098685e-05
8446,1.6061576356585238e-05
8447,1.606063273396073e-05
8448,1.605967771400875e-05
8449,1.6058728409817924e-05
8450,1.605778667357338e-05
8451,1.605683736938256e-05
8452,1.6055892802291374e-05
8453,1.6054947289623204e-05
8454,1.6054001776955047e-05
8455,1.605305342211594e-05
8456,1.6052107909447787e-05
8457,1.6051161450425524e-05
8458,1.6050214043827883e-05
8459,1.6049265688988793e-05
8460,1.6048318282502204e-05
8461,1.6047372769834027e-05
8462,1.6046427257165887e-05
8463,1.6045469366399157e-05
8464,1.60445124335329e-05
8465,1.60435650270463e-05
8466,1.604261191612278e-05
8467,1.6041662611931955e-05
8468,1.604071709937481e-05
8469,1.6039771586706657e-05
8470,1.603882512757338e-05
8471,1.6037872016649843e-05
8472,1.6036914125883144e-05
8473,1.603596101495963e-05
8474,1.603500599500761e-05
8475,1.6034050019042577e-05
8476,1.6033094999090568e-05
8477,1.603213902312551e-05
8478,1.6031183047160457e-05
8479,1.6030225156393747e-05
8480,1.6029266306727414e-05
8481,1.6028309373861117e-05
8482,1.6027352440994843e-05
8483,1.602639455022815e-05
8484,1.6025437617250847e-05
8485,1.6024482597298818e-05
8486,1.6023523747632506e-05
8487,1.6022573493312813e-05
8488,1.602162228764303e-05
8489,1.602067772055183e-05
8490,1.6019732207883657e-05
8491,1.601877909696013e-05
8492,1.6017825986036627e-05
8493,1.6016872875224137e-05
8494,1.601591881017495e-05
8495,1.601495611558423e-05
8496,1.601400109563222e-05
8497,1.601304224596588e-05
8498,1.6012084355199192e-05
8499,1.601113884253102e-05
8500,1.6010190487691922e-05
8501,1.6009244028558627e-05
8502,1.6008297569425348e-05
8503,1.6007348265345545e-05
8504,1.6006394200296363e-05
8505,1.600543630952965e-05
8506,1.6004480333564618e-05
8507,1.600352531361261e-05
8508,1.6002566463946273e-05
8509,1.6001607614390946e-05
8510,1.6000648764724633e-05
8511,1.5999693744772614e-05
8512,1.5998737768807555e-05
8513,1.5997782748744537e-05
8514,1.5996826772890507e-05
8515,1.5995880313757195e-05
8516,1.5994921464090862e-05
8517,1.5993967399152705e-05
8518,1.599301142318765e-05
8519,1.599205640323565e-05
8520,1.5991100427270595e-05
8521,1.5990143494404318e-05
8522,1.5989187518439255e-05
8523,1.5988244839504343e-05
8524,1.5987298380371058e-05
8525,1.598634622257401e-05
8526,1.598538928970772e-05
8527,1.598443426964468e-05
8528,1.5983478293790647e-05
8529,1.5982518484336527e-05
8530,1.5981559634670187e-05
8531,1.5980597902753843e-05
8532,1.597963713251271e-05
8533,1.5978681156547672e-05
8534,1.597772613659566e-05
8535,1.5976770160630593e-05
8536,1.5975816095692423e-05
8537,1.5974863937895375e-05
8538,1.597390508822906e-05
8539,1.5972949112264003e-05
8540,1.5971998857833285e-05
8541,1.59710486034026e-05
8542,1.5970105924467675e-05
8543,1.5969156620276873e-05
8544,1.596820541471812e-05
8545,1.5967259902049933e-05
8546,1.596630679112643e-05
8547,1.5965344096535713e-05
8548,1.5964390031597563e-05
8549,1.5963443572464254e-05
8550,1.5962489507526097e-05
8551,1.5961540203335276e-05
8552,1.5960590899144478e-05
8553,1.5959640644713783e-05
8554,1.5958691340522965e-05
8555,1.5957742036443172e-05
8556,1.5956791782012484e-05
8557,1.595583962421544e-05
8558,1.5954895057013196e-05
8559,1.595394859799093e-05
8560,1.595300497536645e-05
8561,1.595205662052735e-05
8562,1.5951104462730302e-05
8563,1.5950152304933237e-05
8564,1.59492001471362e-05
8565,1.5948248941577425e-05
8566,1.5947303428909265e-05
8567,1.594635127111221e-05
8568,1.594539911331517e-05
8569,1.5944445048377e-05
8570,1.5943488115510704e-05
8571,1.5942533095447676e-05
8572,1.5941578075495674e-05
8573,1.594061922582934e-05
8574,1.5939665160891184e-05
8575,1.5938709184926115e-05
8576,1.5937752252059855e-05
8577,1.5936797232107835e-05
8578,1.59358383824415e-05
8579,1.5934883362489507e-05
8580,1.5933924512823154e-05
8581,1.5932973307264404e-05
8582,1.5932025900666766e-05
8583,1.5931079441644524e-05
8584,1.593013487444227e-05
8585,1.5929188415420025e-05
8586,1.5928237209750242e-05
8587,1.592729358712574e-05
8588,1.5926342381566993e-05
8589,1.5925398758942506e-05
8590,1.5924450404103406e-05
8591,1.59235029976168e-05
8592,1.59225555911302e-05
8593,1.5921609131996906e-05
8594,1.5920663619328743e-05
8595,1.5919717160306494e-05
8596,1.591876118434144e-05
8597,1.5917804251364125e-05
8598,1.591684923141212e-05
8599,1.5915895166473952e-05
8600,1.5914953430229424e-05
8601,1.591400317579871e-05
8602,1.5913058608596486e-05
8603,1.5912114041505283e-05
8604,1.5911170418991812e-05
8605,1.591022585178959e-05
8606,1.5909281284698373e-05
8607,1.5908333878211764e-05
8608,1.590738362378107e-05
8609,1.590643905657885e-05
8610,1.5905486898892808e-05
8611,1.5904539492295193e-05
8612,1.5903598697852843e-05
8613,1.5902654130650628e-05
8614,1.590170672416402e-05
8615,1.5900759317677437e-05
8616,1.5899814750475197e-05
8617,1.5898873014230656e-05
8618,1.589792844713943e-05
8619,1.5896978192708737e-05
8620,1.5896014534444437e-05
8621,1.5895069021776284e-05
8622,1.5894118767345575e-05
8623,1.589317325467744e-05
8624,1.589222868758623e-05
8625,1.5891281281099616e-05
8626,1.589033387450201e-05
8627,1.588938930741078e-05
8628,1.588844190092419e-05
8629,1.588749449443759e-05
8630,1.5886548981769444e-05
8631,1.5885597776099665e-05
8632,1.5884652263542513e-05
8633,1.58836972434795e-05
8634,1.588274126751444e-05
8635,1.5881785291549377e-05
8636,1.5880826441994053e-05
8637,1.5879870466029008e-05
8638,1.587891257526231e-05
8639,1.5877956599297246e-05
8640,1.5876999666430965e-05
8641,1.5876045601381783e-05
8642,1.5875099142359513e-05
8643,1.587414793668973e-05
8644,1.5873191960724675e-05
8645,1.5872236940772666e-05
8646,1.5871280964807597e-05
8647,1.587032498884256e-05
8648,1.5869365179388414e-05
8649,1.586841682454931e-05
8650,1.5867467520358496e-05
8651,1.58665229532673e-05
8652,1.586557459831716e-05
8653,1.5864629085760022e-05
8654,1.5863677880090254e-05
8655,1.5862734257576793e-05
8656,1.586178590262666e-05
8657,1.586084133553545e-05
8658,1.5859897713021983e-05
8659,1.5858950306424355e-05
8660,1.5858003847402096e-05
8661,1.585706022477761e-05
8662,1.5856109970346935e-05
8663,1.5855160666156103e-05
8664,1.5854209460597336e-05
8665,1.5853258254927574e-05
8666,1.585231274225941e-05
8667,1.5851367229702256e-05
8668,1.5850421717034106e-05
8669,1.5849474310547493e-05
8670,1.584852595559738e-05
8671,1.5847577600758268e-05
8672,1.5846630194271686e-05
8673,1.5845679939840974e-05
8674,1.584472491988897e-05
8675,1.5843770854950822e-05
8676,1.5842817744027303e-05
8677,1.5841861768062244e-05
8678,1.584090961026518e-05
8679,1.5839949800811062e-05
8680,1.5838993824846e-05
8681,1.5838030166581696e-05
8682,1.5837073233715412e-05
8683,1.58361153429487e-05
8684,1.5835159366983653e-05
8685,1.5834202434006357e-05
8686,1.583324741405434e-05
8687,1.583229430313082e-05
8688,1.583134119231833e-05
8689,1.5830386172255305e-05
8690,1.582942444033898e-05
8691,1.582846078207468e-05
8692,1.5827506717136515e-05
8693,1.582655169707349e-05
8694,1.5825595721108434e-05
8695,1.582463974514335e-05
8696,1.582368376917831e-05
8697,1.5822727793324276e-05
8698,1.5821770860346966e-05
8699,1.5820814884381924e-05
8700,1.5819858908416875e-05
8701,1.581890293256283e-05
8702,1.5817951726893032e-05
8703,1.5816993836126343e-05
8704,1.5816052099881794e-05
8705,1.5815105640748513e-05
8706,1.5814167665828542e-05
8707,1.5813224043204066e-05
8708,1.5812280420690605e-05
8709,1.5811323487713302e-05
8710,1.581038269327096e-05
8711,1.580943623413767e-05
8712,1.5808483123214135e-05
8713,1.5807541386969604e-05
8714,1.5806597764456133e-05
8715,1.580564560665908e-05
8716,1.5804680983722e-05
8717,1.580374018916864e-05
8718,1.580279751023371e-05
8719,1.5801851051100435e-05
8720,1.580090648400923e-05
8721,1.5799960024875943e-05
8722,1.5799011670036823e-05
8723,1.579806710294561e-05
8724,1.5797119696348012e-05
8725,1.5796175129256792e-05
8726,1.5795225825065987e-05
8727,1.5794279366043724e-05
8728,1.5793332906910426e-05
8729,1.5792385500423837e-05
8730,1.579143524599315e-05
8731,1.5790486891043003e-05
8732,1.5789539484556404e-05
8733,1.5788588278997654e-05
8734,1.5787635168074142e-05
8735,1.578668586388332e-05
8736,1.578574129679212e-05
8737,1.5784791992601306e-05
8738,1.5783848369976826e-05
8739,1.5782895259164307e-05
8740,1.5781950691962074e-05
8741,1.578100706944862e-05
8742,1.5780063446824137e-05
8743,1.5779110336011658e-05
8744,1.5778159130341852e-05
8745,1.5777208875911164e-05
8746,1.577626052107205e-05
8747,1.5775305501120062e-05
8748,1.577435048105701e-05
8749,1.5773395461105024e-05
8750,1.5772445206674306e-05
8751,1.5771494952243624e-05
8752,1.5770549439575464e-05
8753,1.576959728188941e-05
8754,1.576864512409238e-05
8755,1.576769486966167e-05
8756,1.576674366399188e-05
8757,1.5765792458322096e-05
8758,1.576484125276334e-05
8759,1.576388431989706e-05
8760,1.5762926429130346e-05
8761,1.576196949615305e-05
8762,1.576101256328677e-05
8763,1.5760064208447673e-05
8764,1.575911774931439e-05
8765,1.5758168445123556e-05
8766,1.5757222932566428e-05
8767,1.5756268867517253e-05
8768,1.5755315756704736e-05
8769,1.57543597807397e-05
8770,1.5753404760676652e-05
8771,1.5752447827810382e-05
8772,1.5751492807858376e-05
8773,1.5750537787906353e-05
8774,1.5749578938240034e-05
8775,1.574862104747332e-05
8776,1.5747664114607034e-05
8777,1.574671004955786e-05
8778,1.5745750240103707e-05
8779,1.5744797129291208e-05
8780,1.5743845923621432e-05
8781,1.57428851533803e-05
8782,1.574192342146396e-05
8783,1.574095976319967e-05
8784,1.5740005698261506e-05
8785,1.5739053540464447e-05
8786,1.5738100429540932e-05
8787,1.5737140620086808e-05
8788,1.573618750916329e-05
8789,1.5735244830228368e-05
8790,1.5734308730253048e-05
8791,1.573335466531489e-05
8792,1.573239964536288e-05
8793,1.573144462541088e-05
8794,1.5730501002786377e-05
8795,1.5729551698595565e-05
8796,1.572860713150436e-05
8797,1.5727661618836195e-05
8798,1.572672176519686e-05
8799,1.5725783790165874e-05
8800,1.5724845815245914e-05
8801,1.5723906901299326e-05
8802,1.572296892637936e-05
8803,1.57220309514594e-05
8804,1.5721092976428444e-05
8805,1.5720151240183902e-05
8806,1.5719203833697296e-05
8807,1.5718262097452748e-05
8808,1.5717314690855136e-05
8809,1.5716372954610598e-05
8810,1.5715427442053467e-05
8811,1.5714474331129942e-05
8812,1.5713522173332887e-05
8813,1.5712567153380864e-05
8814,1.571161404245735e-05
8815,1.5710661884660318e-05
8816,1.5709710678990515e-05
8817,1.57087556590385e-05
8818,1.570780445336872e-05
8819,1.5706859886277507e-05
8820,1.570591626376406e-05
8821,1.570497169656183e-05
8822,1.570401476369554e-05
8823,1.5703062605898485e-05
8824,1.5702107585946472e-05
8825,1.5701152565994466e-05
8826,1.5700197545931445e-05
8827,1.569924538813439e-05
8828,1.569830270919947e-05
8829,1.5697353405119692e-05
8830,1.5696400294196173e-05
8831,1.5695447183272645e-05
8832,1.569450072413936e-05
8833,1.5693543791273066e-05
8834,1.5692586858406812e-05
8835,1.569162992554052e-05
8836,1.5690673949575472e-05
8837,1.5689717973610417e-05
8838,1.5688763908672236e-05
8839,1.5687819341470007e-05
8840,1.5686867183672966e-05
8841,1.5685913118734792e-05
8842,1.5684960007811267e-05
8843,1.568400785001423e-05
8844,1.568305091714796e-05
8845,1.5682094941182893e-05
8846,1.568113800831662e-05
8847,1.5680182032351546e-05
8848,1.56792260563865e-05
8849,1.5678270080421435e-05
8850,1.5677319825990747e-05
8851,1.5676378089746198e-05
8852,1.5675424024808028e-05
8853,1.5674469004856022e-05
8854,1.5673517799186233e-05
8855,1.567256659351645e-05
8856,1.5671618238677364e-05
8857,1.5670667984246652e-05
8858,1.566971487343416e-05
8859,1.566876556924336e-05
8860,1.5667824774689976e-05
8861,1.566686975473796e-05
8862,1.5665919500307275e-05
8863,1.5664976821372363e-05
8864,1.5664023710448828e-05
8865,1.566306964551066e-05
8866,1.566213541681628e-05
8867,1.5661197441785304e-05
8868,1.5660254762850372e-05
8869,1.5659311140336904e-05
8870,1.5658358029413393e-05
8871,1.565740300946139e-05
8872,1.5656448944523227e-05
8873,1.565549487947404e-05
8874,1.565454081453587e-05
8875,1.5653591510345066e-05
8876,1.5652643155505956e-05
8877,1.565168909056781e-05
8878,1.5650735025629623e-05
8879,1.5649784771198945e-05
8880,1.56488326134019e-05
8881,1.564787759344988e-05
8882,1.564692828925906e-05
8883,1.5645974224320912e-05
8884,1.564502015927171e-05
8885,1.5644068001585684e-05
8886,1.564311489066218e-05
8887,1.5642160825724012e-05
8888,1.5641203892746696e-05
8889,1.564025458866692e-05
8890,1.563929956860388e-05
8891,1.5638344548651866e-05
8892,1.563738952869987e-05
8893,1.5636432595833576e-05
8894,1.5635475662856276e-05
8895,1.5634524457297523e-05
8896,1.5633569437234475e-05
8897,1.5632617279548442e-05
8898,1.563166225948542e-05
8899,1.563070723953342e-05
8900,1.5629752219581416e-05
8901,1.5628801965150707e-05
8902,1.5627856452482544e-05
8903,1.5626910939814377e-05
8904,1.5625969203569852e-05
8905,1.5625027467325293e-05
8906,1.5624084788390384e-05
8907,1.5623134533959693e-05
8908,1.562218142303616e-05
8909,1.562122640308416e-05
8910,1.562028183599295e-05
8911,1.5619342922046364e-05
8912,1.5618397409378214e-05
8913,1.561744715494751e-05
8914,1.5616503532434035e-05
8915,1.5615551374636987e-05
8916,1.561460016907822e-05
8917,1.561364801128117e-05
8918,1.5612695853484133e-05
8919,1.5611738920506817e-05
8920,1.56107867628208e-05
8921,1.5609834605023746e-05
8922,1.5608881494100214e-05
8923,1.560792838317672e-05
8924,1.5606974318238536e-05
8925,1.560603069572508e-05
8926,1.560508801667914e-05
8927,1.560414344958794e-05
8928,1.560319129179089e-05
8929,1.5602240086232136e-05
8930,1.5601286975308604e-05
8931,1.5600334817511555e-05
8932,1.5599377884645275e-05
8933,1.559842477372175e-05
8934,1.5597468797756697e-05
8935,1.559651663995964e-05
8936,1.55955730174462e-05
8937,1.559462561084856e-05
8938,1.559368669701299e-05
8939,1.5592745902459636e-05
8940,1.5591804166215094e-05
8941,1.5590865252379522e-05
8942,1.558992633843292e-05
8943,1.558897703435313e-05
8944,1.558803623979976e-05
8945,1.558709072713161e-05
8946,1.5586146160040393e-05
8947,1.558520442379585e-05
8948,1.5584266448764865e-05
8949,1.558332847384491e-05
8950,1.558239143684136e-05
8951,1.5581450642288007e-05
8952,1.5580511728452442e-05
8953,1.5579572814505848e-05
8954,1.557863296086647e-05
8955,1.5577694046919884e-05
8956,1.5576749479828667e-05
8957,1.5575803967160524e-05
8958,1.557485656067393e-05
8959,1.5573913881739e-05
8960,1.5572972145494468e-05
8961,1.557202379054435e-05
8962,1.5571076384057757e-05
8963,1.5570130871389587e-05
8964,1.556918061695889e-05
8965,1.5568230362639223e-05
8966,1.5567284849971042e-05
8967,1.556634028276882e-05
8968,1.556539477021168e-05
8969,1.55644483110784e-05
8970,1.5563503743987194e-05
8971,1.5562551586190135e-05
8972,1.5561607018987893e-05
8973,1.5560654861190838e-05
8974,1.555970270350482e-05
8975,1.555875908088033e-05
8976,1.5557804060928333e-05
8977,1.5556851903131268e-05
8978,1.5555908280506785e-05
8979,1.555495612282076e-05
8980,1.5554001102757738e-05
8981,1.5553056535666514e-05
8982,1.55521138567316e-05
8983,1.5551169289529376e-05
8984,1.5550222830507113e-05
8985,1.5549279207882637e-05
8986,1.5548335585369156e-05
8987,1.5547379609404104e-05
8988,1.5546426498480585e-05
8989,1.5545476244049904e-05
8990,1.5544525038491127e-05
8991,1.5543572880694092e-05
8992,1.5542620722897017e-05
8993,1.5541666657958864e-05
8994,1.5540722090756635e-05
8995,1.553977941182173e-05
8996,1.5538828206262962e-05
8997,1.553788741170959e-05
8998,1.553694661715622e-05
8999,1.5536003938221306e-05
9000,1.553506314366792e-05
9001,1.553412234911455e-05
9002,1.5533169238302045e-05
9003,1.5532222779168763e-05
9004,1.5531272524738064e-05
9005,1.5530327957646868e-05
9006,1.552938339044464e-05
9007,1.552843882335343e-05
9008,1.5527494256262212e-05
9009,1.5526537323284902e-05
9010,1.5525583258346746e-05
9011,1.5524630147423217e-05
9012,1.5523674171569184e-05
9013,1.5522732435213626e-05
9014,1.5521782180782928e-05
9015,1.552083097522416e-05
9016,1.5519887352599692e-05
9017,1.5518940893577415e-05
9018,1.5517987782653887e-05
9019,1.5517035624856842e-05
9020,1.55160834670598e-05
9021,1.5515130356136275e-05
9022,1.551418861989174e-05
9023,1.5513244052800533e-05
9024,1.5512287119934256e-05
9025,1.5511334009010728e-05
9026,1.5510380898087216e-05
9027,1.5509424922122164e-05
9028,1.5508481299608683e-05
9029,1.550754050505532e-05
9030,1.5506583572189047e-05
9031,1.550562663921172e-05
9032,1.5504669706345446e-05
9033,1.5503712773479183e-05
9034,1.5502765366992577e-05
9035,1.5501817960505988e-05
9036,1.5500869605555856e-05
9037,1.5499920301476063e-05
9038,1.549896814367901e-05
9039,1.5498015032755497e-05
9040,1.5497059056790434e-05
9041,1.5496115434276973e-05
9042,1.549517181165251e-05
9043,1.5494227244561277e-05
9044,1.5493282677359055e-05
9045,1.549233811026784e-05
9046,1.5491393543176645e-05
9047,1.5490437567211586e-05
9048,1.548948445628806e-05
9049,1.5488528480323005e-05
9050,1.548758674407847e-05
9051,1.5486634586281405e-05
9052,1.548568147535789e-05
9053,1.5484725499392837e-05
9054,1.5483768566526557e-05
9055,1.548281354657455e-05
9056,1.5481858526622545e-05
9057,1.5480904461573342e-05
9058,1.54799484856083e-05
9059,1.547899250964325e-05
9060,1.547803939883073e-05
9061,1.5477084378767704e-05
9062,1.547612935881569e-05
9063,1.5475174338863695e-05
9064,1.5474221227940177e-05
9065,1.5473262378273844e-05
9066,1.5472302568930736e-05
9067,1.5471345635953426e-05
9068,1.547039633187363e-05
9069,1.5469440355908578e-05
9070,1.546848342293129e-05
9071,1.546753031211878e-05
9072,1.5466572421352066e-05
9073,1.5465615488374773e-05
9074,1.546466237756229e-05
9075,1.546370926663877e-05
9076,1.546275329067369e-05
9077,1.5461798270721697e-05
9078,1.5460843250658673e-05
9079,1.5459883441204515e-05
9080,1.5458927465239476e-05
9081,1.5457970532373192e-05
9082,1.5457014556408143e-05
9083,1.5456056665641433e-05
9084,1.5455100689676368e-05
9085,1.545415043524566e-05
9086,1.5453213398242137e-05
9087,1.5452271661997575e-05
9088,1.5451314729131315e-05
9089,1.5450372050196382e-05
9090,1.544943313636082e-05
9091,1.5448486677227525e-05
9092,1.5447544940983e-05
9093,1.5446606027036392e-05
9094,1.5445661459945186e-05
9095,1.5444709302148137e-05
9096,1.5443757144351096e-05
9097,1.5442818230515524e-05
9098,1.5441873663424307e-05
9099,1.5440932868870945e-05
9100,1.5439982614440243e-05
9101,1.5439038047237994e-05
9102,1.5438083982299844e-05
9103,1.543713467810903e-05
9104,1.5436178702254992e-05
9105,1.5435224637205803e-05
9106,1.5434270572267657e-05
9107,1.5433316507329493e-05
9108,1.5432360531364434e-05
9109,1.543140551141243e-05
9110,1.543046094421019e-05
9111,1.542950973865142e-05
9112,1.542855758085438e-05
9113,1.542760446993085e-05
9114,1.5426650404992685e-05
9115,1.5425697294069164e-05
9116,1.5424743229131004e-05
9117,1.5423790118207496e-05
9118,1.5422837007283967e-05
9119,1.5421882942345804e-05
9120,1.5420928877407657e-05
9121,1.5419973857455628e-05
9122,1.541902929025342e-05
9123,1.5418080935414302e-05
9124,1.5417135422746135e-05
9125,1.541618991018901e-05
9126,1.5415235845139825e-05
9127,1.541428178020166e-05
9128,1.5413328669278144e-05
9129,1.541237460433998e-05
9130,1.5411419584387968e-05
9131,1.541046456443594e-05
9132,1.5409510499386776e-05
9133,1.5408554523421703e-05
9134,1.5407598547456665e-05
9135,1.5406644482518498e-05
9136,1.5405688506553442e-05
9137,1.5404732530588376e-05
9138,1.5403774639821677e-05
9139,1.5402819619869678e-05
9140,1.54018636439046e-05
9141,1.5400905753137895e-05
9142,1.5399947862371196e-05
9143,1.539899188640614e-05
9144,1.5398035910441095e-05
9145,1.539707993447602e-05
9146,1.5396123958510977e-05
9147,1.53951670256447e-05
9148,1.5394213914721184e-05
9149,1.5393259849783018e-05
9150,1.539230578484484e-05
9151,1.5391348851867548e-05
9152,1.5390396694181515e-05
9153,1.5389445488511743e-05
9154,1.5388498082025147e-05
9155,1.538753731178398e-05
9156,1.53865794210173e-05
9157,1.5385622488151007e-05
9158,1.5384667468087986e-05
9159,1.5383712448135956e-05
9160,1.5382754557369264e-05
9161,1.5381799537417248e-05
9162,1.5380843561452192e-05
9163,1.5379888541389164e-05
9164,1.537893160852289e-05
9165,1.5377974675656596e-05
9166,1.5377020610718443e-05
9167,1.537606845292138e-05
9168,1.5375120098082284e-05
9169,1.5374169843651593e-05
9170,1.5373218637981807e-05
9171,1.537227123149521e-05
9172,1.537131812057168e-05
9173,1.5370367866141002e-05
9174,1.5369420459654396e-05
9175,1.536847115546358e-05
9176,1.5367523748976975e-05
9177,1.536657823630883e-05
9178,1.5365630829822223e-05
9179,1.5364687207308783e-05
9180,1.5363736952878085e-05
9181,1.5362786698447373e-05
9182,1.5361835492777583e-05
9183,1.5360888086290988e-05
9184,1.53599378318603e-05
9185,1.5358987577429585e-05
9186,1.5358036371759816e-05
9187,1.5357086117440136e-05
9188,1.535613586300943e-05
9189,1.5355188456411817e-05
9190,1.535423820198112e-05
9191,1.535328794766144e-05
9192,1.535233292759841e-05
9193,1.5351380769801373e-05
9194,1.5350428612004318e-05
9195,1.5349476454318268e-05
9196,1.534852334339475e-05
9197,1.534756161147844e-05
9198,1.534660084123729e-05
9199,1.5345645821285274e-05
9200,1.5344689845320232e-05
9201,1.5343733869355166e-05
9202,1.534277789339011e-05
9203,1.534182191742505e-05
9204,1.534086785248689e-05
9205,1.5339919497536766e-05
9206,1.5338976818601844e-05
9207,1.5338032251510644e-05
9208,1.5337083896671547e-05
9209,1.533613838400338e-05
9210,1.533519002916427e-05
9211,1.533424167432517e-05
9212,1.5333294267727556e-05
9213,1.533234875517043e-05
9214,1.5331403242502265e-05
9215,1.5330458675300023e-05
9216,1.5329511268813424e-05
9217,1.532856386232685e-05
9218,1.5327615507487732e-05
9219,1.532667188486326e-05
9220,1.532571590889819e-05
9221,1.5324764703339443e-05
9222,1.532380777047316e-05
9223,1.532285179450811e-05
9224,1.53218977294589e-05
9225,1.5320940796592627e-05
9226,1.5319980026351494e-05
9227,1.531903356732923e-05
9228,1.531809183108467e-05
9229,1.5317142526893858e-05
9230,1.531619984795896e-05
9231,1.5315253388825677e-05
9232,1.5314310709890765e-05
9233,1.531336045546005e-05
9234,1.531241210062096e-05
9235,1.5311464694134368e-05
9236,1.5310521071509882e-05
9237,1.5309572716670765e-05
9238,1.5308625310184166e-05
9239,1.5307674104514394e-05
9240,1.5306724800323565e-05
9241,1.5305781177810115e-05
9242,1.5304831873619297e-05
9243,1.5303887306528103e-05
9244,1.530293895157797e-05
9245,1.5301991545091372e-05
9246,1.530104413860477e-05
9247,1.5300101459669858e-05
9248,1.5299155000536573e-05
9249,1.529821043344537e-05
9250,1.529726681082088e-05
9251,1.5296323188307426e-05
9252,1.529537862121622e-05
9253,1.5294434998591743e-05
9254,1.529349043150051e-05
9255,1.5292535411548507e-05
9256,1.529158134649933e-05
9257,1.529062632654731e-05
9258,1.5289671306595303e-05
9259,1.5288716286643297e-05
9260,1.5287761266580255e-05
9261,1.5286807201642095e-05
9262,1.528585313670393e-05
9263,1.528489811675194e-05
9264,1.5283943096688905e-05
9265,1.5282989031750728e-05
9266,1.528203401179873e-05
9267,1.528107994686055e-05
9268,1.5280124926797523e-05
9269,1.5279167036030824e-05
9270,1.5278212016078818e-05
9271,1.527726176164811e-05
9272,1.5276312457457312e-05
9273,1.5275364102618212e-05
9274,1.5274409082666193e-05
9275,1.5273455971742684e-05
9276,1.5272504766072892e-05
9277,1.5271546875306186e-05
9278,1.527059185535419e-05
9279,1.526963587938912e-05
9280,1.5268686575198306e-05
9281,1.5267739168711707e-05
9282,1.526679931496132e-05
9283,1.526585285593908e-05
9284,1.5264904500988947e-05
9285,1.5263956146149834e-05
9286,1.5263005891719132e-05
9287,1.526205468616038e-05
9288,1.526110727956276e-05
9289,1.5260157025132066e-05
9290,1.5259212458040846e-05
9291,1.5258265998907573e-05
9292,1.5257315744476871e-05
9293,1.5256371177385649e-05
9294,1.5255425664717482e-05
9295,1.5254478258230904e-05
9296,1.525352800380021e-05
9297,1.5252577749369502e-05
9298,1.525162844517868e-05
9299,1.5250676287381649e-05
9300,1.5249724129695597e-05
9301,1.5248771971898553e-05
9302,1.5247818860975044e-05
9303,1.5246858090733888e-05
9304,1.5245897320492745e-05
9305,1.5244944209680264e-05
9306,1.5243990144631083e-05
9307,1.5243035124679057e-05
9308,1.5242082013755536e-05
9309,1.5241122204412429e-05
9310,1.5240167184349394e-05
9311,1.5239214073536896e-05
9312,1.5238260008487709e-05
9313,1.5237306897675206e-05
9314,1.5236354739878158e-05
9315,1.523539971981514e-05
9316,1.5234444699863127e-05
9317,1.5233492542066086e-05
9318,1.5232540384269026e-05
9319,1.523158631933087e-05
9320,1.5230632254392695e-05
9321,1.5229678189454542e-05
9322,1.5228724124405334e-05
9323,1.5227770059467193e-05
9324,1.5226818853908412e-05
9325,1.5225860963141723e-05
9326,1.5224913556544104e-05
9327,1.5223969934030646e-05
9328,1.5223020629839825e-05
9329,1.522206656490165e-05
9330,1.5221114407104598e-05
9331,1.5220159387152587e-05
9332,1.5219208181482801e-05
9333,1.5218249331816479e-05
9334,1.5217287599900148e-05
9335,1.5216333534961997e-05
9336,1.5215392740408616e-05
9337,1.5214436764443567e-05
9338,1.521350253574915e-05
9339,1.5212563621913587e-05
9340,1.5211622827360225e-05
9341,1.52106801484253e-05
9342,1.520973652591183e-05
9343,1.5208792903287372e-05
9344,1.520784833619616e-05
9345,1.5206906599951614e-05
9346,1.5205968624920631e-05
9347,1.5205025945985705e-05
9348,1.520407759114661e-05
9349,1.5203134912211699e-05
9350,1.5202188453078408e-05
9351,1.520124199405615e-05
9352,1.520029363910603e-05
9353,1.5199350016592556e-05
9354,1.5198407337657656e-05
9355,1.5197463715033166e-05
9356,1.5196519147941958e-05
9357,1.5195573635273794e-05
9358,1.5194630956338884e-05
9359,1.5193686389247664e-05
9360,1.5192734231450619e-05
9361,1.5191783977019924e-05
9362,1.5190835622180819e-05
9363,1.5189893885936277e-05
9364,1.5188951207001367e-05
9365,1.518800285205123e-05
9366,1.5187052597620536e-05
9367,1.5186104242781433e-05
9368,1.5185155887942325e-05
9369,1.5184203730145278e-05
9370,1.5183259163054076e-05
9371,1.5182317426698499e-05
9372,1.5181367172378831e-05
9373,1.5180421659710668e-05
9374,1.5179474253224072e-05
9375,1.5178523998793374e-05
9376,1.5177568978730346e-05
9377,1.5176613002765287e-05
9378,1.517565893782713e-05
9379,1.5174704872888967e-05
9380,1.5173752715091923e-05
9381,1.5172800557294853e-05
9382,1.5171848399497817e-05
9383,1.5170896241700768e-05
9384,1.5169944084014739e-05
9385,1.5168991926217687e-05
9386,1.51680378611685e-05
9387,1.5167084750355999e-05
9388,1.5166132592558935e-05
9389,1.516517757249591e-05
9390,1.5164220639629633e-05
9391,1.516326657469146e-05
9392,1.5162306765237337e-05
9393,1.516134983237104e-05
9394,1.5160395767432895e-05
9395,1.5159441702494726e-05
9396,1.5158480932253589e-05
9397,1.5157527821330063e-05
9398,1.5156568971663743e-05
9399,1.515560627707303e-05
9400,1.5154651257121022e-05
9401,1.515369814619748e-05
9402,1.5152744081259322e-05
9403,1.5151782349231969e-05
9404,1.5150822539888867e-05
9405,1.5149869428965344e-05
9406,1.5148921074126241e-05
9407,1.5147982160179665e-05
9408,1.5147041365626267e-05
9409,1.5146092061546498e-05
9410,1.5145145602413201e-05
9411,1.5144196298222402e-05
9412,1.5143241278270382e-05
9413,1.5142286258318363e-05
9414,1.5141334100521313e-05
9415,1.5140382894851539e-05
9416,1.513943073705449e-05
9417,1.5138480482623786e-05
9418,1.5137524506658737e-05
9419,1.513656757379244e-05
9420,1.5135625837547897e-05
9421,1.5134679378414617e-05
9422,1.5133730074223818e-05
9423,1.5132777916537763e-05
9424,1.513182575874072e-05
9425,1.5130873600943673e-05
9426,1.5129919536005503e-05
9427,1.5128966425081996e-05
9428,1.5128014267284946e-05
9429,1.5127055417618593e-05
9430,1.5126099441653551e-05
9431,1.51251434656885e-05
9432,1.512418748972345e-05
9433,1.512324197716631e-05
9434,1.5122292672975502e-05
9435,1.5121341467305713e-05
9436,1.5120391212875001e-05
9437,1.5119440007316251e-05
9438,1.511849260071862e-05
9439,1.5117538535780473e-05
9440,1.5116600560860496e-05
9441,1.511566633216609e-05
9442,1.5114721765074895e-05
9443,1.5113768654151363e-05
9444,1.5112818399720665e-05
9445,1.5111865288797148e-05
9446,1.5110918829663878e-05
9447,1.510996380971186e-05
9448,1.5109008789759841e-05
9449,1.5108053769807832e-05
9450,1.5107098749744794e-05
9451,1.5106144684806656e-05
9452,1.5105195380615842e-05
9453,1.5104244175057064e-05
9454,1.5103291064133542e-05
9455,1.5102349327889007e-05
9456,1.5101394307825972e-05
9457,1.5100439287873976e-05
9458,1.5099483311908924e-05
9459,1.5098533057478226e-05
9460,1.5097578037526213e-05
9461,1.5096627783095493e-05
9462,1.5095676577425726e-05
9463,1.5094722512487562e-05
9464,1.5093768447549402e-05
9465,1.5092818193118692e-05
9466,1.5091868888927879e-05
9467,1.5090918634497187e-05
9468,1.5089969330417388e-05
9469,1.5089020975467276e-05
9470,1.5088070721036583e-05
9471,1.5087124262014318e-05
9472,1.5086174957823486e-05
9473,1.5085224703392788e-05
9474,1.5084282967148253e-05
9475,1.5083329856224745e-05
9476,1.5082373880259672e-05
9477,1.5081421722462629e-05
9478,1.5080479043527729e-05
9479,1.5079525932604209e-05
9480,1.5078573774918166e-05
9481,1.5077617798953108e-05
9482,1.5076664688029587e-05
9483,1.5075711577106077e-05
9484,1.5074759419309028e-05
9485,1.507380726151197e-05
9486,1.507285890667286e-05
9487,1.5071912447539578e-05
9488,1.5070971653097223e-05
9489,1.5070033678066244e-05
9490,1.5069095703146284e-05
9491,1.5068155849395926e-05
9492,1.5067218812392366e-05
9493,1.5066281775388832e-05
9494,1.5065340980835444e-05
9495,1.5064405817000201e-05
9496,1.506346877999666e-05
9497,1.5062534551413273e-05
9498,1.5061596576382284e-05
9499,1.5060659539378752e-05
9500,1.5059721564458783e-05
9501,1.505878076990542e-05
9502,1.5057836202814203e-05
9503,1.505689916581066e-05
9504,1.5055955543186172e-05
9505,1.5055012864251259e-05
9506,1.5054071128006705e-05
9507,1.5053117063068547e-05
9508,1.5052168708229455e-05
9509,1.505122130174285e-05
9510,1.5050274842609578e-05
9511,1.5049327436122974e-05
9512,1.5048378131932159e-05
9513,1.5047433564729937e-05
9514,1.504648140704389e-05
9515,1.5045538728108992e-05
9516,1.5044586570311923e-05
9517,1.5043635364642158e-05
9518,1.5042681299703978e-05
9519,1.5041729141906944e-05
9520,1.5040782682773658e-05
9521,1.5039830524976606e-05
9522,1.5038880270545896e-05
9523,1.5037937591610994e-05
9524,1.5036987337180287e-05
9525,1.5036035179383235e-05
9526,1.5035083973824474e-05
9527,1.5034132768154691e-05
9528,1.503318156259593e-05
9529,1.5032233207645807e-05
9530,1.5031286748623532e-05
9531,1.5030344069688622e-05
9532,1.502939286401883e-05
9533,1.502844260958813e-05
9534,1.5027496150454843e-05
9535,1.5026554414210294e-05
9536,1.5025612677965769e-05
9537,1.5024669999030854e-05
9538,1.5023729204477471e-05
9539,1.5022786525542571e-05
9540,1.5021843846607652e-05
9541,1.5020901167672747e-05
9542,1.5019958488737836e-05
9543,1.5019009184547023e-05
9544,1.5018057026749953e-05
9545,1.5017105821191193e-05
9546,1.5016154615521419e-05
9547,1.5015200550583264e-05
9548,1.5014246485645092e-05
9549,1.5013292420595901e-05
9550,1.5012341215037151e-05
9551,1.5011387150098974e-05
9552,1.501042830043264e-05
9553,1.5009477094762858e-05
9554,1.5008526840332171e-05
9555,1.5007574682535097e-05
9556,1.5006632946290554e-05
9557,1.5005678881352416e-05
9558,1.5004728626921692e-05
9559,1.5003775515998189e-05
9560,1.50028262119184e-05
9561,1.500188164471617e-05
9562,1.5000934238229557e-05
9563,1.4999983032559791e-05
9564,1.4999031827001026e-05
9565,1.4998080621331235e-05
9566,1.4997131317140434e-05
9567,1.499617915934336e-05
9568,1.499522700165734e-05
9569,1.4994271981594306e-05
9570,1.4993321727163614e-05
9571,1.4992372423083829e-05
9572,1.4991422168653132e-05
9573,1.499047476205551e-05
9574,1.498952260425845e-05
9575,1.49885713986997e-05
9576,1.4987620193029903e-05
9577,1.4986664217064846e-05
9578,1.4985712059267809e-05
9579,1.4984760853709044e-05
9580,1.4983808695911977e-05
9581,1.498285653811494e-05
9582,1.4981909131628337e-05
9583,1.4980960776789232e-05
9584,1.4980004800824174e-05
9585,1.4979048824859117e-05
9586,1.4978092848894073e-05
9587,1.4977140691097011e-05
9588,1.497618471513195e-05
9589,1.4975228739166908e-05
9590,1.4974277533497116e-05
9591,1.4973321557532053e-05
9592,1.4972379821287528e-05
9593,1.4971424801335519e-05
9594,1.4970468825370458e-05
9595,1.4969512849405389e-05
9596,1.4968555916539125e-05
9597,1.496759994057407e-05
9598,1.4966643964609005e-05
9599,1.4965687988643946e-05
9600,1.4964732968691936e-05
9601,1.4963786509558649e-05
9602,1.4962834351761607e-05
9603,1.4961883146202847e-05
9604,1.4960930988405785e-05
9605,1.4959978830608738e-05
9606,1.4959023810656714e-05
9607,1.4958076404059118e-05
9608,1.4957133725124198e-05
9609,1.495619104618929e-05
9610,1.4955248367254365e-05
9611,1.4954305688319451e-05
9612,1.4953363009384544e-05
9613,1.495241938687108e-05
9614,1.4951473874202939e-05
9615,1.4950520763279414e-05
9616,1.4949567652355885e-05
9617,1.494861263240387e-05
9618,1.4947659521480373e-05
9619,1.4946707363683318e-05
9620,1.494575520588625e-05
9621,1.4944800185934253e-05
9622,1.4943857506999324e-05
9623,1.4942905349202274e-05
9624,1.494195319140523e-05
9625,1.4941001033608171e-05
9626,1.4940048875922147e-05
9627,1.4939093855859129e-05
9628,1.493814928876792e-05
9629,1.4937206609832996e-05
9630,1.4936263930898094e-05
9631,1.4935309865959918e-05
9632,1.4934354845896896e-05
9633,1.4933401735084393e-05
9634,1.4932449577287342e-05
9635,1.4931496466363817e-05
9636,1.4930543355440313e-05
9637,1.4929590244516798e-05
9638,1.4928640940437008e-05
9639,1.4927686875387807e-05
9640,1.4926732810449643e-05
9641,1.4925778745511483e-05
9642,1.492482468057333e-05
9643,1.492387061552413e-05
9644,1.4922918457838108e-05
9645,1.4921964392788924e-05
9646,1.4921011281976425e-05
9647,1.4920055306011379e-05
9648,1.4919107899413754e-05
9649,1.491815574172773e-05
9650,1.4917203583930677e-05
9651,1.4916247607965614e-05
9652,1.4915286837724463e-05
9653,1.4914333726800968e-05
9654,1.491337775083589e-05
9655,1.4912420817969627e-05
9656,1.4911464842004568e-05
9657,1.491050982205254e-05
9658,1.4909550972386228e-05
9659,1.4908605459718057e-05
9660,1.4907648526851792e-05
9661,1.490669350689978e-05
9662,1.4905735616133068e-05
9663,1.4904781551194905e-05
9664,1.4903828440271388e-05
9665,1.4902872464306334e-05
9666,1.4901921258636536e-05
9667,1.4900966238684539e-05
9668,1.4900009305818253e-05
9669,1.4899054285866244e-05
9670,1.4898102128069187e-05
9671,1.4897148063020017e-05
9672,1.4896192087054958e-05
9673,1.489523611120091e-05
9674,1.489428204615173e-05
9675,1.4893327026199724e-05
9676,1.4892372006247717e-05
9677,1.489141315658139e-05
9678,1.4890458136629365e-05
9679,1.4889502160664312e-05
9680,1.4888548095726139e-05
9681,1.4887592119761092e-05
9682,1.4886636143796044e-05
9683,1.488568303287252e-05
9684,1.48847280129205e-05
9685,1.48837919129452e-05
9686,1.488283689299318e-05
9687,1.4881885687323412e-05
9688,1.4880934481653618e-05
9689,1.4879983276094867e-05
9690,1.4879033021664151e-05
9691,1.4878078956725983e-05
9692,1.4877126798928938e-05
9693,1.4876183176304455e-05
9694,1.4875228156352442e-05
9695,1.4874274091414279e-05
9696,1.4873322885744512e-05
9697,1.4872373581553693e-05
9698,1.4871421423867662e-05
9699,1.4870479687512102e-05
9700,1.4869525622573931e-05
9701,1.486858388632939e-05
9702,1.4867645911409423e-05
9703,1.486669660721861e-05
9704,1.4865756753468252e-05
9705,1.4864807449277435e-05
9706,1.4863855291480389e-05
9707,1.4862908832458109e-05
9708,1.4861959528267309e-05
9709,1.4861021553236332e-05
9710,1.4860076986145106e-05
9711,1.4859133363631642e-05
9712,1.4858183109200942e-05
9713,1.4857231903531165e-05
9714,1.485629580355584e-05
9715,1.485535218104238e-05
9716,1.485440666837422e-05
9717,1.4853465873820864e-05
9718,1.4852527898900897e-05
9719,1.4851590861897359e-05
9720,1.4850648182962457e-05
9721,1.4849703615871247e-05
9722,1.4848751458074185e-05
9723,1.4847807835449698e-05
9724,1.4846861376427437e-05
9725,1.4845916809225191e-05
9726,1.484496083326015e-05
9727,1.4844017210746697e-05
9728,1.4843067906555882e-05
9729,1.4842124284042418e-05
9730,1.4841180661417923e-05
9731,1.484023230657882e-05
9732,1.4839277286626814e-05
9733,1.4838325128829754e-05
9734,1.483737106378059e-05
9735,1.4836416043828581e-05
9736,1.4835461978890416e-05
9737,1.4834507913952232e-05
9738,1.4833552894000233e-05
9739,1.4832597873937208e-05
9740,1.4831642853985189e-05
9741,1.4830688789047019e-05
9742,1.4829734724108879e-05
9743,1.4828787317511244e-05
9744,1.482783801343145e-05
9745,1.4826896277075886e-05
9746,1.4825948870589302e-05
9747,1.4824999566398484e-05
9748,1.4824059712759128e-05
9749,1.4823123612783819e-05
9750,1.4822181876539265e-05
9751,1.4821230670869486e-05
9752,1.4820279465199699e-05
9753,1.4819329210769007e-05
9754,1.4818378005210242e-05
9755,1.4817435326275335e-05
9756,1.4816495472524954e-05
9757,1.4815549959856787e-05
9758,1.4814603500723497e-05
9759,1.4813659878210038e-05
9760,1.4812707720413001e-05
9761,1.4811761261279694e-05
9762,1.4810805285314643e-05
9763,1.4809851220376476e-05
9764,1.4808898109452948e-05
9765,1.4807945951766937e-05
9766,1.4806993793969877e-05
9767,1.4806043539539179e-05
9768,1.4805090428615665e-05
9769,1.480414112442484e-05
9770,1.4803180354183706e-05
9771,1.4802226289245553e-05
9772,1.4801273178322036e-05
9773,1.4800322924002353e-05
9774,1.479936981307884e-05
9775,1.4798417655281787e-05
9776,1.479746549748473e-05
9777,1.4796514291814956e-05
9778,1.4795562134017904e-05
9779,1.4794609976331875e-05
9780,1.4793654956268823e-05
9781,1.4792700891330676e-05
9782,1.4791753484844066e-05
9783,1.4790804180653261e-05
9784,1.478985487646246e-05
9785,1.4788906521623348e-05
9786,1.47879543638263e-05
9787,1.4787000298888141e-05
9788,1.47860471879646e-05
9789,1.4785093123026453e-05
9790,1.4784138103074437e-05
9791,1.4783185945277382e-05
9792,1.478223948614409e-05
9793,1.4781285421205935e-05
9794,1.4780331356267763e-05
9795,1.477937538030273e-05
9796,1.4778421315253526e-05
9797,1.4777467250315361e-05
9798,1.477651413950288e-05
9799,1.4775559119439837e-05
9800,1.4774614552348629e-05
9801,1.4773665248157817e-05
9802,1.4772711183219662e-05
9803,1.4771757118281499e-05
9804,1.4770807814090687e-05
9805,1.4769856608420885e-05
9806,1.4768904450623831e-05
9807,1.4767944641169709e-05
9808,1.4766991530357208e-05
9809,1.476603651029418e-05
9810,1.4765083399481679e-05
9811,1.4764123590027541e-05
9812,1.4763163780573419e-05
9813,1.476220397111927e-05
9814,1.476124799515421e-05
9815,1.4760294884230687e-05
9816,1.4759339864278682e-05
9817,1.4758384844326669e-05
9818,1.475742886836161e-05
9819,1.4756470977594907e-05
9820,1.4755516912656759e-05
9821,1.475456093669169e-05
9822,1.4753604960726649e-05
9823,1.4752652802929592e-05
9824,1.4751700645132524e-05
9825,1.4750746580194377e-05
9826,1.4749794422397334e-05
9827,1.4748843216727538e-05
9828,1.4747892962296838e-05
9829,1.4746941756738068e-05
9830,1.4745991502307364e-05
9831,1.4745040296637587e-05
9832,1.4744082405870893e-05
9833,1.4743121635629751e-05
9834,1.474216661567772e-05
9835,1.4741212550739579e-05
9836,1.474026039294252e-05
9837,1.4739306328004362e-05
9838,1.4738357023813544e-05
9839,1.4737409617326936e-05
9840,1.4736462210729327e-05
9841,1.4735514804242738e-05
9842,1.473456644940364e-05
9843,1.4733618094564525e-05
9844,1.4732670688077938e-05
9845,1.47317223331278e-05
9846,1.4730773978288703e-05
9847,1.472981991335054e-05
9848,1.4728867755553484e-05
9849,1.4727916549883708e-05
9850,1.4726966295453e-05
9851,1.4726015089894237e-05
9852,1.4725063884224461e-05
9853,1.4724104074770305e-05
9854,1.47231490548183e-05
9855,1.472219594389478e-05
9856,1.4721241878956617e-05
9857,1.4720286859004625e-05
9858,1.4719330883039566e-05
9859,1.4718374907074517e-05
9860,1.4717422749277442e-05
9861,1.4716470591480392e-05
9862,1.4715518433683362e-05
9863,1.4714566275886302e-05
9864,1.4713618869399715e-05
9865,1.4712671462913109e-05
9866,1.4711724056426522e-05
9867,1.4710776649828889e-05
9868,1.4709829243342298e-05
9869,1.4708879939151482e-05
9870,1.4707932532664898e-05
9871,1.4706987019996723e-05
9872,1.4706041507439605e-05
9873,1.4705093152489478e-05
9874,1.4704142898169799e-05
9875,1.4703188833120613e-05
9876,1.4702236675323551e-05
9877,1.4701277825768253e-05
9878,1.4700318016314095e-05
9879,1.469936585851705e-05
9880,1.4698408925650771e-05
9881,1.4697456767853723e-05
9882,1.4696503656930203e-05
9883,1.4695557197796909e-05
9884,1.469461357528346e-05
9885,1.4693670896348541e-05
9886,1.4692731982512983e-05
9887,1.4691785523379696e-05
9888,1.4690838116893092e-05
9889,1.4689888812702267e-05
9890,1.4688948018148908e-05
9891,1.4688003451057693e-05
9892,1.4687058883855472e-05
9893,1.4686112424833187e-05
9894,1.4685165965699904e-05
9895,1.4684217610860814e-05
9896,1.4683273988236328e-05
9897,1.468233225199179e-05
9898,1.4681382947800973e-05
9899,1.4680434592961868e-05
9900,1.4679490970448402e-05
9901,1.4678541666257606e-05
9902,1.4677595207124295e-05
9903,1.4676652528189392e-05
9904,1.4675707015521226e-05
9905,1.4674762448430015e-05
9906,1.4673820712185473e-05
9907,1.467287140799466e-05
9908,1.4671927785370183e-05
9909,1.46709803788836e-05
9910,1.467003107469279e-05
9911,1.4669078917006749e-05
9912,1.4668126759209704e-05
9913,1.4667172694160515e-05
9914,1.466622148860174e-05
9915,1.4665269330804708e-05
9916,1.4664318125134919e-05
9917,1.4663366919576152e-05
9918,1.466241476177909e-05
9919,1.4661462603982048e-05
9920,1.4660510446184981e-05
9921,1.465955828838793e-05
9922,1.4658605177464433e-05
9923,1.465765111252626e-05
9924,1.4656696092574263e-05
9925,1.4655742027636087e-05
9926,1.4654788916712566e-05
9927,1.4653836758915507e-05
9928,1.4652883647991997e-05
9929,1.4651930537068472e-05
9930,1.4650979331509705e-05
9931,1.4650024311557704e-05
9932,1.4649066420679976e-05
9933,1.4648126567040608e-05
9934,1.4647180107907321e-05
9935,1.4646231753068239e-05
9936,1.4645289074133327e-05
9937,1.4644335963209812e-05
9938,1.464338189827163e-05
9939,1.4642429740474576e-05
9940,1.4641476629551056e-05
9941,1.4640524471754001e-05
9942,1.4639571360830481e-05
9943,1.4638617295892318e-05
9944,1.4637660363026057e-05
9945,1.463670915735627e-05
9946,1.4635759853165465e-05
9947,1.4634810549085655e-05
9948,1.4633861244894857e-05
9949,1.4632920450341483e-05
9950,1.4631973991208195e-05
9951,1.4631029424116973e-05
9952,1.463008485702576e-05
9953,1.462913839789247e-05
9954,1.4628190043053373e-05
9955,1.4627239788622678e-05
9956,1.462628763082564e-05
9957,1.4625339275986528e-05
9958,1.4624389021555837e-05
9959,1.4623438767125125e-05
9960,1.4622486609328076e-05
9961,1.4621536354897375e-05
9962,1.4620586100466692e-05
9963,1.4619633942669623e-05
9964,1.4618681784872576e-05
9965,1.4617732480681758e-05
9966,1.4616782226251075e-05
9967,1.4615833871411955e-05
9968,1.461488361698126e-05
9969,1.4613934312901469e-05
9970,1.4612984058470791e-05
9971,1.4612033804040081e-05
9972,1.4611083549609376e-05
9973,1.4610125658842688e-05
9974,1.4609167767964934e-05
9975,1.4608210835098679e-05
9976,1.4607257724286183e-05
9977,1.4606303659236985e-05
9978,1.4605351501439944e-05
9979,1.4604394568573657e-05
9980,1.4603433798332498e-05
9981,1.4602476865466236e-05
9982,1.460152375454272e-05
9983,1.4600570643730227e-05
9984,1.4599612752963517e-05
9985,1.4598659642039987e-05
9986,1.4597701751273278e-05
9987,1.4596751496842588e-05
9988,1.4595801242411878e-05
9989,1.459484813148838e-05
9990,1.4593895973691314e-05
9991,1.4592943815894274e-05
9992,1.4592005840974308e-05
9993,1.4591065987223916e-05
9994,1.4590124250979374e-05
9995,1.4589167318113117e-05
9996,1.4588225581868555e-05
9997,1.4587274376198771e-05
9998,1.4586317443332504e-05
9999,1.4585365285535442e-05
10000,1.4584406435869101e-05
10001,1.4583457131678294e-05
10002,1.4582496361548169e-05
10003,1.458153559130705e-05
10004,1.4580582480383523e-05
10005,1.4579629369459989e-05
10006,1.4578678163901232e-05
10007,1.4577727909470546e-05
10008,1.457677670380076e-05
10009,1.4575826449370052e-05
10010,1.4574875243811285e-05
10011,1.4573924038141516e-05
10012,1.4572968062176459e-05
10013,1.4572027267623088e-05
10014,1.4571087413872708e-05
10015,1.457014850003714e-05
10016,1.4569207705483747e-05
10017,1.4568261246461482e-05
10018,1.4567316679259267e-05
10019,1.4566374943014705e-05
10020,1.4565430375923498e-05
10021,1.456448863967897e-05
10022,1.4563548785928577e-05
10023,1.4562609871981989e-05
10024,1.456167001834262e-05
10025,1.4560729223789263e-05
10026,1.455978748754471e-05
10027,1.4558841974876552e-05
10028,1.4557900238632019e-05
10029,1.4556959444078653e-05
10030,1.4556018649525262e-05
10031,1.4555071243038684e-05
10032,1.4554122888199577e-05
10033,1.4553174533360459e-05
10034,1.4552224278929776e-05
10035,1.455127212113273e-05
10036,1.4550321866702029e-05
10037,1.4549370661032245e-05
10038,1.4548419455473476e-05
10039,1.4547468249803689e-05
10040,1.4546517044133903e-05
10041,1.45455667897032e-05
10042,1.4544615584144433e-05
10043,1.4543666279953626e-05
10044,1.4542711260001629e-05
10045,1.4541753369234908e-05
10046,1.4540799304185725e-05
10047,1.4539844284233728e-05
10048,1.453889117331021e-05
10049,1.4537938062497695e-05
10050,1.4536982086532648e-05
10051,1.453602897560912e-05
10052,1.45350701259428e-05
10053,1.4534117015019283e-05
10054,1.453316485722223e-05
10055,1.4532213651663455e-05
10056,1.453126244599369e-05
10057,1.4530311240434922e-05
10058,1.4529360034765116e-05
10059,1.452840882909534e-05
10060,1.4527455718282848e-05
10061,1.4526501653233657e-05
10062,1.4525548542421158e-05
10063,1.4524595431497651e-05
10064,1.4523635622043495e-05
10065,1.4522682511119977e-05
10066,1.452174171656662e-05
10067,1.4520802802731058e-05
10068,1.4519860123796125e-05
10069,1.4518913664662854e-05
10070,1.4517971928418295e-05
10071,1.4517023573579212e-05
10072,1.4516064723912874e-05
10073,1.4515118264890591e-05
10074,1.4514170858292977e-05
10075,1.4513213925426693e-05
10076,1.4512261767629655e-05
10077,1.451131246343883e-05
10078,1.4510360305641798e-05
10079,1.45094071948293e-05
10080,1.4508453129891134e-05
10081,1.4507500018967617e-05
10082,1.4506548813297831e-05
10083,1.4505593793345829e-05
10084,1.4504634943679477e-05
10085,1.4503681832755978e-05
10086,1.4502726812803963e-05
10087,1.4501772747865795e-05
10088,1.450081963694227e-05
10089,1.449986174617557e-05
10090,1.4498904813309281e-05
10091,1.4497947880443004e-05
10092,1.4497008966496418e-05
10093,1.4496060611657322e-05
10094,1.4495111307466512e-05
10095,1.449415819654298e-05
10096,1.4493209841703873e-05
10097,1.4492253865738831e-05
10098,1.4491304561548018e-05
10099,1.4490354307228328e-05
10100,1.4489401196304815e-05
10101,1.448844808538129e-05
10102,1.448749687971151e-05
10103,1.4486544722025494e-05
10104,1.448559351635569e-05
10105,1.4484659287661291e-05
10106,1.4483723187685992e-05
10107,1.4482788958991584e-05
10108,1.4481848164438213e-05
10109,1.4480911127545676e-05
10110,1.4479971273795304e-05
10111,1.4479031420044922e-05
10112,1.4478090625491533e-05
10113,1.4477150771741157e-05
10114,1.4476201467661381e-05
10115,1.4475260673108005e-05
10116,1.4474307562184489e-05
10117,1.4473367708434095e-05
10118,1.4472415550637057e-05
10119,1.4471466246557253e-05
10120,1.4470522623932783e-05
10121,1.446957900141933e-05
10122,1.4468625890495804e-05
10123,1.4467675636065096e-05
10124,1.446672347826805e-05
10125,1.4465772272598255e-05
10126,1.446482106703949e-05
10127,1.4463875554371353e-05
10128,1.4462925299940642e-05
10129,1.446197599574983e-05
10130,1.4461030483192689e-05
10131,1.4460088746837135e-05
10132,1.4459140391998038e-05
10133,1.4458190137567333e-05
10134,1.4457246515053859e-05
10135,1.445629626062316e-05
10136,1.4455355466069802e-05
10137,1.4454409953401627e-05
10138,1.4453459698970949e-05
10139,1.445250944454024e-05
10140,1.4451563931983096e-05
10141,1.445061082105959e-05
10142,1.4449657710136076e-05
10143,1.4448707455705362e-05
10144,1.4447757201274666e-05
10145,1.4446804090462176e-05
10146,1.444584619958445e-05
10147,1.4444888308817747e-05
10148,1.4443938054387047e-05
10149,1.444299348729584e-05
10150,1.4442043232865133e-05
10151,1.4441093928674318e-05
10152,1.444014272311556e-05
10153,1.4439194368165428e-05
10154,1.4438245064085649e-05
10155,1.4437295759894819e-05
10156,1.443634360209779e-05
10157,1.4435395247258677e-05
10158,1.443444689230855e-05
10159,1.4433500433286289e-05
10160,1.4432554920618129e-05
10161,1.4431604666187422e-05
10162,1.4430654411756725e-05
10163,1.4429706056917619e-05
10164,1.4428754851247831e-05
10165,1.4427810284156636e-05
10166,1.4426858126359575e-05
10167,1.4425908822168765e-05
10168,1.4424959517977963e-05
10169,1.4424014950886747e-05
10170,1.442305993093473e-05
10171,1.4422104910982721e-05
10172,1.442114989091969e-05
10173,1.4420194870967694e-05
10174,1.4419239851015675e-05
10175,1.4418284830952632e-05
10176,1.4417329811000636e-05
10177,1.4416375746062466e-05
10178,1.4415420726110463e-05
10179,1.4414465706047434e-05
10180,1.4413511641109272e-05
10181,1.4412556621157261e-05
10182,1.4411600645192212e-05
10183,1.4410645625240186e-05
10184,1.4409690605177165e-05
10185,1.4408736540238991e-05
10186,1.4407791027570844e-05
10187,1.440684456854857e-05
10188,1.440589905588042e-05
10189,1.4404955433366942e-05
10190,1.4404004227697166e-05
10191,1.4403053022027386e-05
10192,1.4402101816468612e-05
10193,1.4401152512277802e-05
10194,1.440021171772442e-05
10195,1.4399270923171068e-05
10196,1.439831971761229e-05
10197,1.439736946318159e-05
10198,1.4396417305384556e-05
10199,1.4395465147587506e-05
10200,1.4394512989790437e-05
10201,1.439355892485228e-05
10202,1.4392606767055229e-05
10203,1.439165556138545e-05
10204,1.439070435582668e-05
10205,1.4389752198029614e-05
10206,1.4388805738896338e-05
10207,1.4387864002651794e-05
10208,1.438691279698202e-05
10209,1.4385960639184948e-05
10210,1.4385009433626195e-05
10211,1.4384057275829145e-05
10212,1.4383115539584601e-05
10213,1.4382164333914822e-05
10214,1.4381213128245031e-05
10215,1.4380260970558995e-05
10216,1.4379314511425711e-05
10217,1.437837277518116e-05
10218,1.4377429152556688e-05
10219,1.4376487416312133e-05
10220,1.4375545680067593e-05
10221,1.4374603943823053e-05
10222,1.4373655588983963e-05
10223,1.4372712909938024e-05
10224,1.4371762655618356e-05
10225,1.437080859056917e-05
10226,1.4369857385010392e-05
10227,1.4368903320072223e-05
10228,1.4367949255023044e-05
10229,1.4366996144210545e-05
10230,1.4366043986413496e-05
10231,1.4365092780743704e-05
10232,1.4364141575073932e-05
10233,1.4363189417276878e-05
10234,1.4362239162957204e-05
10235,1.4361280313290858e-05
10236,1.4360326248352716e-05
10237,1.4359372183303517e-05
10238,1.4358419072491021e-05
10239,1.435746691469398e-05
10240,1.4356514756896931e-05
10241,1.4355555907230587e-05
10242,1.4354601842292413e-05
10243,1.4353646822340422e-05
10244,1.4352693711416887e-05
10245,1.4351740600493386e-05
10246,1.4350791296302557e-05
10247,1.4349840090743809e-05
10248,1.4348890786552984e-05
10249,1.4347938628755937e-05
10250,1.4346987423086143e-05
10251,1.4346032403134136e-05
10252,1.434508119757537e-05
10253,1.4344123306697642e-05
10254,1.4343171149011614e-05
10255,1.4342218038088113e-05
10256,1.4341260147321406e-05
10257,1.4340302256554702e-05
10258,1.4339351050884902e-05
10259,1.4338399845215127e-05
10260,1.4337446734291615e-05
10261,1.4336494576605562e-05
10262,1.4335540511556378e-05
10263,1.4334588353759343e-05
10264,1.4333636196073304e-05
10265,1.433268403827625e-05
10266,1.433173378384555e-05
10267,1.433078257817577e-05
10268,1.4329829467252255e-05
10269,1.4328877309455208e-05
10270,1.432792037658891e-05
10271,1.432696821879187e-05
10272,1.4326016060994807e-05
10273,1.4325064855436052e-05
10274,1.4324112697638997e-05
10275,1.432315958671548e-05
10276,1.4322207428918432e-05
10277,1.432125527112137e-05
10278,1.4320305016690687e-05
10279,1.4319352859004656e-05
10280,1.4318401653334863e-05
10281,1.4317447588396714e-05
10282,1.4316497333966008e-05
10283,1.4315547079535309e-05
10284,1.4314596825104615e-05
10285,1.4313645619434813e-05
10286,1.4312695365004114e-05
10287,1.431174415944537e-05
10288,1.4310788183480309e-05
10289,1.4309832207515255e-05
10290,1.4308875274648966e-05
10291,1.430791834167166e-05
10292,1.4306972829114533e-05
10293,1.4306027316446378e-05
10294,1.4305078961607277e-05
10295,1.4304130606657146e-05
10296,1.4303181302577342e-05
10297,1.4302240508023985e-05
10298,1.4301287397100456e-05
10299,1.4300335239303406e-05
10300,1.4299387832816814e-05
10301,1.4298435675019757e-05
10302,1.4297488268533162e-05
10303,1.4296558701665247e-05
10304,1.429560749599546e-05
10305,1.429466008950885e-05
10306,1.4293712683022272e-05
10307,1.429276527653567e-05
10308,1.4291826362589088e-05
10309,1.4290873251665564e-05
10310,1.4289923947585782e-05
10311,1.4288973693155068e-05
10312,1.4288021535358028e-05
10313,1.4287071280927311e-05
10314,1.4286121976736513e-05
10315,1.4285182122986139e-05
10316,1.4284232818795319e-05
10317,1.4283293904959757e-05
10318,1.4282355930039785e-05
10319,1.4281419830064491e-05
10320,1.428048840124153e-05
10321,1.4279553237406258e-05
10322,1.4278618073570997e-05
10323,1.4277681036567458e-05
10324,1.4276738357632546e-05
10325,1.4275804128938153e-05
10326,1.4274854824747328e-05
10327,1.4273903619077542e-05
10328,1.4272952413518792e-05
10329,1.4272001207849e-05
10330,1.4271055695180828e-05
10331,1.427011018262369e-05
10332,1.4269167503688788e-05
10333,1.4268224824753874e-05
10334,1.426728403020051e-05
10335,1.4266335675361385e-05
10336,1.42653844696916e-05
10337,1.4264441790756697e-05
10338,1.4263490585086913e-05
10339,1.4262538427289853e-05
10340,1.4261588172859161e-05
10341,1.426063791853949e-05
10342,1.4259688614348687e-05
10343,1.425873835991797e-05
10344,1.4257785248994447e-05
10345,1.4256834994563762e-05
10346,1.4255885690372939e-05
10347,1.4254941123281748e-05
10348,1.425400126953136e-05
10349,1.425305196534055e-05
10350,1.4252099807543496e-05
10351,1.4251150503463705e-05
10352,1.4250200249033004e-05
10353,1.424924999460232e-05
10354,1.4248300690411492e-05
10355,1.4247350435980792e-05
10356,1.4246398278183757e-05
10357,1.4245448973992946e-05
10358,1.4244508179550596e-05
10359,1.4243557925119894e-05
10360,1.4242607670689194e-05
10361,1.4241654559765676e-05
10362,1.424070525557487e-05
10363,1.4239749279609804e-05
10364,1.4238798074051042e-05
10365,1.4237847819620354e-05
10366,1.4236897565189643e-05
10367,1.4235947310758935e-05
10368,1.4234989419992234e-05
10369,1.4234043907324075e-05
10370,1.4233098394655914e-05
10371,1.4232144329717764e-05
10372,1.4231192171920702e-05
10373,1.4230237151968694e-05
10374,1.4229284994171648e-05
10375,1.4228329018206594e-05
10376,1.422737781253681e-05
10377,1.42264417126725e-05
10378,1.4225492408481692e-05
10379,1.4224545949348416e-05
10380,1.4223596645157587e-05
10381,1.4222653022644132e-05
10382,1.4221704667805035e-05
10383,1.4220753462135253e-05
10384,1.421980510729614e-05
10385,1.4218867132265162e-05
10386,1.4217915926706395e-05
10387,1.4216973247771488e-05
10388,1.421602299334079e-05
10389,1.4215070835543731e-05
10390,1.4214118677746687e-05
10391,1.4213171271260098e-05
10392,1.421224356257244e-05
10393,1.4211310268130708e-05
10394,1.4210362861533099e-05
10395,1.4209414506693989e-05
10396,1.42084671002074e-05
10397,1.4207526305654028e-05
10398,1.4206576051223331e-05
10399,1.4205628644736738e-05
10400,1.420468596580182e-05
10401,1.4203734760132031e-05
10402,1.420279678521207e-05
10403,1.4201856931461703e-05
10404,1.4200904773664648e-05
10405,1.4199964920025279e-05
10406,1.4199010854976097e-05
10407,1.4198057744163604e-05
10408,1.4197105586366549e-05
10409,1.4196159127233277e-05
10410,1.4195209823042464e-05
10411,1.419426051885163e-05
10412,1.4193323481848099e-05
10413,1.4192370371035611e-05
10414,1.4191422964549007e-05
10415,1.4190470806751943e-05
10416,1.4189519601082156e-05
10417,1.4188573141948874e-05
10418,1.4187628574857676e-05
10419,1.4186684007766452e-05
10420,1.4185748843820178e-05
10421,1.4184813679984922e-05
10422,1.4183877580009604e-05
10423,1.4182942416174356e-05
10424,1.418200350233877e-05
10425,1.41810636485884e-05
10426,1.4180120969653475e-05
10427,1.41791707152228e-05
10428,1.417822803628787e-05
10429,1.417727492536435e-05
10430,1.4176324670933648e-05
10431,1.4175372513136601e-05
10432,1.4174423209056829e-05
10433,1.4173478641854592e-05
10434,1.4172538788104212e-05
10435,1.4171588533784534e-05
10436,1.4170636375987469e-05
10437,1.4169684218190433e-05
10438,1.416873681170384e-05
10439,1.416778655727312e-05
10440,1.4166840098139838e-05
10441,1.416588603320168e-05
10442,1.4164933875404622e-05
10443,1.4163985520565522e-05
10444,1.4163034314895743e-05
10445,1.4162082157098678e-05
10446,1.4161129999301648e-05
10447,1.4160179744870926e-05
10448,1.4159228539312183e-05
10449,1.4158277333642377e-05
10450,1.4157327079211683e-05
10451,1.415637396828816e-05
10452,1.4155423713857484e-05
10453,1.4154471556060434e-05
10454,1.4153525097038145e-05
10455,1.4152569121073093e-05
10456,1.4151611230306404e-05
10457,1.4150652380640054e-05
10458,1.4149697360688041e-05
10459,1.4148737551233906e-05
10460,1.4147779660467206e-05
10461,1.4146827502670158e-05
10462,1.4145877248239465e-05
10463,1.4144925090442394e-05
10464,1.4143971025504253e-05
10465,1.4143016005441205e-05
10466,1.4142063847755173e-05
10467,1.4141110736831667e-05
10468,1.414015667189349e-05
10469,1.4139207367702699e-05
10470,1.4138254256779169e-05
10471,1.413730019184101e-05
10472,1.4136349937410297e-05
10473,1.413539968297962e-05
10474,1.4134448477309828e-05
10475,1.4133496319512778e-05
10476,1.413254416182675e-05
10477,1.4131594857635935e-05
10478,1.4130648398502647e-05
10479,1.4129700992016041e-05
10480,1.412875073758535e-05
10481,1.4127800483154646e-05
10482,1.4126851178963833e-05
10483,1.412590377247724e-05
10484,1.4124956365990649e-05
10485,1.4124007061799842e-05
10486,1.4123059655313253e-05
10487,1.4122112248826641e-05
10488,1.4121162944635846e-05
10489,1.4120211738966038e-05
10490,1.4119259581169007e-05
10491,1.4118309326738304e-05
10492,1.4117358121179545e-05
10493,1.4116406915509743e-05
10494,1.4115454757712693e-05
10495,1.4114505453521888e-05
10496,1.4113554247963116e-05
10497,1.4112601137039616e-05
10498,1.4111651832848791e-05
10499,1.4110700627290028e-05
10500,1.410975132309922e-05
10501,1.4108794390232947e-05
10502,1.4107847931099643e-05
10503,1.4106898626908837e-05
10504,1.4105948372478137e-05
10505,1.410499526155461e-05
10506,1.4104038328688347e-05
10507,1.4103081395822071e-05
10508,1.4102124462955775e-05
10509,1.4101165613289456e-05
10510,1.4100213455492384e-05
10511,1.4099261297695351e-05
10512,1.4098306277743326e-05
10513,1.4097353166819822e-05
10514,1.40963981468678e-05
10515,1.4095441214001513e-05
10516,1.4094488103078005e-05
10517,1.4093536897408233e-05
10518,1.409258378659573e-05
10519,1.4091630675672205e-05
10520,1.409068705304773e-05
10521,1.4089737748967936e-05
10522,1.4088790342370327e-05
10523,1.408784008793962e-05
10524,1.4086890783859829e-05
10525,1.4085939578190041e-05
10526,1.4084993119056766e-05
10527,1.4084043814865945e-05
10528,1.4083095460026833e-05
10529,1.4082149001004572e-05
10530,1.4081192068027266e-05
10531,1.4080239910230214e-05
10532,1.4079287752544198e-05
10533,1.4078334641620678e-05
10534,1.4077379621557641e-05
10535,1.4076428415998886e-05
10536,1.4075480061159761e-05
10537,1.407452980672908e-05
10538,1.4073584294060903e-05
10539,1.4072637834927634e-05
10540,1.4071688530736806e-05
10541,1.407074017589771e-05
10542,1.4069791821058618e-05
10543,1.4068843466219498e-05
10544,1.4067894162028685e-05
10545,1.4066944857837884e-05
10546,1.4065996502998789e-05
10547,1.4065048148159677e-05
10548,1.4064101689026379e-05
10549,1.4063152384835586e-05
10550,1.4062194494068876e-05
10551,1.406123660330216e-05
10552,1.4060285397632369e-05
10553,1.4059327506865674e-05
10554,1.4058375349068617e-05
10555,1.4057422238256118e-05
10556,1.405646530527881e-05
10557,1.4055515050848119e-05
10558,1.4054561940035626e-05
10559,1.4053611685604933e-05
10560,1.4052661431174226e-05
10561,1.4051709273377186e-05
10562,1.4050760918538086e-05
10563,1.4049809712868278e-05
10564,1.4048859458437594e-05
10565,1.4047908252767794e-05
10566,1.4046970277847841e-05
10567,1.4046026655334375e-05
10568,1.4045082088132165e-05
10569,1.4044137521040957e-05
10570,1.4043189166201838e-05
10571,1.404224270706856e-05
10572,1.4041297194400401e-05
10573,1.4040353571886937e-05
10574,1.4039405216936796e-05
10575,1.403845875791454e-05
10576,1.4037510403075447e-05
10577,1.4036562048125318e-05
10578,1.4035613693286202e-05
10579,1.4034664389095409e-05
10580,1.4033710324157229e-05
10581,1.403275911848746e-05
10582,1.4031801227720753e-05
10583,1.4030843336954042e-05
10584,1.4029892131395277e-05
10585,1.4028941876964574e-05
10586,1.4027998254340094e-05
10587,1.4027053687248889e-05
10588,1.4026108174580719e-05
10589,1.402516171544742e-05
10590,1.4024218092933964e-05
10591,1.4023273525842771e-05
10592,1.4022328013174597e-05
10593,1.40213853342397e-05
10594,1.4020441711615214e-05
10595,1.4019499032680302e-05
10596,1.4018560118844728e-05
10597,1.4017614606176562e-05
10598,1.4016670039085358e-05
10599,1.4015722632487734e-05
10600,1.4014775226001136e-05
10601,1.4013830658909923e-05
10602,1.4012886091818725e-05
10603,1.4011938685221115e-05
10604,1.4010985574408603e-05
10605,1.4010034368738823e-05
10606,1.400908411430813e-05
10607,1.4008133859877437e-05
10608,1.4007184555686612e-05
10609,1.4006235251495797e-05
10610,1.4005284045937034e-05
10611,1.4004333791506329e-05
10612,1.400337972656817e-05
10613,1.4002421835801476e-05
10614,1.4001467770752287e-05
10615,1.4000509879985569e-05
10616,1.3999559625554887e-05
10617,1.3998600775999563e-05
10618,1.3997641926333248e-05
10619,1.3996689768536186e-05
10620,1.3995736657612676e-05
10621,1.3994778766845963e-05
10622,1.399382660904892e-05
10623,1.3992876354618214e-05
10624,1.3991924196821168e-05
10625,1.3990972039135122e-05
10626,1.399001510615783e-05
10627,1.3989061041219662e-05
10628,1.3988109835549874e-05
10629,1.3987158629991108e-05
10630,1.398620265402607e-05
10631,1.3985245721159766e-05
10632,1.3984294515489997e-05
10633,1.3983343309820205e-05
10634,1.3982392104261441e-05
10635,1.3981439946464386e-05
10636,1.39804887407946e-05
10637,1.3979546061859695e-05
10638,1.3978601494768485e-05
10639,1.3977658815833583e-05
10640,1.3976705704910046e-05
10641,1.3975753547113006e-05
10642,1.3974802341554243e-05
10643,1.3973852087123534e-05
10644,1.3972900881453752e-05
10645,1.3971949675783976e-05
10646,1.3970997517986911e-05
10647,1.3970055781742368e-05
10648,1.3969111214651168e-05
10649,1.3968165701983016e-05
10650,1.3967218295496407e-05
10651,1.3966267089826635e-05
10652,1.3965315884267854e-05
10653,1.3964368477781269e-05
10654,1.3963419173590449e-05
10655,1.3962467967920672e-05
10656,1.3961518663729843e-05
10657,1.3960569359539038e-05
10658,1.3959620055459249e-05
10659,1.3958670751268434e-05
10660,1.3957721447077623e-05
10661,1.3956774040591034e-05
10662,1.395582188279398e-05
10663,1.3954863992027276e-05
10664,1.3953910881103758e-05
10665,1.3952959675433965e-05
10666,1.3952001784667277e-05
10667,1.3951042935111969e-05
10668,1.395009077731491e-05
10669,1.3949130967860756e-05
10670,1.3948180713430071e-05
10671,1.3947230458999383e-05
10672,1.3946279253329577e-05
10673,1.3945328047770815e-05
10674,1.3944380641284237e-05
10675,1.3943430386853531e-05
10676,1.394247918118373e-05
10677,1.3941526070260215e-05
10678,1.3940575815829524e-05
10679,1.393962365803247e-05
10680,1.3938674353952695e-05
10681,1.3937725049761865e-05
10682,1.3936773844092077e-05
10683,1.3935822638533317e-05
10684,1.3934870480736277e-05
10685,1.3933920226305576e-05
10686,1.3932969971874869e-05
10687,1.3932015906936719e-05
10688,1.3931059930971667e-05
10689,1.393010586592247e-05
10690,1.3929155611602802e-05
10691,1.3928207256652674e-05
10692,1.3927258901813575e-05
10693,1.3926309597622765e-05
10694,1.3925358392063998e-05
10695,1.3924408137633293e-05
10696,1.3923457883202591e-05
10697,1.3922509528363495e-05
10698,1.392155450830045e-05
10699,1.392061182936555e-05
10700,1.391966442287896e-05
10701,1.3918714168448252e-05
10702,1.3917763914017559e-05
10703,1.3916812708458796e-05
10704,1.3915858643409601e-05
10705,1.391490648561256e-05
10706,1.3913954327926534e-05
10707,1.3913002170129462e-05
10708,1.3912050964459691e-05
10709,1.3911099758789914e-05
10710,1.391015424623277e-05
10711,1.3909207787099479e-05
10712,1.3908266992546102e-05
10713,1.3907327138795724e-05
10714,1.3906373073857567e-05
10715,1.3905419008919394e-05
10716,1.3904479155169017e-05
10717,1.3903535532655553e-05
10718,1.3902596618708957e-05
10719,1.3901640642743913e-05
10720,1.3900688484946867e-05
10721,1.3899738230627174e-05
10722,1.3898788926436374e-05
10723,1.3897833906373341e-05
10724,1.3896877930519314e-05
10725,1.389592386547012e-05
10726,1.3894965015914811e-05
10727,1.3894008082937507e-05
10728,1.3893055925140452e-05
10729,1.389209994928641e-05
10730,1.3891150645095619e-05
10731,1.3890195625143593e-05
10732,1.3889243467346558e-05
10733,1.3888286534369235e-05
10734,1.3887330558404192e-05
10735,1.3886370749061064e-05
10736,1.3885419543391285e-05
10737,1.3884466432467756e-05
10738,1.3883515226909008e-05
10739,1.3882562115985483e-05
10740,1.388160995818843e-05
10741,1.3880657800391371e-05
10742,1.387970373545323e-05
10743,1.3878752529783422e-05
10744,1.3877803225592629e-05
10745,1.3876852020033853e-05
10746,1.3875899862236815e-05
10747,1.3874948656567021e-05
10748,1.3873997451008256e-05
10749,1.3873047196577552e-05
10750,1.3872097892386755e-05
10751,1.387114858819593e-05
10752,1.3870192612230869e-05
10753,1.386924615309759e-05
10754,1.3868301586006373e-05
10755,1.3867355126873086e-05
10756,1.3866414332430741e-05
10757,1.386547070980625e-05
10758,1.3864529915252888e-05
10759,1.3863591001417317e-05
10760,1.386265114766694e-05
10761,1.3861709411422384e-05
10762,1.3860761056583283e-05
10763,1.3859809850913499e-05
10764,1.3858855785975345e-05
10765,1.3857903628178297e-05
10766,1.3856950517254765e-05
10767,1.3855996452316605e-05
10768,1.3855037602650272e-05
10769,1.3854086397091506e-05
10770,1.385313614266081e-05
10771,1.3852184936991021e-05
10772,1.3851234682560328e-05
10773,1.3850274873106186e-05
10774,1.3849323667547426e-05
10775,1.3848372461877657e-05
10776,1.3847415529011366e-05
10777,1.3846460509059352e-05
10778,1.3845521595112752e-05
10779,1.3844569437315721e-05
10780,1.3843621082476621e-05
10781,1.3842664149610337e-05
10782,1.3841724295859946e-05
10783,1.384077688937336e-05
10784,1.3839841725538085e-05
10785,1.383889904660319e-05
10786,1.3837958252049802e-05
10787,1.3837017457496447e-05
10788,1.3836072890405218e-05
10789,1.3835132095851856e-05
10790,1.3834190359607304e-05
10791,1.383324956505394e-05
10792,1.38322974072569e-05
10793,1.3831357553506515e-05
10794,1.383040729918682e-05
10795,1.3829455141389781e-05
10796,1.3828502030466273e-05
10797,1.3827549872669206e-05
10798,1.3826609078115839e-05
10799,1.3825666399180925e-05
10800,1.3824723720246003e-05
10801,1.3823769655307851e-05
10802,1.3822823196174566e-05
10803,1.3821877683506399e-05
10804,1.3820929328667286e-05
10805,1.3819980024476479e-05
10806,1.3819032617989892e-05
10807,1.3818083313799082e-05
10808,1.3817133059368386e-05
10809,1.3816182805048711e-05
10810,1.3815225872071393e-05
10811,1.3814267981304689e-05
10812,1.3813316775745932e-05
10813,1.38123722085437e-05
10814,1.381142195411301e-05
10815,1.3810468843189478e-05
10816,1.3809528989550114e-05
10817,1.3808590075603545e-05
10818,1.380765022185314e-05
10819,1.380671130801759e-05
10820,1.3805762953178468e-05
10821,1.3804813648987656e-05
10822,1.3803859584049503e-05
10823,1.3802915961425034e-05
10824,1.3801961896486869e-05
10825,1.3801011642056148e-05
10826,1.3800057577118002e-05
10827,1.379910446619447e-05
10828,1.3798150401256308e-05
10829,1.3797197290332786e-05
10830,1.379624322539464e-05
10831,1.3795288205442636e-05
10832,1.3794341746309344e-05
10833,1.3793396233641184e-05
10834,1.3792448827154573e-05
10835,1.3791498572723875e-05
10836,1.3790554005632675e-05
10837,1.3789603751201975e-05
10838,1.3788662956648597e-05
10839,1.3787718389557386e-05
10840,1.378676527863388e-05
10841,1.3785822599698962e-05
10842,1.3784873295508144e-05
10843,1.3783923991317332e-05
10844,1.3782974687237551e-05
10845,1.3782021576314038e-05
10846,1.3781072272123208e-05
10847,1.3780119161199705e-05
10848,1.3779180247364126e-05
10849,1.3778228089567083e-05
10850,1.3777287295013717e-05
10851,1.3776346500460326e-05
10852,1.3775405706017991e-05
10853,1.377445259509446e-05
10854,1.377350234066378e-05
10855,1.3772553036472945e-05
10856,1.3771600878675901e-05
10857,1.3770650624245212e-05
10858,1.3769698466559186e-05
10859,1.3768747260889381e-05
10860,1.3767796055219595e-05
10861,1.3766845800788912e-05
10862,1.3765896496709123e-05
10863,1.3764939563731813e-05
10864,1.3763987405934753e-05
10865,1.3763035248248724e-05
10866,1.3762081183199545e-05
10867,1.376112997764079e-05
10868,1.3760178771970999e-05
10869,1.3759227566301203e-05
10870,1.3758268716745901e-05
10871,1.3757307946504772e-05
10872,1.375634909683842e-05
10873,1.3755397891279655e-05
10874,1.3754445733482615e-05
10875,1.3753484963241466e-05
10876,1.3752528030375195e-05
10877,1.3751574919451663e-05
10878,1.3750625615260859e-05
10879,1.3749674409702107e-05
10880,1.3748726054751968e-05
10881,1.3747768163985267e-05
10882,1.3746815053172769e-05
10883,1.3745864798742062e-05
10884,1.374490690797537e-05
10885,1.3743955702305565e-05
10886,1.374299972634052e-05
10887,1.3742041835573807e-05
10888,1.374108967777676e-05
10889,1.3740139423346065e-05
10890,1.3739185358407905e-05
10891,1.3738235103977205e-05
10892,1.3737282946180141e-05
10893,1.373632792622815e-05
10894,1.3735375768431099e-05
10895,1.373442361063404e-05
10896,1.3733472404964258e-05
10897,1.373252119940548e-05
10898,1.3731568088481978e-05
10899,1.373061497755845e-05
10900,1.3729661866634931e-05
10901,1.3728712562555139e-05
10902,1.3727760404758104e-05
10903,1.3726808246961042e-05
10904,1.3725857041291258e-05
10905,1.3724906786860568e-05
10906,1.3723949853994286e-05
10907,1.3722992921128003e-05
10908,1.3722037901064977e-05
10909,1.3721082881112966e-05
10910,1.3720126905147902e-05
10911,1.3719172840209742e-05
10912,1.371821590734346e-05
10913,1.3717261842405284e-05
10914,1.3716304909427992e-05
10915,1.3715350844489825e-05
10916,1.371439677955167e-05
10917,1.3713444621754613e-05
10918,1.3712492463957563e-05
10919,1.3711538399019393e-05
10920,1.3710586241222346e-05
10921,1.370963217628418e-05
10922,1.3708679065360675e-05
10923,1.3707727859690868e-05
10924,1.3706770926824595e-05
10925,1.3705813993958319e-05
10926,1.3704857061092047e-05
10927,1.370390012822576e-05
10928,1.3702943195248446e-05
10929,1.3701986262382162e-05
10930,1.3701029329515895e-05
10931,1.3700072396649606e-05
10932,1.3699115463783337e-05
10933,1.369817748875234e-05
10934,1.3697229133913245e-05
10935,1.369628077907415e-05
10936,1.3695332424124016e-05
10937,1.3694383120044239e-05
10938,1.3693432865613522e-05
10939,1.36924995711718e-05
10940,1.3691563471196487e-05
10941,1.3690626434192934e-05
10942,1.3689686580442572e-05
10943,1.3688739173955973e-05
10944,1.3687790819116873e-05
10945,1.368684341251925e-05
10946,1.3685894108439449e-05
10947,1.3684945753489334e-05
10948,1.36840002409322e-05
10949,1.3683051885982055e-05
10950,1.368210637342493e-05
10951,1.3681156118994241e-05
10952,1.3680215324440869e-05
10953,1.3679266020250044e-05
10954,1.367831766541095e-05
10955,1.367736836122014e-05
10956,1.3676423794128916e-05
10957,1.3675474489938099e-05
10958,1.3674523284268317e-05
10959,1.3673573980188538e-05
10960,1.3672625625238409e-05
10961,1.367168671140283e-05
10962,1.3670747797567266e-05
10963,1.366980133843398e-05
10964,1.3668854879300689e-05
10965,1.3667906524461583e-05
10966,1.3666959117975e-05
10967,1.3666006007051486e-05
10968,1.3665051942113315e-05
10969,1.3664097877175144e-05
10970,1.3663143812125961e-05
10971,1.366218974718781e-05
10972,1.3661238541518014e-05
10973,1.3660293028960891e-05
10974,1.3659342774530181e-05
10975,1.3658392520099493e-05
10976,1.3657442265668783e-05
10977,1.3656492011238078e-05
10978,1.3655540805568294e-05
10979,1.3654595293011152e-05
10980,1.3653645038580474e-05
10981,1.3652694784149754e-05
10982,1.3651744529719057e-05
10983,1.3650794275288373e-05
10984,1.3649844020857673e-05
10985,1.3648893766426976e-05
10986,1.3647943511996281e-05
10987,1.3646992306326477e-05
10988,1.3646046793769342e-05
10989,1.3645105999215972e-05
10990,1.3644154793546196e-05
10991,1.364320072860802e-05
10992,1.364224379574176e-05
10993,1.3641292590071958e-05
10994,1.364034423523287e-05
10995,1.3639393980802165e-05
10996,1.3638441823005115e-05
10997,1.3637490617446356e-05
10998,1.3636543210848718e-05
10999,1.3635593906768936e-05
11000,1.363464270109916e-05
11001,1.3633688636160998e-05
11002,1.3632733616097948e-05
11003,1.363177764024392e-05
11004,1.3630823575194744e-05
11005,1.3629864725639429e-05
11006,1.3628908749674368e-05
11007,1.362795754400459e-05
11008,1.362700347906642e-05
11009,1.3626046546200149e-05
11010,1.3625092481150953e-05
11011,1.3624137461198954e-05
11012,1.3623186255640197e-05
11013,1.3622233144716663e-05
11014,1.3621277168751621e-05
11015,1.3620323103813451e-05
11016,1.3619365213046746e-05
11017,1.3618411147997545e-05
11018,1.3617458037185056e-05
11019,1.3616505879388001e-05
11020,1.3615554673718217e-05
11021,1.3614601562794704e-05
11022,1.361364367202801e-05
11023,1.3612699104936782e-05
11024,1.3611761129905796e-05
11025,1.361081467088355e-05
11026,1.3609866315933406e-05
11027,1.3608924579688883e-05
11028,1.3607977173202274e-05
11029,1.360703166053412e-05
11030,1.3606082356343313e-05
11031,1.360512733639131e-05
11032,1.3604169445624594e-05
11033,1.360323053178902e-05
11034,1.3602293494785473e-05
11035,1.3601346088298887e-05
11036,1.3600397733348757e-05
11037,1.3599459758428798e-05
11038,1.3598521783508838e-05
11039,1.35975696257118e-05
11040,1.3596617467914733e-05
11041,1.3595669113075637e-05
11042,1.3594722653942347e-05
11043,1.3593774299103242e-05
11044,1.3592825944153118e-05
11045,1.3591883265218196e-05
11046,1.3590933961138417e-05
11047,1.358998180334137e-05
11048,1.3589032499150567e-05
11049,1.3588084144311459e-05
11050,1.3587145230364871e-05
11051,1.3586204435922511e-05
11052,1.358526552197593e-05
11053,1.358431431641716e-05
11054,1.3583362158620101e-05
11055,1.3582423244673524e-05
11056,1.3581472990242816e-05
11057,1.3580527477685666e-05
11058,1.3579580071088063e-05
11059,1.357863076700828e-05
11060,1.3577680512577572e-05
11061,1.3576731208386763e-05
11062,1.3575779050589699e-05
11063,1.3574838256036327e-05
11064,1.3573887050477578e-05
11065,1.3572932985428382e-05
11066,1.357198368134859e-05
11067,1.3571033426917902e-05
11068,1.357008885971566e-05
11069,1.3569138605284961e-05
11070,1.3568192146262712e-05
11071,1.3567253232316105e-05
11072,1.3566315257396157e-05
11073,1.356537822039261e-05
11074,1.3564437425839244e-05
11075,1.3563501325863923e-05
11076,1.3562565225999636e-05
11077,1.3561626312053043e-05
11078,1.3560685517499676e-05
11079,1.3559744723057309e-05
11080,1.3558802044122404e-05
11081,1.3557859365187504e-05
11082,1.3556919511437112e-05
11083,1.3555978716883735e-05
11084,1.3555036037948836e-05
11085,1.3554096184198446e-05
11086,1.3553145929767751e-05
11087,1.3552203250832843e-05
11088,1.3551252996402146e-05
11089,1.3550303692211335e-05
11090,1.354935533737222e-05
11091,1.3548410770281016e-05
11092,1.3547466203078786e-05
11093,1.3546516898998985e-05
11094,1.3545567594808182e-05
11095,1.3544623972183694e-05
11096,1.3543673717864018e-05
11097,1.3542728205195862e-05
11098,1.3541782692527706e-05
11099,1.3540835286041119e-05
11100,1.3539883128244059e-05
11101,1.3538939505619579e-05
11102,1.3537994938528362e-05
11103,1.3537056024692785e-05
11104,1.353610672050199e-05
11105,1.353516404156707e-05
11106,1.3534223247013703e-05
11107,1.3533272992583011e-05
11108,1.35323227381523e-05
11109,1.3531368673214148e-05
11110,1.3530420318375048e-05
11111,1.3529471014184216e-05
11112,1.3528520759753531e-05
11113,1.3527575247085373e-05
11114,1.3526625942894561e-05
11115,1.3525676638814774e-05
11116,1.352472543314498e-05
11117,1.3523771368206811e-05
11118,1.3522824909073533e-05
11119,1.3521876554234433e-05
11120,1.3520927250043623e-05
11121,1.3519978895204513e-05
11122,1.3519031488717923e-05
11123,1.3518085029584615e-05
11124,1.3517138570451337e-05
11125,1.351619211142907e-05
11126,1.351524565229578e-05
11127,1.3514295397865085e-05
11128,1.3513344192195298e-05
11129,1.3512403397641922e-05
11130,1.3511455042802827e-05
11131,1.351051424836047e-05
11132,1.3509565893410343e-05
11133,1.3508616589219537e-05
11134,1.350766633489987e-05
11135,1.350671322397634e-05
11136,1.3505763919785524e-05
11137,1.3504814615594718e-05
11138,1.3503873821041357e-05
11139,1.3502924516961553e-05
11140,1.35019723591645e-05
11141,1.3501020201367448e-05
11142,1.350006994693676e-05
11143,1.3499119692506058e-05
11144,1.3498168486836262e-05
11145,1.3497218232405569e-05
11146,1.3496267026846812e-05
11147,1.3495317722655992e-05
11148,1.3494360789789706e-05
11149,1.3493409584119933e-05
11150,1.3492459329689226e-05
11151,1.3491508124130472e-05
11152,1.349055786969976e-05
11153,1.3489606664029995e-05
11154,1.3488655458360197e-05
11155,1.3487705204040516e-05
11156,1.3486753998370729e-05
11157,1.3485802792700963e-05
11158,1.3484851587142176e-05
11159,1.3483896567079153e-05
11160,1.3482948212240062e-05
11161,1.3481992236274991e-05
11162,1.34810457771417e-05
11163,1.3480088844275437e-05
11164,1.3479134779337277e-05
11165,1.3478179759385249e-05
11166,1.3477220909718927e-05
11167,1.3476275397050773e-05
11168,1.3475328938028505e-05
11169,1.3474383425360332e-05
11170,1.3473424575694016e-05
11171,1.3472470510755839e-05
11172,1.3471517399832327e-05
11173,1.3470568095641521e-05
11174,1.3469619740802411e-05
11175,1.3468667583005358e-05
11176,1.3467712563053359e-05
11177,1.3466761357383556e-05
11178,1.3465811102952871e-05
11179,1.3464860848633185e-05
11180,1.3463907737709672e-05
11181,1.3462958433518865e-05
11182,1.346200436858069e-05
11183,1.3461051257657172e-05
11184,1.3460098146733655e-05
11185,1.3459146941174885e-05
11186,1.3458196686744198e-05
11187,1.3457247382553373e-05
11188,1.3456297128122685e-05
11189,1.3455344970325644e-05
11190,1.3454394715894942e-05
11191,1.3453438739929881e-05
11192,1.345248276396482e-05
11193,1.345152199383471e-05
11194,1.3450569836037661e-05
11195,1.3449615770988467e-05
11196,1.3448664565429704e-05
11197,1.3447711454506174e-05
11198,1.3446759296709127e-05
11199,1.3445804276757121e-05
11200,1.3444854022326428e-05
11201,1.3443902816656644e-05
11202,1.3442952562225935e-05
11203,1.3442001356667172e-05
11204,1.3441045380702126e-05
11205,1.3440091315763965e-05
11206,1.3439137250714772e-05
11207,1.3438186996284082e-05
11208,1.3437234838598053e-05
11209,1.343628648364793e-05
11210,1.3435338128808804e-05
11211,1.3434389773969708e-05
11212,1.3433442367483109e-05
11213,1.343249685481496e-05
11214,1.3431548499975852e-05
11215,1.3430600145025739e-05
11216,1.3429651790186632e-05
11217,1.3428703435347524e-05
11218,1.34277541311567e-05
11219,1.3426804826965908e-05
11220,1.3425858367943633e-05
11221,1.3424910012993502e-05
11222,1.342395690218101e-05
11223,1.3423006647750321e-05
11224,1.3422058292911217e-05
11225,1.3421109937961093e-05
11226,1.3420162531474489e-05
11227,1.3419211325915713e-05
11228,1.341826202172492e-05
11229,1.3417310816055128e-05
11230,1.3416359610385349e-05
11231,1.3415407452699304e-05
11232,1.341445434177579e-05
11233,1.341350123085228e-05
11234,1.3412556663761066e-05
11235,1.3411609257163448e-05
11236,1.3410656146350954e-05
11237,1.3409702081412796e-05
11238,1.3408750875743003e-05
11239,1.340779871794596e-05
11240,1.3406846560148906e-05
11241,1.3405897255958078e-05
11242,1.3404946050399328e-05
11243,1.340399484472955e-05
11244,1.3403047438242947e-05
11245,1.3402094327319427e-05
11246,1.340114216952238e-05
11247,1.340018427875567e-05
11248,1.3399233073085891e-05
11249,1.3398284718246788e-05
11250,1.3397330653308615e-05
11251,1.3396373720442327e-05
11252,1.339541582967563e-05
11253,1.3394461764626433e-05
11254,1.3393509606940406e-05
11255,1.3392559352509704e-05
11256,1.3391607194712664e-05
11257,1.3390657890521842e-05
11258,1.3389702870569842e-05
11259,1.3388750712772778e-05
11260,1.3387799507102996e-05
11261,1.3386847349305944e-05
11262,1.3385896143747189e-05
11263,1.3384944938077412e-05
11264,1.3383994683646695e-05
11265,1.3383043477976921e-05
11266,1.3382093223546226e-05
11267,1.3381143919466437e-05
11268,1.3380186986489139e-05
11269,1.3379229095722434e-05
11270,1.3378279791642643e-05
11271,1.3377330487451823e-05
11272,1.3376379281782024e-05
11273,1.337542521684388e-05
11274,1.337447115190571e-05
11275,1.3373518994108666e-05
11276,1.3372568739677957e-05
11277,1.3371616581880918e-05
11278,1.3370666327450199e-05
11279,1.3369717023259387e-05
11280,1.3368759132492696e-05
11281,1.336781077765359e-05
11282,1.3366859571983804e-05
11283,1.3365908366425037e-05
11284,1.3364960959827411e-05
11285,1.3364010705396721e-05
11286,1.3363060451077055e-05
11287,1.3362110196646338e-05
11288,1.336115994221564e-05
11289,1.3360208736545866e-05
11290,1.335924988687952e-05
11291,1.3358301532040434e-05
11292,1.3357353177201315e-05
11293,1.335639720123627e-05
11294,1.3355438351569927e-05
11295,1.3354479502014617e-05
11296,1.3353520652348286e-05
11297,1.3352560842894145e-05
11298,1.3351601993227812e-05
11299,1.3350645060361537e-05
11300,1.3349687169594834e-05
11301,1.3348735011797779e-05
11302,1.3347782854000746e-05
11303,1.3346830696203679e-05
11304,1.334587472023862e-05
11305,1.334491778737234e-05
11306,1.334396085450607e-05
11307,1.3343006789567895e-05
11308,1.3342054631770853e-05
11309,1.3341094822316707e-05
11310,1.3340136931550008e-05
11311,1.3339179040783307e-05
11312,1.3338231634296693e-05
11313,1.3337283279346576e-05
11314,1.3336333975266788e-05
11315,1.3335385620316674e-05
11316,1.3334436316125843e-05
11317,1.3333485110567086e-05
11318,1.3332531999643568e-05
11319,1.3331579841846518e-05
11320,1.3330628636287754e-05
11321,1.3329678381857057e-05
11322,1.3328725270933529e-05
11323,1.3327775016502851e-05
11324,1.3326824762072151e-05
11325,1.3325874507641434e-05
11326,1.3324924253210751e-05
11327,1.3323973047651986e-05
11328,1.332301898260279e-05
11329,1.332206777704404e-05
11330,1.3321117522613343e-05
11331,1.332016726818263e-05
11332,1.331921606251284e-05
11333,1.3318273383577939e-05
11334,1.3317330704643025e-05
11335,1.331638613755182e-05
11336,1.3315440624883665e-05
11337,1.3314495112215498e-05
11338,1.3313544857784796e-05
11339,1.3312594603354095e-05
11340,1.3311646248514995e-05
11341,1.331068835774829e-05
11342,1.3309739053557467e-05
11343,1.330878879912677e-05
11344,1.3307838544696076e-05
11345,1.3306888290265379e-05
11346,1.3305936132579355e-05
11347,1.330498397478231e-05
11348,1.3304034670591491e-05
11349,1.3303090103389254e-05
11350,1.3302146480875803e-05
11351,1.3301200968207643e-05
11352,1.3300252613368528e-05
11353,1.329930425852943e-05
11354,1.329835969132721e-05
11355,1.3297417012392276e-05
11356,1.3296470553370026e-05
11357,1.3295529758816644e-05
11358,1.329458329968336e-05
11359,1.3293636840550061e-05
11360,1.3292690381527807e-05
11361,1.3291744868859637e-05
11362,1.3290796514020547e-05
11363,1.328984815918143e-05
11364,1.3288897904750729e-05
11365,1.3287949549800608e-05
11366,1.3287002143314008e-05
11367,1.328605378847492e-05
11368,1.32851044842841e-05
11369,1.3284157077797513e-05
11370,1.328320967131091e-05
11371,1.3282262264824328e-05
11372,1.3281312960633515e-05
11373,1.3280356027767235e-05
11374,1.3279399094789911e-05
11375,1.3278440245234623e-05
11376,1.3277487134311106e-05
11377,1.3276533069372941e-05
11378,1.3275580911575874e-05
11379,1.3274624935610814e-05
11380,1.3273675631420002e-05
11381,1.3272718698553742e-05
11382,1.327176176568744e-05
11383,1.3270804832710138e-05
11384,1.3269854578279445e-05
11385,1.3268904323848746e-05
11386,1.3267953118289986e-05
11387,1.3267005711803392e-05
11388,1.3266055457372704e-05
11389,1.326510615318189e-05
11390,1.3264156848991078e-05
11391,1.3263205643432302e-05
11392,1.3262253485635263e-05
11393,1.3261302279965477e-05
11394,1.3260352025534772e-05
11395,1.3259401771104084e-05
11396,1.3258450565545318e-05
11397,1.3257503158947694e-05
11398,1.3256556699925419e-05
11399,1.3255607395734616e-05
11400,1.3254660936601314e-05
11401,1.3253711632410509e-05
11402,1.325276042685176e-05
11403,1.325181302025414e-05
11404,1.3250859909441627e-05
11405,1.324990965501093e-05
11406,1.324895940058024e-05
11407,1.324800819491046e-05
11408,1.3247056989351701e-05
11409,1.3246114310416786e-05
11410,1.3245172574061222e-05
11411,1.3244228006970001e-05
11412,1.3243287212416626e-05
11413,1.324234264532543e-05
11414,1.3241392390894729e-05
11415,1.3240443086703907e-05
11416,1.3239493782513104e-05
11417,1.3238546376026495e-05
11418,1.3237597071835689e-05
11419,1.3236649665349105e-05
11420,1.3235698459790338e-05
11421,1.3234741526813029e-05
11422,1.3233784593946745e-05
11423,1.3232834339516046e-05
11424,1.3231884085085363e-05
11425,1.3230928109120308e-05
11426,1.3229971176254025e-05
11427,1.3229020921823308e-05
11428,1.3228069716264555e-05
11429,1.3227120412073745e-05
11430,1.3226171107882944e-05
11431,1.3225218950085872e-05
11432,1.322426679228883e-05
11433,1.322331653785814e-05
11434,1.322236628342743e-05
11435,1.3221416028996744e-05
11436,1.3220465774566034e-05
11437,1.3219519315543767e-05
11438,1.3218569061113062e-05
11439,1.3217620706273974e-05
11440,1.3216671402083154e-05
11441,1.3215721147652456e-05
11442,1.3214770893221751e-05
11443,1.3213821589030938e-05
11444,1.3212868478107431e-05
11445,1.3211917272548675e-05
11446,1.3210966066878884e-05
11447,1.3210013909081825e-05
11448,1.3209058889129818e-05
11449,1.320810863469913e-05
11450,1.3207159330508308e-05
11451,1.3206210026317508e-05
11452,1.3205261671478386e-05
11453,1.320431141704771e-05
11454,1.3203362112856887e-05
11455,1.3202412808777089e-05
11456,1.320146255434639e-05
11457,1.3200512299915698e-05
11458,1.3199564893429109e-05
11459,1.3198617486831476e-05
11460,1.3197663421893333e-05
11461,1.3196713167462614e-05
11462,1.3195765760976029e-05
11463,1.3194816456785214e-05
11464,1.319386620235453e-05
11465,1.319291689827474e-05
11466,1.3191968543324599e-05
11467,1.3191020188485506e-05
11468,1.3190071833646408e-05
11469,1.3189123478807291e-05
11470,1.3188175123857171e-05
11471,1.3187226769018064e-05
11472,1.3186280309884781e-05
11473,1.3185331005804992e-05
11474,1.3184374072827682e-05
11475,1.318341618206097e-05
11476,1.3182461162108961e-05
11477,1.318150231244263e-05
11478,1.3180545379576352e-05
11479,1.3179589403611304e-05
11480,1.3178637245814246e-05
11481,1.317768889097514e-05
11482,1.3176740536136033e-05
11483,1.3175792181296945e-05
11484,1.31748371612339e-05
11485,1.3173886906803218e-05
11486,1.317293570124444e-05
11487,1.3171985446813753e-05
11488,1.317103519238306e-05
11489,1.3170084937952352e-05
11490,1.3169137531465763e-05
11491,1.3168186325795972e-05
11492,1.3167232260857807e-05
11493,1.3166290524613273e-05
11494,1.3165348788368733e-05
11495,1.3164406109433804e-05
11496,1.3163461542231575e-05
11497,1.3162518863296656e-05
11498,1.3161573350628508e-05
11499,1.3160630671693606e-05
11500,1.3159686104602378e-05
11501,1.3158731084650385e-05
11502,1.3157776064698358e-05
11503,1.3156821044635338e-05
11504,1.3155874585613065e-05
11505,1.315492147468955e-05
11506,1.3153972170498735e-05
11507,1.3153021916068033e-05
11508,1.3152071661637333e-05
11509,1.315112330679823e-05
11510,1.3150175900311648e-05
11511,1.3149225645880941e-05
11512,1.3148271580942786e-05
11513,1.3147316560879755e-05
11514,1.3146358670113055e-05
11515,1.3145410315273937e-05
11516,1.31444581574769e-05
11517,1.3143501224610613e-05
11518,1.31425462046586e-05
11519,1.3141590228693552e-05
11520,1.3140642822095929e-05
11521,1.3139692567665219e-05
11522,1.313873467689853e-05
11523,1.3137781566086035e-05
11524,1.31368227164197e-05
11525,1.3135871510749901e-05
11526,1.313492125631921e-05
11527,1.3133969098522146e-05
11528,1.3133017892963386e-05
11529,1.3132067638532698e-05
11530,1.313111833434189e-05
11531,1.3130169030151073e-05
11532,1.3129220675311965e-05
11533,1.3128266610373796e-05
11534,1.3127315404704023e-05
11535,1.3126364199145259e-05
11536,1.3125415844195122e-05
11537,1.3124461779256958e-05
11538,1.3123507714318805e-05
11539,1.312255364938065e-05
11540,1.3121613795630255e-05
11541,1.3120673941879884e-05
11542,1.311971892192787e-05
11543,1.3118778127374503e-05
11544,1.3117831668241212e-05
11545,1.3116888989306297e-05
11546,1.311595007547073e-05
11547,1.3115012100550775e-05
11548,1.3114062796359958e-05
11549,1.3113104905593247e-05
11550,1.3112151794669739e-05
11551,1.3111199636872685e-05
11552,1.3110248431202894e-05
11553,1.3109293411250885e-05
11554,1.310834410706007e-05
11555,1.3107394802869257e-05
11556,1.310644549878947e-05
11557,1.3105496194598656e-05
11558,1.3104546890407852e-05
11559,1.3103593779484326e-05
11560,1.310264257392557e-05
11561,1.3101691368255782e-05
11562,1.3100740162585991e-05
11563,1.3099791807746893e-05
11564,1.309884250355608e-05
11565,1.3097889392743592e-05
11566,1.3096938187073795e-05
11567,1.3095991727940527e-05
11568,1.3095036707988494e-05
11569,1.3094098733068549e-05
11570,1.3093144668019363e-05
11571,1.309220198908444e-05
11572,1.3091260252839918e-05
11573,1.309031284635331e-05
11574,1.3089360688556272e-05
11575,1.3088418952311729e-05
11576,1.3087472493178421e-05
11577,1.3086525086691834e-05
11578,1.308558051960062e-05
11579,1.3084625499537596e-05
11580,1.3083684705095243e-05
11581,1.3082740137893015e-05
11582,1.3081793678870739e-05
11583,1.3080847219737455e-05
11584,1.3079897915546642e-05
11585,1.3078958061796257e-05
11586,1.3078012549128109e-05
11587,1.3077065142641502e-05
11588,1.3076124348088136e-05
11589,1.3075170283149968e-05
11590,1.3074220978959151e-05
11591,1.307327167487938e-05
11592,1.307232237068857e-05
11593,1.3071376858020405e-05
11594,1.3070428503181296e-05
11595,1.3069480148342203e-05
11596,1.3068528942672417e-05
11597,1.306758058783331e-05
11598,1.3066631283642495e-05
11599,1.3065681979451672e-05
11600,1.306473267526088e-05
11601,1.306378337118109e-05
11602,1.306283501623096e-05
11603,1.3061883810672187e-05
11604,1.3060933556241501e-05
11605,1.3059982350571705e-05
11606,1.3059031145012938e-05
11607,1.305807993934317e-05
11608,1.3057126828419636e-05
11609,1.3056177524228822e-05
11610,1.3055226318670069e-05
11611,1.305426842790335e-05
11612,1.3053307657662223e-05
11613,1.3052355499865177e-05
11614,1.3051402388941651e-05
11615,1.3050450231144598e-05
11616,1.3049497120332109e-05
11617,1.3048548765381966e-05
11618,1.304759946130218e-05
11619,1.3046651106352052e-05
11620,1.3045692256796753e-05
11621,1.3044743901846618e-05
11622,1.3043793647526955e-05
11623,1.3042837671561883e-05
11624,1.3041881695596832e-05
11625,1.3040929537799794e-05
11626,1.3039978332130001e-05
11627,1.3039021399263724e-05
11628,1.3038072095072912e-05
11629,1.303712088940312e-05
11630,1.303616968384436e-05
11631,1.3035225116642114e-05
11632,1.303427486232245e-05
11633,1.3033326507372328e-05
11634,1.3032370531407257e-05
11635,1.3031419325848507e-05
11636,1.3030468120178721e-05
11637,1.3029517865748023e-05
11638,1.30285685615572e-05
11639,1.3027614496619034e-05
11640,1.3026663291060286e-05
11641,1.3025713036629583e-05
11642,1.3024759925706057e-05
11643,1.3023804905754055e-05
11644,1.3022850840704868e-05
11645,1.3021894864739824e-05
11646,1.302093888888577e-05
11647,1.3019984823836598e-05
11648,1.3019029803884592e-05
11649,1.301807669296107e-05
11650,1.3017117843405763e-05
11651,1.3016168539214945e-05
11652,1.3015211606348675e-05
11653,1.3014259448551601e-05
11654,1.3013307290754553e-05
11655,1.3012357986563744e-05
11656,1.3011407732133055e-05
11657,1.301045175616799e-05
11658,1.3009495780202945e-05
11659,1.3008542669279411e-05
11660,1.3007586693425386e-05
11661,1.3006630717460326e-05
11662,1.3005673784483035e-05
11663,1.3004720673670528e-05
11664,1.3003764697705484e-05
11665,1.3002810632656297e-05
11666,1.3001864173634026e-05
11667,1.3000908197668973e-05
11668,1.2999971160665414e-05
11669,1.2999030366112045e-05
11670,1.2998088629867502e-05
11671,1.2997148776117122e-05
11672,1.2996213612281879e-05
11673,1.2995266205795283e-05
11674,1.2994320693127103e-05
11675,1.2993373286640516e-05
11676,1.2992424931801408e-05
11677,1.2991468955836372e-05
11678,1.2990527219591819e-05
11679,1.2989584540545893e-05
11680,1.2988637134059287e-05
11681,1.2987694455124383e-05
11682,1.2986739435172366e-05
11683,1.2985787277375324e-05
11684,1.2984834166451792e-05
11685,1.2983881055639293e-05
11686,1.2982928897842258e-05
11687,1.2981978643411553e-05
11688,1.2981028388980858e-05
11689,1.2980076231183812e-05
11690,1.2979125976753101e-05
11691,1.29781757223224e-05
11692,1.2977225467891703e-05
11693,1.2976277113052603e-05
11694,1.2975326858621914e-05
11695,1.2974368008955583e-05
11696,1.2973410118188875e-05
11697,1.2972459863758171e-05
11698,1.2971511508919073e-05
11699,1.2970565996250906e-05
11700,1.2969610976298889e-05
11701,1.2968657865375379e-05
11702,1.2967701889410316e-05
11703,1.2966750683851568e-05
11704,1.2965797572928048e-05
11705,1.2964843507989876e-05
11706,1.2963885617223177e-05
11707,1.2962932506299658e-05
11708,1.2961983202108843e-05
11709,1.2961033897918037e-05
11710,1.2960082692359262e-05
11711,1.2959134337409145e-05
11712,1.2958181226596633e-05
11713,1.2957226206533612e-05
11714,1.2956272141595438e-05
11715,1.2955322837404634e-05
11716,1.2954368772466477e-05
11717,1.2953412796501411e-05
11718,1.29524634923106e-05
11719,1.2951513237879917e-05
11720,1.2950562983449213e-05
11721,1.2949612729129542e-05
11722,1.2948663424938719e-05
11723,1.294771221926893e-05
11724,1.2946763864429837e-05
11725,1.2945815509590722e-05
11726,1.2944866205399925e-05
11727,1.2943916901209107e-05
11728,1.2942965695539328e-05
11729,1.2942013537853294e-05
11730,1.29410623321835e-05
11731,1.2940111126513722e-05
11732,1.2939175026649426e-05
11733,1.2938235172899038e-05
11734,1.2937291550274566e-05
11735,1.2936339392477505e-05
11736,1.2935394825386294e-05
11737,1.2934452146451388e-05
11738,1.2933500940781606e-05
11739,1.2932559204537057e-05
11740,1.293161274540378e-05
11741,1.2930653895848465e-05
11742,1.292970743671517e-05
11743,1.2928760977581898e-05
11744,1.2927819241337358e-05
11745,1.2926884077502091e-05
11746,1.292593856483393e-05
11747,1.2924989260643114e-05
11748,1.2924044693551916e-05
11749,1.2923099180883744e-05
11750,1.2922161205963784e-05
11751,1.2921215693295632e-05
11752,1.2920270180627464e-05
11753,1.291932655811401e-05
11754,1.2918382935489522e-05
11755,1.2917435529002923e-05
11756,1.2916496615167368e-05
11757,1.2915551102499213e-05
11758,1.2914606535407986e-05
11759,1.2913659128921402e-05
11760,1.291271266978811e-05
11761,1.2911765263301511e-05
11762,1.2910831034607113e-05
11763,1.2909895870660831e-05
11764,1.2908962576219088e-05
11765,1.2908030215141865e-05
11766,1.2907094115166547e-05
11767,1.2906154261416178e-05
11768,1.290521628649622e-05
11769,1.2904271719293972e-05
11770,1.2903334682290432e-05
11771,1.2902395768454861e-05
11772,1.2901458731451322e-05
11773,1.2900519817615764e-05
11774,1.2899581842584765e-05
11775,1.2898643867664825e-05
11776,1.2897704953718222e-05
11777,1.289676603988266e-05
11778,1.2895829002879101e-05
11779,1.2894879698688303e-05
11780,1.2893931343849202e-05
11781,1.2892985831181047e-05
11782,1.2892037476341935e-05
11783,1.2891092909250725e-05
11784,1.289014455441163e-05
11785,1.2889195250220808e-05
11786,1.2888246895381693e-05
11787,1.288730798143512e-05
11788,1.28863634143439e-05
11789,1.2885423560593535e-05
11790,1.2884477101460233e-05
11791,1.2883528746621131e-05
11792,1.2882580391782031e-05
11793,1.2881627280858518e-05
11794,1.2880680821725228e-05
11795,1.2879739085480688e-05
11796,1.2878791678994089e-05
11797,1.287784616632593e-05
11798,1.287689686213512e-05
11799,1.2875951349577967e-05
11800,1.287501055502459e-05
11801,1.2874071641189038e-05
11802,1.2873127073986806e-05
11803,1.2872190036983245e-05
11804,1.2871243577961001e-05
11805,1.2870294273770167e-05
11806,1.2869343068100397e-05
11807,1.2868399445586931e-05
11808,1.2867450141396116e-05
11809,1.286650462872797e-05
11810,1.2865556273888848e-05
11811,1.2864615479335484e-05
11812,1.286365470909433e-05
11813,1.2862710142003134e-05
11814,1.286176368286985e-05
11815,1.2860812477311089e-05
11816,1.2859863173120266e-05
11817,1.285891006219674e-05
11818,1.2857966439683285e-05
11819,1.2857022817058797e-05
11820,1.2856079194545345e-05
11821,1.2855135571920858e-05
11822,1.2854191949407403e-05
11823,1.285324832678292e-05
11824,1.2852303759691718e-05
11825,1.2851353505261003e-05
11826,1.2850403250830315e-05
11827,1.2849458683739106e-05
11828,1.2848516004804198e-05
11829,1.2847567649965076e-05
11830,1.2846617395534393e-05
11831,1.284566998904779e-05
11832,1.284472258245018e-05
11833,1.2843775175963589e-05
11834,1.2842824921532886e-05
11835,1.2841875617342062e-05
11836,1.2840928210855467e-05
11837,1.2839977956424775e-05
11838,1.283902770199407e-05
11839,1.283807744756338e-05
11840,1.2837127193132675e-05
11841,1.2836180734110412e-05
11842,1.283523332762381e-05
11843,1.2834283073193115e-05
11844,1.2833338505990881e-05
11845,1.2832388251560196e-05
11846,1.2831437997129503e-05
11847,1.2830493430038281e-05
11848,1.2829548862947074e-05
11849,1.2828604295744839e-05
11850,1.282766067323137e-05
11851,1.2826713266744779e-05
11852,1.2825773412994411e-05
11853,1.2824833559244023e-05
11854,1.282388330481333e-05
11855,1.282293494997421e-05
11856,1.2821981839050709e-05
11857,1.2821031584620002e-05
11858,1.2820079426822945e-05
11859,1.2819130122632142e-05
11860,1.281818461007501e-05
11861,1.2817237203588415e-05
11862,1.2816281227623351e-05
11863,1.2815330021953565e-05
11864,1.2814378816283781e-05
11865,1.2813425705471289e-05
11866,1.28124744998015e-05
11867,1.2811523294131704e-05
11868,1.2810572088572945e-05
11869,1.2809621834142238e-05
11870,1.2808670628472468e-05
11871,1.2807721324281658e-05
11872,1.2806771069850961e-05
11873,1.2805817959038459e-05
11874,1.280486675336868e-05
11875,1.2803914595571624e-05
11876,1.2802967189085014e-05
11877,1.280201216913301e-05
11878,1.280106191470231e-05
11879,1.2800113559752201e-05
11880,1.2799162354193434e-05
11881,1.279821114852365e-05
11882,1.279725994296488e-05
11883,1.2796307785167828e-05
11884,1.279534893550149e-05
11885,1.27944005806624e-05
11886,1.2793452225823289e-05
11887,1.2792499114899762e-05
11888,1.2791546957102726e-05
11889,1.2790592892164547e-05
11890,1.2789645485677967e-05
11891,1.278868950971291e-05
11892,1.2787733533747852e-05
11893,1.278677660077054e-05
11894,1.2785832978257083e-05
11895,1.2784888411165875e-05
11896,1.2783939106975057e-05
11897,1.2782985042036893e-05
11898,1.2782031931113378e-05
11899,1.2781078820189872e-05
11900,1.2780127614520071e-05
11901,1.2779176408961323e-05
11902,1.277822043299626e-05
11903,1.2777272078157165e-05
11904,1.277632277396634e-05
11905,1.2775370616169302e-05
11906,1.277441941049951e-05
11907,1.2773468204940734e-05
11908,1.2772522692272581e-05
11909,1.277156958134905e-05
11910,1.2770618375790294e-05
11911,1.2769662399825249e-05
11912,1.2768711194155451e-05
11913,1.27677590363584e-05
11914,1.2766808781927718e-05
11915,1.2765855671004191e-05
11916,1.2764907316165096e-05
11917,1.2763953251226935e-05
11918,1.2763000140303398e-05
11919,1.2762046075365248e-05
11920,1.2761092010427069e-05
11921,1.2760136990475067e-05
11922,1.2759181970412025e-05
11923,1.2758230764853284e-05
11924,1.275727095539914e-05
11925,1.2756324496265852e-05
11926,1.2755374241835144e-05
11927,1.2754423036165363e-05
11928,1.2753473732085574e-05
11929,1.2752516799108261e-05
11930,1.2751565593549514e-05
11931,1.275061438787972e-05
11932,1.2749664133449023e-05
11933,1.2748712927890253e-05
11934,1.2747762673459553e-05
11935,1.2746812419028862e-05
11936,1.2745861213359066e-05
11937,1.2744909055562033e-05
11938,1.2743956897764969e-05
11939,1.274300854292587e-05
11940,1.274206113643927e-05
11941,1.274110897864222e-05
11942,1.2740158724211532e-05
11943,1.2739208469780832e-05
11944,1.2738252493815782e-05
11945,1.2737298428877617e-05
11946,1.2736344363939457e-05
11947,1.2735402627694905e-05
11948,1.273445711502675e-05
11949,1.2733509708540142e-05
11950,1.2732561353590013e-05
11951,1.2731626189754753e-05
11952,1.2730685395312415e-05
11953,1.2729737040362288e-05
11954,1.2728786785931584e-05
11955,1.2727838431092493e-05
11956,1.2726888176661797e-05
11957,1.2725937922231081e-05
11958,1.2724988618151292e-05
11959,1.2724037412481523e-05
11960,1.2723084301557996e-05
11961,1.272212449210386e-05
11962,1.2721171381291373e-05
11963,1.2720218270367836e-05
11964,1.2719265159444333e-05
11965,1.271831395377455e-05
11966,1.2717362748215779e-05
11967,1.2716412493785079e-05
11968,1.271546223935438e-05
11969,1.2714513884515276e-05
11970,1.2713560773591754e-05
11971,1.2712612418752649e-05
11972,1.2711658353703475e-05
11973,1.2710704288765303e-05
11974,1.2709750223827145e-05
11975,1.2708801868988045e-05
11976,1.270784875806452e-05
11977,1.2706896600267473e-05
11978,1.2705943489343958e-05
11979,1.2704997030321685e-05
11980,1.2704048675371565e-05
11981,1.2703098421051894e-05
11982,1.2702147215382105e-05
11983,1.2701196960951393e-05
11984,1.2700248606112307e-05
11985,1.2699299301921478e-05
11986,1.2698349047490787e-05
11987,1.2697401641004193e-05
11988,1.2696451386573484e-05
11989,1.2695501132142783e-05
11990,1.2694551827951981e-05
11991,1.2693602523761168e-05
11992,1.2692652269330483e-05
11993,1.2691703914491368e-05
11994,1.2690755559652264e-05
11995,1.2689806255461447e-05
11996,1.2688855049902697e-05
11997,1.2687906694952563e-05
11998,1.2686955489393805e-05
11999,1.2686006185202986e-05
12000,1.2685058778716406e-05
12001,1.2684109474525595e-05
12002,1.2683161119686481e-05
12003,1.268220705474831e-05
12004,1.2681254896951276e-05
12005,1.2680304642520566e-05
12006,1.2679354388089865e-05
12007,1.267840413365917e-05
12008,1.2677454829468361e-05
12009,1.2676506474629248e-05
12010,1.2675558119790145e-05
12011,1.2674605961993095e-05
12012,1.2673653804196043e-05
12013,1.2672704500005244e-05
12014,1.2671752342208195e-05
12015,1.2670804935721598e-05
12016,1.2669850870783431e-05
12017,1.266890061635272e-05
12018,1.2667946551414558e-05
12019,1.2667002928790088e-05
12020,1.2666053624599267e-05
12021,1.2665101466802227e-05
12022,1.2664148355989724e-05
12023,1.2663195245066199e-05
12024,1.2662243087269154e-05
12025,1.2661291881599365e-05
12026,1.266033972380231e-05
12027,1.265938661298983e-05
12028,1.265843540732003e-05
12029,1.2657481342381861e-05
12030,1.2656531087951183e-05
12031,1.2655574155084896e-05
12032,1.2654617222107582e-05
12033,1.265366315716943e-05
12034,1.2652708137217425e-05
12035,1.265175597942037e-05
12036,1.265080477375057e-05
12037,1.2649845924195262e-05
12038,1.2648896620004456e-05
12039,1.2647945414334675e-05
12040,1.26469942087759e-05
12041,1.2646043003106119e-05
12042,1.2645094648267019e-05
12043,1.2644138672301958e-05
12044,1.2643188417871268e-05
12045,1.2642230527104564e-05
12046,1.264127167743823e-05
12047,1.264031282788292e-05
12048,1.2639353978216587e-05
12049,1.2638398002251536e-05
12050,1.2637441069385238e-05
12051,1.26364889115882e-05
12052,1.2635531978721918e-05
12053,1.263457504574462e-05
12054,1.2633618112878331e-05
12055,1.2632661180012042e-05
12056,1.263170424714576e-05
12057,1.2630754942954951e-05
12058,1.2629806588115848e-05
12059,1.262885823316574e-05
12060,1.2627907978846059e-05
12061,1.2626957724415365e-05
12062,1.2626006518745564e-05
12063,1.2625058163906476e-05
12064,1.2624107909475758e-05
12065,1.2623158605284956e-05
12066,1.2622209301094148e-05
12067,1.262125999690333e-05
12068,1.2620313537881076e-05
12069,1.2619363283450365e-05
12070,1.2618412077780585e-05
12071,1.2617461823349893e-05
12072,1.2616511568919181e-05
12073,1.2615560363360418e-05
12074,1.2614607252436911e-05
12075,1.2613655094639848e-05
12076,1.2612703888970065e-05
12077,1.2611750778157581e-05
12078,1.2610798620360518e-05
12079,1.2609847414690728e-05
12080,1.2608896209020941e-05
12081,1.2607943098208445e-05
12082,1.2606990940411392e-05
12083,1.2606039734741607e-05
12084,1.2605090430550804e-05
12085,1.260414112647102e-05
12086,1.2603191822280209e-05
12087,1.260224251808939e-05
12088,1.2601294163250294e-05
12089,1.2600344859059467e-05
12090,1.2599395554868663e-05
12091,1.259844625067785e-05
12092,1.2597492185739693e-05
12093,1.2596542881548881e-05
12094,1.2595591675990104e-05
12095,1.2594643321151011e-05
12096,1.2593684471484679e-05
12097,1.25927275386184e-05
12098,1.2591779183668266e-05
12099,1.2590827025982233e-05
12100,1.2589879619384635e-05
12101,1.2588931264545517e-05
12102,1.2587979106748477e-05
12103,1.2587027901189709e-05
12104,1.2586075743392653e-05
12105,1.2585135889642274e-05
12106,1.2584193210707367e-05
12107,1.2583250531772443e-05
12108,1.258230785283753e-05
12109,1.2581361393704242e-05
12110,1.258041871476933e-05
12111,1.2579472255636052e-05
12112,1.2578525796502751e-05
12113,1.2577574590943996e-05
12114,1.2576617658077709e-05
12115,1.2575671198944425e-05
12116,1.2574722844105327e-05
12117,1.2573776384972037e-05
12118,1.2572824227174975e-05
12119,1.2571873021505188e-05
12120,1.2570921815946429e-05
12121,1.2569965839981379e-05
12122,1.2569018433494783e-05
12123,1.2568071974361488e-05
12124,1.2567115041495215e-05
12125,1.2566166686545095e-05
12126,1.2565210710691062e-05
12127,1.256425473472601e-05
12128,1.2563298758760942e-05
12129,1.2562341825783646e-05
12130,1.2561382976228329e-05
12131,1.2560427000263271e-05
12132,1.2559470067396994e-05
12133,1.2558517909599944e-05
12134,1.2557567655169254e-05
12135,1.2556610722302973e-05
12136,1.2555655702239925e-05
12137,1.2554698769373661e-05
12138,1.2553741836507376e-05
12139,1.2552784903641083e-05
12140,1.2551829883578057e-05
12141,1.2550880579498271e-05
12142,1.2549925559435241e-05
12143,1.2548974353876483e-05
12144,1.2548019333813444e-05
12145,1.2547064313861425e-05
12146,1.2546107380995156e-05
12147,1.2545160921861864e-05
12148,1.2544211617671061e-05
12149,1.2543263262831941e-05
12150,1.2542313958641148e-05
12151,1.2541364654561339e-05
12152,1.2540415350370536e-05
12153,1.2539467943883944e-05
12154,1.2538518639693139e-05
12155,1.2537569335502322e-05
12156,1.2536617177705277e-05
12157,1.2535664066781747e-05
12158,1.2534713812351052e-05
12159,1.2533765457511949e-05
12160,1.2532815203081249e-05
12161,1.2531866848242148e-05
12162,1.253091659381144e-05
12163,1.2529971081143276e-05
12164,1.2529024622121018e-05
12165,1.2528078162987726e-05
12166,1.2527132650319562e-05
12167,1.2526194675399605e-05
12168,1.2525249162731462e-05
12169,1.252430270359816e-05
12170,1.2523354348759065e-05
12171,1.2522405993919959e-05
12172,1.2521458587433358e-05
12173,1.2520511180835747e-05
12174,1.2519560926405042e-05
12175,1.251861067197435e-05
12176,1.2517655652022331e-05
12177,1.2516706347831528e-05
12178,1.2515757043751732e-05
12179,1.2514801067786675e-05
12180,1.2513846047723655e-05
12181,1.2512891027771634e-05
12182,1.2511938869974588e-05
12183,1.2510988615543898e-05
12184,1.2510040260704788e-05
12185,1.2509088102907741e-05
12186,1.2508136897348976e-05
12187,1.2507192330146744e-05
12188,1.2506241124587985e-05
12189,1.2505291820397162e-05
12190,1.2504342516206364e-05
12191,1.2503400779961825e-05
12192,1.2502452425122722e-05
12193,1.2501504070172576e-05
12194,1.2500555715333477e-05
12195,1.24996092562002e-05
12196,1.2498659952120409e-05
12197,1.2497710647929594e-05
12198,1.2496762293090498e-05
12199,1.2495806317125428e-05
12200,1.249485415932838e-05
12201,1.2493902001531327e-05
12202,1.2492944110764619e-05
12203,1.2491988134799566e-05
12204,1.2491031201933293e-05
12205,1.2490082846983167e-05
12206,1.248913259255246e-05
12207,1.2488175659686185e-05
12208,1.2487227304847088e-05
12209,1.248627895000797e-05
12210,1.248533059516888e-05
12211,1.2484382240218745e-05
12212,1.2483433885379657e-05
12213,1.2482484581188837e-05
12214,1.248153337563007e-05
12215,1.248058312119937e-05
12216,1.2479635714712774e-05
12217,1.2478679738747714e-05
12218,1.24777247186847e-05
12219,1.2476775414604905e-05
12220,1.247582800800729e-05
12221,1.2474879653168189e-05
12222,1.2473929398737482e-05
12223,1.2472981992250888e-05
12224,1.2472034585764283e-05
12225,1.2471085281573473e-05
12226,1.2470134075903704e-05
12227,1.2469186669417098e-05
12228,1.2468239262930511e-05
12229,1.2467289958739691e-05
12230,1.2466337800942645e-05
12231,1.2465388496751821e-05
12232,1.2464439192672037e-05
12233,1.2463489888481232e-05
12234,1.2462539634050519e-05
12235,1.2461590329859712e-05
12236,1.2460641025668896e-05
12237,1.2459693619182305e-05
12238,1.2458745264343212e-05
12239,1.245779596015239e-05
12240,1.2456847605313284e-05
12241,1.2455898301122486e-05
12242,1.2454948996931664e-05
12243,1.2453999692851885e-05
12244,1.2453053233718587e-05
12245,1.2452097257753531e-05
12246,1.245114985126695e-05
12247,1.2450204338598785e-05
12248,1.2449256932112183e-05
12249,1.244830762792138e-05
12250,1.2447361168788086e-05
12251,1.2446415656119918e-05
12252,1.2445462545307418e-05
12253,1.2444508480258234e-05
12254,1.244356202123598e-05
12255,1.2442612717045175e-05
12256,1.244166151137538e-05
12257,1.2440712207184576e-05
12258,1.2439762903104785e-05
12259,1.2438811697435001e-05
12260,1.2437864290948387e-05
12261,1.2436917831815103e-05
12262,1.243596376687694e-05
12263,1.2435012561207166e-05
12264,1.2434058496269e-05
12265,1.243311014142989e-05
12266,1.2432161786590791e-05
12267,1.2431213431640671e-05
12268,1.2430266972618405e-05
12269,1.2429314814821344e-05
12270,1.2428357881955067e-05
12271,1.2427407627524369e-05
12272,1.2426457373093679e-05
12273,1.2425507118662966e-05
12274,1.2424569143631985e-05
12275,1.2423626464697078e-05
12276,1.2422684728452531e-05
12277,1.2421732570655478e-05
12278,1.24207927169051e-05
12279,1.2419843412825307e-05
12280,1.2418896006227701e-05
12281,1.2417950493670553e-05
12282,1.2417004034537276e-05
12283,1.2416055679698166e-05
12284,1.2415108273211576e-05
12285,1.2414158018780878e-05
12286,1.2413210612183267e-05
12287,1.2412260357752561e-05
12288,1.241131105367277e-05
12289,1.241036079924207e-05
12290,1.2409404823277013e-05
12291,1.2408448847311963e-05
12292,1.2407493827359952e-05
12293,1.2406536894382649e-05
12294,1.2405587590302865e-05
12295,1.2404631614337802e-05
12296,1.2403676594274769e-05
12297,1.2402731081717638e-05
12298,1.2401778923920585e-05
12299,1.2400831517433989e-05
12300,1.2399882213243172e-05
12301,1.23989252803769e-05
12302,1.2397967389499167e-05
12303,1.2397017135068475e-05
12304,1.2396068780229362e-05
12305,1.2395121373742758e-05
12306,1.239417206955195e-05
12307,1.2393222765361155e-05
12308,1.2392273461281364e-05
12309,1.2391319396232177e-05
12310,1.2390363420267123e-05
12311,1.2389411262581075e-05
12312,1.2388463855983475e-05
12313,1.2387513601552767e-05
12314,1.23865671425305e-05
12315,1.2385620683397205e-05
12316,1.2384673276910618e-05
12317,1.2383725870424024e-05
12318,1.238277846382641e-05
12319,1.238182820939571e-05
12320,1.2380877955076022e-05
12321,1.2379932442407876e-05
12322,1.2378975509541593e-05
12323,1.2378017618663858e-05
12324,1.2377071159641597e-05
12325,1.2376114226664287e-05
12326,1.2375161115851801e-05
12327,1.2374210861421091e-05
12328,1.2373259655751322e-05
12329,1.2372310351560494e-05
12330,1.2371361996721394e-05
12331,1.2370413641882286e-05
12332,1.2369462436212515e-05
12333,1.2368511230653753e-05
12334,1.2367569494409201e-05
12335,1.2366629640658811e-05
12336,1.2365692603655286e-05
12337,1.2364748981030786e-05
12338,1.2363801574544189e-05
12339,1.2362857007452993e-05
12340,1.2361910548319694e-05
12341,1.2360959342649905e-05
12342,1.2360014775558696e-05
12343,1.2359073039314158e-05
12344,1.2358129416689668e-05
12345,1.2357191441769722e-05
12346,1.2356249705525181e-05
12347,1.2355302299038591e-05
12348,1.2354357731836352e-05
12349,1.2353412219279205e-05
12350,1.2352465760145927e-05
12351,1.2351517405306827e-05
12352,1.2350569998709194e-05
12353,1.2349621643870091e-05
12354,1.2348674237383506e-05
12355,1.2347726830896905e-05
12356,1.2346777526706104e-05
12357,1.2345826321036323e-05
12358,1.2344877016956532e-05
12359,1.2343928662006393e-05
12360,1.2342979357926602e-05
12361,1.2342030053735792e-05
12362,1.234108074954499e-05
12363,1.2340130495114277e-05
12364,1.2339176430176133e-05
12365,1.2338223319252596e-05
12366,1.2337264469586265e-05
12367,1.2336307536719984e-05
12368,1.2335355378922943e-05
12369,1.2334404173364188e-05
12370,1.2333452015567122e-05
12371,1.2332503660728014e-05
12372,1.2331547684762958e-05
12373,1.2330591708797901e-05
12374,1.232964050312812e-05
12375,1.2328684527163066e-05
12376,1.2327731416239551e-05
12377,1.2326782112159764e-05
12378,1.2325827092096736e-05
12379,1.2324872072144713e-05
12380,1.2323923717305625e-05
12381,1.2322969652367465e-05
12382,1.2322023193234173e-05
12383,1.232107673410087e-05
12384,1.2320126479670169e-05
12385,1.231917336874666e-05
12386,1.23182173927816e-05
12387,1.231726998629501e-05
12388,1.2316322579808414e-05
12389,1.2315372325377723e-05
12390,1.2314423021186904e-05
12391,1.2313473717107112e-05
12392,1.2312524412916297e-05
12393,1.2311576058077194e-05
12394,1.2310625803646499e-05
12395,1.230967744869637e-05
12396,1.2308730042209785e-05
12397,1.2307778836651024e-05
12398,1.2306826678853973e-05
12399,1.230587452105692e-05
12400,1.2304922363259852e-05
12401,1.2303970205462807e-05
12402,1.230301614052464e-05
12403,1.2302063982727604e-05
12404,1.2301111824930536e-05
12405,1.2300160619260758e-05
12406,1.2299207508448266e-05
12407,1.2298257254017557e-05
12408,1.2297306999586872e-05
12409,1.2296359593100277e-05
12410,1.2295403617135213e-05
12411,1.2294455262185089e-05
12412,1.2293505958105298e-05
12413,1.2292554752435505e-05
12414,1.2291606397596406e-05
12415,1.2290658042646285e-05
12416,1.2289703022694268e-05
12417,1.228875561620767e-05
12418,1.228780820972109e-05
12419,1.2286859854881987e-05
12420,1.2285911499931855e-05
12421,1.2284960294373098e-05
12422,1.2284012887886504e-05
12423,1.2283064532936375e-05
12424,1.228211142212388e-05
12425,1.2281163067173755e-05
12426,1.2280208047221746e-05
12427,1.2279255889424683e-05
12428,1.2278300869472674e-05
12429,1.2277346804534527e-05
12430,1.2276393693611e-05
12431,1.2275441535813957e-05
12432,1.2274486515861934e-05
12433,1.2273532450923774e-05
12434,1.2272575517946463e-05
12435,1.2271628111459884e-05
12436,1.2270692011484566e-05
12437,1.2269747444393346e-05
12438,1.2268802877302143e-05
12439,1.2267860198367233e-05
12440,1.2266909943936534e-05
12441,1.2265963484803237e-05
12442,1.2265009419865082e-05
12443,1.2264061064914955e-05
12444,1.2263119328670403e-05
12445,1.2262184164835155e-05
12446,1.2261236758348553e-05
12447,1.2260288403509461e-05
12448,1.2259340997022852e-05
12449,1.2258394537889567e-05
12450,1.2257438561924506e-05
12451,1.225649870817413e-05
12452,1.225555130168755e-05
12453,1.2254605789019381e-05
12454,1.225366122192817e-05
12455,1.2252713815330553e-05
12456,1.2251766408843958e-05
12457,1.2250819002357364e-05
12458,1.2249870647518259e-05
12459,1.2248921343327444e-05
12460,1.2247972039136634e-05
12461,1.2247023684297538e-05
12462,1.2246066751431249e-05
12463,1.2245110775466205e-05
12464,1.2244161471275378e-05
12465,1.2243204538409101e-05
12466,1.22422571319225e-05
12467,1.2241308776972387e-05
12468,1.2240363264415234e-05
12469,1.2239414909465125e-05
12470,1.2238462751779087e-05
12471,1.223751344758827e-05
12472,1.2236566988454989e-05
12473,1.2235613877531472e-05
12474,1.2234659812593316e-05
12475,1.2233704792641296e-05
12476,1.2232749772689297e-05
12477,1.223179475262626e-05
12478,1.223083973267425e-05
12479,1.2229885667736086e-05
12480,1.2228939208602787e-05
12481,1.2227982275736505e-05
12482,1.2227032021305827e-05
12483,1.222608176687512e-05
12484,1.2225129609078062e-05
12485,1.222417745128101e-05
12486,1.222322624572225e-05
12487,1.2222274087925203e-05
12488,1.2221321930128138e-05
12489,1.2220369772331107e-05
12490,1.2219419517900395e-05
12491,1.221846736010335e-05
12492,1.2217514249179833e-05
12493,1.221656399474913e-05
12494,1.2215621315814211e-05
12495,1.2214677693300752e-05
12496,1.2213728389109936e-05
12497,1.2212793225274689e-05
12498,1.2211838205322668e-05
12499,1.2210890798725069e-05
12500,1.2209946231633849e-05
12501,1.2209000718965688e-05
12502,1.22080608652153e-05
12503,1.2207113458728707e-05
12504,1.2206171722484182e-05
12505,1.2205237493789762e-05
12506,1.2204302329954498e-05
12507,1.2203365292950965e-05
12508,1.2202426379115401e-05
12509,1.2201489342111847e-05
12510,1.2200551367080876e-05
12511,1.2199613392160908e-05
12512,1.2198677292185607e-05
12513,1.2197727037754902e-05
12514,1.2196780578732646e-05
12515,1.2195840724982261e-05
12516,1.219490087123187e-05
12517,1.21939610174815e-05
12518,1.2193019281236957e-05
12519,1.2192070926397843e-05
12520,1.2191131072647455e-05
12521,1.2190184613514177e-05
12522,1.2189244759763804e-05
12523,1.218829830074152e-05
12524,1.2187354678117053e-05
12525,1.2186413883563664e-05
12526,1.218546552872456e-05
12527,1.2184510508772555e-05
12528,1.2183563102285964e-05
12529,1.218262512725498e-05
12530,1.2181677720768388e-05
12531,1.2180736926215022e-05
12532,1.217978667178431e-05
12533,1.217884587734196e-05
12534,1.2177910713506716e-05
12535,1.2176969918953348e-05
12536,1.2176030065202948e-05
12537,1.217508832895842e-05
12538,1.2174144706333929e-05
12539,1.2173202970089399e-05
12540,1.2172265933085848e-05
12541,1.2171325138643493e-05
12542,1.2170374884212791e-05
12543,1.2169432205277886e-05
12544,1.2168493291331288e-05
12545,1.216754493649219e-05
12546,1.2166596581653083e-05
12547,1.2165658606622113e-05
12548,1.2164712147599838e-05
12549,1.2163770411355308e-05
12550,1.2162822056405174e-05
12551,1.2161869898608122e-05
12552,1.2160916787795623e-05
12553,1.2159964629998587e-05
12554,1.2159019117330423e-05
12555,1.2158067911660629e-05
12556,1.215712334456943e-05
12557,1.2156178777478217e-05
12558,1.2155234210275987e-05
12559,1.2154286803789379e-05
12560,1.2153337499598576e-05
12561,1.2152398585763013e-05
12562,1.2151451179276397e-05
12563,1.2150507556651915e-05
12564,1.2149559201812824e-05
12565,1.2148610846973716e-05
12566,1.2147666279771492e-05
12567,1.2146720767214344e-05
12568,1.2145772412264217e-05
12569,1.2144826899707082e-05
12570,1.2143881387038914e-05
12571,1.2142935874370767e-05
12572,1.2141991307279544e-05
12573,1.2141050512726175e-05
12574,1.2140105000058013e-05
12575,1.213915948738986e-05
12576,1.2138213028367585e-05
12577,1.2137266569234301e-05
12578,1.2136315363564527e-05
12579,1.213536700872541e-05
12580,1.2134429971721877e-05
12581,1.2133479717291172e-05
12582,1.213254174237122e-05
12583,1.2131593387532107e-05
12584,1.2130645032581993e-05
12585,1.212970611874642e-05
12586,1.2128754913076644e-05
12587,1.2127806558237539e-05
12588,1.2126858203398422e-05
12589,1.2125910796911822e-05
12590,1.212496811797691e-05
12591,1.2124016912307137e-05
12592,1.2123068557468032e-05
12593,1.212212115098144e-05
12594,1.2121166130918397e-05
12595,1.2120215876598735e-05
12596,1.2119260856535698e-05
12597,1.2118309650976941e-05
12598,1.2117357493179874e-05
12599,1.2116411034046594e-05
12600,1.2115456969108436e-05
12601,1.2114506714677729e-05
12602,1.2113551694725713e-05
12603,1.2112598583802195e-05
12604,1.2111648329371496e-05
12605,1.2110691396505216e-05
12606,1.2109743041555104e-05
12607,1.2108794686716006e-05
12608,1.210784822769373e-05
12609,1.2106896069896688e-05
12610,1.2105948663299067e-05
12611,1.2104992687334008e-05
12612,1.210404148177524e-05
12613,1.2103088370851724e-05
12614,1.2102140964365132e-05
12615,1.2101193557878538e-05
12616,1.210024615128091e-05
12617,1.2099297796441807e-05
12618,1.2098351337419549e-05
12619,1.2097404878286264e-05
12620,1.209645747179966e-05
12621,1.2095512904597429e-05
12622,1.2094562650166727e-05
12623,1.2093613346086935e-05
12624,1.2092663091656237e-05
12625,1.2091716632522956e-05
12626,1.2090761612570944e-05
12627,1.2089811358140252e-05
12628,1.2088856338077219e-05
12629,1.2087906083646526e-05
12630,1.2086951063694505e-05
12631,1.208600460467223e-05
12632,1.2085052446875189e-05
12633,1.2084106934207027e-05
12634,1.208315382328351e-05
12635,1.2082200712359987e-05
12636,1.2081245692407974e-05
12637,1.2080292581484464e-05
12638,1.2079339470671973e-05
12639,1.2078386359748457e-05
12640,1.2077434201951398e-05
12641,1.2076481091027888e-05
12642,1.2075527980104366e-05
12643,1.2074573915166206e-05
12644,1.2073623660735506e-05
12645,1.2072680981800586e-05
12646,1.2071734522667306e-05
12647,1.2070781411854798e-05
12648,1.2069830206185007e-05
12649,1.2068877095261502e-05
12650,1.2067920162395213e-05
12651,1.206696895672544e-05
12652,1.206602249770316e-05
12653,1.2065073193512361e-05
12654,1.206412293908166e-05
12655,1.2063171733411867e-05
12656,1.2062219575614825e-05
12657,1.2061266464802331e-05
12658,1.206031239975314e-05
12659,1.2059360242067116e-05
12660,1.2058408084270063e-05
12661,1.2057454019220867e-05
12662,1.2056498043366835e-05
12663,1.205554015248911e-05
12664,1.2054590848409317e-05
12665,1.2053646281207097e-05
12666,1.2052694123410037e-05
12667,1.2051741965612987e-05
12668,1.2050786945660977e-05
12669,1.2049834787863922e-05
12670,1.2048878811898872e-05
12671,1.2047929507819074e-05
12672,1.204697257484177e-05
12673,1.2046021369283021e-05
12674,1.2045070163613234e-05
12675,1.2044118957943438e-05
12676,1.2043167752384676e-05
12677,1.2042216546714893e-05
12678,1.20412662922842e-05
12679,1.204031508672542e-05
12680,1.2039365782534615e-05
12681,1.2038415528103918e-05
12682,1.2037463370306877e-05
12683,1.2036510259383357e-05
12684,1.2035557148570859e-05
12685,1.2034604990773806e-05
12686,1.2033652832976754e-05
12687,1.2032701627306955e-05
12688,1.2031752323116147e-05
12689,1.2030803018925332e-05
12690,1.2029847998973322e-05
12691,1.2028892979021328e-05
12692,1.2027942724590632e-05
12693,1.2026992470159934e-05
12694,1.2026043165969103e-05
12695,1.202509386188933e-05
12696,1.2024144557698508e-05
12697,1.2023198098565224e-05
12698,1.2022241165698939e-05
12699,1.2021288054775434e-05
12700,1.2020333989837269e-05
12701,1.2019378969885248e-05
12702,1.2018426812088194e-05
12703,1.2017471792025163e-05
12704,1.2016519634228121e-05
12705,1.2015564614276105e-05
12706,1.2014609594324108e-05
12707,1.20136593398934e-05
12708,1.2012706228969888e-05
12709,1.2011767315134306e-05
12710,1.2010822747932082e-05
12711,1.2009876288909822e-05
12712,1.2008939251906278e-05
12713,1.2007996572971354e-05
12714,1.2007050113838078e-05
12715,1.2006102707351469e-05
12716,1.2005156248218183e-05
12717,1.2004209789084902e-05
12718,1.2003272752192372e-05
12719,1.2002326293059095e-05
12720,1.2001377938219988e-05
12721,1.2000443709525585e-05
12722,1.1999504795578982e-05
12723,1.199856117306552e-05
12724,1.1997609967395746e-05
12725,1.1996664454727586e-05
12726,1.19957151506478e-05
12727,1.199477058344555e-05
12728,1.1993821279365772e-05
12729,1.1992872924415634e-05
12730,1.199192456957655e-05
12731,1.1990973363906762e-05
12732,1.1990018343954745e-05
12733,1.1989062367989679e-05
12734,1.1988109257066167e-05
12735,1.1987154237114162e-05
12736,1.1986200172175988e-05
12737,1.1985255605084788e-05
12738,1.1984303447287743e-05
12739,1.1983353192857043e-05
12740,1.1982403888666227e-05
12741,1.1981453634235538e-05
12742,1.1980503379804825e-05
12743,1.1979554075614015e-05
12744,1.197860287005526e-05
12745,1.1977652615624546e-05
12746,1.1976700457827496e-05
12747,1.1975747346903987e-05
12748,1.1974798992064894e-05
12749,1.1973853479396727e-05
12750,1.1972904175205912e-05
12751,1.197195201740886e-05
12752,1.1971006504851722e-05
12753,1.197006004571844e-05
12754,1.1969111690879332e-05
12755,1.1968163336040224e-05
12756,1.1967214981090107e-05
12757,1.1966268522067827e-05
12758,1.1965318267637132e-05
12759,1.1964368963446322e-05
12760,1.1963418709015622e-05
12761,1.1962470354176523e-05
12762,1.1961521999226407e-05
12763,1.1960572695146616e-05
12764,1.1959623390955795e-05
12765,1.1958676931822515e-05
12766,1.195772952533592e-05
12767,1.1956783066202634e-05
12768,1.1955829955279102e-05
12769,1.1954873022412823e-05
12770,1.1953921816854054e-05
12771,1.195296679679104e-05
12772,1.195201559123226e-05
12773,1.1951064385562487e-05
12774,1.1950110320624322e-05
12775,1.1949160066193622e-05
12776,1.1948211711354522e-05
12777,1.1947263356515419e-05
12778,1.1946315949917786e-05
12779,1.194536949089554e-05
12780,1.1944422084297902e-05
12781,1.1943469926500867e-05
12782,1.194251776881482e-05
12783,1.1941574146190341e-05
12784,1.1940631467255433e-05
12785,1.1939686900164224e-05
12786,1.1938742332962e-05
12787,1.1937798710448536e-05
12788,1.1936853197780371e-05
12789,1.1935906738647084e-05
12790,1.1934963116133623e-05
12791,1.1934017603465462e-05
12792,1.193307114433218e-05
12793,1.1932125631775044e-05
12794,1.1931182009150562e-05
12795,1.1930235550128288e-05
12796,1.1929290982926059e-05
12797,1.1928343576439451e-05
12798,1.1927398063771298e-05
12799,1.1926449708932203e-05
12800,1.192550324979891e-05
12801,1.1924558682707691e-05
12802,1.1923614115616486e-05
12803,1.1922665760666352e-05
12804,1.1921720248109216e-05
12805,1.1920774735441054e-05
12806,1.1919829222772906e-05
12807,1.19188818162863e-05
12808,1.1917933461447207e-05
12809,1.191699266689383e-05
12810,1.1916046207760553e-05
12811,1.1915105413207169e-05
12812,1.1914158954184899e-05
12813,1.1913213441516744e-05
12814,1.1912269818892273e-05
12815,1.1911323359869988e-05
12816,1.1910367383904946e-05
12817,1.1909418079714124e-05
12818,1.1908467825283422e-05
12819,1.1907517570852727e-05
12820,1.1906566365182954e-05
12821,1.1905617061103164e-05
12822,1.1904669654505543e-05
12823,1.190372319548328e-05
12824,1.1902774840533143e-05
12825,1.1901826485694045e-05
12826,1.1900880026671773e-05
12827,1.1899931671721661e-05
12828,1.189898331688256e-05
12829,1.1898034962043438e-05
12830,1.1897084707612757e-05
12831,1.1896138248479451e-05
12832,1.1895188944288655e-05
12833,1.1894244377197433e-05
12834,1.1893291266273916e-05
12835,1.1892337201335763e-05
12836,1.1891380268469466e-05
12837,1.1890426203531323e-05
12838,1.1889482580906833e-05
12839,1.1888526604941774e-05
12840,1.1887570628976708e-05
12841,1.1886614653011666e-05
12842,1.1885661542199163e-05
12843,1.1884708431275651e-05
12844,1.1883755320352124e-05
12845,1.1882802209428618e-05
12846,1.188184814449044e-05
12847,1.1880895986693396e-05
12848,1.1879941921755224e-05
12849,1.1878987856817068e-05
12850,1.1878032836865055e-05
12851,1.1877078771815881e-05
12852,1.1876134204724658e-05
12853,1.1875190582100185e-05
12854,1.1874239376541411e-05
12855,1.1873291021702306e-05
12856,1.1872344562569035e-05
12857,1.1871394308138338e-05
12858,1.1870442150341278e-05
12859,1.1869491895910581e-05
12860,1.1868542591719766e-05
12861,1.1867596132697495e-05
12862,1.186665062002934e-05
12863,1.1865702265190235e-05
12864,1.1864752960999427e-05
12865,1.186380460616033e-05
12866,1.1862859093492162e-05
12867,1.1861912634358877e-05
12868,1.1860966175225585e-05
12869,1.1860017820386475e-05
12870,1.1859069465547383e-05
12871,1.185812395287921e-05
12872,1.1857179385788015e-05
12873,1.185623481858577e-05
12874,1.1855286463746673e-05
12875,1.1854337159555861e-05
12876,1.1853391646998716e-05
12877,1.1852443292048591e-05
12878,1.1851486359182315e-05
12879,1.1850534201385272e-05
12880,1.1849577268518987e-05
12881,1.1848622248566965e-05
12882,1.1847667228614975e-05
12883,1.1846712208551935e-05
12884,1.184575909773944e-05
12885,1.1844804077676414e-05
12886,1.1843849057724398e-05
12887,1.1842904490633185e-05
12888,1.184195137970966e-05
12889,1.1841004920576378e-05
12890,1.1840053715017618e-05
12891,1.1839105360067502e-05
12892,1.1838159847510353e-05
12893,1.1837213388377071e-05
12894,1.1836267875708912e-05
12895,1.1835317621278204e-05
12896,1.183437305418699e-05
12897,1.1833428486984763e-05
12898,1.1832482974427632e-05
12899,1.1831531768757846e-05
12900,1.1830586256089681e-05
12901,1.1829645461536302e-05
12902,1.182870372529176e-05
12903,1.1827748705339765e-05
12904,1.1826793685387757e-05
12905,1.1825845330548647e-05
12906,1.182489792395102e-05
12907,1.1823949569111926e-05
12908,1.182300121427282e-05
12909,1.1822052859433723e-05
12910,1.1821109236809235e-05
12911,1.1820154216857223e-05
12912,1.1819199196905215e-05
12913,1.1818244176842177e-05
12914,1.1817289156890166e-05
12915,1.1816337951331413e-05
12916,1.1815382931268388e-05
12917,1.1814427911316377e-05
12918,1.1813472891364354e-05
12919,1.1812515958387058e-05
12920,1.1811560938435057e-05
12921,1.1810605918483043e-05
12922,1.1809649942517977e-05
12923,1.1808704429849832e-05
12924,1.1807757970827554e-05
12925,1.1806807716396856e-05
12926,1.1805861257263566e-05
12927,1.1804913850776985e-05
12928,1.1803965495826858e-05
12929,1.1803019036804585e-05
12930,1.180207068185445e-05
12931,1.1801122327015353e-05
12932,1.1800174920528764e-05
12933,1.1799223714858985e-05
12934,1.1798274410779194e-05
12935,1.1797314601325057e-05
12936,1.1796369088656885e-05
12937,1.1795419784466082e-05
12938,1.1794470480275272e-05
12939,1.1793521176195486e-05
12940,1.1792572821245344e-05
12941,1.1791627308688221e-05
12942,1.179068179602006e-05
12943,1.1789736283351891e-05
12944,1.1788791716260693e-05
12945,1.178784525712739e-05
12946,1.1786900690036184e-05
12947,1.1785955177368027e-05
12948,1.1785006822528927e-05
12949,1.1784061309860766e-05
12950,1.1783113903374155e-05
12951,1.1782159838324983e-05
12952,1.1781205773386812e-05
12953,1.1780258366900225e-05
12954,1.1779307161230441e-05
12955,1.1778352141278417e-05
12956,1.1777401886847727e-05
12957,1.1776455427714445e-05
12958,1.1775506123634648e-05
12959,1.1774558717037025e-05
12960,1.1773609412957246e-05
12961,1.1772660108766436e-05
12962,1.1771711753927319e-05
12963,1.1770762449736523e-05
12964,1.1769820713491974e-05
12965,1.176887803455707e-05
12966,1.1767929679606935e-05
12967,1.1766985112515725e-05
12968,1.1766040545424508e-05
12969,1.1765095978222282e-05
12970,1.1764151411131077e-05
12971,1.1763206844039864e-05
12972,1.1762257539849058e-05
12973,1.1761306334179274e-05
12974,1.1760354176382225e-05
12975,1.1759406769895616e-05
12976,1.1758461257227456e-05
12977,1.1757511002796758e-05
12978,1.1756560748366064e-05
12979,1.1755607637553562e-05
12980,1.175465833336276e-05
12981,1.1753708078932052e-05
12982,1.1752756873262273e-05
12983,1.17518056677035e-05
12984,1.1750854462033729e-05
12985,1.1749902304236677e-05
12986,1.1748951098677907e-05
12987,1.1747997033628712e-05
12988,1.1747042013676713e-05
12989,1.1746090808006933e-05
12990,1.1745134832152898e-05
12991,1.1744178856187842e-05
12992,1.1743227650518044e-05
12993,1.1742270717651765e-05
12994,1.1741314741686706e-05
12995,1.1740359721734695e-05
12996,1.173940374576965e-05
12997,1.173845539081952e-05
12998,1.1737506086739725e-05
12999,1.173655202169056e-05
13000,1.1735603666851448e-05
13001,1.1734650555927923e-05
13002,1.1733700301497238e-05
13003,1.173274909593846e-05
13004,1.1731800741099368e-05
13005,1.1730852386149241e-05
13006,1.1729902131718529e-05
13007,1.1728954725231942e-05
13008,1.1728009212563784e-05
13009,1.1727058007005018e-05
13010,1.1726110600518426e-05
13011,1.1725163193920798e-05
13012,1.1724212939601126e-05
13013,1.1723263635410316e-05
13014,1.1722315280571213e-05
13015,1.1721367873973598e-05
13016,1.1720418569893812e-05
13017,1.1719471163296191e-05
13018,1.1718523756809599e-05
13019,1.1717574452618786e-05
13020,1.1716625148538988e-05
13021,1.1715678689405705e-05
13022,1.1714732230272413e-05
13023,1.1713782926081608e-05
13024,1.1712835519595016e-05
13025,1.1711886215404208e-05
13026,1.171093975638193e-05
13027,1.1709990452191116e-05
13028,1.1709042097352015e-05
13029,1.1708093742401884e-05
13030,1.1707144438322102e-05
13031,1.1706197979188818e-05
13032,1.1705246773519036e-05
13033,1.1704295567960274e-05
13034,1.1703346263769461e-05
13035,1.1702391243706416e-05
13036,1.1701444784684158e-05
13037,1.1700489764621121e-05
13038,1.169953474466912e-05
13039,1.1698578768704053e-05
13040,1.1697622792739011e-05
13041,1.169666872780084e-05
13042,1.1695724160709636e-05
13043,1.1694778648041464e-05
13044,1.1693830293202357e-05
13045,1.1692880989011564e-05
13046,1.169193168482074e-05
13047,1.1690983329981641e-05
13048,1.1690033075550938e-05
13049,1.1689082821120243e-05
13050,1.1688136361986956e-05
13051,1.1687189902964693e-05
13052,1.1686241548014556e-05
13053,1.1685293193175461e-05
13054,1.1684342938744761e-05
13055,1.1683397426076594e-05
13056,1.1682451913519475e-05
13057,1.1681505454386185e-05
13058,1.1680558995252891e-05
13059,1.1679607789694116e-05
13060,1.167866133056084e-05
13061,1.1677715817892667e-05
13062,1.1676767463053567e-05
13063,1.1675821003920289e-05
13064,1.1674876436829084e-05
13065,1.167392523115928e-05
13066,1.1672972120235761e-05
13067,1.1672015187369497e-05
13068,1.1671064932938784e-05
13069,1.1670116578099689e-05
13070,1.1669165372429905e-05
13071,1.1668212261617407e-05
13072,1.1667256285652357e-05
13073,1.16663003096873e-05
13074,1.1665344333722242e-05
13075,1.1664391222798712e-05
13076,1.1663440017239948e-05
13077,1.1662488811570173e-05
13078,1.1661543298902012e-05
13079,1.166059018797849e-05
13080,1.1659632297211791e-05
13081,1.1658685838078506e-05
13082,1.1657737483239401e-05
13083,1.1656786277680632e-05
13084,1.1655836973489821e-05
13085,1.165488956700323e-05
13086,1.1653940262812407e-05
13087,1.1652994750144247e-05
13088,1.1652044495713556e-05
13089,1.1651092337916497e-05
13090,1.165014018011946e-05
13091,1.1649188022322395e-05
13092,1.1648232046468365e-05
13093,1.1647276070503318e-05
13094,1.1646327715553186e-05
13095,1.164536790609904e-05
13096,1.1644419551259933e-05
13097,1.1643465486321782e-05
13098,1.1642519027188493e-05
13099,1.1641573514631349e-05
13100,1.1640628001963195e-05
13101,1.1639675844166145e-05
13102,1.163872938503286e-05
13103,1.1637780080842043e-05
13104,1.1636826015903887e-05
13105,1.1635871950965718e-05
13106,1.163491788602755e-05
13107,1.1633963820978359e-05
13108,1.1633009756040209e-05
13109,1.1632062349553598e-05
13110,1.1631113994714505e-05
13111,1.1630172258469957e-05
13112,1.16292267458018e-05
13113,1.1628272680863637e-05
13114,1.1627317660800608e-05
13115,1.1626368356720826e-05
13116,1.162541619892376e-05
13117,1.1624462133985611e-05
13118,1.162351662131744e-05
13119,1.1622568266478332e-05
13120,1.162161229051328e-05
13121,1.162066013271624e-05
13122,1.1619707974919173e-05
13123,1.1618753909981017e-05
13124,1.1617799844931836e-05
13125,1.1616852438445239e-05
13126,1.1615907871354022e-05
13127,1.1614966135109489e-05
13128,1.1614011115046459e-05
13129,1.1613054182180182e-05
13130,1.161209820621512e-05
13131,1.1611143186263115e-05
13132,1.161019198059332e-05
13133,1.1609242676513533e-05
13134,1.1608290518716488e-05
13135,1.1607334542751414e-05
13136,1.1606376651984708e-05
13137,1.160542258693553e-05
13138,1.1604473282855751e-05
13139,1.1603518262792711e-05
13140,1.1602571803770447e-05
13141,1.1601617738721256e-05
13142,1.1600662718769247e-05
13143,1.1599708653831077e-05
13144,1.1598761247344481e-05
13145,1.1597807182295304e-05
13146,1.1596857878215513e-05
13147,1.1595906672545739e-05
13148,1.1594958317706627e-05
13149,1.159400425276847e-05
13150,1.159305589781834e-05
13151,1.1592106593738542e-05
13152,1.1591158238788434e-05
13153,1.1590209883949322e-05
13154,1.1589259629518626e-05
13155,1.1588309375087926e-05
13156,1.1587359120657217e-05
13157,1.1586409816577438e-05
13158,1.1585460512386623e-05
13159,1.1584511208195807e-05
13160,1.1583562853356707e-05
13161,1.1582608788418557e-05
13162,1.158165567749503e-05
13163,1.158070161255686e-05
13164,1.157974754750768e-05
13165,1.1578794436695192e-05
13166,1.1577845132504377e-05
13167,1.1576895828313555e-05
13168,1.1575937937546846e-05
13169,1.1574982917594847e-05
13170,1.1574026941629794e-05
13171,1.1573075735960008e-05
13172,1.1572124530290221e-05
13173,1.1571174275859528e-05
13174,1.1570224971779737e-05
13175,1.15692699517167e-05
13176,1.1568314931764686e-05
13177,1.1567365627573886e-05
13178,1.1566405818119747e-05
13179,1.156545651403995e-05
13180,1.1564508159089834e-05
13181,1.1563559804250716e-05
13182,1.1562609549820033e-05
13183,1.1561660245629203e-05
13184,1.1560711890790113e-05
13185,1.1559762586599288e-05
13186,1.1558814231760195e-05
13187,1.1557864927569385e-05
13188,1.15569156234896e-05
13189,1.1555967268539476e-05
13190,1.1555017964459685e-05
13191,1.1554063899410496e-05
13192,1.1553107923445436e-05
13193,1.1552158619365647e-05
13194,1.1551204554316456e-05
13195,1.1550250489378298e-05
13196,1.1549298331581245e-05
13197,1.1548342355616186e-05
13198,1.1547396843059058e-05
13199,1.1546457929112459e-05
13200,1.1545514306599006e-05
13201,1.154458007790459e-05
13202,1.1543644914069341e-05
13203,1.1542709750234086e-05
13204,1.154176234363647e-05
13205,1.1540818721123011e-05
13206,1.1539865610199491e-05
13207,1.1538926696363916e-05
13208,1.153798401742901e-05
13209,1.1537041338494093e-05
13210,1.1536094879360808e-05
13211,1.1535148420227521e-05
13212,1.153420479771406e-05
13213,1.1533256442874947e-05
13214,1.1532309983741662e-05
13215,1.153136067955084e-05
13216,1.1530414220417565e-05
13217,1.1529458244452501e-05
13218,1.1528502268487449e-05
13219,1.1527549157674963e-05
13220,1.15265969998779e-05
13221,1.152564484208085e-05
13222,1.1524698382947556e-05
13223,1.1523742406982502e-05
13224,1.1522795000495915e-05
13225,1.1521848541362614e-05
13226,1.1520897335803866e-05
13227,1.1519948031613048e-05
13228,1.1518999676773946e-05
13229,1.1518050372583138e-05
13230,1.1517102017744026e-05
13231,1.1516153662793911e-05
13232,1.1515200551981408e-05
13233,1.1514246486932214e-05
13234,1.1513293376119733e-05
13235,1.1512339311070536e-05
13236,1.1511385246132376e-05
13237,1.1510431181194217e-05
13238,1.1509481877003394e-05
13239,1.1508533522164303e-05
13240,1.1507577546199252e-05
13241,1.150662729176855e-05
13242,1.1505672271816546e-05
13243,1.1504716295851489e-05
13244,1.1503765090181695e-05
13245,1.150280911421664e-05
13246,1.1501858859785947e-05
13247,1.1500908605466266e-05
13248,1.1499956447669211e-05
13249,1.1499000471704155e-05
13250,1.1498044495739091e-05
13251,1.1497090430800928e-05
13252,1.1496138273003878e-05
13253,1.1495187067334106e-05
13254,1.149423776314328e-05
13255,1.149328369820512e-05
13256,1.1492331540408067e-05
13257,1.1491378429484545e-05
13258,1.14904243645464e-05
13259,1.1489471253622865e-05
13260,1.1488518142810371e-05
13261,1.1487564077761184e-05
13262,1.1486610966948691e-05
13263,1.148565976127891e-05
13264,1.1484705696340745e-05
13265,1.14837497203757e-05
13266,1.1482806097751203e-05
13267,1.1481855843320501e-05
13268,1.1480916929484948e-05
13269,1.147996381856143e-05
13270,1.147902208231688e-05
13271,1.147809158497105e-05
13272,1.1477156421135785e-05
13273,1.1476208066296671e-05
13274,1.1475271029293133e-05
13275,1.147433305426215e-05
13276,1.1473396017258608e-05
13277,1.147245050470146e-05
13278,1.147150499203332e-05
13279,1.1470560424831085e-05
13280,1.1469617745896162e-05
13281,1.1468675066961264e-05
13282,1.1467729554404123e-05
13283,1.1466779299973426e-05
13284,1.1465832840840137e-05
13285,1.1464885434353525e-05
13286,1.1463938027866938e-05
13287,1.1462983007803903e-05
13288,1.1462041271559373e-05
13289,1.1461096704468148e-05
13290,1.1460153081843677e-05
13291,1.1459210402908764e-05
13292,1.1458274302933455e-05
13293,1.1457331623998543e-05
13294,1.1456387056907325e-05
13295,1.1455447203156945e-05
13296,1.1454501690488778e-05
13297,1.1453565590624494e-05
13298,1.1452625736874111e-05
13299,1.1451684942320746e-05
13300,1.1450744147767375e-05
13301,1.1449801468832463e-05
13302,1.1448860674390098e-05
13303,1.1447917995344177e-05
13304,1.1446977200901827e-05
13305,1.1446041100926502e-05
13306,1.1445100306373135e-05
13307,1.1444154793704983e-05
13308,1.1443209281147837e-05
13309,1.1442262822014543e-05
13310,1.1441316362881256e-05
13311,1.1440376509130878e-05
13312,1.1439431942039658e-05
13313,1.1438487374948465e-05
13314,1.143754280774622e-05
13315,1.143658778779421e-05
13316,1.1435636582124431e-05
13317,1.1434692015033214e-05
13318,1.1433745555899927e-05
13319,1.1432799096877668e-05
13320,1.143186112184669e-05
13321,1.143092126809631e-05
13322,1.142998235426073e-05
13323,1.1429037787169525e-05
13324,1.142809416454504e-05
13325,1.1427150542031583e-05
13326,1.1426205974829354e-05
13327,1.1425261407738134e-05
13328,1.1424316840646934e-05
13329,1.1423372273444704e-05
13330,1.142242106788593e-05
13331,1.1421470813455238e-05
13332,1.142051960778546e-05
13333,1.1419567449988392e-05
13334,1.1418620043501802e-05
13335,1.1417672637015201e-05
13336,1.1416734661984227e-05
13337,1.1415787255497632e-05
13338,1.1414839849011038e-05
13339,1.141388959458034e-05
13340,1.1412944081912185e-05
13341,1.141199667542559e-05
13342,1.1411050216292296e-05
13343,1.1410102809805707e-05
13344,1.1409161073561151e-05
13345,1.1408211769370347e-05
13346,1.1407257704432176e-05
13347,1.140630363949401e-05
13348,1.1405356233007414e-05
13349,1.1404410720339259e-05
13350,1.1403460465908564e-05
13351,1.1402506400970402e-05
13352,1.140155329004689e-05
13353,1.1400599225108726e-05
13354,1.139964611418521e-05
13355,1.139869204924703e-05
13356,1.139773989144999e-05
13357,1.1396793432316707e-05
13358,1.1395839367378528e-05
13359,1.139488530244038e-05
13360,1.1393937895842744e-05
13361,1.1392984785030256e-05
13362,1.1392034530599558e-05
13363,1.139107951053652e-05
13364,1.1390131155697427e-05
13365,1.1389184696675157e-05
13366,1.1388228720710101e-05
13367,1.1387280365759977e-05
13368,1.1386334853202833e-05
13369,1.1385385549012028e-05
13370,1.1384438142525443e-05
13371,1.1383490735927808e-05
13372,1.1382543329441224e-05
13373,1.1381594974602108e-05
13374,1.1380648515468822e-05
13375,1.1379697309910072e-05
13376,1.1378745152113017e-05
13377,1.1377797745626407e-05
13378,1.1376850339028796e-05
13379,1.1375903880006538e-05
13380,1.1374955525056399e-05
13381,1.1374008118569818e-05
13382,1.1373058814378992e-05
13383,1.137211140789241e-05
13384,1.1371162103701586e-05
13385,1.1370208038763435e-05
13386,1.1369253973825263e-05
13387,1.1368311294890354e-05
13388,1.1367363888403757e-05
13389,1.1366409823354578e-05
13390,1.1365464310797427e-05
13391,1.1364523516244071e-05
13392,1.1363575161404953e-05
13393,1.1362625857214153e-05
13394,1.136167369941709e-05
13395,1.1360725344577998e-05
13396,1.135977127963982e-05
13397,1.1358826712437606e-05
13398,1.1357869779571317e-05
13399,1.135691762177427e-05
13400,1.1355963556836108e-05
13401,1.1355012351166318e-05
13402,1.1354058286228156e-05
13403,1.1353106128431094e-05
13404,1.1352152063492942e-05
13405,1.1351194172726224e-05
13406,1.135024201492919e-05
13407,1.134928985713213e-05
13408,1.1348338651462347e-05
13409,1.134738744590357e-05
13410,1.134643433498006e-05
13411,1.1345484080549369e-05
13412,1.1344534776358555e-05
13413,1.1343585472167732e-05
13414,1.1342639013145466e-05
13415,1.1341690658306376e-05
13416,1.134073850050931e-05
13417,1.1339788246078614e-05
13418,1.1338840839592019e-05
13419,1.1337892484641895e-05
13420,1.1336946972084752e-05
13421,1.1335994814287704e-05
13422,1.1335042656490659e-05
13423,1.1334090498693604e-05
13424,1.1333137387770092e-05
13425,1.133218427684657e-05
13426,1.1331231166034083e-05
13427,1.1330278055110563e-05
13428,1.132932399017238e-05
13429,1.132837087924887e-05
13430,1.1327416814310714e-05
13431,1.1326460838345648e-05
13432,1.1325511534154835e-05
13433,1.1324560328485051e-05
13434,1.1323610074054361e-05
13435,1.1322664561497228e-05
13436,1.1321719994294998e-05
13437,1.1320773535161689e-05
13438,1.1319822329602946e-05
13439,1.1318870171805884e-05
13440,1.1317918014008839e-05
13441,1.1316963949070664e-05
13442,1.1316010838147152e-05
13443,1.131505677320898e-05
13444,1.1314102708270817e-05
13445,1.1313152453840123e-05
13446,1.1312201248170333e-05
13447,1.1311250993739634e-05
13448,1.1310299788180878e-05
13449,1.1309348582511095e-05
13450,1.1308397376841313e-05
13451,1.1307447122410604e-05
13452,1.130649591685185e-05
13453,1.1305544711182057e-05
13454,1.130459540699124e-05
13455,1.1303647052152134e-05
13456,1.130269298721397e-05
13457,1.1301745580727395e-05
13458,1.1300797225777264e-05
13459,1.1299847921697477e-05
13460,1.1298898617506659e-05
13461,1.129794931331585e-05
13462,1.1297000958476746e-05
13463,1.1296052603637642e-05
13464,1.1295100445840596e-05
13465,1.1294148288043532e-05
13466,1.1293196130246482e-05
13467,1.1292242065308326e-05
13468,1.129128800025914e-05
13469,1.12903358425731e-05
13470,1.128938368477605e-05
13471,1.1288431526979014e-05
13472,1.1287480321309226e-05
13473,1.1286527210385693e-05
13474,1.1285579803899106e-05
13475,1.128462669297559e-05
13476,1.1283672628037417e-05
13477,1.1282718563099252e-05
13478,1.128176545217575e-05
13479,1.128081138723758e-05
13480,1.1279857322299417e-05
13481,1.127890325736124e-05
13482,1.1277949192312073e-05
13483,1.1276993216347014e-05
13484,1.1276040105534516e-05
13485,1.1275086040485319e-05
13486,1.1274131975547162e-05
13487,1.1273175999582111e-05
13488,1.1272222888769617e-05
13489,1.127126977784609e-05
13490,1.1270319523415404e-05
13491,1.1269364503463386e-05
13492,1.1268411392539876e-05
13493,1.1267458281616356e-05
13494,1.1266500390849646e-05
13495,1.1265555823758426e-05
13496,1.126460461808865e-05
13497,1.1263660995575178e-05
13498,1.1262714536441888e-05
13499,1.1261772800197356e-05
13500,1.1260832946446968e-05
13501,1.1259887433778806e-05
13502,1.1258943811265357e-05
13503,1.1258007711290041e-05
13504,1.1257076282467077e-05
13505,1.12561298233338e-05
13506,1.1255190909498233e-05
13507,1.1254252934467254e-05
13508,1.1253307421910112e-05
13509,1.1252364742975203e-05
13510,1.1251428642999877e-05
13511,1.1250485964064971e-05
13512,1.1249537609225868e-05
13513,1.1248599634194884e-05
13514,1.124765601168142e-05
13515,1.1246711444479201e-05
13516,1.1245767821965735e-05
13517,1.124483172199043e-05
13518,1.1243886209322259e-05
13519,1.1242942586808795e-05
13520,1.1241996127675513e-05
13521,1.1241053448740601e-05
13522,1.1240106989607302e-05
13523,1.1239163367093847e-05
13524,1.123821880000265e-05
13525,1.123726854557194e-05
13526,1.1236314480522751e-05
13527,1.123536707403617e-05
13528,1.1234414916239119e-05
13529,1.1233477879235568e-05
13530,1.1232523814297402e-05
13531,1.1231568794345396e-05
13532,1.1230619490154586e-05
13533,1.1229666379231066e-05
13534,1.1228722756717603e-05
13535,1.1227770598920548e-05
13536,1.1226819393250771e-05
13537,1.1225867235564735e-05
13538,1.1224927381814354e-05
13539,1.1223981869146192e-05
13540,1.1223033514307087e-05
13541,1.1222085159356956e-05
13542,1.1221134905037284e-05
13543,1.1220181794113767e-05
13544,1.1219229636316726e-05
13545,1.1218277478519676e-05
13546,1.1217330072033068e-05
13547,1.1216382665546474e-05
13548,1.1215427645483445e-05
13549,1.121447834140366e-05
13550,1.1213527135733866e-05
13551,1.1212576881303166e-05
13552,1.121162662687248e-05
13553,1.1210676372441776e-05
13554,1.1209727068250958e-05
13555,1.1208777764171167e-05
13556,1.1207828459980366e-05
13557,1.1206880105030227e-05
13558,1.1205926040092082e-05
13559,1.1204970064127025e-05
13560,1.1204020760047234e-05
13561,1.1203078081001287e-05
13562,1.1202144786559571e-05
13563,1.120120116404611e-05
13564,1.120026412704256e-05
13565,1.119932615212261e-05
13566,1.1198383473187696e-05
13567,1.1197438905985457e-05
13568,1.1196493393317299e-05
13569,1.1195557293453e-05
13570,1.1194613670828524e-05
13571,1.1193666264341921e-05
13572,1.1192718857855328e-05
13573,1.1191779004104948e-05
13574,1.1190835381480475e-05
13575,1.1189888922458212e-05
13576,1.1188943409790045e-05
13577,1.1187994105599227e-05
13578,1.1187044801408417e-05
13579,1.1186093595849659e-05
13580,1.1185144291658834e-05
13581,1.1184198778990675e-05
13582,1.1183247573431917e-05
13583,1.1182293508382728e-05
13584,1.1181345153543626e-05
13585,1.1180394899112935e-05
13586,1.1179440834174761e-05
13587,1.1178491529983953e-05
13588,1.1177540324425198e-05
13589,1.1176590069994503e-05
13590,1.1175639815563795e-05
13591,1.1174687657766738e-05
13592,1.1173734546843235e-05
13593,1.1172785242652423e-05
13594,1.1171834037093653e-05
13595,1.1170884732902847e-05
13596,1.116992875693778e-05
13597,1.1168978502507086e-05
13598,1.116802634471004e-05
13599,1.116707704051923e-05
13600,1.1166127736328421e-05
13601,1.1165178432248617e-05
13602,1.1164230077298502e-05
13603,1.1163284564741362e-05
13604,1.116233620979124e-05
13605,1.116138690571145e-05
13606,1.1160438550761312e-05
13607,1.1159486393075298e-05
13608,1.1158533282151778e-05
13609,1.1157583027721083e-05
13610,1.1156631822051299e-05
13611,1.1155686309383135e-05
13612,1.1154738902896534e-05
13613,1.1153789598705713e-05
13614,1.1152841243866623e-05
13615,1.1151891939675812e-05
13616,1.1150945480653549e-05
13617,1.1149994274983746e-05
13618,1.1149040210045598e-05
13619,1.1148089004375812e-05
13620,1.1147140649536704e-05
13621,1.1146192294697597e-05
13622,1.1145248672073116e-05
13623,1.1144302213050848e-05
13624,1.1143356700382686e-05
13625,1.1142414964138154e-05
13626,1.1141471341513661e-05
13627,1.1140525828845504e-05
13628,1.1139583149910587e-05
13629,1.1138639527397123e-05
13630,1.1137694960305922e-05
13631,1.1136751337681442e-05
13632,1.1135808658746527e-05
13633,1.1134865036233063e-05
13634,1.1133917629635455e-05
13635,1.1132974007121986e-05
13636,1.1132027547988694e-05
13637,1.1131082980897492e-05
13638,1.1130140301962568e-05
13639,1.1129196679338094e-05
13640,1.1128246424907399e-05
13641,1.1127302802393941e-05
13642,1.1126360123459014e-05
13643,1.1125414610790856e-05
13644,1.1124470043699649e-05
13645,1.1123524531031492e-05
13646,1.1122573325361703e-05
13647,1.1121633471722354e-05
13648,1.1120692677168977e-05
13649,1.1119745270682388e-05
13650,1.111879501625168e-05
13651,1.1117849503583513e-05
13652,1.111690304445023e-05
13653,1.1115957531782066e-05
13654,1.1115012019224935e-05
13655,1.11140636642748e-05
13656,1.1113120985339899e-05
13657,1.1112177362826433e-05
13658,1.1111229956339848e-05
13659,1.1110285389137598e-05
13660,1.1109335134706902e-05
13661,1.1108391512193455e-05
13662,1.1107445053060161e-05
13663,1.1106496698221051e-05
13664,1.1105548343381948e-05
13665,1.1104604720757475e-05
13666,1.110365731427087e-05
13667,1.1102711801602708e-05
13668,1.1101766289045585e-05
13669,1.1100816984854772e-05
13670,1.1099863873931255e-05
13671,1.1098918361263081e-05
13672,1.109796905707228e-05
13673,1.1097020702233182e-05
13674,1.1096071398042364e-05
13675,1.109511828722986e-05
13676,1.1094163267166831e-05
13677,1.1093211109480803e-05
13678,1.1092257998557292e-05
13679,1.1091305840760243e-05
13680,1.1090352729836708e-05
13681,1.1089407217168563e-05
13682,1.108846170461141e-05
13683,1.1087516191943253e-05
13684,1.1086570679275095e-05
13685,1.1085620424844404e-05
13686,1.108466921917462e-05
13687,1.1083721812688024e-05
13688,1.1082776300019857e-05
13689,1.1081826995940061e-05
13690,1.1080877691749255e-05
13691,1.1079929336910158e-05
13692,1.1078980981960033e-05
13693,1.1078029776401262e-05
13694,1.1077083317267976e-05
13695,1.1076137804599817e-05
13696,1.107519134557755e-05
13697,1.1074244886444259e-05
13698,1.1073300319242021e-05
13699,1.1072355752150811e-05
13700,1.1071410239482653e-05
13701,1.1070466616969199e-05
13702,1.1069518262130098e-05
13703,1.1068569907179962e-05
13704,1.1067621552340859e-05
13705,1.106667603967271e-05
13706,1.106572006381868e-05
13707,1.1064766952895154e-05
13708,1.1063812887956987e-05
13709,1.1062858822907806e-05
13710,1.1061904757969646e-05
13711,1.1060950693031488e-05
13712,1.1059995673079462e-05
13713,1.1059044467409674e-05
13714,1.1058100844896232e-05
13715,1.1057152489946091e-05
13716,1.1056206030923832e-05
13717,1.1055262408299356e-05
13718,1.1054314053460253e-05
13719,1.1053369486369042e-05
13720,1.1052426807434124e-05
13721,1.1051482240231891e-05
13722,1.1050539561296984e-05
13723,1.1049594994205767e-05
13724,1.104864948153761e-05
13725,1.1047703022404317e-05
13726,1.104675466756521e-05
13727,1.1045809154897064e-05
13728,1.1044863642228899e-05
13729,1.1043918129671756e-05
13730,1.1042965018748244e-05
13731,1.1042012860951186e-05
13732,1.1041062606520486e-05
13733,1.1040115200033897e-05
13734,1.1039162089110375e-05
13735,1.1038209931313332e-05
13736,1.1037256820389804e-05
13737,1.1036306566070134e-05
13738,1.103535250102094e-05
13739,1.1034398436082789e-05
13740,1.103344437114461e-05
13741,1.1032491260221092e-05
13742,1.1031547637707636e-05
13743,1.1030597383276933e-05
13744,1.1029645225479893e-05
13745,1.1028697818993289e-05
13746,1.1027749464043172e-05
13747,1.102679920972349e-05
13748,1.1025853697055337e-05
13749,1.1024905342216229e-05
13750,1.1023958883082944e-05
13751,1.1023015260458463e-05
13752,1.102205641090314e-05
13753,1.1021110898234979e-05
13754,1.1020162543395887e-05
13755,1.1019215136798275e-05
13756,1.1018269624241133e-05
13757,1.1017320320050318e-05
13758,1.101637196521121e-05
13759,1.1015428342586722e-05
13760,1.1014483775495515e-05
13761,1.1013538262827369e-05
13762,1.1012592750159205e-05
13763,1.1011649127645731e-05
13764,1.1010699823454933e-05
13765,1.1009749569024235e-05
13766,1.1008799314593528e-05
13767,1.1007856635658616e-05
13768,1.1006912068567403e-05
13769,1.1005958003629248e-05
13770,1.100501154449596e-05
13771,1.1004058433572439e-05
13772,1.1003105322648919e-05
13773,1.100214934668387e-05
13774,1.1001194326731852e-05
13775,1.100024312106206e-05
13776,1.0999289056123915e-05
13777,1.0998345433610451e-05
13778,1.0997399920942294e-05
13779,1.0996454408274122e-05
13780,1.0995506053435022e-05
13781,1.0994559594301732e-05
13782,1.0993611239462626e-05
13783,1.0992665726794476e-05
13784,1.0991720214237331e-05
13785,1.0990775647035109e-05
13786,1.0989824441476335e-05
13787,1.098887892880818e-05
13788,1.098793436160594e-05
13789,1.0986986955119356e-05
13790,1.0986042388028144e-05
13791,1.098509308383732e-05
13792,1.0984141878167542e-05
13793,1.098319162384786e-05
13794,1.0982237558798671e-05
13795,1.0981294879863766e-05
13796,1.0980346525024661e-05
13797,1.097939911853806e-05
13798,1.0978454551335835e-05
13799,1.0977509984244622e-05
13800,1.0976564471576458e-05
13801,1.0975618012554202e-05
13802,1.097467438992972e-05
13803,1.0973727930796418e-05
13804,1.0972775773110406e-05
13805,1.0971825518679708e-05
13806,1.097088283974478e-05
13807,1.0969932585314099e-05
13808,1.0968982330883394e-05
13809,1.0968032076452702e-05
13810,1.096708182202199e-05
13811,1.096612966422495e-05
13812,1.0965176553301432e-05
13813,1.09642234423779e-05
13814,1.0963269377439752e-05
13815,1.0962315312501586e-05
13816,1.0961362201578059e-05
13817,1.0960412897387252e-05
13818,1.095945883244909e-05
13819,1.095850572152556e-05
13820,1.0957552610713076e-05
13821,1.0956599499789556e-05
13822,1.0955653987121391e-05
13823,1.0954712250876846e-05
13824,1.0953761996446152e-05
13825,1.0952814589959559e-05
13826,1.0951860525021393e-05
13827,1.0950913118423774e-05
13828,1.0949960007611273e-05
13829,1.0949004987548253e-05
13830,1.0948055683468467e-05
13831,1.094710161841927e-05
13832,1.0946149460733237e-05
13833,1.094520015654244e-05
13834,1.0944249902111742e-05
13835,1.0943296791188224e-05
13836,1.0942341771236206e-05
13837,1.0941387706298048e-05
13838,1.0940433641248852e-05
13839,1.0939486234762267e-05
13840,1.0938535029203505e-05
13841,1.0937580964154311e-05
13842,1.0936636397063113e-05
13843,1.0935687092872301e-05
13844,1.0934736838441603e-05
13845,1.0933789431954999e-05
13846,1.0932845809441536e-05
13847,1.0931894603771744e-05
13848,1.0930943398101963e-05
13849,1.0929996939079697e-05
13850,1.0929050479946417e-05
13851,1.092810307345981e-05
13852,1.0927156614326534e-05
13853,1.092620731013572e-05
13854,1.0925260851002436e-05
13855,1.0924311546922647e-05
13856,1.0923366979720406e-05
13857,1.092241672528971e-05
13858,1.0921467421209923e-05
13859,1.09205190662598e-05
13860,1.0919574499168591e-05
13861,1.0918629932077373e-05
13862,1.0917681577127246e-05
13863,1.0916731322696554e-05
13864,1.0915781068376873e-05
13865,1.0914827957453358e-05
13866,1.0913880550966763e-05
13867,1.091293409183348e-05
13868,1.091198952463123e-05
13869,1.0911043065608972e-05
13870,1.0910096606475685e-05
13871,1.0909150147342398e-05
13872,1.0908205580251188e-05
13873,1.090726101315997e-05
13874,1.0906314554026677e-05
13875,1.090536998693547e-05
13876,1.0904426364311e-05
13877,1.0903480851642826e-05
13878,1.0902534392620572e-05
13879,1.0901588879952403e-05
13880,1.0900638625521715e-05
13881,1.089968932133089e-05
13882,1.0898740966491793e-05
13883,1.0897791662300978e-05
13884,1.0896841407870282e-05
13885,1.0895895895202127e-05
13886,1.0894944689643357e-05
13887,1.0893993483973578e-05
13888,1.0893046077486985e-05
13889,1.0892099618353698e-05
13890,1.089115031416288e-05
13891,1.0890201010083088e-05
13892,1.0889251705892281e-05
13893,1.088829668582925e-05
13894,1.0887341665877235e-05
13895,1.0886386645925226e-05
13896,1.0885430669960165e-05
13897,1.0884474693995123e-05
13898,1.0883517761128838e-05
13899,1.0882562741176837e-05
13900,1.0881609630253313e-05
13901,1.0880653654288253e-05
13902,1.0879703399857551e-05
13903,1.0878753145426858e-05
13904,1.087780289099616e-05
13905,1.087685548450956e-05
13906,1.0875906180318759e-05
13907,1.0874961613227547e-05
13908,1.0874015154094259e-05
13909,1.08730629962972e-05
13910,1.0872115589810608e-05
13911,1.0871170077142453e-05
13912,1.0870218871583688e-05
13913,1.0869263851520655e-05
13914,1.086831359708995e-05
13915,1.0867368084532814e-05
13916,1.0866420677935197e-05
13917,1.0865481764099634e-05
13918,1.0864536251431469e-05
13919,1.0863588844944878e-05
13920,1.0862644277853665e-05
13921,1.0861699710651436e-05
13922,1.086075514356021e-05
13923,1.0859809630892059e-05
13924,1.0858864118223902e-05
13925,1.08579138637932e-05
13926,1.08569588438412e-05
13927,1.0856003823889179e-05
13928,1.0855053569458482e-05
13929,1.0854103315027779e-05
13930,1.0853148295075775e-05
13931,1.0852197089405999e-05
13932,1.0851242069453988e-05
13933,1.0850289911656935e-05
13934,1.0849339657226226e-05
13935,1.0848384637274222e-05
13936,1.0847430572336059e-05
13937,1.0846476507286876e-05
13938,1.0845526252856176e-05
13939,1.0844576948776379e-05
13940,1.0843626694345682e-05
13941,1.0842681181677524e-05
13942,1.0841732826838432e-05
13943,1.0840782572407736e-05
13944,1.0839833268216912e-05
13945,1.0838878248264901e-05
13946,1.0837927993834203e-05
13947,1.0836975836037155e-05
13948,1.0836018903170873e-05
13949,1.0835072444037582e-05
13950,1.0834125037550995e-05
13951,1.083317857841771e-05
13952,1.0832224513479543e-05
13953,1.0831272355682483e-05
13954,1.0830320197885443e-05
13955,1.0829372791398837e-05
13956,1.0828417771446837e-05
13957,1.082746083846952e-05
13958,1.082651248363043e-05
13959,1.0825564128791317e-05
13960,1.0824609108839313e-05
13961,1.0823656951042261e-05
13962,1.082270954455566e-05
13963,1.0821764031887504e-05
13964,1.0820813777456813e-05
13965,1.0819868264788652e-05
13966,1.0818921805655352e-05
13967,1.081797534663309e-05
13968,1.081703077943086e-05
13969,1.0816086212339657e-05
13970,1.0815138805853053e-05
13971,1.081419423865082e-05
13972,1.0813248726093681e-05
13973,1.0812305103469205e-05
13974,1.0811360536377988e-05
13975,1.0810415023709828e-05
13976,1.0809469511041676e-05
13977,1.0808518305482913e-05
13978,1.0807566147685863e-05
13979,1.0806614942016068e-05
13980,1.0805664687585363e-05
13981,1.0804714433154675e-05
13982,1.0803764178723982e-05
13983,1.080281961163277e-05
13984,1.080187975788239e-05
13985,1.080093140304327e-05
13986,1.079997924524623e-05
13987,1.0799027087449176e-05
13988,1.0798078732610069e-05
13989,1.0797132273476779e-05
13990,1.0796187706385582e-05
13991,1.0795236500715791e-05
13992,1.079428529504601e-05
13993,1.0793336940206894e-05
13994,1.0792388585367804e-05
13995,1.0791440230528698e-05
13996,1.0790489976097988e-05
13997,1.0789541621258891e-05
13998,1.0788588510335376e-05
13999,1.0787637304665579e-05
14000,1.0786690845643312e-05
14001,1.0785750051089942e-05
14002,1.0784799796659248e-05
14003,1.0783864632823983e-05
14004,1.0782915328633189e-05
14005,1.0781970761541975e-05
14006,1.0781024302408687e-05
14007,1.0780077843275391e-05
14008,1.077913233060723e-05
14009,1.0778185871584967e-05
14010,1.0777234665915172e-05
14011,1.0776284411484476e-05
14012,1.077533034654632e-05
14013,1.0774380092115616e-05
14014,1.0773425072163608e-05
14015,1.0772473866493817e-05
14016,1.0771517890528779e-05
14017,1.0770567636098073e-05
14018,1.0769613571159913e-05
14019,1.0768661413362852e-05
14020,1.0767713058523757e-05
14021,1.0766759947600244e-05
14022,1.076581159276114e-05
14023,1.0764862288570317e-05
14024,1.0763913933731226e-05
14025,1.0762965578892114e-05
14026,1.0762017223941987e-05
14027,1.0761068869102889e-05
14028,1.0760115758179362e-05
14029,1.075916264736688e-05
14030,1.0758207627303835e-05
14031,1.0757254516491337e-05
14032,1.075630900382318e-05
14033,1.0755358749392478e-05
14034,1.0754409445201682e-05
14035,1.0753457287404613e-05
14036,1.075250703297393e-05
14037,1.0751557728783112e-05
14038,1.0750603663844954e-05
14039,1.074964959890678e-05
14040,1.0748695533968632e-05
14041,1.0747746229777807e-05
14042,1.0746794071980765e-05
14043,1.0745841914183704e-05
14044,1.0744887849245545e-05
14045,1.0743942336577387e-05
14046,1.0742991131018627e-05
14047,1.074203611095558e-05
14048,1.0741083953158545e-05
14049,1.0740135598319437e-05
14050,1.0739189139186152e-05
14051,1.0738241732699546e-05
14052,1.0737291478268851e-05
14053,1.0736342174189052e-05
14054,1.0735392869998257e-05
14055,1.0734445463511651e-05
14056,1.0733492352588131e-05
14057,1.0732545893454848e-05
14058,1.0731597538615752e-05
14059,1.0730642518663737e-05
14060,1.072969036086669e-05
14061,1.0728735340803659e-05
14062,1.0727780320851643e-05
14063,1.0726831016660838e-05
14064,1.0725877905848339e-05
14065,1.0724924794924822e-05
14066,1.0723974540494127e-05
14067,1.0723026185655016e-05
14068,1.0722072120605833e-05
14069,1.0721121866286159e-05
14070,1.072017256209535e-05
14071,1.0719236462120033e-05
14072,1.0718298487200065e-05
14073,1.0717355808265153e-05
14074,1.0716415954514771e-05
14075,1.0715470441846618e-05
14076,1.0714521137655805e-05
14077,1.0713574678522526e-05
14078,1.0712619658570509e-05
14079,1.0711666547646999e-05
14080,1.0710711527694981e-05
14081,1.070976696060378e-05
14082,1.0708811940540738e-05
14083,1.0707855964686703e-05
14084,1.0706906660495901e-05
14085,1.0705960201362603e-05
14086,1.0705014688694442e-05
14087,1.0704066333855348e-05
14088,1.0703118927368745e-05
14089,1.070217152088216e-05
14090,1.0701216500819127e-05
14091,1.0700266246388417e-05
14092,1.0699317891549325e-05
14093,1.0698367637118617e-05
14094,1.0697418332927816e-05
14095,1.0696470926441223e-05
14096,1.0695520672010515e-05
14097,1.0694570417579812e-05
14098,1.0693620163149125e-05
14099,1.0692668005463094e-05
14100,1.0691720598865473e-05
14101,1.0690765578913462e-05
14102,1.068981627472265e-05
14103,1.0688864116925592e-05
14104,1.0687911959239566e-05
14105,1.0686959801442526e-05
14106,1.0686011446492397e-05
14107,1.0685061192061687e-05
14108,1.0684112837222601e-05
14109,1.0683162582791904e-05
14110,1.0682214227952794e-05
14111,1.0681274374202418e-05
14112,1.0680321263278888e-05
14113,1.067938609944363e-05
14114,1.0678445305001281e-05
14115,1.0677502626066369e-05
14116,1.0676555219468758e-05
14117,1.067560781298216e-05
14118,1.0674661353848877e-05
14119,1.0673720559406522e-05
14120,1.0672776936782034e-05
14121,1.0671832369690824e-05
14122,1.067088874706634e-05
14123,1.066994795262399e-05
14124,1.0669009977593009e-05
14125,1.0668070123842632e-05
14126,1.0667129329400286e-05
14127,1.0666190415453683e-05
14128,1.0665242060614585e-05
14129,1.0664302206864202e-05
14130,1.0663362353113822e-05
14131,1.0662421558671477e-05
14132,1.06614817049211e-05
14133,1.0660531450490392e-05
14134,1.0659586883399179e-05
14135,1.065864137073102e-05
14136,1.0657696803528793e-05
14137,1.065674464573174e-05
14138,1.0655799133174612e-05
14139,1.065485551055013e-05
14140,1.0653909051527858e-05
14141,1.0652965428903378e-05
14142,1.0652021806389914e-05
14143,1.0651074399792285e-05
14144,1.065012983270108e-05
14145,1.064917767490403e-05
14146,1.0648225517106988e-05
14147,1.064728189459352e-05
14148,1.0646337327391281e-05
14149,1.064538802331149e-05
14150,1.0644445344376587e-05
14151,1.0643500777174351e-05
14152,1.0642555264506201e-05
14153,1.0641608805483921e-05
14154,1.0640662346350631e-05
14155,1.0639714939864039e-05
14156,1.0638764685433339e-05
14157,1.0637815381242538e-05
14158,1.0636866077051712e-05
14159,1.0635915822621028e-05
14160,1.0634967467781923e-05
14161,1.0634015309984868e-05
14162,1.0633063152187821e-05
14163,1.063211099439077e-05
14164,1.0631162639551666e-05
14165,1.0630209528628148e-05
14166,1.0629262122141544e-05
14167,1.0628312817950732e-05
14168,1.062736635892847e-05
14169,1.0626416104497775e-05
14170,1.0625471537295546e-05
14171,1.0624526970204327e-05
14172,1.0623580511071047e-05
14173,1.0622627400258546e-05
14174,1.062168377763407e-05
14175,1.0620738264965894e-05
14176,1.0619793697874693e-05
14177,1.0618846291388099e-05
14178,1.0617898884901503e-05
14179,1.0616944819852316e-05
14180,1.0615990754914142e-05
14181,1.061504618782293e-05
14182,1.0614101620620705e-05
14183,1.0613157053529509e-05
14184,1.0612211540861337e-05
14185,1.0611257475923183e-05
14186,1.061031101678989e-05
14187,1.0609356951851728e-05
14188,1.0608407647660904e-05
14189,1.060746308056971e-05
14190,1.0606516621436421e-05
14191,1.0605571108879283e-05
14192,1.0604625596211118e-05
14193,1.0603680083542955e-05
14194,1.0602728877873177e-05
14195,1.0601782418850911e-05
14196,1.0600833114660088e-05
14197,1.05998866555268e-05
14198,1.0598931635574793e-05
14199,1.0597989899330256e-05
14200,1.0597036788406726e-05
14201,1.0596091275738566e-05
14202,1.0595139117941528e-05
14203,1.0594183141976467e-05
14204,1.0593231936417707e-05
14205,1.059227882549419e-05
14206,1.059132857106349e-05
14207,1.0590384003972275e-05
14208,1.0589428983909242e-05
14209,1.0588482524886986e-05
14210,1.0587529413963459e-05
14211,1.0586577256166407e-05
14212,1.0585624145242884e-05
14213,1.0584669125290875e-05
14214,1.0583714105338867e-05
14215,1.0582766698852272e-05
14216,1.0581818343902146e-05
14217,1.058087188487989e-05
14218,1.0579919727082838e-05
14219,1.0578966616159308e-05
14220,1.0578013505235795e-05
14221,1.057706039431227e-05
14222,1.0576107283499777e-05
14223,1.0575155125702734e-05
14224,1.0574202967905675e-05
14225,1.0573249856982152e-05
14226,1.0572297699185105e-05
14227,1.0571345541388047e-05
14228,1.057039147644989e-05
14229,1.056944122201919e-05
14230,1.0568498543084275e-05
14231,1.0567551136597688e-05
14232,1.0566610342044315e-05
14233,1.0565666719530848e-05
14234,1.0564724983175282e-05
14235,1.056377947061815e-05
14236,1.056283395794999e-05
14237,1.0561887498816709e-05
14238,1.056093343387853e-05
14239,1.0559982228208746e-05
14240,1.055903102264999e-05
14241,1.0558079816980207e-05
14242,1.0557127659183155e-05
14243,1.0556177404752454e-05
14244,1.0555229049913356e-05
14245,1.0554283537245182e-05
14246,1.0553336130758603e-05
14247,1.0552381110806584e-05
14248,1.055142609085457e-05
14249,1.0550471070791553e-05
14250,1.0549513180024835e-05
14251,1.0548562925594144e-05
14252,1.0547612671163437e-05
14253,1.0546662416732737e-05
14254,1.0545715010246152e-05
14255,1.054476760375955e-05
14256,1.0543824924824644e-05
14257,1.0542878465691347e-05
14258,1.054192726013258e-05
14259,1.0540979853534969e-05
14260,1.054003717460005e-05
14261,1.053908406378756e-05
14262,1.0538130952864036e-05
14263,1.0537180698433346e-05
14264,1.053623613134213e-05
14265,1.0535284925672354e-05
14266,1.0534332767875305e-05
14267,1.053338061007825e-05
14268,1.0532427499154725e-05
14269,1.0531474388342234e-05
14270,1.0530521277418717e-05
14271,1.0529572922579618e-05
14272,1.0528629299955128e-05
14273,1.0527683787286975e-05
14274,1.0526730676474475e-05
14275,1.0525777565550952e-05
14276,1.0524824454627432e-05
14277,1.0523872296830377e-05
14278,1.052292204239969e-05
14279,1.052197368756058e-05
14280,1.0521030065047121e-05
14281,1.0520075999997929e-05
14282,1.0519122889185444e-05
14283,1.0518170731388396e-05
14284,1.0517218573591336e-05
14285,1.0516265462667826e-05
14286,1.0515312351744296e-05
14287,1.0514359240931808e-05
14288,1.051340613000829e-05
14289,1.0512453019084765e-05
14290,1.051149990816125e-05
14291,1.0510547750364203e-05
14292,1.05095946395517e-05
14293,1.0508639619488674e-05
14294,1.0507684599536655e-05
14295,1.0506742863292118e-05
14296,1.0505785930425842e-05
14297,1.0504833772628782e-05
14298,1.0503881614831735e-05
14299,1.050293040916195e-05
14300,1.050197538920994e-05
14301,1.0501028930076642e-05
14302,1.0500087193832105e-05
14303,1.0499136939401408e-05
14304,1.0498196144848046e-05
14305,1.0497255350405693e-05
14306,1.0496310783203464e-05
14307,1.0495373746199906e-05
14308,1.049443295175756e-05
14309,1.0493499657204806e-05
14310,1.0492566362763082e-05
14311,1.0491632134068675e-05
14312,1.0490690397824123e-05
14313,1.0489745830732922e-05
14314,1.0488808793729381e-05
14315,1.0487866114794459e-05
14316,1.0486918708307867e-05
14317,1.0485968453877165e-05
14318,1.0485029539930573e-05
14319,1.0484084972839376e-05
14320,1.0483140405748152e-05
14321,1.048220617705376e-05
14322,1.0481262554429265e-05
14323,1.0480319875494366e-05
14324,1.0479381900574404e-05
14325,1.0478439221639496e-05
14326,1.0477495599015e-05
14327,1.047655103192379e-05
14328,1.0475606464832582e-05
14329,1.0474662842208098e-05
14330,1.0473718275116903e-05
14331,1.0472771815983613e-05
14332,1.047181965818655e-05
14333,1.0470867500389502e-05
14334,1.0469914389577003e-05
14335,1.0468963183907219e-05
14336,1.0468016724773934e-05
14337,1.0467065519215177e-05
14338,1.0466112408291647e-05
14339,1.0465159297368128e-05
14340,1.0464210942529029e-05
14341,1.0463257831605505e-05
14342,1.046231042511891e-05
14343,1.0461360170688223e-05
14344,1.0460416548174756e-05
14345,1.045946152811173e-05
14346,1.0458506508159712e-05
14347,1.0457553397236205e-05
14348,1.0456602191677433e-05
14349,1.0455650033880385e-05
14350,1.0454697876083321e-05
14351,1.045374667041355e-05
14352,1.0452803047900075e-05
14353,1.0451860368965173e-05
14354,1.0450909163295377e-05
14355,1.0449960808456287e-05
14356,1.0449012453617177e-05
14357,1.0448064098667052e-05
14358,1.0447118586109907e-05
14359,1.0446170231159782e-05
14360,1.0445224718602656e-05
14361,1.04442725608056e-05
14362,1.0443323256614781e-05
14363,1.044237490177569e-05
14364,1.0441426546825562e-05
14365,1.0440472481887406e-05
14366,1.0439519370963876e-05
14367,1.0438575748450422e-05
14368,1.0437621683512246e-05
14369,1.0436673328673147e-05
14370,1.0435723074242452e-05
14371,1.0434774719292326e-05
14372,1.043382446486163e-05
14373,1.0432874210541957e-05
14374,1.0431926803944341e-05
14375,1.0430973693131843e-05
14376,1.043002723399856e-05
14377,1.042907982751195e-05
14378,1.0428127669714899e-05
14379,1.0427174558791394e-05
14380,1.0426221447867859e-05
14381,1.0425269290070819e-05
14382,1.0424328495628469e-05
14383,1.0423389581681881e-05
14384,1.0422445959168415e-05
14385,1.0421495704737719e-05
14386,1.0420553968493177e-05
14387,1.041962160730492e-05
14388,1.0418679871060382e-05
14389,1.0417744707225123e-05
14390,1.0416792549428063e-05
14391,1.0415851754874686e-05
14392,1.0414917526180284e-05
14393,1.0413981426204973e-05
14394,1.0413035913536818e-05
14395,1.041209887664429e-05
14396,1.0411160901613308e-05
14397,1.0410223864609767e-05
14398,1.040928118567485e-05
14399,1.0408342271839281e-05
14400,1.0407405234835748e-05
14401,1.0406461612322284e-05
14402,1.0405518933276351e-05
14403,1.0404575310762892e-05
14404,1.0403630743671677e-05
14405,1.0402685231003515e-05
14406,1.0401737824516923e-05
14407,1.0400792311848768e-05
14408,1.0399846799180598e-05
14409,1.039890034004731e-05
14410,1.0397954827490176e-05
14411,1.0397009314822018e-05
14412,1.0396064747619784e-05
14413,1.0395119235062636e-05
14414,1.0394172775929356e-05
14415,1.0393225369442769e-05
14416,1.039227606525195e-05
14417,1.0391327710412837e-05
14418,1.0390381251279552e-05
14419,1.0389431947088749e-05
14420,1.038848169265805e-05
14421,1.0387535233635779e-05
14422,1.0386584027965995e-05
14423,1.0385627095099718e-05
14424,1.038467111913466e-05
14425,1.038371322836796e-05
14426,1.0382759163318767e-05
14427,1.03818050983806e-05
14428,1.0380856743541502e-05
14429,1.0379900767576444e-05
14430,1.0378952412737333e-05
14431,1.0378000254940298e-05
14432,1.0377054742272123e-05
14433,1.0376102584475078e-05
14434,1.0375150426678019e-05
14435,1.0374197315865521e-05
14436,1.0373247061434826e-05
14437,1.0372306266881454e-05
14438,1.037135886039487e-05
14439,1.0370405749471339e-05
14440,1.036946023680319e-05
14441,1.0368510932612365e-05
14442,1.0367566365521159e-05
14443,1.0366621798429955e-05
14444,1.0365673443479821e-05
14445,1.0364725088640718e-05
14446,1.0363778629618467e-05
14447,1.036283122302085e-05
14448,1.0361881918941058e-05
14449,1.0360941124387676e-05
14450,1.0359987059449507e-05
14451,1.0359033948525989e-05
14452,1.0358079883587834e-05
14453,1.0357126772664322e-05
14454,1.0356185036419774e-05
14455,1.0355236681469642e-05
14456,1.0354277831914338e-05
14457,1.0353329477075231e-05
14458,1.0352378271405444e-05
14459,1.03514261136084e-05
14460,1.0350480600940244e-05
14461,1.034953319445364e-05
14462,1.0348584839614533e-05
14463,1.0347636484775437e-05
14464,1.0346690025642148e-05
14465,1.0345741670803042e-05
14466,1.0344793315852911e-05
14467,1.0343844011773137e-05
14468,1.0342895656822998e-05
14469,1.0341950144265857e-05
14470,1.034099798646882e-05
14471,1.0340050579982215e-05
14472,1.033910412084893e-05
14473,1.033815671436233e-05
14474,1.0337209307764713e-05
14475,1.0336261901278126e-05
14476,1.0335314494791517e-05
14477,1.0334368982123359e-05
14478,1.0333421575636765e-05
14479,1.0332466555684752e-05
14480,1.0331511535621727e-05
14481,1.0330556515669713e-05
14482,1.0329604357872677e-05
14483,1.0328652200075623e-05
14484,1.0327697180123616e-05
14485,1.0326745022326562e-05
14486,1.0325797615839952e-05
14487,1.0324843550901798e-05
14488,1.0323898983699557e-05
14489,1.0322954416608363e-05
14490,1.0322010794094888e-05
14491,1.0321066226892666e-05
14492,1.0320120714335528e-05
14493,1.031917614713329e-05
14494,1.0318231580042074e-05
14495,1.0317287012839845e-05
14496,1.0316338658000737e-05
14497,1.0315392198867453e-05
14498,1.031444668631032e-05
14499,1.0313501173642159e-05
14500,1.0312559437397624e-05
14501,1.0311614870195376e-05
14502,1.0310671247681924e-05
14503,1.030972573501376e-05
14504,1.0308767844247049e-05
14505,1.0307822331578892e-05
14506,1.0306874925092305e-05
14507,1.030593130257885e-05
14508,1.0304985789910685e-05
14509,1.030404027724252e-05
14510,1.0303096654729069e-05
14511,1.0302152087526828e-05
14512,1.0301206574858663e-05
14513,1.0300261062301523e-05
14514,1.0299312707351408e-05
14515,1.0298361501792644e-05
14516,1.0297413146953531e-05
14517,1.0296467634285374e-05
14518,1.029552022779879e-05
14519,1.0294570923607969e-05
14520,1.0293621619417152e-05
14521,1.0292671364986466e-05
14522,1.0291718254062943e-05
14523,1.029076418912478e-05
14524,1.0289811078201254e-05
14525,1.0288861774121463e-05
14526,1.0287907709072279e-05
14527,1.0286953644134114e-05
14528,1.0285999579195959e-05
14529,1.0285049324765252e-05
14530,1.028410475767406e-05
14531,1.0283161135049575e-05
14532,1.0282210880618876e-05
14533,1.0281256815680715e-05
14534,1.028030275074254e-05
14535,1.0279349639819033e-05
14536,1.027840033562822e-05
14537,1.0277452929141612e-05
14538,1.0276505522655013e-05
14539,1.027555906352174e-05
14540,1.0274605952598223e-05
14541,1.027365854611161e-05
14542,1.0272711139625027e-05
14543,1.0271765626956869e-05
14544,1.027082011428871e-05
14545,1.0269875547197488e-05
14546,1.026893098010628e-05
14547,1.0267976915168123e-05
14548,1.0267023804244598e-05
14549,1.0266069739306447e-05
14550,1.026511853363665e-05
14551,1.0264164468698494e-05
14552,1.0263210403760332e-05
14553,1.0262256338711138e-05
14554,1.0261301318759134e-05
14555,1.0260348207835614e-05
14556,1.0259393187883605e-05
14557,1.0258438167931597e-05
14558,1.0257483147868557e-05
14559,1.02565290829304e-05
14560,1.025557787737164e-05
14561,1.0254627622940937e-05
14562,1.025368305573871e-05
14563,1.0252732801308005e-05
14564,1.0251782546877302e-05
14565,1.0250832292557632e-05
14566,1.0249877272494604e-05
14567,1.0248927018063899e-05
14568,1.0247976763633197e-05
14569,1.0247022698695042e-05
14570,1.0246068633756876e-05
14571,1.024511361380486e-05
14572,1.0244160502881343e-05
14573,1.0243210248450645e-05
14574,1.0242257137527128e-05
14575,1.0241304026714634e-05
14576,1.024035851404647e-05
14577,1.0239404449108309e-05
14578,1.0238452291311265e-05
14579,1.023750298712045e-05
14580,1.0236555580633848e-05
14581,1.0235606276443042e-05
14582,1.0234662653818554e-05
14583,1.0233708588880399e-05
14584,1.0232756431083354e-05
14585,1.0231808076244237e-05
14586,1.0230859721405132e-05
14587,1.022991231491854e-05
14588,1.022896490832093e-05
14589,1.0228019395763791e-05
14590,1.0227076716828869e-05
14591,1.022613403789396e-05
14592,1.0225188525225812e-05
14593,1.0224239221034983e-05
14594,1.0223287063237944e-05
14595,1.0222338708398842e-05
14596,1.0221390353559739e-05
14597,1.02204419986096e-05
14598,1.0219492694529816e-05
14599,1.021854907190533e-05
14600,1.0217601665418736e-05
14601,1.0216655206285457e-05
14602,1.0215702095361939e-05
14603,1.0214753740522829e-05
14604,1.0213801582725784e-05
14605,1.0212848471913274e-05
14606,1.0211895360989771e-05
14607,1.0210950793787537e-05
14608,1.0210003387300928e-05
14609,1.020905408311012e-05
14610,1.0208096192343419e-05
14611,1.0207150679786288e-05
14612,1.0206206112584044e-05
14613,1.020525870609746e-05
14614,1.0204311299610853e-05
14615,1.0203366732408627e-05
14616,1.020242216531742e-05
14617,1.0201479486382508e-05
14618,1.0200535863869048e-05
14619,1.0199582752945531e-05
14620,1.0198636293812234e-05
14621,1.0197689834678955e-05
14622,1.0196744322121816e-05
14623,1.0195797862988526e-05
14624,1.019485329578628e-05
14625,1.0193902090227516e-05
14626,1.0192959411292618e-05
14627,1.019201105645351e-05
14628,1.019105603639047e-05
14629,1.0190103878593421e-05
14630,1.0189150767780935e-05
14631,1.0188198609983882e-05
14632,1.0187253097315722e-05
14633,1.0186301891645929e-05
14634,1.018535353680683e-05
14635,1.0184398516854822e-05
14636,1.0183447311185033e-05
14637,1.0182496105626267e-05
14638,1.018154394782921e-05
14639,1.0180590836905694e-05
14640,1.0179641532714896e-05
14641,1.0178691278284194e-05
14642,1.0177738167360676e-05
14643,1.0176785056548168e-05
14644,1.0175834802117475e-05
14645,1.0174885497926668e-05
14646,1.0173931432988508e-05
14647,1.0172978322064978e-05
14648,1.0172029967225885e-05
14649,1.0171087288290973e-05
14650,1.0170142721088746e-05
14651,1.0169199098575282e-05
14652,1.0168252639441993e-05
14653,1.0167305232955396e-05
14654,1.0166347342188683e-05
14655,1.0165401829520521e-05
14656,1.0164455370387234e-05
14657,1.016350511595654e-05
14658,1.0162559603399405e-05
14659,1.0161612196801787e-05
14660,1.0160667629710574e-05
14661,1.0159721170577292e-05
14662,1.0158774711555017e-05
14663,1.0157830144352786e-05
14664,1.015688557726157e-05
14665,1.0155939118128293e-05
14666,1.0154991711641692e-05
14667,1.0154049975397152e-05
14668,1.015310067120634e-05
14669,1.0152156104115127e-05
14670,1.01512115369129e-05
14671,1.0150265077890625e-05
14672,1.0149319565222477e-05
14673,1.014837215873587e-05
14674,1.0147426646067714e-05
14675,1.0146482078865487e-05
14676,1.0145535619843212e-05
14677,1.0144591052640982e-05
14678,1.014364554008385e-05
14679,1.0142700972881606e-05
14680,1.0141756405790406e-05
14681,1.0140812783165925e-05
14682,1.013986727060879e-05
14683,1.0138920811475497e-05
14684,1.0137975298807342e-05
14685,1.0137030731716127e-05
14686,1.0136086164513893e-05
14687,1.0135141597422676e-05
14688,1.0134197030331468e-05
14689,1.0133251517663316e-05
14690,1.0132306950572104e-05
14691,1.0131361437903948e-05
14692,1.0130411183473242e-05
14693,1.0129460929042544e-05
14694,1.0128510674611839e-05
14695,1.0127564215478554e-05
14696,1.0126618702921421e-05
14697,1.0125669398730613e-05
14698,1.0124722939597323e-05
14699,1.0123773635406501e-05
14700,1.0122827176384236e-05
14701,1.0121869285506506e-05
14702,1.0120919981426727e-05
14703,1.0119965916377541e-05
14704,1.0119016612297752e-05
14705,1.0118060636332686e-05
14706,1.0117104660367642e-05
14707,1.0116148684402578e-05
14708,1.0115195573479067e-05
14709,1.0114246269288248e-05
14710,1.0113296965097445e-05
14711,1.0112343854284946e-05
14712,1.0111397395151659e-05
14713,1.0110444284228137e-05
14714,1.0109491173304619e-05
14715,1.0108541869224826e-05
14716,1.010759256503401e-05
14717,1.0106642310603313e-05
14718,1.0105693006412503e-05
14719,1.0104746547279218e-05
14720,1.0103800088256958e-05
14721,1.0102851733306831e-05
14722,1.0101904326820229e-05
14723,1.0100956920333645e-05
14724,1.0100005714663853e-05
14725,1.0099059255641588e-05
14726,1.0098110900691464e-05
14727,1.009715778987897e-05
14728,1.0096212277210807e-05
14729,1.0095266764542636e-05
14730,1.0094322197451441e-05
14731,1.0093376684783275e-05
14732,1.0092430225649983e-05
14733,1.009148092145917e-05
14734,1.0090534462436908e-05
14735,1.0089589895234666e-05
14736,1.008864059115488e-05
14737,1.008769507848672e-05
14738,1.0086749565818566e-05
14739,1.0085804053150406e-05
14740,1.0084854748959595e-05
14741,1.0083898773105561e-05
14742,1.008294470805638e-05
14743,1.0081995403976583e-05
14744,1.0081049891308428e-05
14745,1.0080095826370263e-05
14746,1.0079138893392967e-05
14747,1.0078182917427903e-05
14748,1.0077226941462842e-05
14749,1.007627573590409e-05
14750,1.0075317845137369e-05
14751,1.0074365687340324e-05
14752,1.0073410667388325e-05
14753,1.0072457556464794e-05
14754,1.0071508252273981e-05
14755,1.0070555141350461e-05
14756,1.0069602030426956e-05
14757,1.0068652726347169e-05
14758,1.0067707213679009e-05
14759,1.0066760754545707e-05
14760,1.0065811450354897e-05
14761,1.00648611959242e-05
14762,1.0063914736901937e-05
14763,1.006296257910489e-05
14764,1.0062008514166717e-05
14765,1.0061061107569108e-05
14766,1.0060115595011968e-05
14767,1.0059166290821148e-05
14768,1.0058216036390452e-05
14769,1.0057270523722302e-05
14770,1.0056324064589e-05
14771,1.0055377605566736e-05
14772,1.0054430198969129e-05
14773,1.0053486576455656e-05
14774,1.0052539169969074e-05
14775,1.0051592710835776e-05
14776,1.0050640553038722e-05
14777,1.0049688395241675e-05
14778,1.0048734330303502e-05
14779,1.0047786923816906e-05
14780,1.0046831903864906e-05
14781,1.0045883548914784e-05
14782,1.0044936142428188e-05
14783,1.004398398463113e-05
14784,1.0043029919692975e-05
14785,1.0042073943727907e-05
14786,1.0041117967762863e-05
14787,1.0040169612923763e-05
14788,1.0039220308732935e-05
14789,1.0038273849599663e-05
14790,1.003732928250844e-05
14791,1.0036383769840291e-05
14792,1.0035437310818015e-05
14793,1.0034492743615788e-05
14794,1.0033549121102324e-05
14795,1.0032600766263214e-05
14796,1.0031653359665601e-05
14797,1.0030705953179012e-05
14798,1.0029759494045729e-05
14799,1.0028811139206615e-05
14800,1.0027860884775914e-05
14801,1.0026906819837747e-05
14802,1.0025957515646949e-05
14803,1.0025005357849895e-05
14804,1.002405129291172e-05
14805,1.0023097227973565e-05
14806,1.002214792378276e-05
14807,1.0021201464649457e-05
14808,1.0020247399711309e-05
14809,1.0019293334773137e-05
14810,1.0018346875639853e-05
14811,1.0017392810701683e-05
14812,1.0016446351568398e-05
14813,1.0015492286630233e-05
14814,1.0014545827496937e-05
14815,1.0013600314939811e-05
14816,1.0012650060509113e-05
14817,1.0011706437884633e-05
14818,1.0010759978862359e-05
14819,1.0009808773192574e-05
14820,1.0008859469001763e-05
14821,1.000790826333198e-05
14822,1.0006954198393822e-05
14823,1.0006005843554705e-05
14824,1.000505177861654e-05
14825,1.000410247442574e-05
14826,1.000315317023492e-05
14827,1.0002201012437874e-05
14828,1.0001248854640819e-05
14829,1.000029764908205e-05
14830,9.9993435841439e-06
14831,9.998399961519404e-06
14832,9.997456339005959e-06
14833,9.996514602761412e-06
14834,9.995569090093253e-06
14835,9.99462546746877e-06
14836,9.993680900377557e-06
14837,9.992736333286352e-06
14838,9.991793654351436e-06
14839,9.990850031726941e-06
14840,9.989904519058783e-06
14841,9.988960896545326e-06
14842,9.988015383877177e-06
14843,9.98707270494225e-06
14844,9.986118640004094e-06
14845,9.985172180870813e-06
14846,9.984226668202645e-06
14847,9.983278313363545e-06
14848,9.98232329341154e-06
14849,9.98136827345952e-06
14850,9.980412297494473e-06
14851,9.979462043063768e-06
14852,9.978507978014592e-06
14853,9.9775577236949e-06
14854,9.976603658645724e-06
14855,9.97564959370755e-06
14856,9.974697435910503e-06
14857,9.973745278113462e-06
14858,9.972791213175288e-06
14859,9.971845700507137e-06
14860,9.970896396427344e-06
14861,9.969948041477225e-06
14862,9.968999686638114e-06
14863,9.968046575714587e-06
14864,9.967092510776435e-06
14865,9.966139399852915e-06
14866,9.965186289040409e-06
14867,9.964234131243364e-06
14868,9.963281973446323e-06
14869,9.962327908508147e-06
14870,9.961373843458958e-06
14871,9.96042358902827e-06
14872,9.959476182541678e-06
14873,9.958523071618144e-06
14874,9.95757091393212e-06
14875,9.95662445479884e-06
14876,9.955672297001776e-06
14877,9.954719186078261e-06
14878,9.953767028281216e-06
14879,9.952812963343044e-06
14880,9.951857943391044e-06
14881,9.950902923439023e-06
14882,9.949953619248223e-06
14883,9.949006212761617e-06
14884,9.9480616455594e-06
14885,9.947106625607376e-06
14886,9.946154467810333e-06
14887,9.945202310013274e-06
14888,9.944253005822474e-06
14889,9.943302751391768e-06
14890,9.942350593594709e-06
14891,9.94139843590869e-06
14892,9.940445324985178e-06
14893,9.93949126004701e-06
14894,9.938537194997819e-06
14895,9.937586940567116e-06
14896,9.936632875628957e-06
14897,9.935683571438144e-06
14898,9.93473426735836e-06
14899,9.93378496316754e-06
14900,9.932838504034267e-06
14901,9.931893936943048e-06
14902,9.930946530456454e-06
14903,9.929997226265644e-06
14904,9.929046971834946e-06
14905,9.928096717404246e-06
14906,9.927143606480735e-06
14907,9.926189541542558e-06
14908,9.925236430619038e-06
14909,9.92428236568089e-06
14910,9.923336853012726e-06
14911,9.922387548821906e-06
14912,9.921434438009418e-06
14913,9.920487978876121e-06
14914,9.919543411784921e-06
14915,9.91859220611512e-06
14916,9.917636230150068e-06
14917,9.916688823663476e-06
14918,9.915743310995317e-06
14919,9.914795904508717e-06
14920,9.913849445375442e-06
14921,9.912898239705654e-06
14922,9.911947034146886e-06
14923,9.910992969208729e-06
14924,9.910036993243667e-06
14925,9.909081017278608e-06
14926,9.908129811608832e-06
14927,9.907177653811779e-06
14928,9.906222633859757e-06
14929,9.90527332966895e-06
14930,9.904321171871908e-06
14931,9.903377549358447e-06
14932,9.902423484420268e-06
14933,9.901469419371093e-06
14934,9.900526740436174e-06
14935,9.899583117922724e-06
14936,9.898641381678173e-06
14937,9.8977015279278e-06
14938,9.896759791683257e-06
14939,9.89581805543871e-06
14940,9.89487726088533e-06
14941,9.89393646633196e-06
14942,9.893000366356644e-06
14943,9.892058630112105e-06
14944,9.89111877636173e-06
14945,9.890178922611353e-06
14946,9.88922771705259e-06
14947,9.888276511382792e-06
14948,9.887329104896208e-06
14949,9.886386425961298e-06
14950,9.88544468971675e-06
14951,9.884502953472209e-06
14952,9.883559330847721e-06
14953,9.882608125288964e-06
14954,9.881656919619168e-06
14955,9.880711406951008e-06
14956,9.879767784437556e-06
14957,9.878821325304262e-06
14958,9.877876758213059e-06
14959,9.87693124554489e-06
14960,9.8759828907058e-06
14961,9.875028825656613e-06
14962,9.87407476071844e-06
14963,9.873126405879347e-06
14964,9.87217520020955e-06
14965,9.871223042412504e-06
14966,9.870271836853737e-06
14967,9.869317771915584e-06
14968,9.868367517484884e-06
14969,9.867413452435693e-06
14970,9.866461294749657e-06
14971,9.865514835616372e-06
14972,9.864571212991899e-06
14973,9.863624753969628e-06
14974,9.862671643046102e-06
14975,9.86171853212259e-06
14976,9.860777737569224e-06
14977,9.859824626756716e-06
14978,9.858878167623434e-06
14979,9.857932654955274e-06
14980,9.856985248468666e-06
14981,9.856034994037968e-06
14982,9.855080929099822e-06
14983,9.854135416431651e-06
14984,9.853181351493495e-06
14985,9.852236784291259e-06
14986,9.85128652997158e-06
14987,9.850337225780765e-06
14988,9.849387921589957e-06
14989,9.848440515103361e-06
14990,9.847491210912548e-06
14991,9.846540956481851e-06
14992,9.845588798684805e-06
14993,9.844641392198197e-06
14994,9.843685416233155e-06
14995,9.842735161802447e-06
14996,9.841782050878938e-06
14997,9.840827985940767e-06
14998,9.839879631101668e-06
14999,9.838931276262572e-06
15000,9.837978165339045e-06
15001,9.837024100400875e-06
15002,9.83607669380327e-06
15003,9.83512928731667e-06
15004,9.83418188083008e-06
15005,9.833236368161908e-06
15006,9.832289909139643e-06
15007,9.831348172784077e-06
15008,9.83039886870429e-06
15009,9.829450513754163e-06
15010,9.828500259323478e-06
15011,9.827550955243673e-06
15012,9.826611101493295e-06
15013,9.825667478868821e-06
15014,9.824717224438126e-06
15015,9.823766970007414e-06
15016,9.82281861516832e-06
15017,9.821869310977498e-06
15018,9.820916200165012e-06
15019,9.819973521230091e-06
15020,9.81902041030658e-06
15021,9.818067299383063e-06
15022,9.817125563138525e-06
15023,9.816184768585144e-06
15024,9.815238309562872e-06
15025,9.8142984558125e-06
15026,9.813352943144334e-06
15027,9.812408376053121e-06
15028,9.811461916919841e-06
15029,9.810520180675306e-06
15030,9.809578444319735e-06
15031,9.808634821806269e-06
15032,9.807691199292807e-06
15033,9.806748520357906e-06
15034,9.805800165407769e-06
15035,9.80484800761072e-06
15036,9.803899652771626e-06
15037,9.802945587833461e-06
15038,9.801991522895301e-06
15039,9.801035546930242e-06
15040,9.800082436006713e-06
15041,9.799135029520116e-06
15042,9.798180964581961e-06
15043,9.797226899532782e-06
15044,9.796269966666498e-06
15045,9.79531494671449e-06
15046,9.79436564252367e-06
15047,9.793412531600154e-06
15048,9.792464176761058e-06
15049,9.791517717627762e-06
15050,9.790565559941724e-06
15051,9.789620047273581e-06
15052,9.788673588140288e-06
15053,9.78772618165369e-06
15054,9.786770205688631e-06
15055,9.785819000018842e-06
15056,9.784869695828029e-06
15057,9.783924183270896e-06
15058,9.782970118221707e-06
15059,9.782015098269703e-06
15060,9.78105912230465e-06
15061,9.78010886787394e-06
15062,9.779151935007667e-06
15063,9.778199777210618e-06
15064,9.777247619413563e-06
15065,9.77630021292697e-06
15066,9.775346147988803e-06
15067,9.774402525364318e-06
15068,9.773448460426153e-06
15069,9.772504837912704e-06
15070,9.771553632242916e-06
15071,9.770604328052107e-06
15072,9.769652170255045e-06
15073,9.768700964696291e-06
15074,9.767745944744279e-06
15075,9.766795690313574e-06
15076,9.765844484643796e-06
15077,9.764892326846738e-06
15078,9.763936350881684e-06
15079,9.762990838213529e-06
15080,9.762046271122307e-06
15081,9.761095065452538e-06
15082,9.760142907766497e-06
15083,9.759191702096713e-06
15084,9.758239544299666e-06
15085,9.757285479361508e-06
15086,9.75632950339645e-06
15087,9.755383044263147e-06
15088,9.7544308864661e-06
15089,9.753478728669058e-06
15090,9.752526570871993e-06
15091,9.751575365313243e-06
15092,9.750623207516186e-06
15093,9.7496720018464e-06
15094,9.74871984404934e-06
15095,9.747767686252296e-06
15096,9.74681648069354e-06
15097,9.74586432289648e-06
15098,9.744921643961561e-06
15099,9.743967579023401e-06
15100,9.743017324592708e-06
15101,9.742067070162001e-06
15102,9.741116815731308e-06
15103,9.74016465793425e-06
15104,9.739215353743452e-06
15105,9.738263195946392e-06
15106,9.737317683389255e-06
15107,9.73636361834007e-06
15108,9.735413363909371e-06
15109,9.734461206223339e-06
15110,9.733514747090057e-06
15111,9.732568287956763e-06
15112,9.731621828823481e-06
15113,9.730669671026421e-06
15114,9.7297175133404e-06
15115,9.72876535554335e-06
15116,9.727814149873554e-06
15117,9.726870527360104e-06
15118,9.725924068226812e-06
15119,9.724984214476427e-06
15120,9.724053717130582e-06
15121,9.723120422688853e-06
15122,9.722180568938482e-06
15123,9.721237890003566e-06
15124,9.720295211068652e-06
15125,9.719355357318278e-06
15126,9.718417382287294e-06
15127,9.717478468451717e-06
15128,9.716540493531765e-06
15129,9.715602518500783e-06
15130,9.714662664750406e-06
15131,9.713723750914833e-06
15132,9.712789522220441e-06
15133,9.711850608384868e-06
15134,9.71090887214033e-06
15135,9.709969958193733e-06
15136,9.709025391102515e-06
15137,9.708076086911717e-06
15138,9.707132464398253e-06
15139,9.706188841773758e-06
15140,9.705249927938203e-06
15141,9.704308191693661e-06
15142,9.703367397140287e-06
15143,9.702425660895743e-06
15144,9.701480148227585e-06
15145,9.700526083289423e-06
15146,9.699573925492371e-06
15147,9.698621767695311e-06
15148,9.697678145070827e-06
15149,9.696731686048565e-06
15150,9.695776665985539e-06
15151,9.694826411665853e-06
15152,9.693879005068247e-06
15153,9.692923029103176e-06
15154,9.691980350168277e-06
15155,9.691029144609502e-06
15156,9.690078890178809e-06
15157,9.689125779255294e-06
15158,9.68817457358551e-06
15159,9.687222415788453e-06
15160,9.68627690323131e-06
15161,9.685324745434268e-06
15162,9.684370680496098e-06
15163,9.683425167827935e-06
15164,9.682473010030895e-06
15165,9.681520852233831e-06
15166,9.680570597803145e-06
15167,9.67962697528968e-06
15168,9.678684296354764e-06
15169,9.67773404192407e-06
15170,9.676785686973943e-06
15171,9.675845833334588e-06
15172,9.674906919387995e-06
15173,9.673963296874531e-06
15174,9.673012091204749e-06
15175,9.672060885645982e-06
15176,9.671109679976206e-06
15177,9.670159425545492e-06
15178,9.669208219875712e-06
15179,9.668254154937557e-06
15180,9.667300089999388e-06
15181,9.666348884329608e-06
15182,9.665396726532554e-06
15183,9.664442661594379e-06
15184,9.663492407163684e-06
15185,9.662542152732996e-06
15186,9.661594746246385e-06
15187,9.660644491815697e-06
15188,9.659697085329103e-06
15189,9.658745879659316e-06
15190,9.65779467410055e-06
15191,9.656843468430761e-06
15192,9.655893214000063e-06
15193,9.65494200844131e-06
15194,9.653997441239064e-06
15195,9.653058527403499e-06
15196,9.652113960201276e-06
15197,9.651175985281311e-06
15198,9.650235190727939e-06
15199,9.649295336977556e-06
15200,9.648353600733019e-06
15201,9.647411864488477e-06
15202,9.646474827484925e-06
15203,9.645528368462665e-06
15204,9.644581909329367e-06
15205,9.643643934298396e-06
15206,9.642707834434097e-06
15207,9.641767039880733e-06
15208,9.640834678692483e-06
15209,9.639893884139113e-06
15210,9.638956847135555e-06
15211,9.63802074727127e-06
15212,9.637073340784667e-06
15213,9.636122135114885e-06
15214,9.635177568023677e-06
15215,9.634235831668113e-06
15216,9.633288425181512e-06
15217,9.632346688936982e-06
15218,9.631403066423514e-06
15219,9.630457553755351e-06
15220,9.629515817510813e-06
15221,9.628568410913201e-06
15222,9.627624788399739e-06
15223,9.62667453396904e-06
15224,9.62573373941566e-06
15225,9.624790116902201e-06
15226,9.623847437967285e-06
15227,9.6229038153428e-06
15228,9.621955460503704e-06
15229,9.621009001370423e-06
15230,9.620062542348158e-06
15231,9.61911986341324e-06
15232,9.618168657743453e-06
15233,9.617222198610158e-06
15234,9.61627573958789e-06
15235,9.615327384637771e-06
15236,9.614380925615507e-06
15237,9.613434466482215e-06
15238,9.61248989927999e-06
15239,9.611538693721227e-06
15240,9.61058748805144e-06
15241,9.609636282492668e-06
15242,9.608685076822882e-06
15243,9.607733871153101e-06
15244,9.606782665594341e-06
15245,9.605832411163646e-06
15246,9.604881205493857e-06
15247,9.603929999935092e-06
15248,9.602979745504385e-06
15249,9.602032338906774e-06
15250,9.601088716393313e-06
15251,9.600144149302102e-06
15252,9.599194845111299e-06
15253,9.5982445906806e-06
15254,9.597300023589385e-06
15255,9.596349769158685e-06
15256,9.595406146534202e-06
15257,9.594461579442985e-06
15258,9.593512275252189e-06
15259,9.592562020821482e-06
15260,9.591611766390786e-06
15261,9.59066056083202e-06
15262,9.589714101698735e-06
15263,9.588765746859627e-06
15264,9.587810726796594e-06
15265,9.586864267774328e-06
15266,9.585910202725137e-06
15267,9.584956137786973e-06
15268,9.584000161821928e-06
15269,9.58305370268863e-06
15270,9.58210439860885e-06
15271,9.58114937854582e-06
15272,9.580196267733319e-06
15273,9.57925641398294e-06
15274,9.578307109792128e-06
15275,9.57735780560132e-06
15276,9.5764085014105e-06
15277,9.575461094923906e-06
15278,9.574513688437316e-06
15279,9.573568175769157e-06
15280,9.572616970210383e-06
15281,9.571666715779697e-06
15282,9.570714557982645e-06
15283,9.56976430355194e-06
15284,9.56881404912125e-06
15285,9.567868536453075e-06
15286,9.566916378656039e-06
15287,9.565974642411483e-06
15288,9.565031019898036e-06
15289,9.564089283653494e-06
15290,9.563140928703367e-06
15291,9.562192573864259e-06
15292,9.561246114730962e-06
15293,9.560298708244376e-06
15294,9.55935130175778e-06
15295,9.558404842624484e-06
15296,9.557460275533279e-06
15297,9.556513816399995e-06
15298,9.555561658602937e-06
15299,9.554609500805894e-06
15300,9.553659246375197e-06
15301,9.55270804081643e-06
15302,9.551755883019378e-06
15303,9.550804677349584e-06
15304,9.549851566426072e-06
15305,9.548909830181534e-06
15306,9.547957672384477e-06
15307,9.547003607446317e-06
15308,9.546049542508147e-06
15309,9.545097384711094e-06
15310,9.544156590157728e-06
15311,9.543215795715371e-06
15312,9.542264590045585e-06
15313,9.541318130912304e-06
15314,9.540368826721494e-06
15315,9.53941666903546e-06
15316,9.538466414604771e-06
15317,9.537522791980271e-06
15318,9.536575385493677e-06
15319,9.53563270655877e-06
15320,9.534688139467567e-06
15321,9.53374357226533e-06
15322,9.532799005174121e-06
15323,9.531851598687527e-06
15324,9.530903243737394e-06
15325,9.529953939657603e-06
15326,9.529008426989446e-06
15327,9.528062914321287e-06
15328,9.527116455187997e-06
15329,9.52616904870141e-06
15330,9.525221642214803e-06
15331,9.524275183081523e-06
15332,9.523327776594929e-06
15333,9.522380370108333e-06
15334,9.52143296362173e-06
15335,9.520485557024111e-06
15336,9.519538150537528e-06
15337,9.51859074405092e-06
15338,9.517644284917632e-06
15339,9.516694980726832e-06
15340,9.515743775168069e-06
15341,9.514797316034765e-06
15342,9.513845158237716e-06
15343,9.512895854046913e-06
15344,9.511954117802375e-06
15345,9.51100481361155e-06
15346,9.510052655925532e-06
15347,9.509111861372148e-06
15348,9.508159703575096e-06
15349,9.507218909021738e-06
15350,9.506266751224686e-06
15351,9.505312686286522e-06
15352,9.504360528489469e-06
15353,9.503411224298656e-06
15354,9.502461920218867e-06
15355,9.501521125665489e-06
15356,9.500571821474688e-06
15357,9.499620615804892e-06
15358,9.49867415678262e-06
15359,9.497727697649345e-06
15360,9.496775539852289e-06
15361,9.495822428928762e-06
15362,9.494871223369997e-06
15363,9.493931369619627e-06
15364,9.492982065428812e-06
15365,9.492034658942213e-06
15366,9.491088199808928e-06
15367,9.490134134870761e-06
15368,9.48919145593586e-06
15369,9.488242151745048e-06
15370,9.487289993947991e-06
15371,9.486344481279833e-06
15372,9.485398968722683e-06
15373,9.484454401520464e-06
15374,9.483508888852296e-06
15375,9.482562429830033e-06
15376,9.481619750895122e-06
15377,9.48066281791782e-06
15378,9.479717305360675e-06
15379,9.478770846227383e-06
15380,9.477824387094101e-06
15381,9.476878874425936e-06
15382,9.47593336186881e-06
15383,9.474985955271178e-06
15384,9.47404138817997e-06
15385,9.473090182510198e-06
15386,9.472134206656166e-06
15387,9.471183000986368e-06
15388,9.470236541853078e-06
15389,9.469285336294316e-06
15390,9.468334130624536e-06
15391,9.467384826433717e-06
15392,9.466434572003019e-06
15393,9.465483366444256e-06
15394,9.464532160774473e-06
15395,9.46357809583631e-06
15396,9.462627841405613e-06
15397,9.461678537214807e-06
15398,9.460727331545023e-06
15399,9.459778027465218e-06
15400,9.45882491654171e-06
15401,9.457874662111008e-06
15402,9.456923456441228e-06
15403,9.455974152361433e-06
15404,9.455022946691649e-06
15405,9.454078379600434e-06
15406,9.45312622180339e-06
15407,9.452174064006334e-06
15408,9.451223809575632e-06
15409,9.450274505384831e-06
15410,9.449327098898232e-06
15411,9.448380639764942e-06
15412,9.447429434095153e-06
15413,9.446482027608565e-06
15414,9.445535568586287e-06
15415,9.444591945961818e-06
15416,9.443638835038298e-06
15417,9.442685724225795e-06
15418,9.4417354697951e-06
15419,9.44078426412531e-06
15420,9.439833058455525e-06
15421,9.438879947643036e-06
15422,9.437925882593843e-06
15423,9.436972771781347e-06
15424,9.436017751718309e-06
15425,9.435067497287617e-06
15426,9.434115339601581e-06
15427,9.43316508517089e-06
15428,9.432212927373835e-06
15429,9.43126076957679e-06
15430,9.430308611779731e-06
15431,9.429355500856221e-06
15432,9.428402389932708e-06
15433,9.427447369980689e-06
15434,9.426494259057174e-06
15435,9.425541148244681e-06
15436,9.424589942574892e-06
15437,9.4236387369051e-06
15438,9.42268753134634e-06
15439,9.421733466408178e-06
15440,9.420782260738387e-06
15441,9.419832956547579e-06
15442,9.418881750877796e-06
15443,9.41792673092578e-06
15444,9.416973620002264e-06
15445,9.41601955506411e-06
15446,9.415067397267045e-06
15447,9.414115239470005e-06
15448,9.413165935390216e-06
15449,9.412215680959518e-06
15450,9.411262570035996e-06
15451,9.410309459112474e-06
15452,9.409356348188963e-06
15453,9.408404190502925e-06
15454,9.407456783905305e-06
15455,9.406509377418715e-06
15456,9.405559122988011e-06
15457,9.404607917429248e-06
15458,9.403661458295971e-06
15459,9.402715945627806e-06
15460,9.40176283470429e-06
15461,9.400811629145517e-06
15462,9.399860423475733e-06
15463,9.398909217805956e-06
15464,9.397956106993455e-06
15465,9.397002996069938e-06
15466,9.39606125982539e-06
15467,9.395114800692103e-06
15468,9.39416834155882e-06
15469,9.39321713600005e-06
15470,9.392263070950861e-06
15471,9.391311865392106e-06
15472,9.39036065972232e-06
15473,9.389408501925272e-06
15474,9.388457296366509e-06
15475,9.38750418544299e-06
15476,9.38656150650808e-06
15477,9.38561504737479e-06
15478,9.384658114508499e-06
15479,9.383706908838722e-06
15480,9.382760449816457e-06
15481,9.381803516839152e-06
15482,9.380846583972877e-06
15483,9.379901071304708e-06
15484,9.37895461228244e-06
15485,9.378009099614275e-06
15486,9.377063586946118e-06
15487,9.376110476022603e-06
15488,9.375157365210107e-06
15489,9.374212798007868e-06
15490,9.373269175494421e-06
15491,9.372326496559499e-06
15492,9.371380037426222e-06
15493,9.370430733235402e-06
15494,9.369479527676642e-06
15495,9.368529273245937e-06
15496,9.367587536890376e-06
15497,9.366635379204338e-06
15498,9.365684173534557e-06
15499,9.364731062611044e-06
15500,9.363777951687517e-06
15501,9.362829596848421e-06
15502,9.361879342417723e-06
15503,9.360929087987028e-06
15504,9.359979783907239e-06
15505,9.359028578237456e-06
15506,9.35807737256767e-06
15507,9.3571233076295e-06
15508,9.356170196705985e-06
15509,9.355218991147218e-06
15510,9.354265880223697e-06
15511,9.353311815285538e-06
15512,9.352358704362018e-06
15513,9.351408449931317e-06
15514,9.350461990798035e-06
15515,9.34951078523927e-06
15516,9.34855767431575e-06
15517,9.347604563392236e-06
15518,9.346655259201423e-06
15519,9.345705955121624e-06
15520,9.344756650930815e-06
15521,9.343805445261026e-06
15522,9.342859932592881e-06
15523,9.341908727034113e-06
15524,9.340962267900823e-06
15525,9.340018645387364e-06
15526,9.339071238789749e-06
15527,9.338121934709955e-06
15528,9.337173579759831e-06
15529,9.336220468947327e-06
15530,9.335272113997198e-06
15531,9.334328491483749e-06
15532,9.333371558617461e-06
15533,9.332426991415226e-06
15534,9.331483368901773e-06
15535,9.330538801810558e-06
15536,9.32959139521294e-06
15537,9.328646828121727e-06
15538,9.327702261030532e-06
15539,9.326754854432913e-06
15540,9.325808395410645e-06
15541,9.324862882742473e-06
15542,9.32391642360919e-06
15543,9.322964265812136e-06
15544,9.322007332945865e-06
15545,9.321063710432391e-06
15546,9.320112504762612e-06
15547,9.319166045629327e-06
15548,9.318218639142721e-06
15549,9.31727596020781e-06
15550,9.316336106457435e-06
15551,9.315391539366233e-06
15552,9.314447916741748e-06
15553,9.313502404184602e-06
15554,9.312556891516442e-06
15555,9.311613268891962e-06
15556,9.310669646378503e-06
15557,9.309726023754015e-06
15558,9.308776719674236e-06
15559,9.307831207006071e-06
15560,9.306885694337904e-06
15561,9.30594018166974e-06
15562,9.304988976110977e-06
15563,9.3040377704412e-06
15564,9.303091311307911e-06
15565,9.302143904821314e-06
15566,9.301192699262547e-06
15567,9.300247186594387e-06
15568,9.299290253728106e-06
15569,9.298340949537293e-06
15570,9.297391645346488e-06
15571,9.296442341155668e-06
15572,9.295500604911138e-06
15573,9.294551300720315e-06
15574,9.293606733629112e-06
15575,9.292661220960947e-06
15576,9.291716653869738e-06
15577,9.290768298919625e-06
15578,9.289826562675074e-06
15579,9.288877258595282e-06
15580,9.287931745927132e-06
15581,9.286982441736322e-06
15582,9.286034086897202e-06
15583,9.285081929100164e-06
15584,9.284134522613563e-06
15585,9.283180457564384e-06
15586,9.282226392626216e-06
15587,9.281278037787107e-06
15588,9.280329682948013e-06
15589,9.279380378757203e-06
15590,9.278432023918088e-06
15591,9.277483668967964e-06
15592,9.276540990033054e-06
15593,9.275592635193954e-06
15594,9.274644280354842e-06
15595,9.273698767686685e-06
15596,9.272750412847594e-06
15597,9.271799207177797e-06
15598,9.270853694620669e-06
15599,9.26990248895088e-06
15600,9.268950331153831e-06
15601,9.268005764062615e-06
15602,9.267056459871798e-06
15603,9.266109053385214e-06
15604,9.265163540717054e-06
15605,9.26421802804889e-06
15606,9.263265870251842e-06
15607,9.262317515412727e-06
15608,9.261371056279444e-06
15609,9.260421752088639e-06
15610,9.259476239531486e-06
15611,9.258530726863328e-06
15612,9.257575706911327e-06
15613,9.256632084286837e-06
15614,9.255688461773376e-06
15615,9.254742002640096e-06
15616,9.253797435548878e-06
15617,9.25285475661397e-06
15618,9.251906401663844e-06
15619,9.250951381711828e-06
15620,9.249996361759834e-06
15621,9.24904420396277e-06
15622,9.248089184010774e-06
15623,9.247134163947728e-06
15624,9.246179143995729e-06
15625,9.245224124043713e-06
15626,9.244267191177435e-06
15627,9.243315033380382e-06
15628,9.242362875583327e-06
15629,9.241408810645169e-06
15630,9.240456652848112e-06
15631,9.239508298009014e-06
15632,9.23855994305888e-06
15633,9.23761443050175e-06
15634,9.23666131957823e-06
15635,9.235717696953749e-06
15636,9.234763632015584e-06
15637,9.233815277176476e-06
15638,9.23286311937943e-06
15639,9.231910961582386e-06
15640,9.230967339068917e-06
15641,9.230018984118796e-06
15642,9.229073471561662e-06
15643,9.228125116611523e-06
15644,9.227180549520325e-06
15645,9.226229343850532e-06
15646,9.225276233038033e-06
15647,9.224332610413553e-06
15648,9.223388043322341e-06
15649,9.222442530654178e-06
15650,9.221496071520901e-06
15651,9.220544865962126e-06
15652,9.219598406828846e-06
15653,9.218651947695562e-06
15654,9.217707380604347e-06
15655,9.216758076413537e-06
15656,9.215804011475372e-06
15657,9.214854707284557e-06
15658,9.213904452853855e-06
15659,9.212956098014762e-06
15660,9.212005843584064e-06
15661,9.211057488744963e-06
15662,9.210105330947896e-06
15663,9.209157924461304e-06
15664,9.208205766664254e-06
15665,9.207253608867202e-06
15666,9.206305254028095e-06
15667,9.205352143104585e-06
15668,9.20439998530753e-06
15669,9.203453526174237e-06
15670,9.202508959083032e-06
15671,9.201561552596443e-06
15672,9.200604619730154e-06
15673,9.199647686752863e-06
15674,9.198701227730585e-06
15675,9.197752872780457e-06
15676,9.196803568700673e-06
15677,9.19585900149844e-06
15678,9.194914434407224e-06
15679,9.193969867205e-06
15680,9.193024354647857e-06
15681,9.192079787445632e-06
15682,9.191134274888497e-06
15683,9.19019159595357e-06
15684,9.189246083285425e-06
15685,9.188303404350498e-06
15686,9.187356945217213e-06
15687,9.186410486083927e-06
15688,9.185464027061666e-06
15689,9.184513772630966e-06
15690,9.183565417680836e-06
15691,9.182618958658574e-06
15692,9.181668704227874e-06
15693,9.180719400037066e-06
15694,9.179770095846258e-06
15695,9.178816030908085e-06
15696,9.177862919984571e-06
15697,9.176914565145475e-06
15698,9.17596526095465e-06
15699,9.175015006523955e-06
15700,9.174065702333152e-06
15701,9.173116398253349e-06
15702,9.17216614382265e-06
15703,9.1712139860256e-06
15704,9.170261828228552e-06
15705,9.169312524037736e-06
15706,9.168362269607044e-06
15707,9.16741770251583e-06
15708,9.166467448085143e-06
15709,9.165519093246026e-06
15710,9.164569789055228e-06
15711,9.163622382568626e-06
15712,9.162680646213062e-06
15713,9.161732291373964e-06
15714,9.160782987183139e-06
15715,9.159838420091935e-06
15716,9.158893853000734e-06
15717,9.157948340332567e-06
15718,9.156999985493472e-06
15719,9.156051630654352e-06
15720,9.155098519730842e-06
15721,9.154147314061053e-06
15722,9.153194203137545e-06
15723,9.152242997578768e-06
15724,9.15128988665525e-06
15725,9.150341531816151e-06
15726,9.14939412532956e-06
15727,9.148448612661394e-06
15728,9.147503099993235e-06
15729,9.146551894323448e-06
15730,9.145600688764691e-06
15731,9.144653282278096e-06
15732,9.14370492732797e-06
15733,9.142756572488865e-06
15734,9.141806318058164e-06
15735,9.140855112499404e-06
15736,9.139904858068707e-06
15737,9.138963121713148e-06
15738,9.138019499199675e-06
15739,9.137081524279719e-06
15740,9.136138845344812e-06
15741,9.13518763967503e-06
15742,9.134234528751511e-06
15743,9.133279508799498e-06
15744,9.132332102312908e-06
15745,9.131386589644748e-06
15746,9.130441076976574e-06
15747,9.129493670489987e-06
15748,9.128548157821824e-06
15749,9.12759600002478e-06
15750,9.126642889212283e-06
15751,9.125693585021466e-06
15752,9.124749017819239e-06
15753,9.123804450728029e-06
15754,9.122851339804502e-06
15755,9.121904880782246e-06
15756,9.120954626351536e-06
15757,9.120001515428017e-06
15758,9.1190484045045e-06
15759,9.118105725569585e-06
15760,9.117162103056133e-06
15761,9.116216590387966e-06
15762,9.115272967763481e-06
15763,9.114327455206354e-06
15764,9.113380048608724e-06
15765,9.112435481517524e-06
15766,9.111489022384232e-06
15767,9.110537816825477e-06
15768,9.109586611155686e-06
15769,9.108636356724986e-06
15770,9.107686102294291e-06
15771,9.10673489673553e-06
15772,9.105788437602244e-06
15773,9.104842924934074e-06
15774,9.103889814010554e-06
15775,9.102938608451802e-06
15776,9.101986450654744e-06
15777,9.101032385716572e-06
15778,9.100079274793065e-06
15779,9.099133762124899e-06
15780,9.098180651201389e-06
15781,9.097237972266463e-06
15782,9.096293405175261e-06
15783,9.095339340237093e-06
15784,9.094388134567304e-06
15785,9.093435976770262e-06
15786,9.092484771100476e-06
15787,9.091531660287984e-06
15788,9.090578549364452e-06
15789,9.08962734369467e-06
15790,9.088676138135908e-06
15791,9.08773534358254e-06
15792,9.08679642974697e-06
15793,9.085853750812063e-06
15794,9.084912014456492e-06
15795,9.083970278211952e-06
15796,9.083024765543794e-06
15797,9.082069745591786e-06
15798,9.081115680653623e-06
15799,9.080161615715452e-06
15800,9.079214209228857e-06
15801,9.078261098305345e-06
15802,9.077313691818748e-06
15803,9.076364387627928e-06
15804,9.075417928494651e-06
15805,9.074463863556485e-06
15806,9.073510752632966e-06
15807,9.072555732680955e-06
15808,9.071601667742794e-06
15809,9.070648556819268e-06
15810,9.06969639902222e-06
15811,9.068748992535628e-06
15812,9.067797786865834e-06
15813,9.066848482675036e-06
15814,9.065895371862524e-06
15815,9.064944166192744e-06
15816,9.063994862001936e-06
15817,9.063047455515345e-06
15818,9.062094344591823e-06
15819,9.061158244616512e-06
15820,9.060219330780939e-06
15821,9.059282293777395e-06
15822,9.058348065082985e-06
15823,9.057411965107677e-06
15824,9.056468342594215e-06
15825,9.055526606349678e-06
15826,9.054591442514411e-06
15827,9.053655342539105e-06
15828,9.052715488788714e-06
15829,9.051771866275257e-06
15830,9.050829187229329e-06
15831,9.049886508294412e-06
15832,9.048943829359496e-06
15833,9.047993574928796e-06
15834,9.047043320609132e-06
15835,9.046097807940964e-06
15836,9.045152295272805e-06
15837,9.04420867275935e-06
15838,9.043262213626053e-06
15839,9.04230910270253e-06
15840,9.041365480189085e-06
15841,9.04041332239202e-06
15842,9.039466863258743e-06
15843,9.038510887293684e-06
15844,9.037558729496633e-06
15845,9.036610374657524e-06
15846,9.035657263734003e-06
15847,9.034703198795846e-06
15848,9.03375008787233e-06
15849,9.032805520781112e-06
15850,9.031856216590301e-06
15851,9.030915422036934e-06
15852,9.029972743102028e-06
15853,9.029022488671325e-06
15854,9.028079809736413e-06
15855,9.027134297068256e-06
15856,9.026184992988457e-06
15857,9.02523092793928e-06
15858,9.024277817126787e-06
15859,9.023331357993485e-06
15860,9.022383951506901e-06
15861,9.02143369707619e-06
15862,9.020480586152678e-06
15863,9.019538849908136e-06
15864,9.018592390774847e-06
15865,9.017642136344154e-06
15866,9.016694729857555e-06
15867,9.015747323370956e-06
15868,9.014800864237664e-06
15869,9.01385535156951e-06
15870,9.01290889254725e-06
15871,9.011963379879083e-06
15872,9.01101786721093e-06
15873,9.01007518827601e-06
15874,9.009132509341103e-06
15875,9.008188886827644e-06
15876,9.00724526420315e-06
15877,9.006301641689689e-06
15878,9.005349483892637e-06
15879,9.0044077476481e-06
15880,9.003466011292541e-06
15881,9.002516707212747e-06
15882,9.001574970857176e-06
15883,9.00063134834372e-06
15884,8.999681093913026e-06
15885,8.998729888243233e-06
15886,8.99778626572978e-06
15887,8.996843586794874e-06
15888,8.9958980741267e-06
15889,8.99495256145854e-06
15890,8.994008938945088e-06
15891,8.993056781148028e-06
15892,8.99211221405682e-06
15893,8.99115910313331e-06
15894,8.990215480508821e-06
15895,8.989270913417618e-06
15896,8.988326346326396e-06
15897,8.987384610081866e-06
15898,8.986441931146956e-06
15899,8.985496418478787e-06
15900,8.984551851276563e-06
15901,8.983607284185353e-06
15902,8.982660825052051e-06
15903,8.981710570621354e-06
15904,8.980761266541565e-06
15905,8.979818587606663e-06
15906,8.97887590856072e-06
15907,8.977931341469516e-06
15908,8.97698677437831e-06
15909,8.976039367891713e-06
15910,8.975093855223545e-06
15911,8.974150232599065e-06
15912,8.973206610085598e-06
15913,8.972259203599014e-06
15914,8.971312744465722e-06
15915,8.970364389626624e-06
15916,8.969416983029001e-06
15917,8.968471470471863e-06
15918,8.967525011338575e-06
15919,8.966571900415048e-06
15920,8.96562449392846e-06
15921,8.964674239497766e-06
15922,8.963723033827975e-06
15923,8.96277846673677e-06
15924,8.961826308939706e-06
15925,8.960873198016197e-06
15926,8.95992673899393e-06
15927,8.958970763028873e-06
15928,8.958027140404386e-06
15929,8.9570740295919e-06
15930,8.956129462389653e-06
15931,8.955183949721506e-06
15932,8.954237490699237e-06
15933,8.953285332902178e-06
15934,8.952337926415593e-06
15935,8.951388622224778e-06
15936,8.950440267385673e-06
15937,8.949497588450754e-06
15938,8.948550181853148e-06
15939,8.94759707104065e-06
15940,8.946646816609945e-06
15941,8.94570130394179e-06
15942,8.944752949102679e-06
15943,8.943802694671989e-06
15944,8.942851489002205e-06
15945,8.941901234571505e-06
15946,8.940950029012736e-06
15947,8.939998823342959e-06
15948,8.939047617673168e-06
15949,8.938093552735001e-06
15950,8.937140441811483e-06
15951,8.936187330998994e-06
15952,8.935246536445623e-06
15953,8.934295330775825e-06
15954,8.933348871642549e-06
15955,8.93240241262028e-06
15956,8.931455953486985e-06
15957,8.930507598647887e-06
15958,8.929562085979722e-06
15959,8.928609928182679e-06
15960,8.927658722512893e-06
15961,8.926720747592928e-06
15962,8.925779953039555e-06
15963,8.924841039203992e-06
15964,8.923890784773295e-06
15965,8.92294904852875e-06
15966,8.922006369593841e-06
15967,8.921058014754736e-06
15968,8.920107760324031e-06
15969,8.919177262867173e-06
15970,8.918242099031911e-06
15971,8.917303185196339e-06
15972,8.91636427136077e-06
15973,8.91541970415854e-06
15974,8.91447513706733e-06
15975,8.913535283316959e-06
15976,8.912597308396992e-06
15977,8.911656513843623e-06
15978,8.910713834908705e-06
15979,8.909780540466974e-06
15980,8.908846311772573e-06
15981,8.907907397825984e-06
15982,8.90696754407561e-06
15983,8.90602580783106e-06
15984,8.90507555340036e-06
15985,8.904124347841604e-06
15986,8.903177888708307e-06
15987,8.902231429575027e-06
15988,8.901286862483815e-06
15989,8.900334704686758e-06
15990,8.899381593763238e-06
15991,8.898428482950756e-06
15992,8.897484860326264e-06
15993,8.896540293235059e-06
15994,8.89559572603282e-06
15995,8.894651158941618e-06
15996,8.893706591850403e-06
15997,8.892762969225915e-06
15998,8.891818402134707e-06
15999,8.890866244337657e-06
16000,8.889915989906958e-06
16001,8.888966685716145e-06
16002,8.888028710796195e-06
16003,8.887088857045816e-06
16004,8.886148062492437e-06
16005,8.885204439978983e-06
16006,8.884261761044069e-06
16007,8.883314354557468e-06
16008,8.882371675511534e-06
16009,8.881433700591574e-06
16010,8.880480589668057e-06
16011,8.879529384109294e-06
16012,8.878575319060115e-06
16013,8.877621254121953e-06
16014,8.876674795099678e-06
16015,8.875730227897456e-06
16016,8.874788491652912e-06
16017,8.87384675540837e-06
16018,8.872895549738576e-06
16019,8.871954755185206e-06
16020,8.871014901545852e-06
16021,8.87006369587606e-06
16022,8.869110584952544e-06
16023,8.868168848708006e-06
16024,8.867227112463467e-06
16025,8.866285376218922e-06
16026,8.865332265295402e-06
16027,8.86438105962562e-06
16028,8.863429854066853e-06
16029,8.862476743143338e-06
16030,8.861523632219818e-06
16031,8.860573377789111e-06
16032,8.859627865231978e-06
16033,8.858680458634352e-06
16034,8.85774435877007e-06
16035,8.856797899636786e-06
16036,8.855858045886397e-06
16037,8.85492194591109e-06
16038,8.853982092160711e-06
16039,8.853048797718985e-06
16040,8.85210328505082e-06
16041,8.851161548806278e-06
16042,8.850216981715064e-06
16043,8.849279944711519e-06
16044,8.848344780876257e-06
16045,8.847398321742967e-06
16046,8.8464594079074e-06
16047,8.845521432876428e-06
16048,8.84458626904117e-06
16049,8.843645474487799e-06
16050,8.84270090739658e-06
16051,8.84176199356101e-06
16052,8.840815534427723e-06
16053,8.83987285549282e-06
16054,8.838929232979347e-06
16055,8.837990319032768e-06
16056,8.837047640097854e-06
16057,8.836102127429683e-06
16058,8.83515756033848e-06
16059,8.834224265896756e-06
16060,8.833281586961842e-06
16061,8.832338908026921e-06
16062,8.831388653596233e-06
16063,8.830447859042854e-06
16064,8.82949855485205e-06
16065,8.828555875917134e-06
16066,8.827615081363763e-06
16067,8.826670514272557e-06
16068,8.825726891759084e-06
16069,8.824783269134608e-06
16070,8.823839646621146e-06
16071,8.822896023996656e-06
16072,8.821952401483204e-06
16073,8.821008778858714e-06
16074,8.820065156345263e-06
16075,8.819113950675472e-06
16076,8.81816369624478e-06
16077,8.81721249068601e-06
16078,8.816272636935636e-06
16079,8.815331842382255e-06
16080,8.814380636712468e-06
16081,8.813440783073117e-06
16082,8.812499046828563e-06
16083,8.811550691878441e-06
16084,8.810600437447752e-06
16085,8.809649231888986e-06
16086,8.808698026219195e-06
16087,8.807748722028382e-06
16088,8.806802263006118e-06
16089,8.805852008575421e-06
16090,8.804903653625289e-06
16091,8.803956247138709e-06
16092,8.803001227186682e-06
16093,8.802055714518536e-06
16094,8.801109255385244e-06
16095,8.800160900546134e-06
16096,8.799206835607982e-06
16097,8.798260376474689e-06
16098,8.797312021635579e-06
16099,8.796368399122125e-06
16100,8.79542288645396e-06
16101,8.794473582263148e-06
16102,8.793527123129865e-06
16103,8.792574012317362e-06
16104,8.791626605719744e-06
16105,8.7906744479227e-06
16106,8.789726093083596e-06
16107,8.788775838652901e-06
16108,8.787827483813794e-06
16109,8.786882916722588e-06
16110,8.785944002775998e-06
16111,8.784999435684777e-06
16112,8.784053923016615e-06
16113,8.78310366858592e-06
16114,8.782155313746822e-06
16115,8.78121357750228e-06
16116,8.780268064834116e-06
16117,8.779314953910601e-06
16118,8.7783665990715e-06
16119,8.77742486282696e-06
16120,8.776478403693664e-06
16121,8.775533836602463e-06
16122,8.77459398285207e-06
16123,8.77365412910169e-06
16124,8.772708616433537e-06
16125,8.771764049342327e-06
16126,8.770823254788947e-06
16127,8.769873000358251e-06
16128,8.76892654133599e-06
16129,8.767988566305014e-06
16130,8.767043999213799e-06
16131,8.766098486545637e-06
16132,8.765145375622125e-06
16133,8.76419891659985e-06
16134,8.763255293975363e-06
16135,8.76230883495311e-06
16136,8.761352858988049e-06
16137,8.760402604557356e-06
16138,8.75945424960723e-06
16139,8.758503995287551e-06
16140,8.757553740856856e-06
16141,8.756603486426153e-06
16142,8.755655131476032e-06
16143,8.754705827396243e-06
16144,8.753753669599178e-06
16145,8.752807210465894e-06
16146,8.751859803979299e-06
16147,8.750913344846009e-06
16148,8.749961187048965e-06
16149,8.749010932618259e-06
16150,8.748058774821208e-06
16151,8.747119860985645e-06
16152,8.746167703188595e-06
16153,8.745213638250426e-06
16154,8.744260527326911e-06
16155,8.743319732773536e-06
16156,8.742367574976486e-06
16157,8.7414182708967e-06
16158,8.740468016465988e-06
16159,8.739523449263771e-06
16160,8.738577936706628e-06
16161,8.737637142153256e-06
16162,8.736692574951022e-06
16163,8.735748952437564e-06
16164,8.73479774676777e-06
16165,8.733853179676563e-06
16166,8.732908612585353e-06
16167,8.731964045383116e-06
16168,8.73101947829192e-06
16169,8.7300749112007e-06
16170,8.72912845206742e-06
16171,8.728184829442928e-06
16172,8.727242150508024e-06
16173,8.726298527994562e-06
16174,8.725353960903353e-06
16175,8.724406554305735e-06
16176,8.723456299875039e-06
16177,8.722514563630494e-06
16178,8.721569051073354e-06
16179,8.720623538405197e-06
16180,8.719675183455062e-06
16181,8.718726828615962e-06
16182,8.717783206102496e-06
16183,8.716836746969211e-06
16184,8.715885541299432e-06
16185,8.714940028742296e-06
16186,8.713990724551488e-06
16187,8.713042369712378e-06
16188,8.712091164042594e-06
16189,8.71113900624554e-06
16190,8.710187800686782e-06
16191,8.709237546256083e-06
16192,8.708286340586291e-06
16193,8.7073351349165e-06
16194,8.706384880485807e-06
16195,8.705434626055103e-06
16196,8.70448532197532e-06
16197,8.703534116305539e-06
16198,8.702582910635741e-06
16199,8.701631705076986e-06
16200,8.700680499407195e-06
16201,8.699730244976497e-06
16202,8.698779039417732e-06
16203,8.6978344722155e-06
16204,8.69688990512429e-06
16205,8.695938699454502e-06
16206,8.694987493895738e-06
16207,8.69403723946505e-06
16208,8.69308793527423e-06
16209,8.69214147614095e-06
16210,8.691200681587581e-06
16211,8.690258945343039e-06
16212,8.689307739784264e-06
16213,8.688356534114488e-06
16214,8.68740532844469e-06
16215,8.686454122885934e-06
16216,8.68550291721615e-06
16217,8.684553613025343e-06
16218,8.683604308945549e-06
16219,8.682655004754737e-06
16220,8.681706649915627e-06
16221,8.680755444245848e-06
16222,8.679804238576061e-06
16223,8.678864384936695e-06
16224,8.677911274013177e-06
16225,8.676960068343398e-06
16226,8.676020214593011e-06
16227,8.675073755570745e-06
16228,8.674127296437467e-06
16229,8.67317609076768e-06
16230,8.672223932970626e-06
16231,8.671282196726082e-06
16232,8.670346096750766e-06
16233,8.66940436050623e-06
16234,8.668465446670662e-06
16235,8.667524652117293e-06
16236,8.666579139449132e-06
16237,8.665630784610027e-06
16238,8.664681480419219e-06
16239,8.663735967751047e-06
16240,8.662792345237596e-06
16241,8.6618458861043e-06
16242,8.660894680545542e-06
16243,8.659942522748492e-06
16244,8.658990364951429e-06
16245,8.658052390031484e-06
16246,8.657106877363315e-06
16247,8.656161364695155e-06
16248,8.655217742070679e-06
16249,8.654272229513536e-06
16250,8.653322925322724e-06
16251,8.652373621131916e-06
16252,8.651421463334861e-06
16253,8.650472159144058e-06
16254,8.649520001458022e-06
16255,8.648578265102454e-06
16256,8.647631806080197e-06
16257,8.646687238877963e-06
16258,8.645741726320821e-06
16259,8.644790520651032e-06
16260,8.643839314981243e-06
16261,8.642888109422488e-06
16262,8.641938805231668e-06
16263,8.640985694308155e-06
16264,8.640035439877451e-06
16265,8.6390813749393e-06
16266,8.638139638694755e-06
16267,8.637195071492522e-06
16268,8.636243865933759e-06
16269,8.63529266026397e-06
16270,8.634339549340451e-06
16271,8.6333987548981e-06
16272,8.632457018542537e-06
16273,8.631511505985408e-06
16274,8.630568827050487e-06
16275,8.62961857261979e-06
16276,8.628674949995307e-06
16277,8.627732271060399e-06
16278,8.62678770396919e-06
16279,8.625840297482597e-06
16280,8.62489194253246e-06
16281,8.623946429975327e-06
16282,8.622999023377716e-06
16283,8.62204686569168e-06
16284,8.6211032430672e-06
16285,8.620162448513824e-06
16286,8.619214093674717e-06
16287,8.618271414739816e-06
16288,8.617321160309116e-06
16289,8.616370905878414e-06
16290,8.615422551039302e-06
16291,8.614474196200204e-06
16292,8.613525841361103e-06
16293,8.612570821298064e-06
16294,8.611622466458961e-06
16295,8.610676953790808e-06
16296,8.609725748232043e-06
16297,8.608776444041233e-06
16298,8.607830931373074e-06
16299,8.606879725703284e-06
16300,8.605934213146147e-06
16301,8.604984908955341e-06
16302,8.604038449822046e-06
16303,8.603088195391357e-06
16304,8.602141736369084e-06
16305,8.601191481938386e-06
16306,8.600247859313905e-06
16307,8.59929665375514e-06
16308,8.598346399324445e-06
16309,8.597398044374314e-06
16310,8.59644968953521e-06
16311,8.595499435104508e-06
16312,8.59454727730747e-06
16313,8.593599870820869e-06
16314,8.592650566630052e-06
16315,8.591705054072911e-06
16316,8.590753848403137e-06
16317,8.58980264273334e-06
16318,8.588859020219879e-06
16319,8.587907814550101e-06
16320,8.586958510359287e-06
16321,8.5860111038727e-06
16322,8.585060849441991e-06
16323,8.584110595011291e-06
16324,8.5831603405806e-06
16325,8.58220818289457e-06
16326,8.581257928463867e-06
16327,8.58030481754035e-06
16328,8.579354563109647e-06
16329,8.578405258918837e-06
16330,8.577454053249053e-06
16331,8.576500942436555e-06
16332,8.575557319812079e-06
16333,8.574607065381372e-06
16334,8.57365681095068e-06
16335,8.572710351928416e-06
16336,8.571760097497716e-06
16337,8.570809843067021e-06
16338,8.569867164132109e-06
16339,8.5689244851972e-06
16340,8.567975181006389e-06
16341,8.567024926575684e-06
16342,8.566075622384869e-06
16343,8.565127267545764e-06
16344,8.564181754877607e-06
16345,8.56323434839101e-06
16346,8.562284093960322e-06
16347,8.561336687473721e-06
16348,8.56038833263462e-06
16349,8.559438078203925e-06
16350,8.558486872534127e-06
16351,8.557536618103429e-06
16352,8.556586363672729e-06
16353,8.555641796581519e-06
16354,8.554697229490314e-06
16355,8.553742209427288e-06
16356,8.552786233462227e-06
16357,8.551835979031528e-06
16358,8.550889520009262e-06
16359,8.549939265578567e-06
16360,8.548989011147866e-06
16361,8.548039706957057e-06
16362,8.547096084443602e-06
16363,8.546144878773802e-06
16364,8.545203142529269e-06
16365,8.544258575327038e-06
16366,8.543314008235823e-06
16367,8.542373213682453e-06
16368,8.54142770112532e-06
16369,8.540483133923079e-06
16370,8.539532879492384e-06
16371,8.538579768568866e-06
16372,8.537632362082277e-06
16373,8.536681156523502e-06
16374,8.535725180558448e-06
16375,8.53477397488867e-06
16376,8.533826568402068e-06
16377,8.532875362732282e-06
16378,8.531924157173517e-06
16379,8.530975802223393e-06
16380,8.530028395736798e-06
16381,8.529082883068636e-06
16382,8.52813167750987e-06
16383,8.52718237331907e-06
16384,8.526236860650901e-06
16385,8.525292293559693e-06
16386,8.524348670935218e-06
16387,8.523405992000306e-06
16388,8.52246236948684e-06
16389,8.521517802395625e-06
16390,8.520565644598573e-06
16391,8.519618238000959e-06
16392,8.518669883161854e-06
16393,8.517721528322758e-06
16394,8.516770322652974e-06
16395,8.515819117094203e-06
16396,8.514867911424424e-06
16397,8.513922398756254e-06
16398,8.512980662511719e-06
16399,8.5120360954205e-06
16400,8.511094359175962e-06
16401,8.510152622931422e-06
16402,8.50920616379814e-06
16403,8.508258757311534e-06
16404,8.507311350713923e-06
16405,8.506363944227328e-06
16406,8.505415589388223e-06
16407,8.504468182901619e-06
16408,8.503524560277139e-06
16409,8.50257810125487e-06
16410,8.501628797064063e-06
16411,8.50067949287326e-06
16412,8.499733980205091e-06
16413,8.498789413113888e-06
16414,8.497844846022676e-06
16415,8.496900278820439e-06
16416,8.495950974629627e-06
16417,8.495001670549835e-06
16418,8.494055211416556e-06
16419,8.49310875228326e-06
16420,8.492162293149974e-06
16421,8.49121488666338e-06
16422,8.490269373995212e-06
16423,8.489321967508626e-06
16424,8.488372663317816e-06
16425,8.487425256831221e-06
16426,8.48647785034462e-06
16427,8.485528546153805e-06
16428,8.484583033485642e-06
16429,8.483630875799612e-06
16430,8.482685363131456e-06
16431,8.481737008292356e-06
16432,8.480793385667876e-06
16433,8.47984787299972e-06
16434,8.478905194064808e-06
16435,8.477964399511428e-06
16436,8.477020776997971e-06
16437,8.476064801032919e-06
16438,8.475112643235854e-06
16439,8.474161437677099e-06
16440,8.473210232007313e-06
16441,8.472257121083794e-06
16442,8.47131160841563e-06
16443,8.470367041324426e-06
16444,8.469423418810967e-06
16445,8.468478851608726e-06
16446,8.467534284517525e-06
16447,8.466589717426311e-06
16448,8.465645150224079e-06
16449,8.46470058313287e-06
16450,8.463756015930635e-06
16451,8.462811448839426e-06
16452,8.461865936171271e-06
16453,8.46092136908005e-06
16454,8.459968258156531e-06
16455,8.459021799023247e-06
16456,8.458078176509783e-06
16457,8.457135497574881e-06
16458,8.456186193384056e-06
16459,8.455243514449151e-06
16460,8.454300835514236e-06
16461,8.453344859549183e-06
16462,8.45238983959718e-06
16463,8.451434819645167e-06
16464,8.45048266184811e-06
16465,8.449536202714828e-06
16466,8.448582137776654e-06
16467,8.447628072838505e-06
16468,8.44667686716871e-06
16469,8.445733244544222e-06
16470,8.444785838057628e-06
16471,8.443834632498877e-06
16472,8.442881521575348e-06
16473,8.441930315905566e-06
16474,8.440980061474864e-06
16475,8.440032654988267e-06
16476,8.43908144942951e-06
16477,8.438130243759721e-06
16478,8.437178085962674e-06
16479,8.43622497503916e-06
16480,8.435273769480396e-06
16481,8.4343301468559e-06
16482,8.433386524342447e-06
16483,8.432442901717966e-06
16484,8.431500222783049e-06
16485,8.430556600269586e-06
16486,8.429616746519205e-06
16487,8.428661726567206e-06
16488,8.427717159364969e-06
16489,8.426774480430053e-06
16490,8.425823274871293e-06
16491,8.424880595936374e-06
16492,8.42393697331189e-06
16493,8.422991460643734e-06
16494,8.422039302846688e-06
16495,8.421096623911777e-06
16496,8.420151111354633e-06
16497,8.419205598686473e-06
16498,8.418260086018311e-06
16499,8.417305066066298e-06
16500,8.41635860693301e-06
16501,8.415415927998106e-06
16502,8.414471360906901e-06
16503,8.413522056716081e-06
16504,8.412571802285386e-06
16505,8.41162628961723e-06
16506,8.41067983048394e-06
16507,8.409735263392731e-06
16508,8.408784057722943e-06
16509,8.407833803292245e-06
16510,8.406883548972559e-06
16511,8.405931391175509e-06
16512,8.404981136744817e-06
16513,8.404032781794689e-06
16514,8.403090102859771e-06
16515,8.40214648034631e-06
16516,8.401203801411407e-06
16517,8.400258288743244e-06
16518,8.399314666229781e-06
16519,8.39837198729488e-06
16520,8.397430250939305e-06
16521,8.396485683848097e-06
16522,8.395541116756887e-06
16523,8.394595604088726e-06
16524,8.393645349658023e-06
16525,8.39270078256682e-06
16526,8.391756215364594e-06
16527,8.390812592851128e-06
16528,8.389869913916213e-06
16529,8.388920609725405e-06
16530,8.387976042634195e-06
16531,8.387025788203488e-06
16532,8.386080275535328e-06
16533,8.385129069865544e-06
16534,8.384179765785761e-06
16535,8.383227607988706e-06
16536,8.382284929053801e-06
16537,8.381341306429311e-06
16538,8.380391051998621e-06
16539,8.379443645512017e-06
16540,8.378498132843856e-06
16541,8.377555453908945e-06
16542,8.376610886817739e-06
16543,8.375660632387039e-06
16544,8.374714173253747e-06
16545,8.37376391882305e-06
16546,8.372819351731843e-06
16547,8.371874784640627e-06
16548,8.370924530209938e-06
16549,8.369974275779235e-06
16550,8.369025920829113e-06
16551,8.368082298315645e-06
16552,8.367135839182364e-06
16553,8.366185584751665e-06
16554,8.365241962238205e-06
16555,8.364292658047388e-06
16556,8.363339547123865e-06
16557,8.362393088101612e-06
16558,8.361449465477127e-06
16559,8.3604963545536e-06
16560,8.359552732040146e-06
16561,8.35860057424309e-06
16562,8.357648416446045e-06
16563,8.35669625864899e-06
16564,8.35574695445818e-06
16565,8.354795748899406e-06
16566,8.353851181697184e-06
16567,8.352904722674921e-06
16568,8.351955418484106e-06
16569,8.351008959350817e-06
16570,8.350064392259599e-06
16571,8.349119825168399e-06
16572,8.348170520977579e-06
16573,8.347221216786773e-06
16574,8.346271912595961e-06
16575,8.34532923366104e-06
16576,8.344387497416506e-06
16577,8.34344387479202e-06
16578,8.34249930770082e-06
16579,8.341550003510003e-06
16580,8.340600699430212e-06
16581,8.339649493760421e-06
16582,8.338697335963381e-06
16583,8.33774708153268e-06
16584,8.336799675046074e-06
16585,8.335851320206977e-06
16586,8.334902965256857e-06
16587,8.333954610417742e-06
16588,8.333005306226937e-06
16589,8.332053148429882e-06
16590,8.331105741943293e-06
16591,8.330155487512588e-06
16592,8.329212808577685e-06
16593,8.32827012964277e-06
16594,8.327326507129303e-06
16595,8.326380994461142e-06
16596,8.32543737194768e-06
16597,8.324493749323201e-06
16598,8.323548236655045e-06
16599,8.322606500410504e-06
16600,8.321662877897037e-06
16601,8.320707857834005e-06
16602,8.319755700147974e-06
16603,8.318803542350926e-06
16604,8.31785138455388e-06
16605,8.316903029714776e-06
16606,8.315950871917716e-06
16607,8.314996806868534e-06
16608,8.314044649182501e-06
16609,8.313093443512713e-06
16610,8.312143189082025e-06
16611,8.31119388489121e-06
16612,8.310244580700406e-06
16613,8.309301901765483e-06
16614,8.30836016552094e-06
16615,8.30741748658603e-06
16616,8.306472919494823e-06
16617,8.305520761697764e-06
16618,8.304579025453224e-06
16619,8.303629721262414e-06
16620,8.302679466831723e-06
16621,8.301727309034671e-06
16622,8.300779902548077e-06
16623,8.299833443414782e-06
16624,8.298883188984087e-06
16625,8.297931983425317e-06
16626,8.296979825628265e-06
16627,8.296028619958486e-06
16628,8.295076462161433e-06
16629,8.294129055674834e-06
16630,8.293177850005058e-06
16631,8.292226644446293e-06
16632,8.291277340255481e-06
16633,8.290333717630997e-06
16634,8.289380606818504e-06
16635,8.288425586755469e-06
16636,8.287477231916366e-06
16637,8.286524120992844e-06
16638,8.285582384748309e-06
16639,8.284638762234843e-06
16640,8.283686604437788e-06
16641,8.282739197951198e-06
16642,8.281787040154141e-06
16643,8.280843417529658e-06
16644,8.279892211970893e-06
16645,8.278944805484296e-06
16646,8.277994551053597e-06
16647,8.277044296622904e-06
16648,8.276093090953123e-06
16649,8.275143786762307e-06
16650,8.274202050517763e-06
16651,8.273259371582858e-06
16652,8.272305306644691e-06
16653,8.271359793976523e-06
16654,8.270407636179474e-06
16655,8.269457381748774e-06
16656,8.268508077557975e-06
16657,8.26755972271886e-06
16658,8.266606611795351e-06
16659,8.265655406236584e-06
16660,8.26471836923304e-06
16661,8.263781332229488e-06
16662,8.262844295225948e-06
16663,8.261906320305991e-06
16664,8.260973025864257e-06
16665,8.260032231310894e-06
16666,8.259091436757517e-06
16667,8.258139278960469e-06
16668,8.257189974769655e-06
16669,8.256238769210885e-06
16670,8.255285658287374e-06
16671,8.254336354096554e-06
16672,8.253387049905747e-06
16673,8.252436795586068e-06
16674,8.251482730536887e-06
16675,8.250531524978117e-06
16676,8.249578414054607e-06
16677,8.248626256257552e-06
16678,8.247678849770961e-06
16679,8.246726691973906e-06
16680,8.245784955729363e-06
16681,8.24483184480584e-06
16682,8.243881590375151e-06
16683,8.242929432578091e-06
16684,8.241982973444799e-06
16685,8.241032719125126e-06
16686,8.240082464694428e-06
16687,8.239131259024649e-06
16688,8.238185746356492e-06
16689,8.237242123843022e-06
16690,8.236296611174861e-06
16691,8.235344453377808e-06
16692,8.234399886286605e-06
16693,8.233453427153316e-06
16694,8.23250696802002e-06
16695,8.23156145546289e-06
16696,8.230616888260657e-06
16697,8.229672321169442e-06
16698,8.22871730121744e-06
16699,8.227767997026621e-06
16700,8.226827202473247e-06
16701,8.225885466228717e-06
16702,8.224941843604226e-06
16703,8.223998221090765e-06
16704,8.22305742653739e-06
16705,8.222108122346585e-06
16706,8.221164499833122e-06
16707,8.220212342036066e-06
16708,8.219266829367914e-06
16709,8.218312764429747e-06
16710,8.217362509999056e-06
16711,8.216416997330895e-06
16712,8.215472430239674e-06
16713,8.214520272442632e-06
16714,8.213570018011924e-06
16715,8.212617860214879e-06
16716,8.211673293123667e-06
16717,8.210721135326617e-06
16718,8.2097765682354e-06
16719,8.208831055567248e-06
16720,8.207887432942764e-06
16721,8.206944754007847e-06
16722,8.205990689069683e-06
16723,8.20503948351092e-06
16724,8.204090179320108e-06
16725,8.203139924889417e-06
16726,8.202196302264927e-06
16727,8.201244144467875e-06
16728,8.200297685445614e-06
16729,8.199352172777455e-06
16730,8.198404766290863e-06
16731,8.19746019908862e-06
16732,8.196512792602035e-06
16733,8.195563488411217e-06
16734,8.194615133572114e-06
16735,8.193665829381304e-06
16736,8.192725975741949e-06
16737,8.191777620791816e-06
16738,8.190828316712034e-06
16739,8.189880910114411e-06
16740,8.188928752317356e-06
16741,8.187984185226151e-06
16742,8.187038672557996e-06
16743,8.18608746699923e-06
16744,8.185134356075702e-06
16745,8.184181245152189e-06
16746,8.183238566217279e-06
16747,8.18229305354912e-06
16748,8.1813437493583e-06
16749,8.18040012684485e-06
16750,8.179455559753628e-06
16751,8.1785109925514e-06
16752,8.177565479994264e-06
16753,8.176613322197213e-06
16754,8.175664967247087e-06
16755,8.17471471281639e-06
16756,8.1737673063298e-06
16757,8.172817051899097e-06
16758,8.171863941086599e-06
16759,8.170917481953312e-06
16760,8.169969127114209e-06
16761,8.169017921444428e-06
16762,8.168065763647375e-06
16763,8.167113605850313e-06
16764,8.166161448053268e-06
16765,8.165218769118354e-06
16766,8.164272310096095e-06
16767,8.163329631050157e-06
16768,8.162379376730478e-06
16769,8.161429122299776e-06
16770,8.160478867869084e-06
16771,8.159530512918952e-06
16772,8.158580258599278e-06
16773,8.157626193550089e-06
16774,8.156685399107739e-06
16775,8.155732288184219e-06
16776,8.15478582905093e-06
16777,8.153835574620237e-06
16778,8.152885320189538e-06
16779,8.151931255251372e-06
16780,8.15098004958159e-06
16781,8.15003642706813e-06
16782,8.14908236212997e-06
16783,8.148128297191807e-06
16784,8.147175186268285e-06
16785,8.146223028471237e-06
16786,8.145279405846747e-06
16787,8.144327248160723e-06
16788,8.14338268095849e-06
16789,8.142437168290327e-06
16790,8.14149731465097e-06
16791,8.140543249601784e-06
16792,8.139590138789284e-06
16793,8.138641783839159e-06
16794,8.137699104904252e-06
16795,8.136752645881979e-06
16796,8.135808078679755e-06
16797,8.134868224929372e-06
16798,8.133928371290018e-06
16799,8.132991334286464e-06
16800,8.132049598041924e-06
16801,8.131109744291544e-06
16802,8.130159489860841e-06
16803,8.129205424922679e-06
16804,8.12825706997255e-06
16805,8.127304912175505e-06
16806,8.126359399618364e-06
16807,8.12541009542756e-06
16808,8.124468359183016e-06
16809,8.123517153513227e-06
16810,8.122569747026633e-06
16811,8.121619492595935e-06
16812,8.12066638167241e-06
16813,8.119722759158956e-06
16814,8.118781022914409e-06
16815,8.117839286558844e-06
16816,8.116899432919485e-06
16817,8.115959579169102e-06
16818,8.11501972541872e-06
16819,8.114069470988026e-06
16820,8.113127734743491e-06
16821,8.112185055808576e-06
16822,8.111241433184091e-06
16823,8.110297810670629e-06
16824,8.10935701611726e-06
16825,8.108415279872723e-06
16826,8.107459303907655e-06
16827,8.106507146110602e-06
16828,8.105559739624018e-06
16829,8.104605674685846e-06
16830,8.103652563762326e-06
16831,8.102707051094178e-06
16832,8.10175774690336e-06
16833,8.100806541344598e-06
16834,8.0998600822113e-06
16835,8.098912675724705e-06
16836,8.097965269238115e-06
16837,8.0970178626405e-06
16838,8.096074240127038e-06
16839,8.095130617613582e-06
16840,8.094180363182876e-06
16841,8.093230108752182e-06
16842,8.092286486127694e-06
16843,8.091342863614239e-06
16844,8.090399240989747e-06
16845,8.089449936909967e-06
16846,8.088498731240177e-06
16847,8.087556994995632e-06
16848,8.086606740564944e-06
16849,8.085665946011568e-06
16850,8.08472137892036e-06
16851,8.083775866252193e-06
16852,8.082827511413095e-06
16853,8.081891411437775e-06
16854,8.080942107246976e-06
16855,8.079992803056154e-06
16856,8.079047290499023e-06
16857,8.078101777830861e-06
16858,8.077152473640041e-06
16859,8.07620316944924e-06
16860,8.075256710315953e-06
16861,8.074304552629924e-06
16862,8.073352394832868e-06
16863,8.072408772208389e-06
16864,8.071466093273473e-06
16865,8.070522470760013e-06
16866,8.069584495729035e-06
16867,8.068634241298335e-06
16868,8.067683986867635e-06
16869,8.066733732547953e-06
16870,8.065783478117256e-06
16871,8.064831320320206e-06
16872,8.063893345289237e-06
16873,8.062953491538854e-06
16874,8.062013637899483e-06
16875,8.061073784149104e-06
16876,8.060132989595735e-06
16877,8.059199695154002e-06
16878,8.058264531318747e-06
16879,8.057317124832153e-06
16880,8.056385696009196e-06
16881,8.055447720978222e-06
16882,8.054512557142953e-06
16883,8.053575520139416e-06
16884,8.052637545219453e-06
16885,8.0516995702995e-06
16886,8.05076065635291e-06
16887,8.049817033839444e-06
16888,8.04887905880847e-06
16889,8.047942021804916e-06
16890,8.0470049849124e-06
16891,8.046065131162022e-06
16892,8.045127156131041e-06
16893,8.044191992295778e-06
16894,8.043242688104975e-06
16895,8.042304713185018e-06
16896,8.041358254051724e-06
16897,8.040414631538255e-06
16898,8.039465327347449e-06
16899,8.038518868214165e-06
16900,8.037569564023355e-06
16901,8.036622157536758e-06
16902,8.035671903106058e-06
16903,8.034730166861508e-06
16904,8.033792191941556e-06
16905,8.032853277994967e-06
16906,8.031913424355611e-06
16907,8.030964120164793e-06
16908,8.030022383920253e-06
16909,8.029077816718017e-06
16910,8.028134194204555e-06
16911,8.027198094229242e-06
16912,8.026257299675875e-06
16913,8.025316505233525e-06
16914,8.02437665148315e-06
16915,8.023435856929776e-06
16916,8.022492234416319e-06
16917,8.02154672174815e-06
16918,8.020603099123672e-06
16919,8.019653794932862e-06
16920,8.018704490853065e-06
16921,8.01775518666225e-06
16922,8.016814392108879e-06
16923,8.015869825017677e-06
16924,8.014924312349514e-06
16925,8.013985398513942e-06
16926,8.013031333464765e-06
16927,8.012089597220213e-06
16928,8.011142190733615e-06
16929,8.010201396180245e-06
16930,8.009251141749548e-06
16931,8.008300887318848e-06
16932,8.007354428296589e-06
16933,8.006407021809986e-06
16934,8.005465285454424e-06
16935,8.004522606519522e-06
16936,8.003571400960757e-06
16937,8.002621146530058e-06
16938,8.001678467595146e-06
16939,8.000730112645018e-06
16940,7.999784600087875e-06
16941,7.998837193490259e-06
16942,7.997889787003661e-06
16943,7.996943327981403e-06
16944,7.995996868848103e-06
16945,7.99504851400901e-06
16946,7.99410489138453e-06
16947,7.993153685825767e-06
16948,7.992210063201277e-06
16949,7.991258857531495e-06
16950,7.990304792593321e-06
16951,7.989358333571057e-06
16952,7.98840712790127e-06
16953,7.987454970104224e-06
16954,7.986512291169315e-06
16955,7.985569612234398e-06
16956,7.984621257395297e-06
16957,7.983670051725506e-06
16958,7.982721696886411e-06
16959,7.981777129684176e-06
16960,7.980828774845072e-06
16961,7.97987947065426e-06
16962,7.978931115815158e-06
16963,7.97798086138446e-06
16964,7.977030606953761e-06
16965,7.976087928018846e-06
16966,7.975145249083939e-06
16967,7.974193091286892e-06
16968,7.973242836856189e-06
16969,7.972297324299047e-06
16970,7.971345166501992e-06
16971,7.970399653833832e-06
16972,7.96945508674263e-06
16973,7.968507680145008e-06
16974,7.967553615206848e-06
16975,7.966607156073564e-06
16976,7.965661643516415e-06
16977,7.964721789766038e-06
16978,7.963769631968987e-06
16979,7.962824119300823e-06
16980,7.961879552209618e-06
16981,7.960934985007379e-06
16982,7.959992306072477e-06
16983,7.959047738981259e-06
16984,7.958104116467806e-06
16985,7.957151958670751e-06
16986,7.956199800873701e-06
16987,7.955258064629158e-06
16988,7.954313497426919e-06
16989,7.953368930335719e-06
16990,7.952426251400795e-06
16991,7.951482628776315e-06
16992,7.950531423217553e-06
16993,7.94958021754777e-06
16994,7.948631862708671e-06
16995,7.947684456222067e-06
16996,7.946743661668705e-06
16997,7.945793407238003e-06
16998,7.944844103047187e-06
16999,7.943897644024927e-06
17000,7.942950237427311e-06
17001,7.942003778405043e-06
17002,7.941051620607981e-06
17003,7.940099462810936e-06
17004,7.939147305013886e-06
17005,7.938193240075714e-06
17006,7.937240129152198e-06
17007,7.936287018228681e-06
17008,7.935337714037868e-06
17009,7.93438650847911e-06
17010,7.933434350682063e-06
17011,7.932492614437514e-06
17012,7.931548991813036e-06
17013,7.930600636973926e-06
17014,7.929652282134821e-06
17015,7.928715245131272e-06
17016,7.927765940940468e-06
17017,7.926820428272304e-06
17018,7.92587112419252e-06
17019,7.924921820001707e-06
17020,7.923978197377224e-06
17021,7.92302603958017e-06
17022,7.922081472488962e-06
17023,7.921135959820805e-06
17024,7.920187604981702e-06
17025,7.919245868737157e-06
17026,7.918299409603867e-06
17027,7.917347251806818e-06
17028,7.916392231854802e-06
17029,7.915439120931289e-06
17030,7.91449549841783e-06
17031,7.91355187579334e-06
17032,7.91260825327989e-06
17033,7.911664630655402e-06
17034,7.910721008141944e-06
17035,7.909777385628484e-06
17036,7.908832818426241e-06
17037,7.907886359292953e-06
17038,7.906941792201748e-06
17039,7.905997225110532e-06
17040,7.905048870160414e-06
17041,7.904099566080626e-06
17042,7.903153106947343e-06
17043,7.902204752108236e-06
17044,7.901254497677531e-06
17045,7.900304243246838e-06
17046,7.899352085449785e-06
17047,7.898404678963187e-06
17048,7.89746105633871e-06
17049,7.896515543781572e-06
17050,7.895576629834977e-06
17051,7.89462732564416e-06
17052,7.893677071213472e-06
17053,7.892733448700012e-06
17054,7.891782243030226e-06
17055,7.890845206137694e-06
17056,7.889905352387311e-06
17057,7.888957945789702e-06
17058,7.8880095909506e-06
17059,7.887057433153549e-06
17060,7.886103368215379e-06
17061,7.885159745701925e-06
17062,7.884208540032134e-06
17063,7.883258285601432e-06
17064,7.882308031170737e-06
17065,7.881367236617358e-06
17066,7.880416982297692e-06
17067,7.87946672786699e-06
17068,7.878525933313615e-06
17069,7.87758231068913e-06
17070,7.876632056258437e-06
17071,7.875679898572414e-06
17072,7.874736275947928e-06
17073,7.873791708856711e-06
17074,7.872844302370114e-06
17075,7.871896895772498e-06
17076,7.87094473797545e-06
17077,7.869998278953188e-06
17078,7.869048024522481e-06
17079,7.868097770091785e-06
17080,7.867147515661081e-06
17081,7.866197261230383e-06
17082,7.865247006799698e-06
17083,7.864296752369e-06
17084,7.863344594571948e-06
17085,7.862399081903778e-06
17086,7.8614488275841e-06
17087,7.86050331491595e-06
17088,7.859557802247787e-06
17089,7.858613235156579e-06
17090,7.857662029486784e-06
17091,7.856711775056094e-06
17092,7.855759617259034e-06
17093,7.854809362828334e-06
17094,7.85386574031488e-06
17095,7.852922117690404e-06
17096,7.851983203854825e-06
17097,7.851049909413096e-06
17098,7.850110995466515e-06
17099,7.849175831631246e-06
17100,7.848231264540033e-06
17101,7.847290469986673e-06
17102,7.8463496754333e-06
17103,7.845409821793943e-06
17104,7.844460517603125e-06
17105,7.843517838668218e-06
17106,7.842573271465977e-06
17107,7.841623017035284e-06
17108,7.840671811476517e-06
17109,7.839717746538355e-06
17110,7.83876463561484e-06
17111,7.837812477817785e-06
17112,7.836861272148002e-06
17113,7.83590911435094e-06
17114,7.834970200515377e-06
17115,7.834030346764996e-06
17116,7.833085779673792e-06
17117,7.832136475482978e-06
17118,7.831190962814817e-06
17119,7.830239757256047e-06
17120,7.829289502825356e-06
17121,7.828338297155566e-06
17122,7.827392784487403e-06
17123,7.826442530056711e-06
17124,7.825498907543252e-06
17125,7.824551501056657e-06
17126,7.823604094570051e-06
17127,7.822663300016679e-06
17128,7.82171589353009e-06
17129,7.820765639099394e-06
17130,7.819818232501769e-06
17131,7.818867978182093e-06
17132,7.817917723751401e-06
17133,7.81697126461811e-06
17134,7.81602101018742e-06
17135,7.81507360370081e-06
17136,7.814138439865559e-06
17137,7.813195760930652e-06
17138,7.812251193728418e-06
17139,7.811300939297716e-06
17140,7.810355426740577e-06
17141,7.809416512793992e-06
17142,7.808467208603181e-06
17143,7.807529233683224e-06
17144,7.806579929492401e-06
17145,7.805643829517098e-06
17146,7.804694525437299e-06
17147,7.803742367640249e-06
17148,7.802793063449442e-06
17149,7.80184660431615e-06
17150,7.800895398757385e-06
17151,7.799952719711456e-06
17152,7.799009097197992e-06
17153,7.798063584529835e-06
17154,7.797126547526291e-06
17155,7.7961772434465e-06
17156,7.795226989015807e-06
17157,7.794288075069211e-06
17158,7.793343507978008e-06
17159,7.792397995309843e-06
17160,7.791453428218624e-06
17161,7.79051639121509e-06
17162,7.78957276859061e-06
17163,7.788631974148256e-06
17164,7.787687406946027e-06
17165,7.786737152515317e-06
17166,7.785786898084618e-06
17167,7.784836643764942e-06
17168,7.783886389334246e-06
17169,7.782947475387651e-06
17170,7.782008561552096e-06
17171,7.781064938927603e-06
17172,7.780124144485251e-06
17173,7.779180521860779e-06
17174,7.778236899347311e-06
17175,7.777293276722825e-06
17176,7.776349654209367e-06
17177,7.77539844853959e-06
17178,7.774449144348772e-06
17179,7.773499840268986e-06
17180,7.7725533811357e-06
17181,7.771598361183692e-06
17182,7.77065095458607e-06
17183,7.76970354809947e-06
17184,7.768754243908667e-06
17185,7.76780683742206e-06
17186,7.766859430935467e-06
17187,7.765912024448877e-06
17188,7.764964617962273e-06
17189,7.764017211364653e-06
17190,7.763067907284878e-06
17191,7.762120500687253e-06
17192,7.761165480735237e-06
17193,7.760219968067082e-06
17194,7.759272561580486e-06
17195,7.758323257389683e-06
17196,7.75737395330988e-06
17197,7.75642464911907e-06
17198,7.755480081916842e-06
17199,7.75453077783706e-06
17200,7.753582422886929e-06
17201,7.752631217328169e-06
17202,7.751687594703686e-06
17203,7.750743972190222e-06
17204,7.74979561735112e-06
17205,7.748844411681338e-06
17206,7.747897005194735e-06
17207,7.74694579952495e-06
17208,7.745994593966184e-06
17209,7.745045289775381e-06
17210,7.744095985584565e-06
17211,7.743146681393757e-06
17212,7.742197377202937e-06
17213,7.741248073123158e-06
17214,7.740297818692461e-06
17215,7.739349463742322e-06
17216,7.738401108903227e-06
17217,7.737452754064119e-06
17218,7.73650154839434e-06
17219,7.735549390597282e-06
17220,7.734596279784796e-06
17221,7.733647924834667e-06
17222,7.732700518348063e-06
17223,7.731753111861477e-06
17224,7.730805705374873e-06
17225,7.729856401184067e-06
17226,7.728906146753367e-06
17227,7.727954941194609e-06
17228,7.727006586244473e-06
17229,7.726057282164682e-06
17230,7.725106076494901e-06
17231,7.724152965571385e-06
17232,7.723202711140685e-06
17233,7.722252456709985e-06
17234,7.721302202279292e-06
17235,7.720351947848597e-06
17236,7.719401693417888e-06
17237,7.718451439098219e-06
17238,7.717502134907399e-06
17239,7.716554728420807e-06
17240,7.715606373470688e-06
17241,7.71465706939089e-06
17242,7.71370776520008e-06
17243,7.712758461009267e-06
17244,7.711809156818463e-06
17245,7.71085985262765e-06
17246,7.709910548547864e-06
17247,7.708959342878073e-06
17248,7.708010038687266e-06
17249,7.70705978425656e-06
17250,7.706108578697798e-06
17251,7.705157373028015e-06
17252,7.70420901818891e-06
17253,7.703257812519128e-06
17254,7.702308508328318e-06
17255,7.701359204248532e-06
17256,7.70040799857874e-06
17257,7.699458694387922e-06
17258,7.698509390197115e-06
17259,7.697560086117333e-06
17260,7.69661078192652e-06
17261,7.695659576256727e-06
17262,7.694708370586941e-06
17263,7.693759066507155e-06
17264,7.692810711557027e-06
17265,7.691862356717927e-06
17266,7.690911151159163e-06
17267,7.689960896728468e-06
17268,7.689010642297767e-06
17269,7.688058484500708e-06
17270,7.687107278830934e-06
17271,7.686156073272164e-06
17272,7.685204867602378e-06
17273,7.68425651276328e-06
17274,7.683311945561046e-06
17275,7.682367378469834e-06
17276,7.68141235851782e-06
17277,7.680467791315596e-06
17278,7.679520384828999e-06
17279,7.678566319890829e-06
17280,7.67762364095592e-06
17281,7.676680018331434e-06
17282,7.675736395817975e-06
17283,7.674787091627165e-06
17284,7.6738406326049e-06
17285,7.67288942693511e-06
17286,7.671938221265325e-06
17287,7.670992708597162e-06
17288,7.67004435375806e-06
17289,7.669094099327372e-06
17290,7.668144795247576e-06
17291,7.667198336114291e-06
17292,7.666247130444507e-06
17293,7.66529592488574e-06
17294,7.66434662069493e-06
17295,7.663398265855822e-06
17296,7.66244896166501e-06
17297,7.661497755995221e-06
17298,7.660549401156127e-06
17299,7.659600096965315e-06
17300,7.658651742126212e-06
17301,7.6577090631913e-06
17302,7.656763550523138e-06
17303,7.655812344853349e-06
17304,7.654861139294594e-06
17305,7.653909933624801e-06
17306,7.652956822701281e-06
17307,7.65200561714252e-06
17308,7.651057262303414e-06
17309,7.65011080317013e-06
17310,7.649160548739438e-06
17311,7.648217869804524e-06
17312,7.647266664134736e-06
17313,7.646312599196568e-06
17314,7.645362344765875e-06
17315,7.644414938279281e-06
17316,7.643465634088461e-06
17317,7.642515379657766e-06
17318,7.641565125227068e-06
17319,7.640613919668308e-06
17320,7.63966651307069e-06
17321,7.638716258639988e-06
17322,7.637766004320309e-06
17323,7.636821437118078e-06
17324,7.635876870026871e-06
17325,7.634931357358715e-06
17326,7.633989621114173e-06
17327,7.633046942179252e-06
17328,7.63210237497702e-06
17329,7.631157807885817e-06
17330,7.630214185372353e-06
17331,7.62927056274787e-06
17332,7.628322207908765e-06
17333,7.627377640817553e-06
17334,7.62643307361533e-06
17335,7.625481868056559e-06
17336,7.624530662386778e-06
17337,7.623584203253483e-06
17338,7.6226386906963475e-06
17339,7.621689386505542e-06
17340,7.620742927372242e-06
17341,7.619792672941544e-06
17342,7.618845266454951e-06
17343,7.61789785996836e-06
17344,7.616951400835074e-06
17345,7.615997335896907e-06
17346,7.615050876763619e-06
17347,7.614104417630328e-06
17348,7.613153212071565e-06
17349,7.612206752938276e-06
17350,7.611260293804989e-06
17351,7.6103052738529806e-06
17352,7.6093569190138715e-06
17353,7.608410459880582e-06
17354,7.607464000747305e-06
17355,7.606517541725036e-06
17356,7.6055663360552455e-06
17357,7.604625541501879e-06
17358,7.603681918988411e-06
17359,7.602731664557714e-06
17360,7.601784258071114e-06
17361,7.600831147147602e-06
17362,7.599882792308495e-06
17363,7.598932537877802e-06
17364,7.59798513128018e-06
17365,7.597042452345276e-06
17366,7.596098829831814e-06
17367,7.595155207318351e-06
17368,7.594209694650189e-06
17369,7.593264181982035e-06
17370,7.592312024184982e-06
17371,7.591361769754277e-06
17372,7.590410564195515e-06
17373,7.589464105062229e-06
17374,7.5885185923940626e-06
17375,7.587570237554962e-06
17376,7.586623778421671e-06
17377,7.585677319288392e-06
17378,7.5847308602661235e-06
17379,7.58377965459633e-06
17380,7.5828331954630414e-06
17381,7.5818867364407785e-06
17382,7.580943113816301e-06
17383,7.5799957073296975e-06
17384,7.579049248196412e-06
17385,7.578102789063129e-06
17386,7.577151583504357e-06
17387,7.576204177017759e-06
17388,7.575256770420152e-06
17389,7.574315975977794e-06
17390,7.573366671786982e-06
17391,7.572421159118826e-06
17392,7.571477536605368e-06
17393,7.570533913980875e-06
17394,7.569587454847592e-06
17395,7.5686324348955785e-06
17396,7.567679323972064e-06
17397,7.566729069541367e-06
17398,7.565777863982598e-06
17399,7.564826658312816e-06
17400,7.563874500515767e-06
17401,7.5629308780023095e-06
17402,7.561983471515713e-06
17403,7.56103131371866e-06
17404,7.56008010804887e-06
17405,7.559126997125351e-06
17406,7.558177693045559e-06
17407,7.557231233912279e-06
17408,7.5562876112877956e-06
17409,7.55534209873065e-06
17410,7.554399419795745e-06
17411,7.553452960662458e-06
17412,7.552500802865403e-06
17413,7.5515505484346994e-06
17414,7.550597437511191e-06
17415,7.549647183080488e-06
17416,7.548700724058225e-06
17417,7.5477523691080995e-06
17418,7.5468021146773936e-06
17419,7.54585565565513e-06
17420,7.5449054012244374e-06
17421,7.543965547474058e-06
17422,7.543022868539135e-06
17423,7.542071662869356e-06
17424,7.541123308030252e-06
17425,7.540173053599552e-06
17426,7.539222799168853e-06
17427,7.538271593610084e-06
17428,7.537321339179396e-06
17429,7.536371084748693e-06
17430,7.535418926951641e-06
17431,7.534466769154593e-06
17432,7.533524090219679e-06
17433,7.532578577551513e-06
17434,7.531634955038054e-06
17435,7.530684700607358e-06
17436,7.529740133405134e-06
17437,7.528795566313914e-06
17438,7.527844360644132e-06
17439,7.5269026243995955e-06
17440,7.525955217912992e-06
17441,7.525000197960979e-06
17442,7.5240499435302925e-06
17443,7.5230987378605025e-06
17444,7.522152278838232e-06
17445,7.521202024407532e-06
17446,7.520251769976838e-06
17447,7.519299612179786e-06
17448,7.518349357749092e-06
17449,7.51740479054685e-06
17450,7.5164602234556395e-06
17451,7.515509017785857e-06
17452,7.514564450694651e-06
17453,7.513622714450108e-06
17454,7.512678147358893e-06
17455,7.51173358015666e-06
17456,7.510782374597907e-06
17457,7.509838751973425e-06
17458,7.508896073038512e-06
17459,7.507953394103595e-06
17460,7.507009771590137e-06
17461,7.5060614166400035e-06
17462,7.505116849548794e-06
17463,7.504171336880637e-06
17464,7.503220131321878e-06
17465,7.502277452386962e-06
17466,7.501329097436836e-06
17467,7.500377891878069e-06
17468,7.499426686208285e-06
17469,7.498475480538507e-06
17470,7.497526176458709e-06
17471,7.4965768722679e-06
17472,7.495625666598114e-06
17473,7.494675412167419e-06
17474,7.493729899610279e-06
17475,7.492787220564341e-06
17476,7.491836015005583e-06
17477,7.490883857208531e-06
17478,7.489939290117325e-06
17479,7.4889918835196955e-06
17480,7.488041629089e-06
17481,7.4870989501540885e-06
17482,7.486143930202089e-06
17483,7.485193675771386e-06
17484,7.484251939526838e-06
17485,7.483308317013375e-06
17486,7.482362804345225e-06
17487,7.481412549914518e-06
17488,7.480463245723715e-06
17489,7.479512040053929e-06
17490,7.4785684175404705e-06
17491,7.47762195840718e-06
17492,7.476671703976481e-06
17493,7.47572334913737e-06
17494,7.474773094706676e-06
17495,7.473822840275983e-06
17496,7.4728725858452856e-06
17497,7.4719308496007335e-06
17498,7.470981545409932e-06
17499,7.470031290979229e-06
17500,7.469081036659554e-06
17501,7.468133630061931e-06
17502,7.467186223575336e-06
17503,7.466236919384534e-06
17504,7.465287615304742e-06
17505,7.464336409634947e-06
17506,7.463390896966799e-06
17507,7.462447274453339e-06
17508,7.461499867966737e-06
17509,7.460551513016616e-06
17510,7.459603158177504e-06
17511,7.458651952507721e-06
17512,7.457699794821694e-06
17513,7.456754282153537e-06
17514,7.455812545908997e-06
17515,7.454868923284511e-06
17516,7.4539234106163544e-06
17517,7.452977898059214e-06
17518,7.452027643628509e-06
17519,7.45107738919781e-06
17520,7.450130930064529e-06
17521,7.449180675633822e-06
17522,7.44823232079472e-06
17523,7.44728206636403e-06
17524,7.446331811933329e-06
17525,7.4453796541362715e-06
17526,7.444429399705582e-06
17527,7.443478194146815e-06
17528,7.442527939716115e-06
17529,7.441576734046324e-06
17530,7.440626479615634e-06
17531,7.439676225184936e-06
17532,7.438727870345824e-06
17533,7.4377795155067295e-06
17534,7.436828309836943e-06
17535,7.43587710416716e-06
17536,7.434927800087359e-06
17537,7.4339775456566645e-06
17538,7.433033923032188e-06
17539,7.432079858094018e-06
17540,7.431138121849477e-06
17541,7.430196385604942e-06
17542,7.429253706670026e-06
17543,7.428304402479219e-06
17544,7.427353196809429e-06
17545,7.4264019912506615e-06
17546,7.425450785580873e-06
17547,7.424497674657358e-06
17548,7.423548370466543e-06
17549,7.422599066386754e-06
17550,7.421647860716976e-06
17551,7.420696655047187e-06
17552,7.419753032533725e-06
17553,7.418811296289183e-06
17554,7.417861992098377e-06
17555,7.416919313163462e-06
17556,7.415969058732768e-06
17557,7.415025436219305e-06
17558,7.414079923551136e-06
17559,7.413137244616225e-06
17560,7.4121926774140004e-06
17561,7.411249998479087e-06
17562,7.4103006943992915e-06
17563,7.409346629350108e-06
17564,7.4084011167929705e-06
17565,7.407457494168493e-06
17566,7.406511981500332e-06
17567,7.405564575013729e-06
17568,7.404612417216682e-06
17569,7.403659306293166e-06
17570,7.402708100734401e-06
17571,7.401756895064614e-06
17572,7.400805689505855e-06
17573,7.399871460811447e-06
17574,7.398932546864856e-06
17575,7.397993633029284e-06
17576,7.397052838475913e-06
17577,7.396099727552403e-06
17578,7.395159873913039e-06
17579,7.394215306710807e-06
17580,7.393263148913748e-06
17581,7.392315742427155e-06
17582,7.391368335940569e-06
17583,7.390417130270771e-06
17584,7.389466875840073e-06
17585,7.38851662140938e-06
17586,7.38757016238711e-06
17587,7.3866227557894984e-06
17588,7.385683841953926e-06
17589,7.38473548711482e-06
17590,7.38378997444667e-06
17591,7.382839720015972e-06
17592,7.381892313529372e-06
17593,7.3809449070427695e-06
17594,7.379993701372991e-06
17595,7.379044397182182e-06
17596,7.378105483346611e-06
17597,7.37716186072212e-06
17598,7.376217293630911e-06
17599,7.375271780962754e-06
17600,7.374331927323396e-06
17601,7.3733845207257736e-06
17602,7.372437114239181e-06
17603,7.3714878100483665e-06
17604,7.3705413510261095e-06
17605,7.369591096595401e-06
17606,7.368644637462117e-06
17607,7.367701014837641e-06
17608,7.3667517107578445e-06
17609,7.3658024065670304e-06
17610,7.364852152136334e-06
17611,7.363901897705637e-06
17612,7.362960161461096e-06
17613,7.3620193669077255e-06
17614,7.361069112477027e-06
17615,7.360120757637927e-06
17616,7.359173351151327e-06
17617,7.358226892018033e-06
17618,7.3572775878272284e-06
17619,7.3563320751590615e-06
17620,7.3553789643465706e-06
17621,7.354435341722088e-06
17622,7.3534917192086286e-06
17623,7.352541464777929e-06
17624,7.351590259108149e-06
17625,7.350645692016934e-06
17626,7.349701124925717e-06
17627,7.348751820734911e-06
17628,7.347803465895811e-06
17629,7.346864551949221e-06
17630,7.3459114410256945e-06
17631,7.3449602354669395e-06
17632,7.344011880627836e-06
17633,7.34306162619713e-06
17634,7.342113271247011e-06
17635,7.341163967167215e-06
17636,7.340213712736522e-06
17637,7.3392615549394665e-06
17638,7.338312250748654e-06
17639,7.33736862823519e-06
17640,7.336425005610709e-06
17641,7.335480438519503e-06
17642,7.33452923284972e-06
17643,7.333580878010615e-06
17644,7.332630623579918e-06
17645,7.331680369149223e-06
17646,7.330729163479429e-06
17647,7.32977795792067e-06
17648,7.328836221676124e-06
17649,7.327890709007968e-06
17650,7.326938551210913e-06
17651,7.325993984119702e-06
17652,7.325041826322659e-06
17653,7.324090620652864e-06
17654,7.323140366222175e-06
17655,7.32218916055239e-06
17656,7.321237954993613e-06
17657,7.320287700562916e-06
17658,7.319345021628013e-06
17659,7.318407984624465e-06
17660,7.317457730193762e-06
17661,7.316506524523976e-06
17662,7.315556270204309e-06
17663,7.314608863606687e-06
17664,7.313675569164951e-06
17665,7.312742274723229e-06
17666,7.311805237719686e-06
17667,7.310868200716136e-06
17668,7.309919845877033e-06
17669,7.308976223363575e-06
17670,7.308033544428659e-06
17671,7.30708518947853e-06
17672,7.306143453233987e-06
17673,7.3051893882958356e-06
17674,7.304242929162545e-06
17675,7.303295522675949e-06
17676,7.30235001000778e-06
17677,7.301403550985515e-06
17678,7.300457091852235e-06
17679,7.299507787661418e-06
17680,7.298558483470606e-06
17681,7.297608229039908e-06
17682,7.296666492795368e-06
17683,7.295723813860459e-06
17684,7.294781134925548e-06
17685,7.293837512412081e-06
17686,7.292887257981382e-06
17687,7.291937953790568e-06
17688,7.2909886495997645e-06
17689,7.290045027086296e-06
17690,7.289098567953007e-06
17691,7.2881568317084666e-06
17692,7.2872150954639315e-06
17693,7.2862714728394485e-06
17694,7.285327850325982e-06
17695,7.284385171391071e-06
17696,7.283439658722906e-06
17697,7.282496036098431e-06
17698,7.28155241358497e-06
17699,7.280609734650051e-06
17700,7.27966611202558e-06
17701,7.27871870553898e-06
17702,7.277768451108279e-06
17703,7.2768181966775856e-06
17704,7.27587268412044e-06
17705,7.274926224987151e-06
17706,7.273981657784926e-06
17707,7.273031403465246e-06
17708,7.2720877808407636e-06
17709,7.2711441583273046e-06
17710,7.270192000530254e-06
17711,7.269243645691144e-06
17712,7.268303791940763e-06
17713,7.267354487749949e-06
17714,7.266412751505419e-06
17715,7.265474776474432e-06
17716,7.2645368015544835e-06
17717,7.2635941226195714e-06
17718,7.262654268869184e-06
17719,7.261707809735894e-06
17720,7.2607594548967916e-06
17721,7.2598280260738386e-06
17722,7.258892862238571e-06
17723,7.257962364892736e-06
17724,7.257032798024806e-06
17725,7.2560966980494925e-06
17726,7.255160598074184e-06
17727,7.254220744323801e-06
17728,7.2532855804885435e-06
17729,7.252347605568587e-06
17730,7.251410568565043e-06
17731,7.250471654729468e-06
17732,7.249528975794559e-06
17733,7.2485834631264055e-06
17734,7.2476445491798086e-06
17735,7.24670751217627e-06
17736,7.245768598340697e-06
17737,7.2448296845051274e-06
17738,7.2438907705585416e-06
17739,7.242951856722962e-06
17740,7.242012942887393e-06
17741,7.241073089137014e-06
17742,7.2401332353866315e-06
17743,7.2391943215510645e-06
17744,7.238249754348831e-06
17745,7.2373080181043e-06
17746,7.236357763673596e-06
17747,7.2354160274290535e-06
17748,7.234464821759266e-06
17749,7.233513616200505e-06
17750,7.232562410530716e-06
17751,7.231617843439511e-06
17752,7.2306789294929225e-06
17753,7.229736250558002e-06
17754,7.228785044999241e-06
17755,7.227836690049112e-06
17756,7.226890231026851e-06
17757,7.225939976596158e-06
17758,7.224998240351616e-06
17759,7.224058386601228e-06
17760,7.2231157076663175e-06
17761,7.222172085041833e-06
17762,7.221219927244781e-06
17763,7.220275360153575e-06
17764,7.219331737640114e-06
17765,7.218388115015631e-06
17766,7.21743976017653e-06
17767,7.216487602379467e-06
17768,7.215540195892879e-06
17769,7.214597516957961e-06
17770,7.2136472625272725e-06
17771,7.212709287496291e-06
17772,7.211759033065593e-06
17773,7.21080877874591e-06
17774,7.209860423795786e-06
17775,7.208917744860875e-06
17776,7.2079778911104936e-06
17777,7.207033324019291e-06
17778,7.2060887569280785e-06
17779,7.205144189725841e-06
17780,7.204199622634631e-06
17781,7.203257886390089e-06
17782,7.202313319298882e-06
17783,7.201362113629093e-06
17784,7.200420377384558e-06
17785,7.199479582831186e-06
17786,7.198535960317726e-06
17787,7.19759328127179e-06
17788,7.1966487141805766e-06
17789,7.19570697793604e-06
17790,7.194762410844828e-06
17791,7.193811205175039e-06
17792,7.19286379868844e-06
17793,7.1919230041350735e-06
17794,7.190985029215108e-06
17795,7.190046115268521e-06
17796,7.189108140348568e-06
17797,7.188172040373252e-06
17798,7.187227473282047e-06
17799,7.186278169091227e-06
17800,7.185330762604642e-06
17801,7.1843909088542495e-06
17802,7.183440654423552e-06
17803,7.182491350232746e-06
17804,7.181542995393637e-06
17805,7.18059369120283e-06
17806,7.179644387012024e-06
17807,7.17869603217292e-06
17808,7.177750519504751e-06
17809,7.1768106658654e-06
17810,7.175861361674588e-06
17811,7.174918682739668e-06
17812,7.173975060115188e-06
17813,7.173031437601733e-06
17814,7.172087814977246e-06
17815,7.171143247886032e-06
17816,7.170200568951122e-06
17817,7.169256946326644e-06
17818,7.168318971406686e-06
17819,7.1673668136096265e-06
17820,7.166418458770527e-06
17821,7.1654672531007376e-06
17822,7.164517948909926e-06
17823,7.163571489887664e-06
17824,7.162629753643129e-06
17825,7.161688017287558e-06
17826,7.160746281043018e-06
17827,7.15980360210811e-06
17828,7.15885997959465e-06
17829,7.157912573108044e-06
17830,7.156970836752483e-06
17831,7.1560253241953535e-06
17832,7.15507696924522e-06
17833,7.154137115605864e-06
17834,7.153191602937702e-06
17835,7.1522508083843314e-06
17836,7.151310013830952e-06
17837,7.150369219388614e-06
17838,7.149427483033048e-06
17839,7.148490446140517e-06
17840,7.147539240470738e-06
17841,7.146597504226197e-06
17842,7.1456538816017076e-06
17843,7.144702676042949e-06
17844,7.143748610993758e-06
17845,7.1427964533077374e-06
17846,7.1418537742618e-06
17847,7.140909207170593e-06
17848,7.139965584657127e-06
17849,7.139021962032643e-06
17850,7.138077394941433e-06
17851,7.137133772316956e-06
17852,7.13619014980349e-06
17853,7.135246527290029e-06
17854,7.134297223099218e-06
17855,7.133350763965928e-06
17856,7.1324043048326385e-06
17857,7.1314606823191744e-06
17858,7.130516115116941e-06
17859,7.12957249260349e-06
17860,7.1286298136685685e-06
17861,7.1276861910440965e-06
17862,7.126745396601743e-06
17863,7.125794190931957e-06
17864,7.124847731798672e-06
17865,7.1239003253120706e-06
17866,7.122951970472971e-06
17867,7.122002666282156e-06
17868,7.121051460723394e-06
17869,7.120107838098908e-06
17870,7.1191661018543675e-06
17871,7.11822342291946e-06
17872,7.117273168488755e-06
17873,7.116329545864274e-06
17874,7.11539438202902e-06
17875,7.114446975542423e-06
17876,7.113502408451206e-06
17877,7.112557841248982e-06
17878,7.111613274157772e-06
17879,7.110669651644309e-06
17880,7.109725084442079e-06
17881,7.10877387888331e-06
17882,7.1078264722856985e-06
17883,7.106878117446596e-06
17884,7.105940142526635e-06
17885,7.1049936833933475e-06
17886,7.104049116302141e-06
17887,7.103096005378612e-06
17888,7.102142894455105e-06
17889,7.101203040704713e-06
17890,7.100256581682457e-06
17891,7.099305376012663e-06
17892,7.098366462177102e-06
17893,7.0974266084267165e-06
17894,7.096480149293421e-06
17895,7.095531794454329e-06
17896,7.0945891155194085e-06
17897,7.093646436584498e-06
17898,7.092703757649583e-06
17899,7.091762021405045e-06
17900,7.090824046374062e-06
17901,7.089872840815298e-06
17902,7.088923536624494e-06
17903,7.087977077491198e-06
17904,7.087037223740821e-06
17905,7.086088868901724e-06
17906,7.0851424097684284e-06
17907,7.084195950746163e-06
17908,7.083244745076379e-06
17909,7.082296390237275e-06
17910,7.0813574762906805e-06
17911,7.080414797355766e-06
17912,7.079463591797006e-06
17913,7.078512386127224e-06
17914,7.077561180457436e-06
17915,7.076609974898672e-06
17916,7.075662568412074e-06
17917,7.074712313981375e-06
17918,7.073759203057863e-06
17919,7.072812743924573e-06
17920,7.071866284791278e-06
17921,7.070916030360588e-06
17922,7.069969571338325e-06
17923,7.069023112205026e-06
17924,7.068078545113815e-06
17925,7.0671273394440365e-06
17926,7.066187485693657e-06
17927,7.065247631943274e-06
17928,7.064301172921008e-06
17929,7.063349015123949e-06
17930,7.062402555990662e-06
17931,7.061451350320878e-06
17932,7.060500144762112e-06
17933,7.059548939092326e-06
17934,7.058597733533569e-06
17935,7.057650326935948e-06
17936,7.056710473185564e-06
17937,7.055770619546206e-06
17938,7.054831705599613e-06
17939,7.053879547802566e-06
17940,7.052929293371873e-06
17941,7.051986614436959e-06
17942,7.051044878192413e-06
17943,7.050103141947872e-06
17944,7.0491623473944955e-06
17945,7.04821494090791e-06
17946,7.047276027072333e-06
17947,7.046338990068794e-06
17948,7.0454019530652505e-06
17949,7.044463039229682e-06
17950,7.0435222446763094e-06
17951,7.0425767320081425e-06
17952,7.041634995763602e-06
17953,7.0406894830954355e-06
17954,7.039736372171929e-06
17955,7.0387870680921304e-06
17956,7.037838713142006e-06
17957,7.036897918699661e-06
17958,7.035955239764751e-06
17959,7.035011617140267e-06
17960,7.0340679946268085e-06
17961,7.033116788957011e-06
17962,7.032170329823723e-06
17963,7.031219124264971e-06
17964,7.030267918595183e-06
17965,7.029321459461888e-06
17966,7.028384422458342e-06
17967,7.027436067619247e-06
17968,7.026484862060478e-06
17969,7.025542183125567e-06
17970,7.0245919286948635e-06
17971,7.023648306070389e-06
17972,7.022699951231287e-06
17973,7.0217553841400715e-06
17974,7.0208060799492625e-06
17975,7.019862457324775e-06
17976,7.0189169447676426e-06
17977,7.017975208412077e-06
17978,7.017025904332282e-06
17979,7.016084167976724e-06
17980,7.015140545463262e-06
17981,7.0141902910325635e-06
17982,7.013239085362781e-06
17983,7.012289781282993e-06
17984,7.0113433221496965e-06
17985,7.010396863016407e-06
17986,7.009451350348244e-06
17987,7.008507727834786e-06
17988,7.007577230488944e-06
17989,7.0066345515540405e-06
17990,7.005690928929547e-06
17991,7.004750134376175e-06
17992,7.003806511862718e-06
17993,7.002862889349257e-06
17994,7.001920210303331e-06
17995,7.000976587789867e-06
17996,7.0000339088549574e-06
17997,6.999089341763747e-06
17998,6.998139087333046e-06
17999,6.997189783142231e-06
18000,6.9962385774724425e-06
18001,6.995294010381232e-06
18002,6.9943541566308494e-06
18003,6.993404852440045e-06
18004,6.99245174162755e-06
18005,6.9915100052719896e-06
18006,6.990561650432884e-06
18007,6.989611396002184e-06
18008,6.988668717067267e-06
18009,6.987718462636578e-06
18010,6.986773895545361e-06
18011,6.985829328454158e-06
18012,6.984878122784372e-06
18013,6.983926917114582e-06
18014,6.9829776129237695e-06
18015,6.982027358604091e-06
18016,6.981076152934312e-06
18017,6.9801249472645244e-06
18018,6.979182268329609e-06
18019,6.978240532085062e-06
18020,6.977291227894261e-06
18021,6.976345715337118e-06
18022,6.975396411146308e-06
18023,6.9744461567156054e-06
18024,6.97349399891855e-06
18025,6.972545644079458e-06
18026,6.971596339888642e-06
18027,6.9706564861382645e-06
18028,6.9697033752147385e-06
18029,6.968758808123538e-06
18030,6.967809503932715e-06
18031,6.966858298373952e-06
18032,6.965916562018395e-06
18033,6.964972939504931e-06
18034,6.96402931688045e-06
18035,6.9630856943669875e-06
18036,6.9621420718535225e-06
18037,6.961198449229045e-06
18038,6.960258595478668e-06
18039,6.959315916543753e-06
18040,6.958366612352942e-06
18041,6.957415406794177e-06
18042,6.956462295870657e-06
18043,6.955509184947135e-06
18044,6.954557979388378e-06
18045,6.953606773718594e-06
18046,6.952660314585296e-06
18047,6.95171385556304e-06
18048,6.950765500612909e-06
18049,6.949823764368366e-06
18050,6.9488773052350786e-06
18051,6.947926099676311e-06
18052,6.946977744837214e-06
18053,6.94602463391369e-06
18054,6.945071522990172e-06
18055,6.944117458052013e-06
18056,6.9431643471284985e-06
18057,6.9422150429376845e-06
18058,6.941268583915418e-06
18059,6.940319279724606e-06
18060,6.939365214786441e-06
18061,6.938411149737256e-06
18062,6.937466582646042e-06
18063,6.936516328215344e-06
18064,6.935566073784654e-06
18065,6.934616769593838e-06
18066,6.933668414754729e-06
18067,6.932721955621441e-06
18068,6.9317802193769015e-06
18069,6.9308299649462074e-06
18070,6.929879710515508e-06
18071,6.928931355676401e-06
18072,6.927980150117638e-06
18073,6.927031795167517e-06
18074,6.926084388680921e-06
18075,6.925137929547626e-06
18076,6.9241886254678445e-06
18077,6.92323741979806e-06
18078,6.922286214128271e-06
18079,6.921335008569508e-06
18080,6.920384754138808e-06
18081,6.919434499708111e-06
18082,6.918484245277412e-06
18083,6.917534941086603e-06
18084,6.916584686655898e-06
18085,6.915634432225202e-06
18086,6.914684177794506e-06
18087,6.913735822955398e-06
18088,6.9127865187645875e-06
18089,6.911837214684797e-06
18090,6.910886960254098e-06
18091,6.909937656063288e-06
18092,6.908991196929998e-06
18093,6.908040942499309e-06
18094,6.907088784702249e-06
18095,6.906135673889755e-06
18096,6.905185419459065e-06
18097,6.904233261662009e-06
18098,6.903283007231308e-06
18099,6.902332752800613e-06
18100,6.901383448609799e-06
18101,6.9004350937706934e-06
18102,6.899483888100904e-06
18103,6.898533633670207e-06
18104,6.897583379239509e-06
18105,6.896636920217247e-06
18106,6.895686665786544e-06
18107,6.894739259188928e-06
18108,6.893789004869259e-06
18109,6.892839700678449e-06
18110,6.891890396487629e-06
18111,6.89094109229682e-06
18112,6.889990837866126e-06
18113,6.8890386800690715e-06
18114,6.888086522272019e-06
18115,6.887136267952341e-06
18116,6.886186013521646e-06
18117,6.885233855724591e-06
18118,6.884282650054802e-06
18119,6.883330492257759e-06
18120,6.882380237827063e-06
18121,6.8814337788047925e-06
18122,6.880482573135005e-06
18123,6.879535166648406e-06
18124,6.878584912217716e-06
18125,6.877636557378613e-06
18126,6.876686302947905e-06
18127,6.875739843814627e-06
18128,6.874789589383919e-06
18129,6.873839334953226e-06
18130,6.872895712439763e-06
18131,6.871945458009071e-06
18132,6.870995203578366e-06
18133,6.87004779709177e-06
18134,6.8690975426610726e-06
18135,6.8681501360634564e-06
18136,6.867202729576865e-06
18137,6.866253425386045e-06
18138,6.865308858294841e-06
18139,6.86436050345574e-06
18140,6.863412148616628e-06
18141,6.862463793666508e-06
18142,6.861514489586719e-06
18143,6.860567082989095e-06
18144,6.8596244040541825e-06
18145,6.858676997567594e-06
18146,6.857726743136898e-06
18147,6.856776488706199e-06
18148,6.8558271845153865e-06
18149,6.854877880435595e-06
18150,6.853935201500689e-06
18151,6.852992522565776e-06
18152,6.852041316895991e-06
18153,6.851094857762696e-06
18154,6.85014934509453e-06
18155,6.849200990255434e-06
18156,6.84825168606462e-06
18157,6.847300480505864e-06
18158,6.846351176315046e-06
18159,6.84539997064526e-06
18160,6.8444516158061625e-06
18161,6.843501361375461e-06
18162,6.842547296437294e-06
18163,6.841597992246486e-06
18164,6.840647737815788e-06
18165,6.839703170724576e-06
18166,6.838752916293883e-06
18167,6.837809293780417e-06
18168,6.836866614734479e-06
18169,6.8359220476432725e-06
18170,6.8349803113987366e-06
18171,6.8340376324638135e-06
18172,6.833087378033121e-06
18173,6.832137123602419e-06
18174,6.831186869171727e-06
18175,6.830236614741022e-06
18176,6.829291102072868e-06
18177,6.828341797993074e-06
18178,6.827388687069552e-06
18179,6.826438432638856e-06
18180,6.825488178208158e-06
18181,6.824539823369061e-06
18182,6.823589568938362e-06
18183,6.82264121409926e-06
18184,6.821691909908447e-06
18185,6.820746397240285e-06
18186,6.819800884572128e-06
18187,6.818850630141424e-06
18188,6.817909835699082e-06
18189,6.816959581268373e-06
18190,6.816011226318258e-06
18191,6.815062871479155e-06
18192,6.814113567288342e-06
18193,6.813164263208553e-06
18194,6.812212105411492e-06
18195,6.811264698924905e-06
18196,6.810321076300422e-06
18197,6.809380281747052e-06
18198,6.8084404281076905e-06
18199,6.807490173676989e-06
18200,6.806543714543705e-06
18201,6.805595359704599e-06
18202,6.804645105273898e-06
18203,6.803699592605739e-06
18204,6.8027521861191414e-06
18205,6.8018066734509805e-06
18206,6.80085926696439e-06
18207,6.799913754296228e-06
18208,6.798966347809638e-06
18209,6.798020835141475e-06
18210,6.7970734286548796e-06
18211,6.796126969521585e-06
18212,6.795176715090894e-06
18213,6.794232147999684e-06
18214,6.793281893568986e-06
18215,6.792339214634064e-06
18216,6.791393701965905e-06
18217,6.790446295479318e-06
18218,6.789500782811149e-06
18219,6.7885533763245635e-06
18220,6.78760407213374e-06
18221,6.78665381770305e-06
18222,6.78570925061184e-06
18223,6.784758996181136e-06
18224,6.783813483512976e-06
18225,6.782871747268433e-06
18226,6.781925288135143e-06
18227,6.780978829001866e-06
18228,6.780036150066951e-06
18229,6.7790877952278475e-06
18230,6.778141336094551e-06
18231,6.777189178408531e-06
18232,6.776237020611471e-06
18233,6.775283909687962e-06
18234,6.774332704018168e-06
18235,6.773382449587476e-06
18236,6.772432195156776e-06
18237,6.7714895162218625e-06
18238,6.7705421097352695e-06
18239,6.769598487221802e-06
18240,6.768655808286891e-06
18241,6.767712185662411e-06
18242,6.766769506727498e-06
18243,6.765826827792582e-06
18244,6.764884148857681e-06
18245,6.763938636189514e-06
18246,6.76299689994497e-06
18247,6.762051387276811e-06
18248,6.76110113284611e-06
18249,6.76015467382385e-06
18250,6.759208214690557e-06
18251,6.758261755557272e-06
18252,6.757314349070676e-06
18253,6.756367889937389e-06
18254,6.7554176355066835e-06
18255,6.754467381075991e-06
18256,6.753517126645292e-06
18257,6.75256687232562e-06
18258,6.751614714528568e-06
18259,6.750672035593649e-06
18260,6.749728412969175e-06
18261,6.748779108778352e-06
18262,6.747828854347654e-06
18263,6.74688428725645e-06
18264,6.7459349830656345e-06
18265,6.744984728634942e-06
18266,6.744035424555146e-06
18267,6.743084218885359e-06
18268,6.742135864046264e-06
18269,6.7411856096155614e-06
18270,6.740234403945783e-06
18271,6.739285099754971e-06
18272,6.738342420820057e-06
18273,6.737393116629245e-06
18274,6.736453262989885e-06
18275,6.735509640365406e-06
18276,6.734566961430485e-06
18277,6.733622394339283e-06
18278,6.732676881671119e-06
18279,6.731731369002953e-06
18280,6.730786801911753e-06
18281,6.7298393954251515e-06
18282,6.728896716490236e-06
18283,6.7279549801346735e-06
18284,6.7270094675775366e-06
18285,6.726063954909379e-06
18286,6.725112749239588e-06
18287,6.724164394400495e-06
18288,6.723215090209677e-06
18289,6.722266735370577e-06
18290,6.721317431179768e-06
18291,6.720365273382707e-06
18292,6.7194169185436115e-06
18293,6.718467614352802e-06
18294,6.717519259513692e-06
18295,6.716573746845534e-06
18296,6.715622541286767e-06
18297,6.714672286856069e-06
18298,6.713721081186286e-06
18299,6.712769875627521e-06
18300,6.7118205714367124e-06
18301,6.710874112303422e-06
18302,6.709923857872723e-06
18303,6.708982121628181e-06
18304,6.708032817437374e-06
18305,6.707081611767579e-06
18306,6.706131357447915e-06
18307,6.7051839508502875e-06
18308,6.704233696419591e-06
18309,6.703284392339805e-06
18310,6.702333186670021e-06
18311,6.70138388247921e-06
18312,6.700439315387996e-06
18313,6.699493802719836e-06
18314,6.698548290051679e-06
18315,6.697602777494536e-06
18316,6.696663863547942e-06
18317,6.6957211846130374e-06
18318,6.694775671944872e-06
18319,6.693830159387735e-06
18320,6.692880855196921e-06
18321,6.69194006064355e-06
18322,6.690995493552338e-06
18323,6.690046189361533e-06
18324,6.689096885170724e-06
18325,6.688146630740017e-06
18326,6.687203951805115e-06
18327,6.686258439136946e-06
18328,6.6853176446946e-06
18329,6.684376850141233e-06
18330,6.683436055587851e-06
18331,6.68249431934331e-06
18332,6.68155258309877e-06
18333,6.680599472175258e-06
18334,6.679647314378201e-06
18335,6.6786970599475035e-06
18336,6.677749653460909e-06
18337,6.6768041407927495e-06
18338,6.675854836601933e-06
18339,6.674906481762834e-06
18340,6.6739581269237274e-06
18341,6.673014504299242e-06
18342,6.672068991742109e-06
18343,6.671123479073945e-06
18344,6.670174174883142e-06
18345,6.669224870692323e-06
18346,6.668284076249979e-06
18347,6.667336669652355e-06
18348,6.666392102561141e-06
18349,6.6654503663166e-06
18350,6.664501062125791e-06
18351,6.663551757934981e-06
18352,6.662600552376222e-06
18353,6.661655985173991e-06
18354,6.660716131423609e-06
18355,6.659766827343822e-06
18356,6.658817523153003e-06
18357,6.65787106401972e-06
18358,6.656924604886428e-06
18359,6.655976250047323e-06
18360,6.6550259956166215e-06
18361,6.654075741185927e-06
18362,6.653122630373432e-06
18363,6.65217617124014e-06
18364,6.651227816401035e-06
18365,6.650278512210232e-06
18366,6.649328257779528e-06
18367,6.648378953588712e-06
18368,6.647428699158019e-06
18369,6.6464793949672144e-06
18370,6.6455376587226624e-06
18371,6.644594036209201e-06
18372,6.643651357274292e-06
18373,6.642702053083478e-06
18374,6.641753698244377e-06
18375,6.640808185576214e-06
18376,6.639857931145523e-06
18377,6.638912418477356e-06
18378,6.6379669058092e-06
18379,6.637016651378503e-06
18380,6.636068296539401e-06
18381,6.635118992348591e-06
18382,6.634171585861993e-06
18383,6.633223231022885e-06
18384,6.632273926832081e-06
18385,6.6313284141639215e-06
18386,6.63038290160678e-06
18387,6.629434546656653e-06
18388,6.628488087634386e-06
18389,6.62753878344358e-06
18390,6.62659516081909e-06
18391,6.625651538305629e-06
18392,6.624708859370718e-06
18393,6.6237595551799055e-06
18394,6.622814988088699e-06
18395,6.6218666332496e-06
18396,6.620919226651977e-06
18397,6.619968972221283e-06
18398,6.619023459664142e-06
18399,6.6180770005308514e-06
18400,6.61712769634004e-06
18401,6.616178392149231e-06
18402,6.615230985662639e-06
18403,6.614281681471822e-06
18404,6.613332377392033e-06
18405,6.61238307320122e-06
18406,6.611435666714626e-06
18407,6.610485412283928e-06
18408,6.609538005686305e-06
18409,6.6085905991997134e-06
18410,6.6076403447690135e-06
18411,6.606698608524474e-06
18412,6.605755929589561e-06
18413,6.604808523102963e-06
18414,6.603861116616378e-06
18415,6.602910862185672e-06
18416,6.601960607754976e-06
18417,6.6010188715104385e-06
18418,6.600068617079734e-06
18419,6.599125938144828e-06
18420,6.598175683714122e-06
18421,6.5972273288750225e-06
18422,6.5962799222773995e-06
18423,6.59532966784671e-06
18424,6.594382261360107e-06
18425,6.593432006929414e-06
18426,6.592483652090311e-06
18427,6.591537192957025e-06
18428,6.590590733934757e-06
18429,6.589649939381384e-06
18430,6.588703480248089e-06
18431,6.587761744003551e-06
18432,6.586815284870262e-06
18433,6.585868825847991e-06
18434,6.584928031294621e-06
18435,6.583987236741257e-06
18436,6.583042669650039e-06
18437,6.582099047025558e-06
18438,6.5811573107810196e-06
18439,6.580216516227645e-06
18440,6.579274779983101e-06
18441,6.578333985429728e-06
18442,6.57739130649482e-06
18443,6.57644200241503e-06
18444,6.5754926982242185e-06
18445,6.574543394033408e-06
18446,6.5735959875468055e-06
18447,6.572646683355994e-06
18448,6.571697379165188e-06
18449,6.570752812073983e-06
18450,6.56980255764328e-06
18451,6.568857990552069e-06
18452,6.567913423349836e-06
18453,6.566963168919138e-06
18454,6.566012914488434e-06
18455,6.565058849550271e-06
18456,6.56410669175322e-06
18457,6.563155486194458e-06
18458,6.56220618200365e-06
18459,6.561260669335489e-06
18460,6.560308511538434e-06
18461,6.559359207347621e-06
18462,6.558408001788864e-06
18463,6.5574586975980534e-06
18464,6.556516018663136e-06
18465,6.555568612176543e-06
18466,6.5546183577458475e-06
18467,6.553665246822324e-06
18468,6.55272162419784e-06
18469,6.551778945262931e-06
18470,6.550836266328021e-06
18471,6.549893587393103e-06
18472,6.548953733642726e-06
18473,6.548008221085582e-06
18474,6.54705986613546e-06
18475,6.546108660576704e-06
18476,6.545158406146005e-06
18477,6.544213839054787e-06
18478,6.543268326386636e-06
18479,6.5423161685895834e-06
18480,6.541367813750472e-06
18481,6.540416608080693e-06
18482,6.5394673038898745e-06
18483,6.53851704945918e-06
18484,6.537567745379389e-06
18485,6.53661844118858e-06
18486,6.535668186757881e-06
18487,6.534717932327177e-06
18488,6.533766726657396e-06
18489,6.532817422466584e-06
18490,6.5318728553753715e-06
18491,6.530933001624994e-06
18492,6.52998748895683e-06
18493,6.529040082470244e-06
18494,6.528093623447976e-06
18495,6.52714621685035e-06
18496,6.526195962419655e-06
18497,6.525248555933058e-06
18498,6.5242983015023626e-06
18499,6.5233518424801005e-06
18500,6.5224025382892864e-06
18501,6.521451332619496e-06
18502,6.520505819951344e-06
18503,6.519558413464737e-06
18504,6.518614790951288e-06
18505,6.5176673844646905e-06
18506,6.516719977867074e-06
18507,6.515773518844806e-06
18508,6.514824214653997e-06
18509,6.513873960223298e-06
18510,6.5129256053841925e-06
18511,6.5119763011933835e-06
18512,6.511027946354275e-06
18513,6.510079591404147e-06
18514,6.509130287324362e-06
18515,6.50817622227518e-06
18516,6.50723636863582e-06
18517,6.506292746011329e-06
18518,6.505339635087813e-06
18519,6.504395067996604e-06
18520,6.503450500905396e-06
18521,6.502501196714585e-06
18522,6.501551892523769e-06
18523,6.500609213588862e-06
18524,6.499670299753292e-06
18525,6.498724787085127e-06
18526,6.4977754828943165e-06
18527,6.496826178703509e-06
18528,6.495874973144739e-06
18529,6.494931350520256e-06
18530,6.493979192723208e-06
18531,6.493031786236616e-06
18532,6.492085327103328e-06
18533,6.491134121544562e-06
18534,6.490181963747514e-06
18535,6.489243049800914e-06
18536,6.4883097553591844e-06
18537,6.487374591523934e-06
18538,6.486436616603975e-06
18539,6.485497702657385e-06
18540,6.48455972773743e-06
18541,6.4836217528174675e-06
18542,6.4826884582647216e-06
18543,6.481749544429153e-06
18544,6.480810630593582e-06
18545,6.479872655562601e-06
18546,6.478934680642645e-06
18547,6.4779967056116635e-06
18548,6.477047401531877e-06
18549,6.476098097341068e-06
18550,6.4751554184061575e-06
18551,6.474206114215337e-06
18552,6.473256810024531e-06
18553,6.4723150737799875e-06
18554,6.47137239484507e-06
18555,6.4704316002917065e-06
18556,6.469491746541325e-06
18557,6.468542442461536e-06
18558,6.4675959833282414e-06
18559,6.466652360703763e-06
18560,6.465708738190299e-06
18561,6.4647651156768345e-06
18562,6.46381676072672e-06
18563,6.46286460292966e-06
18564,6.46191719644307e-06
18565,6.460973573929606e-06
18566,6.46003183768507e-06
18567,6.459089158750154e-06
18568,6.4581379530803715e-06
18569,6.457192440412211e-06
18570,6.4562431362213914e-06
18571,6.4553004572864845e-06
18572,6.454356834773027e-06
18573,6.453415098528482e-06
18574,6.4524714759040014e-06
18575,6.4515202703452295e-06
18576,6.450576647720752e-06
18577,6.449627343529943e-06
18578,6.448686549087587e-06
18579,6.447745754534213e-06
18580,6.446804959980849e-06
18581,6.445864165427473e-06
18582,6.444922429182926e-06
18583,6.443980692938389e-06
18584,6.443042718018429e-06
18585,6.44210286426805e-06
18586,6.441162069714675e-06
18587,6.4402222159643e-06
18588,6.439286115988982e-06
18589,6.438345321546633e-06
18590,6.437404526993258e-06
18591,6.4364514160697465e-06
18592,6.4355153160944346e-06
18593,6.434575462455069e-06
18594,6.433634667901701e-06
18595,6.432694814151323e-06
18596,6.431747407664726e-06
18597,6.430799052825615e-06
18598,6.429851646228002e-06
18599,6.428904239741408e-06
18600,6.427955884902304e-06
18601,6.427016031151923e-06
18602,6.426074294907377e-06
18603,6.425134441156994e-06
18604,6.424192704912455e-06
18605,6.423251910359087e-06
18606,6.422310174114548e-06
18607,6.421361819275435e-06
18608,6.420419140340527e-06
18609,6.419477404095982e-06
18610,6.418533781471507e-06
18611,6.417592045226962e-06
18612,6.416654070307005e-06
18613,6.415712333951439e-06
18614,6.414770597706902e-06
18615,6.41383262278694e-06
18616,6.412883318596133e-06
18617,6.411945343676176e-06
18618,6.4110054899257875e-06
18619,6.410066575979205e-06
18620,6.409116321659522e-06
18621,6.4081698625262345e-06
18622,6.4072290679728655e-06
18623,6.406289214222484e-06
18624,6.4053465352875756e-06
18625,6.404403856352653e-06
18626,6.40346117741775e-06
18627,6.402517554904282e-06
18628,6.401566349234497e-06
18629,6.4006170450436875e-06
18630,6.399676250490311e-06
18631,6.398733571555403e-06
18632,6.3977823659966396e-06
18633,6.3968377987944114e-06
18634,6.395895119859501e-06
18635,6.3949505527682826e-06
18636,6.394002197929187e-06
18637,6.39305384309008e-06
18638,6.392105488139952e-06
18639,6.391157133300849e-06
18640,6.3902087784617495e-06
18641,6.389264211259514e-06
18642,6.388318698702379e-06
18643,6.387370343752258e-06
18644,6.386427664817345e-06
18645,6.385484042303874e-06
18646,6.384531884506825e-06
18647,6.383582580316018e-06
18648,6.382639901381108e-06
18649,6.3816972224461895e-06
18650,6.380757368695808e-06
18651,6.379812801604606e-06
18652,6.378868234513387e-06
18653,6.3779189303225826e-06
18654,6.3769771940780365e-06
18655,6.376035457833495e-06
18656,6.375094663280124e-06
18657,6.374151984345214e-06
18658,6.373208361720724e-06
18659,6.372265682785821e-06
18660,6.371316378595001e-06
18661,6.370372756081543e-06
18662,6.3694310198370044e-06
18663,6.368478862039954e-06
18664,6.3675352394154706e-06
18665,6.366590672324253e-06
18666,6.3656470498107964e-06
18667,6.364697745619982e-06
18668,6.363755066685069e-06
18669,6.362810499482836e-06
18670,6.361867820547926e-06
18671,6.360921361525666e-06
18672,6.35997300657554e-06
18673,6.35902180101677e-06
18674,6.35807154658607e-06
18675,6.35713263263948e-06
18676,6.356182378319804e-06
18677,6.355238755695328e-06
18678,6.3542979611419475e-06
18679,6.35335622489741e-06
18680,6.35240597046671e-06
18681,6.351464234222175e-06
18682,6.350525320386602e-06
18683,6.3495769654364815e-06
18684,6.348626711116795e-06
18685,6.347684974761231e-06
18686,6.346743238516695e-06
18687,6.345802443963316e-06
18688,6.344860707718775e-06
18689,6.3439104532880785e-06
18690,6.342963994265818e-06
18691,6.342016587668194e-06
18692,6.34107767383263e-06
18693,6.340127419401931e-06
18694,6.3391771649712325e-06
18695,6.338233542457772e-06
18696,6.3372880297896125e-06
18697,6.336337775358912e-06
18698,6.335399800438959e-06
18699,6.3344552332367286e-06
18700,6.333515379597365e-06
18701,6.332575525846985e-06
18702,6.331635672096603e-06
18703,6.330685417665905e-06
18704,6.329741795041425e-06
18705,6.3287981725279624e-06
18706,6.327859258692387e-06
18707,6.326915636067913e-06
18708,6.32596347827086e-06
18709,6.32501227271209e-06
18710,6.324062018281401e-06
18711,6.323118395656917e-06
18712,6.322175716722e-06
18713,6.321232094208541e-06
18714,6.3202903579639946e-06
18715,6.319349563410627e-06
18716,6.318399308979928e-06
18717,6.317457572735387e-06
18718,6.316511113602102e-06
18719,6.3155618094112845e-06
18720,6.314620073166738e-06
18721,6.313679278613367e-06
18722,6.312729024182677e-06
18723,6.311781617696077e-06
18724,6.310837995182614e-06
18725,6.30989437255813e-06
18726,6.308950750044669e-06
18727,6.308007127420187e-06
18728,6.307063504906724e-06
18729,6.306115150067623e-06
18730,6.305174355514257e-06
18731,6.3042326192697135e-06
18732,6.303296519294394e-06
18733,6.3023566655440135e-06
18734,6.30140736135321e-06
18735,6.300457106922502e-06
18736,6.299507802842718e-06
18737,6.298558498651904e-06
18738,6.297617704098539e-06
18739,6.296677850348152e-06
18740,6.295742686512892e-06
18741,6.2948028327625105e-06
18742,6.2938629790121325e-06
18743,6.292919356498671e-06
18744,6.291979502748288e-06
18745,6.291037766503747e-06
18746,6.290100729500206e-06
18747,6.289150475069499e-06
18748,6.288213438065959e-06
18749,6.287271701821412e-06
18750,6.286335601846111e-06
18751,6.285395748206749e-06
18752,6.284457773175765e-06
18753,6.2835197982558074e-06
18754,6.282581823224832e-06
18755,6.281640086980285e-06
18756,6.280698350735744e-06
18757,6.279756614491202e-06
18758,6.278814878246664e-06
18759,6.277873142002119e-06
18760,6.276931405646554e-06
18761,6.275989669402021e-06
18762,6.275048874959664e-06
18763,6.274105252335186e-06
18764,6.273154997904486e-06
18765,6.272211375391025e-06
18766,6.2712752754157125e-06
18767,6.270334480862341e-06
18768,6.269393686308971e-06
18769,6.268453832669612e-06
18770,6.267505477719477e-06
18771,6.266563741474937e-06
18772,6.265615386635838e-06
18773,6.264667031796729e-06
18774,6.263717727605926e-06
18775,6.262773160514713e-06
18776,6.2618314241591494e-06
18777,6.260891570519792e-06
18778,6.259950775966414e-06
18779,6.259008097031507e-06
18780,6.2580719970561915e-06
18781,6.257131202502819e-06
18782,6.256179996944056e-06
18783,6.255232590346441e-06
18784,6.254291795904086e-06
18785,6.253345336770793e-06
18786,6.252401714257336e-06
18787,6.2514628003107475e-06
18788,6.25052200575738e-06
18789,6.249581211315029e-06
18790,6.248639474959466e-06
18791,6.247699621320107e-06
18792,6.24675788496454e-06
18793,6.245818971128969e-06
18794,6.244880057293398e-06
18795,6.243926946369882e-06
18796,6.242986151816513e-06
18797,6.242039692683219e-06
18798,6.2410894383635485e-06
18799,6.240147702007984e-06
18800,6.239206907565636e-06
18801,6.238263284941143e-06
18802,6.2373196624276855e-06
18803,6.236375095225457e-06
18804,6.235424840794753e-06
18805,6.234484046352403e-06
18806,6.233544192602028e-06
18807,6.2326024563574876e-06
18808,6.231660720112938e-06
18809,6.2307189837573765e-06
18810,6.229779130118014e-06
18811,6.228838335564651e-06
18812,6.227897541011272e-06
18813,6.226956746457901e-06
18814,6.226009339971308e-06
18815,6.2250676037267655e-06
18816,6.224128689891196e-06
18817,6.223177484221405e-06
18818,6.22222722979071e-06
18819,6.221292065955457e-06
18820,6.220341811524758e-06
18821,6.21939155709406e-06
18822,6.2184535821740985e-06
18823,6.217503327743402e-06
18824,6.216558760541172e-06
18825,6.215612301518908e-06
18826,6.214674326487923e-06
18827,6.213736351567962e-06
18828,6.212798376536989e-06
18829,6.211862276672692e-06
18830,6.21092430164172e-06
18831,6.20998538780615e-06
18832,6.20904365156161e-06
18833,6.20810002893712e-06
18834,6.207159234383757e-06
18835,6.206208980064072e-06
18836,6.2052672437085104e-06
18837,6.20432926878856e-06
18838,6.203388474235181e-06
18839,6.2024486204847975e-06
18840,6.2015012139982104e-06
18841,6.200560419444832e-06
18842,6.199612064605731e-06
18843,6.198661810175035e-06
18844,6.1977115557443315e-06
18845,6.196761301313633e-06
18846,6.195813894827037e-06
18847,6.19486648834044e-06
18848,6.1939294513369034e-06
18849,6.192979196906202e-06
18850,6.192039343155821e-06
18851,6.191092884133557e-06
18852,6.1901464250002655e-06
18853,6.189208450080308e-06
18854,6.1882676555269305e-06
18855,6.187331555551626e-06
18856,6.186386988460412e-06
18857,6.1854490134294295e-06
18858,6.184509159679057e-06
18859,6.183557001993027e-06
18860,6.182610542859729e-06
18861,6.181668806615193e-06
18862,6.180716648818143e-06
18863,6.179775854264765e-06
18864,6.178833175329853e-06
18865,6.177882920899157e-06
18866,6.1769392983857e-06
18867,6.1759966194507905e-06
18868,6.175049212853168e-06
18869,6.174103700296033e-06
18870,6.173156293698417e-06
18871,6.172206989618625e-06
18872,6.171264310683708e-06
18873,6.1703131050139214e-06
18874,6.169363800823109e-06
18875,6.1684144966323e-06
18876,6.1674718176973855e-06
18877,6.166520612138625e-06
18878,6.165572257188497e-06
18879,6.164622002757806e-06
18880,6.1636707971990415e-06
18881,6.162720542768343e-06
18882,6.16176933709856e-06
18883,6.160821930611964e-06
18884,6.159873575772851e-06
18885,6.158928063104694e-06
18886,6.157980656618102e-06
18887,6.157032301778993e-06
18888,6.1560839468288745e-06
18889,6.155135591989766e-06
18890,6.154190079321612e-06
18891,6.153239825001933e-06
18892,6.15229620237745e-06
18893,6.1513535234425325e-06
18894,6.1504099009290795e-06
18895,6.149467221883148e-06
18896,6.1485235993696835e-06
18897,6.147576192883082e-06
18898,6.146633513948176e-06
18899,6.145692719394797e-06
18900,6.1447443645557e-06
18901,6.143802628311162e-06
18902,6.1428618337577845e-06
18903,6.141920097513243e-06
18904,6.140978361268701e-06
18905,6.1400366249131315e-06
18906,6.13909016589087e-06
18907,6.13814275929325e-06
18908,6.137195352806652e-06
18909,6.136246048615849e-06
18910,6.135295794296164e-06
18911,6.134350281628007e-06
18912,6.133400977437202e-06
18913,6.132449771767412e-06
18914,6.131499517336716e-06
18915,6.130551162497613e-06
18916,6.12960470336432e-06
18917,6.12866860350003e-06
18918,6.127718349069335e-06
18919,6.12676809463863e-06
18920,6.125818790447822e-06
18921,6.1248723313145306e-06
18922,6.123922076883837e-06
18923,6.1229859770195435e-06
18924,6.122036672828731e-06
18925,6.121091160160571e-06
18926,6.120141855969766e-06
18927,6.1191916015390595e-06
18928,6.1182422974592745e-06
18929,6.117292043028577e-06
18930,6.116341788597884e-06
18931,6.1153915341671754e-06
18932,6.1144384232436605e-06
18933,6.113487217573875e-06
18934,6.112537913494083e-06
18935,6.111590506896474e-06
18936,6.11064593980526e-06
18937,6.109697584966154e-06
18938,6.108758671019561e-06
18939,6.107809366939779e-06
18940,6.106860062748961e-06
18941,6.105910758558151e-06
18942,6.104960504127457e-06
18943,6.104011199936642e-06
18944,6.103059042139594e-06
18945,6.102111635652997e-06
18946,6.101165176519705e-06
18947,6.100218717497436e-06
18948,6.099272258364152e-06
18949,6.098319147440636e-06
18950,6.097373634772478e-06
18951,6.096427175750212e-06
18952,6.0954816630820466e-06
18953,6.0945352039487605e-06
18954,6.093589691280602e-06
18955,6.092645124189388e-06
18956,6.091700557098178e-06
18957,6.090755044430018e-06
18958,6.089808585296727e-06
18959,6.088863072628569e-06
18960,6.087916613606306e-06
18961,6.086967309415493e-06
18962,6.086021796747335e-06
18963,6.0850753376140415e-06
18964,6.084128878591772e-06
18965,6.083181472105185e-06
18966,6.0822340655075635e-06
18967,6.081287606485297e-06
18968,6.080341147352008e-06
18969,6.079391843161197e-06
18970,6.0784425389703856e-06
18971,6.077494184131279e-06
18972,6.076544879940471e-06
18973,6.075596525101367e-06
18974,6.074651958010154e-06
18975,6.0737045514125365e-06
18976,6.072755247332749e-06
18977,6.071808788199461e-06
18978,6.0708632755313044e-06
18979,6.0699149206921945e-06
18980,6.06896846155891e-06
18981,6.068019157368098e-06
18982,6.067067951809331e-06
18983,6.06611864761852e-06
18984,6.065171241131932e-06
18985,6.064226673929698e-06
18986,6.063277369849904e-06
18987,6.062329014899781e-06
18988,6.061380660060677e-06
18989,6.060429454501916e-06
18990,6.0594810995517855e-06
18991,6.058531795472002e-06
18992,6.0575853363387086e-06
18993,6.0566360321479e-06
18994,6.0556905194797445e-06
18995,6.054742164640638e-06
18996,6.053790958970849e-06
18997,6.052837848158349e-06
18998,6.0518894932082265e-06
18999,6.0509411383691275e-06
19000,6.049992783530023e-06
19001,6.049044428690918e-06
19002,6.048100806066437e-06
19003,6.047153399579846e-06
19004,6.046205044740742e-06
19005,6.045256689901634e-06
19006,6.044309283304018e-06
19007,6.043360928464915e-06
19008,6.04241257362581e-06
19009,6.041464218786711e-06
19010,6.040515863947607e-06
19011,6.0395675089974804e-06
19012,6.038619154158374e-06
19013,6.037670799319276e-06
19014,6.0367243401859796e-06
19015,6.035776933699388e-06
19016,6.034827629508578e-06
19017,6.033878325317762e-06
19018,6.032930918831171e-06
19019,6.031979713272404e-06
19020,6.031039859522021e-06
19021,6.030093400388739e-06
19022,6.029140289465215e-06
19023,6.028193830442949e-06
19024,6.027246423845329e-06
19025,6.026297119765549e-06
19026,6.025350660632252e-06
19027,6.024401356441444e-06
19028,6.023451102010746e-06
19029,6.022502747171643e-06
19030,6.021555340685045e-06
19031,6.020608881551763e-06
19032,6.0196605267126515e-06
19033,6.018715014044497e-06
19034,6.017768554911204e-06
19035,6.0168211484246115e-06
19036,6.015873741938012e-06
19037,6.014920631014502e-06
19038,6.01397417188121e-06
19039,6.013032435636666e-06
19040,6.012087868545461e-06
19041,6.011145189610549e-06
19042,6.0102025106756295e-06
19043,6.009255104078013e-06
19044,6.0083143096356625e-06
19045,6.0073687969675075e-06
19046,6.006422337834219e-06
19047,6.005475878700926e-06
19048,6.004526574621135e-06
19049,6.003580115487853e-06
19050,6.002631760648744e-06
19051,6.001685301515456e-06
19052,6.000737895028862e-06
19053,5.999789540189754e-06
19054,5.998844972987522e-06
19055,5.9978966181484205e-06
19056,5.996948263309322e-06
19057,5.9959951523858015e-06
19058,5.995042041462283e-06
19059,5.99409463497569e-06
19060,5.993150067884477e-06
19061,5.992203608751191e-06
19062,5.991257149617904e-06
19063,5.990310690595638e-06
19064,5.989357579672121e-06
19065,5.988406374002334e-06
19066,5.987458967515739e-06
19067,5.98651156102914e-06
19068,5.985566048360975e-06
19069,5.984619589227693e-06
19070,5.98367313020543e-06
19071,5.982720019281903e-06
19072,5.981776396657422e-06
19073,5.980829937635155e-06
19074,5.979876826711642e-06
19075,5.978934147776728e-06
19076,5.9779848435859185e-06
19077,5.977036488746815e-06
19078,5.976098513715834e-06
19079,5.975153946624621e-06
19080,5.97420748749133e-06
19081,5.973262920400123e-06
19082,5.972313616209318e-06
19083,5.971366209722713e-06
19084,5.970418803236124e-06
19085,5.969472344102829e-06
19086,5.968530607858296e-06
19087,5.96758130366748e-06
19088,5.966633897180888e-06
19089,5.965689329978656e-06
19090,5.964740975139548e-06
19091,5.963791670948737e-06
19092,5.962847103857522e-06
19093,5.961900644724241e-06
19094,5.960957022210777e-06
19095,5.9600124551195685e-06
19096,5.9590641001694405e-06
19097,5.958114796089653e-06
19098,5.957161685166138e-06
19099,5.9562152260328435e-06
19100,5.955265921842031e-06
19101,5.9543232429071224e-06
19102,5.953375836420525e-06
19103,5.952431269329313e-06
19104,5.9514838627316965e-06
19105,5.950534558651906e-06
19106,5.9495852544610975e-06
19107,5.948638795327813e-06
19108,5.947689491136994e-06
19109,5.94674492404579e-06
19110,5.945797517559189e-06
19111,5.94484821336838e-06
19112,5.943899858529275e-06
19113,5.9429524520426875e-06
19114,5.94199934111916e-06
19115,5.9410519346325634e-06
19116,5.940112080882189e-06
19117,5.939165621748898e-06
19118,5.938222942813983e-06
19119,5.937276483680698e-06
19120,5.93633286116724e-06
19121,5.935390182232329e-06
19122,5.934443723099036e-06
19123,5.933500100585577e-06
19124,5.932552693987957e-06
19125,5.931603389908165e-06
19126,5.930655034958046e-06
19127,5.929707628471444e-06
19128,5.928764949536531e-06
19129,5.927820382445322e-06
19130,5.926876759820847e-06
19131,5.925927455630032e-06
19132,5.924982888538818e-06
19133,5.924035482052222e-06
19134,5.923088075565634e-06
19135,5.922138771374816e-06
19136,5.9211913648882205e-06
19137,5.9202449057549345e-06
19138,5.919301283241478e-06
19139,5.918358604195542e-06
19140,5.917415925260624e-06
19141,5.916472302747171e-06
19142,5.915529623812257e-06
19143,5.914586944877343e-06
19144,5.913644265942431e-06
19145,5.912700643317948e-06
19146,5.911752288478846e-06
19147,5.910803933639745e-06
19148,5.909855578800638e-06
19149,5.908905324369938e-06
19150,5.907962645435025e-06
19151,5.907012391004326e-06
19152,5.906062136573631e-06
19153,5.905113781734528e-06
19154,5.90416352730383e-06
19155,5.903215172353701e-06
19156,5.902266817514598e-06
19157,5.901320358492335e-06
19158,5.900375791290105e-06
19159,5.899432168776642e-06
19160,5.898488546152155e-06
19161,5.897541139665565e-06
19162,5.896593733178965e-06
19163,5.895651054244053e-06
19164,5.894703647757462e-06
19165,5.893754343566643e-06
19166,5.892809776364421e-06
19167,5.891860472284624e-06
19168,5.890913065687011e-06
19169,5.889963761607216e-06
19170,5.8890182489390605e-06
19171,5.8880736818478505e-06
19172,5.887124377657042e-06
19173,5.886176022706914e-06
19174,5.885224817148145e-06
19175,5.884280250056936e-06
19176,5.883330945866124e-06
19177,5.882382590916004e-06
19178,5.881433286836208e-06
19179,5.880490607901303e-06
19180,5.879549813347928e-06
19181,5.8786090187945536e-06
19182,5.87766728255001e-06
19183,5.876723660036558e-06
19184,5.875780037412066e-06
19185,5.8748326309254725e-06
19186,5.873889951990565e-06
19187,5.8729463293660774e-06
19188,5.871994171569024e-06
19189,5.871047712546762e-06
19190,5.870104089922282e-06
19191,5.869160467408818e-06
19192,5.868213060922225e-06
19193,5.867266601788938e-06
19194,5.866320142655645e-06
19195,5.865379348102273e-06
19196,5.864430044022486e-06
19197,5.863488307666915e-06
19198,5.862539952827822e-06
19199,5.861591597988717e-06
19200,5.860642293797905e-06
19201,5.859699614862994e-06
19202,5.858754102194833e-06
19203,5.857805747355723e-06
19204,5.8568564431649184e-06
19205,5.855907139085124e-06
19206,5.8549597324875055e-06
19207,5.854010428407723e-06
19208,5.8530620734575976e-06
19209,5.852113718618493e-06
19210,5.851168205950328e-06
19211,5.850227411507979e-06
19212,5.849280952374689e-06
19213,5.8483325975355865e-06
19214,5.8473832933447725e-06
19215,5.84643493850567e-06
19216,5.845487531908051e-06
19217,5.844548618072483e-06
19218,5.843599313881678e-06
19219,5.842647156084623e-06
19220,5.841699749598024e-06
19221,5.8407513947589234e-06
19222,5.839811541008549e-06
19223,5.838860335338754e-06
19224,5.8379072245262594e-06
19225,5.83696265732403e-06
19226,5.836012402893332e-06
19227,5.8350640480542265e-06
19228,5.834116641567632e-06
19229,5.833168286728527e-06
19230,5.832220880241936e-06
19231,5.831276313039699e-06
19232,5.830334576795156e-06
19233,5.829387170308567e-06
19234,5.828437866117751e-06
19235,5.82748856192694e-06
19236,5.826546825682397e-06
19237,5.8256003665491124e-06
19238,5.824651062469325e-06
19239,5.823704603336035e-06
19240,5.822756248496928e-06
19241,5.8218088418993085e-06
19242,5.820864274808098e-06
19243,5.819914020377408e-06
19244,5.818966613890813e-06
19245,5.818019207404213e-06
19246,5.817072748270924e-06
19247,5.816124393431821e-06
19248,5.815176038592713e-06
19249,5.814231471390486e-06
19250,5.813285012257197e-06
19251,5.812341389743736e-06
19252,5.8113920855529236e-06
19253,5.810443730713816e-06
19254,5.80949632422723e-06
19255,5.808555529673852e-06
19256,5.807607174834753e-06
19257,5.806662607632518e-06
19258,5.805712353312846e-06
19259,5.804771558759471e-06
19260,5.803823203920369e-06
19261,5.802874848970243e-06
19262,5.801926494131138e-06
19263,5.8009819270399285e-06
19264,5.800031672609225e-06
19265,5.799087105407002e-06
19266,5.798135899848238e-06
19267,5.797187545009129e-06
19268,5.796242032340973e-06
19269,5.7952927281501596e-06
19270,5.794347215481999e-06
19271,5.793397911291185e-06
19272,5.7924495564520805e-06
19273,5.791502149965484e-06
19274,5.79055758287428e-06
19275,5.789609227924157e-06
19276,5.788663715367016e-06
19277,5.787719148164787e-06
19278,5.7867717416781855e-06
19279,5.78582717458698e-06
19280,5.7848788197478714e-06
19281,5.78393330707971e-06
19282,5.782988739877484e-06
19283,5.7820507649575265e-06
19284,5.7811024101184225e-06
19285,5.78015878749394e-06
19286,5.7792132749368e-06
19287,5.778272480383429e-06
19288,5.777323176192614e-06
19289,5.776373872001808e-06
19290,5.7754368349982565e-06
19291,5.774488480159155e-06
19292,5.773545801224246e-06
19293,5.772605947473866e-06
19294,5.771665152920489e-06
19295,5.770725299281133e-06
19296,5.76977694433101e-06
19297,5.768834265396093e-06
19298,5.767887806373833e-06
19299,5.766942293705669e-06
19300,5.765994887219075e-06
19301,5.765046532268951e-06
19302,5.7641029097554855e-06
19303,5.76315834266428e-06
19304,5.762213775462044e-06
19305,5.761269208370833e-06
19306,5.760321801884233e-06
19307,5.75937534275095e-06
19308,5.758428883617658e-06
19309,5.757479579426854e-06
19310,5.756529325107177e-06
19311,5.7555790706764796e-06
19312,5.754628816245779e-06
19313,5.753680461295647e-06
19314,5.7527330548090535e-06
19315,5.751789432295595e-06
19316,5.750843919627433e-06
19317,5.749890808703912e-06
19318,5.748942453864812e-06
19319,5.748001659311442e-06
19320,5.7470561467543e-06
19321,5.7461125241298205e-06
19322,5.745168901616356e-06
19323,5.744229047865981e-06
19324,5.743286368931063e-06
19325,5.74234463268653e-06
19326,5.741404778936142e-06
19327,5.740455474745334e-06
19328,5.739514680191964e-06
19329,5.738572001257043e-06
19330,5.737626488588887e-06
19331,5.736680029566619e-06
19332,5.735732622969002e-06
19333,5.734783318889217e-06
19334,5.733834963939084e-06
19335,5.732892285004172e-06
19336,5.731946772447035e-06
19337,5.730998417496914e-06
19338,5.730052904939773e-06
19339,5.72910644580649e-06
19340,5.728162823182003e-06
19341,5.727218256090795e-06
19342,5.726272743422633e-06
19343,5.7253291209091686e-06
19344,5.724380766070071e-06
19345,5.723431461879261e-06
19346,5.722484055392659e-06
19347,5.721535700442539e-06
19348,5.720586396362745e-06
19349,5.719638041412624e-06
19350,5.7186915823903544e-06
19351,5.717742278199543e-06
19352,5.716795819066257e-06
19353,5.715848412579656e-06
19354,5.714900057740557e-06
19355,5.713953598607271e-06
19356,5.7130023929374795e-06
19357,5.712055933915214e-06
19358,5.711107578965095e-06
19359,5.710161119942828e-06
19360,5.709215607274669e-06
19361,5.708266303083851e-06
19362,5.707314145286801e-06
19363,5.706364841095988e-06
19364,5.705419328538847e-06
19365,5.7044738158706946e-06
19366,5.703533021317322e-06
19367,5.702587508649161e-06
19368,5.701642941557947e-06
19369,5.700696482424657e-06
19370,5.69974622799396e-06
19371,5.698795973563267e-06
19372,5.697845719132565e-06
19373,5.696910555297311e-06
19374,5.695969760854963e-06
19375,5.695027081809023e-06
19376,5.694081569251882e-06
19377,5.693131314821188e-06
19378,5.692181060390494e-06
19379,5.691236493299284e-06
19380,5.690292870674794e-06
19381,5.689349248161334e-06
19382,5.688404680959099e-06
19383,5.687458221936831e-06
19384,5.686512709268678e-06
19385,5.685570973024129e-06
19386,5.684619767354351e-06
19387,5.683672360867756e-06
19388,5.682723056676939e-06
19389,5.681773752486129e-06
19390,5.680826345999532e-06
19391,5.679885551446159e-06
19392,5.678937196607056e-06
19393,5.677990737473766e-06
19394,5.677044278451504e-06
19395,5.676098765783345e-06
19396,5.675145654859826e-06
19397,5.674192543936306e-06
19398,5.673241338377542e-06
19399,5.6722929834274174e-06
19400,5.671343679347631e-06
19401,5.670395324397501e-06
19402,5.669445069966806e-06
19403,5.668506156131239e-06
19404,5.667566302380852e-06
19405,5.66661794754175e-06
19406,5.665668643350941e-06
19407,5.66473347951568e-06
19408,5.663800185073948e-06
19409,5.662865956379551e-06
19410,5.661930792544285e-06
19411,5.660985279876131e-06
19412,5.660041657362672e-06
19413,5.659091402931974e-06
19414,5.6581411485012706e-06
19415,5.657193742014675e-06
19416,5.656245387064548e-06
19417,5.655297980577952e-06
19418,5.654349625738855e-06
19419,5.653414461903598e-06
19420,5.6524755479570075e-06
19421,5.651529088934735e-06
19422,5.6505778832649545e-06
19423,5.6496285790741405e-06
19424,5.648679274883324e-06
19425,5.647727117197297e-06
19426,5.646777813006487e-06
19427,5.645826607336704e-06
19428,5.644880148203412e-06
19429,5.643929893772716e-06
19430,5.642979639453034e-06
19431,5.642029385022339e-06
19432,5.641084817820112e-06
19433,5.640146842900156e-06
19434,5.639207928953562e-06
19435,5.6382708920610395e-06
19436,5.637328213126124e-06
19437,5.636387418572755e-06
19438,5.635446624019382e-06
19439,5.634504887774836e-06
19440,5.633563151530293e-06
19441,5.632627051554985e-06
19442,5.631689076635027e-06
19443,5.630747340279463e-06
19444,5.629808426443892e-06
19445,5.62886951260833e-06
19446,5.6279287180549506e-06
19447,5.62699074302397e-06
19448,5.626038585337943e-06
19449,5.625096848982385e-06
19450,5.624152281891168e-06
19451,5.623203927052071e-06
19452,5.622259359849837e-06
19453,5.6213166809149195e-06
19454,5.620372113823708e-06
19455,5.619422809632896e-06
19456,5.61848295588252e-06
19457,5.617544042046948e-06
19458,5.616603247493579e-06
19459,5.61565394330277e-06
19460,5.614712207058224e-06
19461,5.61377047081368e-06
19462,5.612834370838367e-06
19463,5.611895457002799e-06
19464,5.610961228308395e-06
19465,5.610020433755022e-06
19466,5.609076811241566e-06
19467,5.608126556810865e-06
19468,5.607177252620058e-06
19469,5.606227948429246e-06
19470,5.605283381338033e-06
19471,5.604341645093491e-06
19472,5.603399908848948e-06
19473,5.602455341646716e-06
19474,5.6015050872160146e-06
19475,5.600555783136235e-06
19476,5.59961310420132e-06
19477,5.59867230964795e-06
19478,5.597734334616969e-06
19479,5.596789767525751e-06
19480,5.595840463334947e-06
19481,5.594891159144132e-06
19482,5.593944700121862e-06
19483,5.592996345171745e-06
19484,5.5920546089271986e-06
19485,5.591115695091633e-06
19486,5.590173016156717e-06
19487,5.589234102210131e-06
19488,5.5882942485707704e-06
19489,5.587354394820389e-06
19490,5.586413600267014e-06
19491,5.585471864022471e-06
19492,5.584529185087559e-06
19493,5.5835846179963485e-06
19494,5.582642881640784e-06
19495,5.58169452680168e-06
19496,5.580755612966115e-06
19497,5.5798129340312e-06
19498,5.578866474897915e-06
19499,5.577918120058812e-06
19500,5.576976383814267e-06
19501,5.576033704879356e-06
19502,5.575090082254871e-06
19503,5.574142675768283e-06
19504,5.573199996833368e-06
19505,5.572257317898458e-06
19506,5.571316523345082e-06
19507,5.570375728791711e-06
19508,5.569433049856794e-06
19509,5.5684865907235076e-06
19510,5.567546737084151e-06
19511,5.566606883333764e-06
19512,5.565666088780393e-06
19513,5.5647158343497025e-06
19514,5.563773155414785e-06
19515,5.5628304764798725e-06
19516,5.561885909388668e-06
19517,5.5609403967205015e-06
19518,5.559988238923456e-06
19519,5.559041779790162e-06
19520,5.558091525359468e-06
19521,5.557150730917112e-06
19522,5.55620427178383e-06
19523,5.555263477230458e-06
19524,5.554317964562295e-06
19525,5.553371505540024e-06
19526,5.552424098942409e-06
19527,5.551471941256378e-06
19528,5.550520735586594e-06
19529,5.549578056651687e-06
19530,5.54863348944945e-06
19531,5.547683235129776e-06
19532,5.546732029459989e-06
19533,5.545780823790208e-06
19534,5.544837201276743e-06
19535,5.543894522341834e-06
19536,5.542951843406916e-06
19537,5.542009164472006e-06
19538,5.5410664855370905e-06
19539,5.5401238066021835e-06
19540,5.5391811275562475e-06
19541,5.538238448621334e-06
19542,5.537293881530126e-06
19543,5.536344577339315e-06
19544,5.535395273148502e-06
19545,5.534445969068708e-06
19546,5.533503290133804e-06
19547,5.532560611198887e-06
19548,5.531609405529101e-06
19549,5.530660101338288e-06
19550,5.529711746499189e-06
19551,5.528769067564273e-06
19552,5.5278263886293635e-06
19553,5.5268884135983845e-06
19554,5.525944791084927e-06
19555,5.524994536654231e-06
19556,5.524045232463417e-06
19557,5.523095928272601e-06
19558,5.522147573433503e-06
19559,5.521203006342294e-06
19560,5.520258439251083e-06
19561,5.5193110326534605e-06
19562,5.518373995649916e-06
19563,5.517436020729959e-06
19564,5.516489561596673e-06
19565,5.5155543977614155e-06
19566,5.5146164228414546e-06
19567,5.513680322866143e-06
19568,5.512747028424417e-06
19569,5.511810928449103e-06
19570,5.510871074698722e-06
19571,5.509932160863151e-06
19572,5.508992307112769e-06
19573,5.508051512559399e-06
19574,5.507106945468183e-06
19575,5.506165209223651e-06
19576,5.505226295277056e-06
19577,5.504286441637692e-06
19578,5.50334658788731e-06
19579,5.502411424052058e-06
19580,5.5014715703016705e-06
19581,5.500532656355088e-06
19582,5.499597492519823e-06
19583,5.498652925428614e-06
19584,5.497709302804137e-06
19585,5.4967590483734316e-06
19586,5.495821073453478e-06
19587,5.494883098533518e-06
19588,5.493944184586928e-06
19589,5.493003390144584e-06
19590,5.492058822942349e-06
19591,5.4911227229670345e-06
19592,5.490176263944768e-06
19593,5.489233585009855e-06
19594,5.48829184865429e-06
19595,5.487349169719385e-06
19596,5.486408375277033e-06
19597,5.485467580723659e-06
19598,5.484526786170282e-06
19599,5.483583163656827e-06
19600,5.48264048472191e-06
19601,5.4816921297717835e-06
19602,5.48074850725833e-06
19603,5.4798048846338466e-06
19604,5.4788593720767045e-06
19605,5.4779110171265824e-06
19606,5.47696739461312e-06
19607,5.476018090422306e-06
19608,5.475077295868939e-06
19609,5.474136501426585e-06
19610,5.473192878802098e-06
19611,5.472246419779833e-06
19612,5.4713056252264585e-06
19613,5.470367650195482e-06
19614,5.46942591395094e-06
19615,5.468485119397568e-06
19616,5.467541496884105e-06
19617,5.4666016431337326e-06
19618,5.465661789383343e-06
19619,5.464720053138803e-06
19620,5.463779258585432e-06
19621,5.462835636071972e-06
19622,5.46189389982743e-06
19623,5.460945544988329e-06
19624,5.460006631041735e-06
19625,5.459058276202632e-06
19626,5.4581165399580886e-06
19627,5.457174803713553e-06
19628,5.456235889766953e-06
19629,5.455289430744696e-06
19630,5.454342971611403e-06
19631,5.453405934607857e-06
19632,5.452468897604316e-06
19633,5.451520542765209e-06
19634,5.450578806520663e-06
19635,5.449630451681562e-06
19636,5.448681147490754e-06
19637,5.447738468555842e-06
19638,5.446804239861439e-06
19639,5.445872811038474e-06
19640,5.444937647203221e-06
19641,5.444000610199675e-06
19642,5.4430635731961325e-06
19643,5.442126536192581e-06
19644,5.441189499189041e-06
19645,5.4402533993247426e-06
19646,5.43931166296918e-06
19647,5.438372749133614e-06
19648,5.437429126620153e-06
19649,5.43648833206678e-06
19650,5.435541872933488e-06
19651,5.434600136688945e-06
19652,5.433659342135578e-06
19653,5.432716663200669e-06
19654,5.4317758686472945e-06
19655,5.430832246133832e-06
19656,5.429896146158521e-06
19657,5.4289562924081414e-06
19658,5.428017378572573e-06
19659,5.427078464625975e-06
19660,5.426142364761688e-06
19661,5.4252015702083165e-06
19662,5.424261716457938e-06
19663,5.423322802622361e-06
19664,5.422381066377826e-06
19665,5.421440271824451e-06
19666,5.420505107989197e-06
19667,5.419556753039067e-06
19668,5.418611240481927e-06
19669,5.417669504237391e-06
19670,5.416717346440333e-06
19671,5.4157756100847754e-06
19672,5.414826306004987e-06
19673,5.413877951054861e-06
19674,5.412937156612503e-06
19675,5.411997302862129e-06
19676,5.411057449111742e-06
19677,5.410111936443583e-06
19678,5.409165477421319e-06
19679,5.408219018288033e-06
19680,5.407269714097221e-06
19681,5.406331739177265e-06
19682,5.40538148474656e-06
19683,5.404435025613273e-06
19684,5.403484771182575e-06
19685,5.402545857347004e-06
19686,5.4016078823160285e-06
19687,5.400668968480458e-06
19688,5.399721561993866e-06
19689,5.398772257803055e-06
19690,5.3978305215585135e-06
19691,5.396887842623604e-06
19692,5.395944219999113e-06
19693,5.395003425445744e-06
19694,5.394057912888609e-06
19695,5.393118059138227e-06
19696,5.392168754947417e-06
19697,5.39122040010831e-06
19698,5.390272993621713e-06
19699,5.389331257266149e-06
19700,5.388381953186357e-06
19701,5.387438330561878e-06
19702,5.386489026371063e-06
19703,5.385547290126527e-06
19704,5.384597035695824e-06
19705,5.383646781265124e-06
19706,5.382699374778532e-06
19707,5.381751019939425e-06
19708,5.380803613452831e-06
19709,5.379855258613735e-06
19710,5.378903100816677e-06
19711,5.3779688721222715e-06
19712,5.37701576119876e-06
19713,5.376074966645381e-06
19714,5.375132287710467e-06
19715,5.3741829835196555e-06
19716,5.373239361006199e-06
19717,5.372295738381712e-06
19718,5.371355884742359e-06
19719,5.370415090188986e-06
19720,5.369472411254071e-06
19721,5.3685287886295904e-06
19722,5.367586109694675e-06
19723,5.366642487181221e-06
19724,5.3656931829904045e-06
19725,5.364748615899199e-06
19726,5.363808762148818e-06
19727,5.362867967595442e-06
19728,5.361927173042066e-06
19729,5.36098637859972e-06
19730,5.3600455840463485e-06
19731,5.359104789492975e-06
19732,5.3581573830063755e-06
19733,5.35720997651978e-06
19734,5.356266353895297e-06
19735,5.355318947408703e-06
19736,5.3543667896116565e-06
19737,5.353416535180956e-06
19738,5.35247385624604e-06
19739,5.351530233732585e-06
19740,5.350579979301884e-06
19741,5.349631624462781e-06
19742,5.348686111794623e-06
19743,5.347747197848029e-06
19744,5.346795992289267e-06
19745,5.3458504796211085e-06
19746,5.344899273951324e-06
19747,5.343956595016407e-06
19748,5.343005389457646e-06
19749,5.342064594904274e-06
19750,5.3411162400651665e-06
19751,5.340178265034189e-06
19752,5.3392355860992805e-06
19753,5.338294791656932e-06
19754,5.337351169032446e-06
19755,5.336408490097535e-06
19756,5.335457284427747e-06
19757,5.3345089295886405e-06
19758,5.333557724029885e-06
19759,5.332606518360099e-06
19760,5.331661005691931e-06
19761,5.330723030771974e-06
19762,5.329785055740997e-06
19763,5.328842376806082e-06
19764,5.32789117124732e-06
19765,5.326941867056509e-06
19766,5.3259982444320295e-06
19767,5.325048940352238e-06
19768,5.324105317727761e-06
19769,5.323153159930701e-06
19770,5.3222038557398915e-06
19771,5.3212611768049845e-06
19772,5.320323201885021e-06
19773,5.319373897694209e-06
19774,5.318427438560924e-06
19775,5.3174866441185784e-06
19776,5.316540184985287e-06
19777,5.315605021150023e-06
19778,5.314667046119051e-06
19779,5.313717742039256e-06
19780,5.312770335441637e-06
19781,5.311823876419375e-06
19782,5.310875521580269e-06
19783,5.309925267149578e-06
19784,5.308985413399192e-06
19785,5.308035158968495e-06
19786,5.307084904537792e-06
19787,5.30614128191331e-06
19788,5.3051919778335216e-06
19789,5.30424741063129e-06
19790,5.303296205072527e-06
19791,5.302345950641827e-06
19792,5.3014004379736715e-06
19793,5.3004549253055106e-06
19794,5.299505621114702e-06
19795,5.2985601085575595e-06
19796,5.29761175360743e-06
19797,5.296666241050292e-06
19798,5.295723562115387e-06
19799,5.294780883069447e-06
19800,5.293835370512309e-06
19801,5.292891747887833e-06
19802,5.291944341401235e-06
19803,5.2909931357314485e-06
19804,5.29004478089234e-06
19805,5.289096426053245e-06
19806,5.288148071214138e-06
19807,5.287199716375032e-06
19808,5.286253257241746e-06
19809,5.285306798108455e-06
19810,5.284360338975167e-06
19811,5.283413879952899e-06
19812,5.282467420819611e-06
19813,5.281520961686322e-06
19814,5.280573555199726e-06
19815,5.279625200360623e-06
19816,5.278679687692467e-06
19817,5.277735120601259e-06
19818,5.2767886614679724e-06
19819,5.275841254981371e-06
19820,5.2748929000312455e-06
19821,5.273944545192146e-06
19822,5.272996190353043e-06
19823,5.272045935922343e-06
19824,5.271098529435751e-06
19825,5.270148275005053e-06
19826,5.269198020574353e-06
19827,5.26824776614365e-06
19828,5.267297511712958e-06
19829,5.266347257282258e-06
19830,5.2653970028515565e-06
19831,5.264449596364963e-06
19832,5.263499341934268e-06
19833,5.262549087503565e-06
19834,5.261598833072866e-06
19835,5.260653320515733e-06
19836,5.259703066085033e-06
19837,5.258752811654329e-06
19838,5.257805405167738e-06
19839,5.256857050217612e-06
19840,5.255906795786909e-06
19841,5.254956541356217e-06
19842,5.254007237276428e-06
19843,5.253056982845726e-06
19844,5.252106728415027e-06
19845,5.251156473984327e-06
19846,5.250206219553628e-06
19847,5.249258813067036e-06
19848,5.248308558636341e-06
19849,5.24735830420564e-06
19850,5.2464080497749404e-06
19851,5.245457795344242e-06
19852,5.244507540913546e-06
19853,5.243557286482849e-06
19854,5.2426070320521515e-06
19855,5.241656777621452e-06
19856,5.240706523190757e-06
19857,5.239756268760057e-06
19858,5.238808862273461e-06
19859,5.237860507434359e-06
19860,5.236912152595254e-06
19861,5.235963797756152e-06
19862,5.235015442806021e-06
19863,5.234068036319427e-06
19864,5.233120629832832e-06
19865,5.232173223346235e-06
19866,5.231224868507136e-06
19867,5.230277461909516e-06
19868,5.2293328948183085e-06
19869,5.22838643568502e-06
19870,5.227439029198421e-06
19871,5.2264925700651315e-06
19872,5.225544215226032e-06
19873,5.224594911035216e-06
19874,5.223649398478084e-06
19875,5.222703885809919e-06
19876,5.221756479323322e-06
19877,5.220810020190033e-06
19878,5.219862613703444e-06
19879,5.2189152071058214e-06
19880,5.2179687480835585e-06
19881,5.217025125459076e-06
19882,5.21608433101672e-06
19883,5.215139763814491e-06
19884,5.214196141301027e-06
19885,5.213250628632868e-06
19886,5.212307949697961e-06
19887,5.211362437029797e-06
19888,5.210416924361638e-06
19889,5.209471411804497e-06
19890,5.208521157373801e-06
19891,5.207573750776188e-06
19892,5.206626344289591e-06
19893,5.2056798851563e-06
19894,5.204731530317193e-06
19895,5.203783175478096e-06
19896,5.2028348206389916e-06
19897,5.201884566208293e-06
19898,5.200941887273383e-06
19899,5.199996374605223e-06
19900,5.199050861937056e-06
19901,5.198107239423604e-06
19902,5.197158884584493e-06
19903,5.196207678914714e-06
19904,5.195263111823499e-06
19905,5.194315705225885e-06
19906,5.1933682987392845e-06
19907,5.192418994548477e-06
19908,5.19147442745727e-06
19909,5.190529860366051e-06
19910,5.1895909464194645e-06
19911,5.188643539932865e-06
19912,5.18769708079958e-06
19913,5.18674682636888e-06
19914,5.1857946686828484e-06
19915,5.184846313732723e-06
19916,5.183897958893626e-06
19917,5.182949604054523e-06
19918,5.182005981430037e-06
19919,5.1810576265909356e-06
19920,5.180109271751832e-06
19921,5.179160916912724e-06
19922,5.178212562073625e-06
19923,5.177265155476006e-06
19924,5.176317748989414e-06
19925,5.175370342502812e-06
19926,5.174421038312005e-06
19927,5.173474579178716e-06
19928,5.172524324748016e-06
19929,5.171579757656804e-06
19930,5.170629503226109e-06
19931,5.1696820967395115e-06
19932,5.168733741900409e-06
19933,5.167786335413818e-06
19934,5.166837980463694e-06
19935,5.165896244219147e-06
19936,5.1649478893800474e-06
19937,5.164000482893449e-06
19938,5.1630530764068505e-06
19939,5.162105669809239e-06
19940,5.161158263322638e-06
19941,5.160209908483541e-06
19942,5.1592615536444376e-06
19943,5.158317931019953e-06
19944,5.157370524533359e-06
19945,5.15642311804676e-06
19946,5.155475711560161e-06
19947,5.154530198892002e-06
19948,5.1535837397587125e-06
19949,5.152637280625428e-06
19950,5.151693658111965e-06
19951,5.150744353921152e-06
19952,5.149795999082053e-06
19953,5.14885048641389e-06
19954,5.147903079927298e-06
19955,5.146952825496596e-06
19956,5.146011089252056e-06
19957,5.145066522160848e-06
19958,5.144126668410468e-06
19959,5.143183045785983e-06
19960,5.1422384786947725e-06
19961,5.141291072208179e-06
19962,5.140343665610554e-06
19963,5.139400043097095e-06
19964,5.13845830685256e-06
19965,5.137515627917643e-06
19966,5.136572948982733e-06
19967,5.135624594143626e-06
19968,5.134684740393249e-06
19969,5.133741117768766e-06
19970,5.132793711282168e-06
19971,5.1318491441909595e-06
19972,5.1309026850576675e-06
19973,5.1299571723895116e-06
19974,5.129009765902918e-06
19975,5.1280633067696274e-06
19976,5.127116847747362e-06
19977,5.1261703886140725e-06
19978,5.1252239294807864e-06
19979,5.124277470347498e-06
19980,5.123328166267704e-06
19981,5.1223779118370095e-06
19982,5.1214342892125265e-06
19983,5.120487830079233e-06
19984,5.1195394752401305e-06
19985,5.118594908148918e-06
19986,5.1176512855244366e-06
19987,5.116705772967305e-06
19988,5.115761205765065e-06
19989,5.114816638673855e-06
19990,5.1138711260056945e-06
19991,5.112925613337535e-06
19992,5.111983877092994e-06
19993,5.1110364706064e-06
19994,5.110090011473112e-06
19995,5.109142604986514e-06
19996,5.108199926051607e-06
19997,5.107257247116692e-06
19998,5.106309840630098e-06
19999,5.1053699868797196e-06
20000,5.104423527746425e-06
20001,5.103477068613134e-06
20002,5.102534389678226e-06
20003,5.101587930655963e-06
20004,5.100644308031473e-06
20005,5.099698795363316e-06
20006,5.098750440524216e-06
20007,5.097803981501946e-06
20008,5.096857522368661e-06
20009,5.095913899744178e-06
20010,5.09497216349963e-06
20011,5.0940313689462655e-06
20012,5.09309057450391e-06
20013,5.092143167906297e-06
20014,5.0911957614196945e-06
20015,5.090254025175155e-06
20016,5.0893132306217845e-06
20017,5.088369608108323e-06
20018,5.087417450311267e-06
20019,5.086475714066727e-06
20020,5.0855273592276305e-06
20021,5.084583736603146e-06
20022,5.08363538176404e-06
20023,5.082688922630747e-06
20024,5.0817434099625905e-06
20025,5.080795055123491e-06
20026,5.079845750932672e-06
20027,5.07889739609357e-06
20028,5.077950936960282e-06
20029,5.0770035304736885e-06
20030,5.0760561239870955e-06
20031,5.07511250147363e-06
20032,5.074170765118071e-06
20033,5.073228086183155e-06
20034,5.072285407248246e-06
20035,5.071342728313336e-06
20036,5.0704019338709835e-06
20037,5.0694583112465e-06
20038,5.068514688733039e-06
20039,5.067573894179663e-06
20040,5.066632157935124e-06
20041,5.065690421690584e-06
20042,5.0647486853350205e-06
20043,5.063801278848421e-06
20044,5.062853872361828e-06
20045,5.061906465875229e-06
20046,5.060959059388641e-06
20047,5.0600107044385154e-06
20048,5.059059498879748e-06
20049,5.0581101946889404e-06
20050,5.05716373555565e-06
20051,5.056220113042191e-06
20052,5.055268907372399e-06
20053,5.054325284858944e-06
20054,5.053384490305565e-06
20055,5.052440867681085e-06
20056,5.051493461194486e-06
20057,5.050542255635729e-06
20058,5.0495948490381065e-06
20059,5.048647442551508e-06
20060,5.047698138360699e-06
20061,5.046756402116158e-06
20062,5.045812779602699e-06
20063,5.044866320469413e-06
20064,5.043919861336121e-06
20065,5.04297623882266e-06
20066,5.042035444269291e-06
20067,5.041088985136003e-06
20068,5.040141578649401e-06
20069,5.039195119627142e-06
20070,5.038248660493853e-06
20071,5.03730030565475e-06
20072,5.0363500512240495e-06
20073,5.035398845554264e-06
20074,5.03445238642097e-06
20075,5.033503082341183e-06
20076,5.0325641683945974e-06
20077,5.031621489459683e-06
20078,5.030672185268868e-06
20079,5.029722881189076e-06
20080,5.028776422055791e-06
20081,5.0278252163860034e-06
20082,5.026876861546901e-06
20083,5.025926607116202e-06
20084,5.0249829846027455e-06
20085,5.024033680411929e-06
20086,5.02309194416739e-06
20087,5.022149265232477e-06
20088,5.021208470679109e-06
20089,5.020259166488294e-06
20090,5.019308912057595e-06
20091,5.0183690583072115e-06
20092,5.017422599284946e-06
20093,5.016471393615159e-06
20094,5.015520187945378e-06
20095,5.014568982386616e-06
20096,5.0136196781957995e-06
20097,5.012674165527646e-06
20098,5.011731486592728e-06
20099,5.010783131753625e-06
20100,5.009835725267033e-06
20101,5.008886421076219e-06
20102,5.007939014589627e-06
20103,5.006992555456335e-06
20104,5.006045148969736e-06
20105,5.005098689836453e-06
20106,5.004155067211964e-06
20107,5.003212388277055e-06
20108,5.0022640334379565e-06
20109,5.001314729247143e-06
20110,5.000365425167355e-06
20111,4.999418018569731e-06
20112,4.998470612083136e-06
20113,4.997520357652437e-06
20114,4.996575790561231e-06
20115,4.995633111626315e-06
20116,4.994685705139725e-06
20117,4.993742082515238e-06
20118,4.992799403580328e-06
20119,4.991856724645412e-06
20120,4.990907420454606e-06
20121,4.989958116263792e-06
20122,4.989011657241527e-06
20123,4.988064250754934e-06
20124,4.987117791621641e-06
20125,4.9861722789534815e-06
20126,4.985224872466888e-06
20127,4.984278413333597e-06
20128,4.9833338462423916e-06
20129,4.9823845420515775e-06
20130,4.981435237860768e-06
20131,4.980490670769557e-06
20132,4.97954136657874e-06
20133,4.978593960092148e-06
20134,4.977642754422361e-06
20135,4.976695347935764e-06
20136,4.9757460437449595e-06
20137,4.974796739554141e-06
20138,4.973851226997008e-06
20139,4.972904767863718e-06
20140,4.97196020077251e-06
20141,4.971012794174888e-06
20142,4.970066335152626e-06
20143,4.9691189285550036e-06
20144,4.968171522068413e-06
20145,4.9672260094002505e-06
20146,4.966276705320464e-06
20147,4.965328350370334e-06
20148,4.964379046290549e-06
20149,4.9634316396929245e-06
20150,4.962487072601715e-06
20151,4.961542505510508e-06
20152,4.960595099023913e-06
20153,4.95965524527353e-06
20154,4.958705941082722e-06
20155,4.957757586243618e-06
20156,4.95681112711033e-06
20157,4.955863720623731e-06
20158,4.954916314137133e-06
20159,4.953968907539517e-06
20160,4.953022448517251e-06
20161,4.952070290720204e-06
20162,4.951126668095716e-06
20163,4.950182101004512e-06
20164,4.949241306451138e-06
20165,4.948293899964544e-06
20166,4.947344595773729e-06
20167,4.9463971892871345e-06
20168,4.94545451035222e-06
20169,4.944506155513118e-06
20170,4.943561588310889e-06
20171,4.942618909375971e-06
20172,4.941669605185164e-06
20173,4.940720301105376e-06
20174,4.939772894507752e-06
20175,4.9388235904279645e-06
20176,4.9378742862371505e-06
20177,4.936925931398055e-06
20178,4.93597662720724e-06
20179,4.9350273230164285e-06
20180,4.934078018825619e-06
20181,4.933130612339022e-06
20182,4.9321841532057295e-06
20183,4.931231995408683e-06
20184,4.930289316473765e-06
20185,4.929341909987177e-06
20186,4.928399231052264e-06
20187,4.927460317216694e-06
20188,4.926519522663319e-06
20189,4.92558060882775e-06
20190,4.924632253877629e-06
20191,4.923683899038525e-06
20192,4.922738386370366e-06
20193,4.921790031531262e-06
20194,4.920839777100558e-06
20195,4.9198923706139635e-06
20196,4.9189421161832635e-06
20197,4.91799470969667e-06
20198,4.917051087072186e-06
20199,4.916100832752516e-06
20200,4.9151534261548954e-06
20201,4.914202220596129e-06
20202,4.913252916405319e-06
20203,4.912303612214507e-06
20204,4.911356205727914e-06
20205,4.910412583103425e-06
20206,4.909465176616834e-06
20207,4.90852155410337e-06
20208,4.907575094970089e-06
20209,4.906631472456627e-06
20210,4.905687849832139e-06
20211,4.904739494993035e-06
20212,4.903795872368558e-06
20213,4.902855077926203e-06
20214,4.901906722976082e-06
20215,4.900968748056118e-06
20216,4.900021341569525e-06
20217,4.8990796053249835e-06
20218,4.898128399655204e-06
20219,4.897177193985417e-06
20220,4.896225988426649e-06
20221,4.895274782756866e-06
20222,4.8943292700887025e-06
20223,4.893379966008912e-06
20224,4.892436343384435e-06
20225,4.891487988545329e-06
20226,4.89053868435452e-06
20227,4.889591277867921e-06
20228,4.888643871381325e-06
20229,4.887694567190511e-06
20230,4.886748108057223e-06
20231,4.885798803866415e-06
20232,4.884850449027313e-06
20233,4.883901144836499e-06
20234,4.8829527899974e-06
20235,4.882003485806584e-06
20236,4.881055130967483e-06
20237,4.880108671834192e-06
20238,4.8791753773924614e-06
20239,4.8782411486980576e-06
20240,4.877291844618272e-06
20241,4.876342540427462e-06
20242,4.87539228599676e-06
20243,4.874447718905547e-06
20244,4.873505982549989e-06
20245,4.87255857606339e-06
20246,4.871612116930099e-06
20247,4.870671322487756e-06
20248,4.8697239158901314e-06
20249,4.86877745686787e-06
20250,4.86783005038127e-06
20251,4.866878844711482e-06
20252,4.865929540520673e-06
20253,4.864982134034079e-06
20254,4.864033779194973e-06
20255,4.863085424244853e-06
20256,4.8621351699251705e-06
20257,4.8611858657343615e-06
20258,4.8602478907033824e-06
20259,4.859309915783428e-06
20260,4.858371940863467e-06
20261,4.857438646310723e-06
20262,4.85650535186899e-06
20263,4.855572990680731e-06
20264,4.8546387620973485e-06
20265,4.8536998481507576e-06
20266,4.852750543959951e-06
20267,4.851807865025033e-06
20268,4.8508717650497255e-06
20269,4.849928142536265e-06
20270,4.848982629868107e-06
20271,4.848037117199942e-06
20272,4.847088762360839e-06
20273,4.84614796791849e-06
20274,4.8452090539719e-06
20275,4.844270140136335e-06
20276,4.843330286385947e-06
20277,4.842382879899351e-06
20278,4.8414486512049484e-06
20279,4.84050502858047e-06
20280,4.83955762209387e-06
20281,4.838619647173914e-06
20282,4.837672240687319e-06
20283,4.836723885737197e-06
20284,4.835774581546379e-06
20285,4.834825277466589e-06
20286,4.8338750230358965e-06
20287,4.832932344100981e-06
20288,4.83199060785644e-06
20289,4.831046040654204e-06
20290,4.830100527986051e-06
20291,4.82915690547259e-06
20292,4.828207601281775e-06
20293,4.827264922346867e-06
20294,4.826322243411952e-06
20295,4.8253823896615666e-06
20296,4.8244406534170256e-06
20297,4.823500799666643e-06
20298,4.822560005113274e-06
20299,4.821619210670922e-06
20300,4.820677474426383e-06
20301,4.819732907224147e-06
20302,4.8187836030333395e-06
20303,4.817839035942124e-06
20304,4.816896357007215e-06
20305,4.8159555624538475e-06
20306,4.815013826209302e-06
20307,4.814073972458924e-06
20308,4.813127513436657e-06
20309,4.8121838908121674e-06
20310,4.811240268298709e-06
20311,4.8102947556305526e-06
20312,4.809344501199856e-06
20313,4.808395197009044e-06
20314,4.807456283173476e-06
20315,4.806508876686877e-06
20316,4.80556052173675e-06
20317,4.8046131152501584e-06
20318,4.8036647604110536e-06
20319,4.802723024166507e-06
20320,4.80177751149835e-06
20321,4.800839536578394e-06
20322,4.799894023910234e-06
20323,4.7989560488792515e-06
20324,4.7980133699443445e-06
20325,4.797064065864549e-06
20326,4.796114761673746e-06
20327,4.79516545748293e-06
20328,4.79421615329212e-06
20329,4.793266849101311e-06
20330,4.79232322658785e-06
20331,4.791382432034475e-06
20332,4.790440695789932e-06
20333,4.789498959545387e-06
20334,4.788550604706286e-06
20335,4.787606037504059e-06
20336,4.786662414990598e-06
20337,4.785711209320809e-06
20338,4.784766642229601e-06
20339,4.783824905985054e-06
20340,4.782887868981511e-06
20341,4.781945190046596e-06
20342,4.781005336296217e-06
20343,4.780055081865521e-06
20344,4.779107675378924e-06
20345,4.778160268892329e-06
20346,4.777210964701514e-06
20347,4.776267342077033e-06
20348,4.775321829519893e-06
20349,4.774372525329083e-06
20350,4.773427012660923e-06
20351,4.772486218107556e-06
20352,4.771545423554181e-06
20353,4.770604629111831e-06
20354,4.7696647753614485e-06
20355,4.768728675386136e-06
20356,4.767785996451227e-06
20357,4.76683574202053e-06
20358,4.765887387181419e-06
20359,4.76495502599317e-06
20360,4.764022664804909e-06
20361,4.763070507007862e-06
20362,4.762133470115335e-06
20363,4.761187010982046e-06
20364,4.7602480970354586e-06
20365,4.759308243396095e-06
20366,4.758366507040533e-06
20367,4.757432278457153e-06
20368,4.756489599411222e-06
20369,4.7555440868540765e-06
20370,4.754595731903954e-06
20371,4.753654937461604e-06
20372,4.752714142908233e-06
20373,4.751774289157848e-06
20374,4.750840994716121e-06
20375,4.749899258471579e-06
20376,4.748955635847099e-06
20377,4.748006331767304e-06
20378,4.747058925169691e-06
20379,4.746111518683092e-06
20380,4.745163163843993e-06
20381,4.74422048490908e-06
20382,4.743270230478377e-06
20383,4.742330376727998e-06
20384,4.741383917594709e-06
20385,4.740440295081254e-06
20386,4.73949950052788e-06
20387,4.738558705974508e-06
20388,4.737610351135401e-06
20389,4.736660096704704e-06
20390,4.735709842274007e-06
20391,4.7347586367152425e-06
20392,4.733810281765117e-06
20393,4.73285907620635e-06
20394,4.731908821775651e-06
20395,4.730968027222281e-06
20396,4.730017772791588e-06
20397,4.7290675183608855e-06
20398,4.7281182142810945e-06
20399,4.7271698593309665e-06
20400,4.72622150449187e-06
20401,4.725284467488321e-06
20402,4.7243399003971095e-06
20403,4.7233924939105165e-06
20404,4.722444138960391e-06
20405,4.721494834880598e-06
20406,4.720554981130224e-06
20407,4.719616067183632e-06
20408,4.718668660697036e-06
20409,4.71773256072172e-06
20410,4.716799266279988e-06
20411,4.7158556437665345e-06
20412,4.714916729819937e-06
20413,4.713980629955648e-06
20414,4.713041716009062e-06
20415,4.712103741089099e-06
20416,4.711165766058119e-06
20417,4.710225912418762e-06
20418,4.709276608227954e-06
20419,4.708335813674578e-06
20420,4.707394077430035e-06
20421,4.706459848735634e-06
20422,4.7055199949852564e-06
20423,4.704581081149685e-06
20424,4.703640286596312e-06
20425,4.702699492042939e-06
20426,4.701751137203839e-06
20427,4.700801833013025e-06
20428,4.699854426526428e-06
20429,4.69891551269086e-06
20430,4.697963354893809e-06
20431,4.6970225603404325e-06
20432,4.6960789378269786e-06
20433,4.6951343706247394e-06
20434,4.694193576071371e-06
20435,4.6932452212322715e-06
20436,4.692296866393166e-06
20437,4.691354187458254e-06
20438,4.690415273622685e-06
20439,4.689475419872298e-06
20440,4.6885355661219225e-06
20441,4.687587211282819e-06
20442,4.68665204744756e-06
20443,4.68571219369718e-06
20444,4.684772339946798e-06
20445,4.683825880813506e-06
20446,4.68288696697794e-06
20447,4.681945230733401e-06
20448,4.681004436180028e-06
20449,4.680065522344455e-06
20450,4.679126608397867e-06
20451,4.678188633477911e-06
20452,4.677251596474366e-06
20453,4.676309860229822e-06
20454,4.675358654560032e-06
20455,4.674411248073444e-06
20456,4.6734638415868454e-06
20457,4.672518328918683e-06
20458,4.671574706294198e-06
20459,4.670641411852474e-06
20460,4.669694952830209e-06
20461,4.668751330205721e-06
20462,4.667810535652353e-06
20463,4.66687068201299e-06
20464,4.6659327069820105e-06
20465,4.664995669978467e-06
20466,4.664057695058507e-06
20467,4.663123466364106e-06
20468,4.662187366388796e-06
20469,4.661246571835417e-06
20470,4.660308596915468e-06
20471,4.659369683079897e-06
20472,4.658429829329511e-06
20473,4.6574937293541965e-06
20474,4.6565425236844174e-06
20475,4.65559511719782e-06
20476,4.654650550106607e-06
20477,4.653700295675911e-06
20478,4.652751940836811e-06
20479,4.65181020448124e-06
20480,4.6508618496421406e-06
20481,4.649914443155542e-06
20482,4.64896418872485e-06
20483,4.648014884534037e-06
20484,4.647071262020571e-06
20485,4.6461248028872885e-06
20486,4.645178343753999e-06
20487,4.644230937267405e-06
20488,4.643284478245136e-06
20489,4.642336123295009e-06
20490,4.641397209459445e-06
20491,4.640455473214897e-06
20492,4.6395109060126705e-06
20493,4.638570111570315e-06
20494,4.6376227049727e-06
20495,4.6366828513333445e-06
20496,4.635733547142529e-06
20497,4.634792752589159e-06
20498,4.633851016344614e-06
20499,4.632904557211329e-06
20500,4.631962820966787e-06
20501,4.631023907131213e-06
20502,4.63009061257846e-06
20503,4.629142257739358e-06
20504,4.628193902900254e-06
20505,4.627253108346888e-06
20506,4.626314194511319e-06
20507,4.625366788024718e-06
20508,4.624418433074595e-06
20509,4.6234700782354954e-06
20510,4.6225217233963855e-06
20511,4.6215724192055765e-06
20512,4.62062311501477e-06
20513,4.619681378770224e-06
20514,4.618742464934653e-06
20515,4.617804490014703e-06
20516,4.616864636264317e-06
20517,4.615916281314195e-06
20518,4.614975486871841e-06
20519,4.614033750627298e-06
20520,4.6130948366807115e-06
20521,4.612153100436168e-06
20522,4.611212305882793e-06
20523,4.610269626947881e-06
20524,4.609319372517189e-06
20525,4.608372913494921e-06
20526,4.607427400826758e-06
20527,4.606479045987652e-06
20528,4.605529741796846e-06
20529,4.604588005552304e-06
20530,4.603642492884145e-06
20531,4.602696033750851e-06
20532,4.601748627264258e-06
20533,4.600801220777664e-06
20534,4.599855708109505e-06
20535,4.598910195441338e-06
20536,4.597959941010647e-06
20537,4.597008735451878e-06
20538,4.596059431261066e-06
20539,4.595118636707697e-06
20540,4.594172177574408e-06
20541,4.593234202654451e-06
20542,4.59228489846364e-06
20543,4.5913431622190945e-06
20544,4.590394807379996e-06
20545,4.589449294711835e-06
20546,4.588511319791875e-06
20547,4.587562015601066e-06
20548,4.586620279356525e-06
20549,4.585683242352979e-06
20550,4.5847386751507474e-06
20551,4.5838007002307865e-06
20552,4.582862725310833e-06
20553,4.581924750279852e-06
20554,4.580979237611693e-06
20555,4.580030882772589e-06
20556,4.579091029022209e-06
20557,4.5781455164650675e-06
20558,4.577201893840587e-06
20559,4.576259214905676e-06
20560,4.575315592392212e-06
20561,4.574371025189983e-06
20562,4.57342077075928e-06
20563,4.572470516328585e-06
20564,4.571522161489483e-06
20565,4.570577594398274e-06
20566,4.569637740647892e-06
20567,4.568695061712976e-06
20568,4.567747655226382e-06
20569,4.566796449556597e-06
20570,4.565849043070001e-06
20571,4.5649006882309e-06
20572,4.563950433800204e-06
20573,4.563000179369501e-06
20574,4.56205087517869e-06
20575,4.5611006207479965e-06
20576,4.560152265908892e-06
20577,4.559208643284405e-06
20578,4.5582631307272675e-06
20579,4.557320451792356e-06
20580,4.556373045194737e-06
20581,4.5554378813594835e-06
20582,4.554498967523915e-06
20583,4.553550612684807e-06
20584,4.5526051000166464e-06
20585,4.5516671249856666e-06
20586,4.550719718499072e-06
20587,4.549774205830912e-06
20588,4.548825850991813e-06
20589,4.547881283900602e-06
20590,4.5469395476560635e-06
20591,4.545995925031573e-06
20592,4.545053246096665e-06
20593,4.544108679005458e-06
20594,4.5431593748146435e-06
20595,4.542211019975538e-06
20596,4.5412607655448445e-06
20597,4.540313359058243e-06
20598,4.539363104627548e-06
20599,4.538414749788441e-06
20600,4.537464495357749e-06
20601,4.536514240927048e-06
20602,4.535576265896071e-06
20603,4.534638290976111e-06
20604,4.533696554731572e-06
20605,4.532748199892468e-06
20606,4.531807405339098e-06
20607,4.530858101148281e-06
20608,4.5299135340570695e-06
20609,4.528967074923785e-06
20610,4.528020615790497e-06
20611,4.527073209303898e-06
20612,4.526126750170612e-06
20613,4.525185955728262e-06
20614,4.524241388526026e-06
20615,4.523293982039431e-06
20616,4.522352245794893e-06
20617,4.521403890955792e-06
20618,4.520456484358168e-06
20619,4.519510025335906e-06
20620,4.518563566202617e-06
20621,4.5176171070693255e-06
20622,4.516670647936041e-06
20623,4.515720393616359e-06
20624,4.5147777145704324e-06
20625,4.513831255548162e-06
20626,4.512883849061565e-06
20627,4.511937389928278e-06
20628,4.51099282272605e-06
20629,4.51004825563484e-06
20630,4.5091008491482364e-06
20631,4.5081534426616435e-06
20632,4.50720413847083e-06
20633,4.506254834280021e-06
20634,4.505305530089208e-06
20635,4.504358123602616e-06
20636,4.503408819411806e-06
20637,4.502462360389536e-06
20638,4.501515901256244e-06
20639,4.500568494769656e-06
20640,4.499621088172034e-06
20641,4.498671784092245e-06
20642,4.49772437749463e-06
20643,4.49677697100803e-06
20644,4.49582956452144e-06
20645,4.494883105388144e-06
20646,4.493933801308355e-06
20647,4.4929873421750724e-06
20648,4.492042774972841e-06
20649,4.491095368486244e-06
20650,4.490148909463974e-06
20651,4.489204342261747e-06
20652,4.4882578831284505e-06
20653,4.487311424106189e-06
20654,4.48636211991538e-06
20655,4.485418497290894e-06
20656,4.4844710908043e-06
20657,4.483523684317703e-06
20658,4.482576277831109e-06
20659,4.481631710739897e-06
20660,4.4806871435376616e-06
20661,4.4797378393468534e-06
20662,4.4787904328602604e-06
20663,4.477843026373662e-06
20664,4.4768984592824515e-06
20665,4.4759510526848345e-06
20666,4.475003646198237e-06
20667,4.47405623971164e-06
20668,4.473115445158273e-06
20669,4.472174650715922e-06
20670,4.471227244118306e-06
20671,4.470280785096039e-06
20672,4.469331480905222e-06
20673,4.4683840744186315e-06
20674,4.467433819987932e-06
20675,4.466488307319769e-06
20676,4.465539003128959e-06
20677,4.464589698938145e-06
20678,4.4636422924515546e-06
20679,4.462695833318262e-06
20680,4.461749374296002e-06
20681,4.460801019345871e-06
20682,4.459850764915177e-06
20683,4.458904305892908e-06
20684,4.4579587932247494e-06
20685,4.457013280556588e-06
20686,4.45606871346538e-06
20687,4.455124146263148e-06
20688,4.454180523749682e-06
20689,4.453234064616395e-06
20690,4.452287605594133e-06
20691,4.451343038391898e-06
20692,4.45039657936963e-06
20693,4.449450120236344e-06
20694,4.44850366110305e-06
20695,4.4475572019697626e-06
20696,4.446610742947497e-06
20697,4.445665230279336e-06
20698,4.44471877114605e-06
20699,4.4437723120127615e-06
20700,4.442824905526165e-06
20701,4.441880338434958e-06
20702,4.440932931948361e-06
20703,4.43998552535074e-06
20704,4.439034319791978e-06
20705,4.438086913305384e-06
20706,4.437138558355257e-06
20707,4.436192099332991e-06
20708,4.4352456401997e-06
20709,4.43429823371311e-06
20710,4.4333517745798215e-06
20711,4.432402470389006e-06
20712,4.431458847875549e-06
20713,4.430509543684737e-06
20714,4.429565921060256e-06
20715,4.428620408503118e-06
20716,4.4276730020165155e-06
20717,4.4267265428832295e-06
20718,4.425779136396633e-06
20719,4.4248326772633445e-06
20720,4.42388621813006e-06
20721,4.422939758996771e-06
20722,4.421993299974499e-06
20723,4.4210458933768865e-06
20724,4.420099434354621e-06
20725,4.41915392168646e-06
20726,4.418209354595247e-06
20727,4.417263841927091e-06
20728,4.41631643544049e-06
20729,4.415372812816006e-06
20730,4.41442445797691e-06
20731,4.4134770514903085e-06
20732,4.41253059235702e-06
20733,4.411583185870429e-06
20734,4.4106367267371366e-06
20735,4.4096902676038505e-06
20736,4.408739062045086e-06
20737,4.407791655558489e-06
20738,4.406848032934008e-06
20739,4.40590157380072e-06
20740,4.4049551147784535e-06
20741,4.404009602110289e-06
20742,4.403063142977004e-06
20743,4.402121406732463e-06
20744,4.401177784219e-06
20745,4.400229429268879e-06
20746,4.3992848621776684e-06
20747,4.398339349509502e-06
20748,4.397390994670401e-06
20749,4.39644642757919e-06
20750,4.395505633025822e-06
20751,4.394561065934613e-06
20752,4.393613659336995e-06
20753,4.392669092245785e-06
20754,4.391726413310869e-06
20755,4.390779006824274e-06
20756,4.389834439622046e-06
20757,4.3888917606871294e-06
20758,4.3879453016648665e-06
20759,4.3870007344626325e-06
20760,4.3860533279760335e-06
20761,4.385110649041125e-06
20762,4.384164189907833e-06
20763,4.383226214987876e-06
20764,4.382285420434504e-06
20765,4.381343684189965e-06
20766,4.380401947945423e-06
20767,4.3794649109418745e-06
20768,4.378518451808587e-06
20769,4.377573884717375e-06
20770,4.376629317515146e-06
20771,4.3756828584928814e-06
20772,4.374740179557971e-06
20773,4.373792772960352e-06
20774,4.372850094025437e-06
20775,4.371902687538842e-06
20776,4.370956228405553e-06
20777,4.3700078735664505e-06
20778,4.3690633064752404e-06
20779,4.3681196838507574e-06
20780,4.367169429531078e-06
20781,4.36622391686292e-06
20782,4.365284063112541e-06
20783,4.364341384177627e-06
20784,4.363398705242712e-06
20785,4.362458851492335e-06
20786,4.3615104966532314e-06
20787,4.360561192462417e-06
20788,4.359611888271612e-06
20789,4.358663533432502e-06
20790,4.357716126945906e-06
20791,4.3567687204593176e-06
20792,4.355826041413379e-06
20793,4.3548833624784635e-06
20794,4.35393595599187e-06
20795,4.3529857015611705e-06
20796,4.352035447130473e-06
20797,4.351087092291376e-06
20798,4.350136837860675e-06
20799,4.3491865834299784e-06
20800,4.348238228590875e-06
20801,4.3472946060774095e-06
20802,4.3463509834529265e-06
20803,4.3454026286138225e-06
20804,4.3444571159456674e-06
20805,4.343514437010753e-06
20806,4.3425717580758425e-06
20807,4.341629079140931e-06
20808,4.340681672654333e-06
20809,4.3397389937194245e-06
20810,4.33879158723283e-06
20811,4.337848908186895e-06
20812,4.336898653867219e-06
20813,4.335955974821281e-06
20814,4.335013295886365e-06
20815,4.334070616951458e-06
20816,4.3331298225091075e-06
20817,4.332189027955734e-06
20818,4.331244460753502e-06
20819,4.3303027245089575e-06
20820,4.329352470078263e-06
20821,4.328410733833723e-06
20822,4.327462378994621e-06
20823,4.326512124563917e-06
20824,4.325570388319374e-06
20825,4.324629593766007e-06
20826,4.323683134632714e-06
20827,4.322741398388176e-06
20828,4.321797775874711e-06
20829,4.320856039630174e-06
20830,4.319907684680044e-06
20831,4.318959329840945e-06
20832,4.318018535287575e-06
20833,4.317071128800974e-06
20834,4.316121824610162e-06
20835,4.315177257518956e-06
20836,4.314230798385668e-06
20837,4.3132862312944545e-06
20838,4.312337876455354e-06
20839,4.3113923637871895e-06
20840,4.310444957300594e-06
20841,4.309496602461495e-06
20842,4.308550143328204e-06
20843,4.3076027368416075e-06
20844,4.306655330243994e-06
20845,4.305705075924312e-06
20846,4.30475672097419e-06
20847,4.303809314487596e-06
20848,4.302865691974134e-06
20849,4.3019220693496516e-06
20850,4.300974662863053e-06
20851,4.300025358672247e-06
20852,4.299077003833141e-06
20853,4.298133381319682e-06
20854,4.297185974722063e-06
20855,4.296238568235467e-06
20856,4.295288313804766e-06
20857,4.294350338884813e-06
20858,4.2934029323982125e-06
20859,4.292458365195984e-06
20860,4.291510958709387e-06
20861,4.290560704278692e-06
20862,4.2896132977920925e-06
20863,4.28867061885718e-06
20864,4.28772321237059e-06
20865,4.286778645168356e-06
20866,4.285832186146091e-06
20867,4.284884779548471e-06
20868,4.283934525117775e-06
20869,4.2829880660955055e-06
20870,4.282045387160595e-06
20871,4.281097032210469e-06
20872,4.280148677371363e-06
20873,4.279203164703202e-06
20874,4.278254809864099e-06
20875,4.277306455025002e-06
20876,4.276359048538402e-06
20877,4.2754163696034925e-06
20878,4.274473690668576e-06
20879,4.273526284070959e-06
20880,4.272578877584367e-06
20881,4.271630522745265e-06
20882,4.270682167906159e-06
20883,4.2697366552380015e-06
20884,4.268792088146789e-06
20885,4.267846575478629e-06
20886,4.2669020083874204e-06
20887,4.26595932945251e-06
20888,4.265014762250277e-06
20889,4.264069249582112e-06
20890,4.263127513337572e-06
20891,4.262184834402657e-06
20892,4.261237427916067e-06
20893,4.260292860824856e-06
20894,4.259348293622621e-06
20895,4.258402780954461e-06
20896,4.257459158441e-06
20897,4.25651647950609e-06
20898,4.255570020372801e-06
20899,4.254620716181986e-06
20900,4.253677093668525e-06
20901,4.252731581000366e-06
20902,4.251787958486911e-06
20903,4.250843391284675e-06
20904,4.2499007123497626e-06
20905,4.248952357510664e-06
20906,4.248012503760281e-06
20907,4.2470641489211775e-06
20908,4.246121469986267e-06
20909,4.2451778474728056e-06
20910,4.244233280270574e-06
20911,4.24328682113728e-06
20912,4.242337517057493e-06
20913,4.241390110459875e-06
20914,4.240442703973281e-06
20915,4.239493399782471e-06
20916,4.238548832691257e-06
20917,4.23760426560005e-06
20918,4.236655910760944e-06
20919,4.235709451627653e-06
20920,4.234761096788555e-06
20921,4.233813690190935e-06
20922,4.232871011256026e-06
20923,4.23192833232111e-06
20924,4.230990357401151e-06
20925,4.230046734776671e-06
20926,4.229101222219537e-06
20927,4.228153815621912e-06
20928,4.227209248530703e-06
20929,4.226263735862542e-06
20930,4.225318223305404e-06
20931,4.224371764172116e-06
20932,4.223420558502336e-06
20933,4.222474099369041e-06
20934,4.221525744529939e-06
20935,4.22058212201648e-06
20936,4.219630916346695e-06
20937,4.218685403678534e-06
20938,4.217739891121398e-06
20939,4.216796268496914e-06
20940,4.215850755828752e-06
20941,4.214905243271616e-06
20942,4.213961620647131e-06
20943,4.213016107978973e-06
20944,4.212068701492379e-06
20945,4.211120346653276e-06
20946,4.210174833985112e-06
20947,4.209236859065156e-06
20948,4.20829982206161e-06
20949,4.207358085817067e-06
20950,4.206412573148907e-06
20951,4.2054661140156205e-06
20952,4.204517759176518e-06
20953,4.203569404337412e-06
20954,4.2026248371351835e-06
20955,4.2016736315764175e-06
20956,4.200728118908256e-06
20957,4.199789205072691e-06
20958,4.198841798475076e-06
20959,4.197893443635973e-06
20960,4.196948876544759e-06
20961,4.196000521705656e-06
20962,4.195053115108042e-06
20963,4.194107602550903e-06
20964,4.193163979926419e-06
20965,4.192216573439821e-06
20966,4.19127295092636e-06
20967,4.190323646735552e-06
20968,4.1893790795333175e-06
20969,4.1884316730467185e-06
20970,4.187485213913432e-06
20971,4.18653685907433e-06
20972,4.185588504235228e-06
20973,4.184638249804531e-06
20974,4.183690843317932e-06
20975,4.182742488478833e-06
20976,4.181794133528705e-06
20977,4.180845778689601e-06
20978,4.17990215617614e-06
20979,4.178955697042854e-06
20980,4.178026130174927e-06
20981,4.17708909317138e-06
20982,4.176141686684787e-06
20983,4.175193331845684e-06
20984,4.1742468727123915e-06
20985,4.173298517873292e-06
20986,4.172350163034187e-06
20987,4.171399908603491e-06
20988,4.17045534140126e-06
20989,4.16950888226797e-06
20990,4.168566203333055e-06
20991,4.167617848493956e-06
20992,4.166668544303142e-06
20993,4.16572492178968e-06
20994,4.16478035469847e-06
20995,4.1638451907521895e-06
20996,4.1629118963104625e-06
20997,4.161966383753327e-06
20998,4.161028408722342e-06
20999,4.160085729787434e-06
21000,4.159143050852521e-06
21001,4.158196591719229e-06
21002,4.157248236880128e-06
21003,4.156311199876587e-06
21004,4.155364740743294e-06
21005,4.1544192281861595e-06
21006,4.153473715517998e-06
21007,4.1525263090314e-06
21008,4.151584572786856e-06
21009,4.150641893740928e-06
21010,4.149703918820971e-06
21011,4.148761239886053e-06
21012,4.147814780752764e-06
21013,4.146874927002389e-06
21014,4.14593601316682e-06
21015,4.144986708976009e-06
21016,4.144037404896219e-06
21017,4.14308904994609e-06
21018,4.142146371011178e-06
21019,4.141202748497722e-06
21020,4.1402591258732374e-06
21021,4.139314558782022e-06
21022,4.138370936268563e-06
21023,4.1374235296709455e-06
21024,4.1364742255911605e-06
21025,4.135531546545223e-06
21026,4.134583191706124e-06
21027,4.133637679037963e-06
21028,4.132695942793415e-06
21029,4.131747587954315e-06
21030,4.130809613034357e-06
21031,4.129869759283977e-06
21032,4.128929905533595e-06
21033,4.127989110980221e-06
21034,4.127041704493626e-06
21035,4.12609145006293e-06
21036,4.125145937394771e-06
21037,4.124200424837631e-06
21038,4.12325680221315e-06
21039,4.122311289544986e-06
21040,4.121366722453776e-06
21041,4.120421209785616e-06
21042,4.11947664269441e-06
21043,4.118535848141038e-06
21044,4.117596934305469e-06
21045,4.116656139752094e-06
21046,4.1157106270839324e-06
21047,4.1147688908393914e-06
21048,4.113826211904482e-06
21049,4.112885417351106e-06
21050,4.111938010864515e-06
21051,4.110989656025407e-06
21052,4.110046033400927e-06
21053,4.109097678561822e-06
21054,4.10814932372272e-06
21055,4.107203811054563e-06
21056,4.106255456215458e-06
21057,4.105306152024649e-06
21058,4.10435779718554e-06
21059,4.103419822154561e-06
21060,4.1024780859100184e-06
21061,4.101532573352884e-06
21062,4.100585166755267e-06
21063,4.099636811916164e-06
21064,4.098689405429567e-06
21065,4.097741050590465e-06
21066,4.096793644103871e-06
21067,4.095843389673171e-06
21068,4.0948931352424705e-06
21069,4.093942880811775e-06
21070,4.093000201876863e-06
21071,4.09205752294195e-06
21072,4.0911091679918235e-06
21073,4.0901636554346865e-06
21074,4.089218142766525e-06
21075,4.088266937096743e-06
21076,4.087328023261171e-06
21077,4.086390048230192e-06
21078,4.085451134394624e-06
21079,4.084511280644242e-06
21080,4.083563874157648e-06
21081,4.082616467671055e-06
21082,4.0816671634802395e-06
21083,4.080715957810455e-06
21084,4.079777982890495e-06
21085,4.0788296280513956e-06
21086,4.077882221564799e-06
21087,4.076931967134103e-06
21088,4.075985508000811e-06
21089,4.075050344165551e-06
21090,4.074115180330295e-06
21091,4.073180951635889e-06
21092,4.072232596685764e-06
21093,4.0712936828501975e-06
21094,4.070345328011096e-06
21095,4.069404533457721e-06
21096,4.0684721722694695e-06
21097,4.067533258433897e-06
21098,4.0665934046835145e-06
21099,4.065657304708202e-06
21100,4.064708949869102e-06
21101,4.063767213624556e-06
21102,4.062832049789299e-06
21103,4.0618912552359285e-06
21104,4.060949518991388e-06
21105,4.0600021125047886e-06
21106,4.059061317951421e-06
21107,4.058122404115846e-06
21108,4.057183490169261e-06
21109,4.056238923078051e-06
21110,4.0552981285246776e-06
21111,4.054359214689105e-06
21112,4.053410859738983e-06
21113,4.052462504899878e-06
21114,4.051521710346508e-06
21115,4.0505761977893675e-06
21116,4.0496278428392395e-06
21117,4.048687048396893e-06
21118,4.047745312152354e-06
21119,4.04679885301906e-06
21120,4.045859939072471e-06
21121,4.044913480050206e-06
21122,4.04397268549683e-06
21123,4.043023381306018e-06
21124,4.0420740771152106e-06
21125,4.041129510024001e-06
21126,4.04018871547063e-06
21127,4.039239411279816e-06
21128,4.038290107200028e-06
21129,4.037338901530244e-06
21130,4.036396222595328e-06
21131,4.035455428041957e-06
21132,4.034516514206389e-06
21133,4.033566259775691e-06
21134,4.032615054105903e-06
21135,4.031680825411501e-06
21136,4.0307447255472076e-06
21137,4.0298095616009294e-06
21138,4.028860257521137e-06
21139,4.027909051851353e-06
21140,4.026971076931393e-06
21141,4.026031223181016e-06
21142,4.02508948693647e-06
21143,4.02415619238372e-06
21144,4.023222897941993e-06
21145,4.022289603500264e-06
21146,4.021348808946891e-06
21147,4.020410834026932e-06
21148,4.019472859106973e-06
21149,4.018533945160389e-06
21150,4.017592208915845e-06
21151,4.016643854076742e-06
21152,4.015701175141825e-06
21153,4.014765075166514e-06
21154,4.013824280613146e-06
21155,4.012882544368599e-06
21156,4.011933240177788e-06
21157,4.010992445735438e-06
21158,4.010051651182066e-06
21159,4.0091042446954725e-06
21160,4.0081606220709895e-06
21161,4.007221708235417e-06
21162,4.006284671231876e-06
21163,4.005344817481493e-06
21164,4.004404963731115e-06
21165,4.0034632274865675e-06
21166,4.00251771481841e-06
21167,4.001574092304948e-06
21168,4.000626685818354e-06
21169,3.999680226685063e-06
21170,3.998740372934681e-06
21171,3.997796750421223e-06
21172,3.99685783647463e-06
21173,3.995927339128788e-06
21174,3.994988425293219e-06
21175,3.994046688937658e-06
21176,3.993108714017703e-06
21177,3.992169800182132e-06
21178,3.99123088623554e-06
21179,3.990296657541139e-06
21180,3.98934545198237e-06
21181,3.988405598231994e-06
21182,3.987463861987449e-06
21183,3.98652494804086e-06
21184,3.985588848176571e-06
21185,3.984648994426187e-06
21186,3.983708199872818e-06
21187,3.982772099897502e-06
21188,3.981835062893959e-06
21189,3.980898025890412e-06
21190,3.979961926026121e-06
21191,3.979026762190864e-06
21192,3.978094401002608e-06
21193,3.977158301027298e-06
21194,3.976222201051979e-06
21195,3.975286101076671e-06
21196,3.9743490640731204e-06
21197,3.9734082696307755e-06
21198,3.972459914791674e-06
21199,3.971510610600858e-06
21200,3.970564151467573e-06
21201,3.969619584376361e-06
21202,3.968675017174127e-06
21203,3.967728558151864e-06
21204,3.96678493552738e-06
21205,3.965839422859216e-06
21206,3.964896743924306e-06
21207,3.9639578300887405e-06
21208,3.963012317420577e-06
21209,3.96206680475242e-06
21210,3.961115599193653e-06
21211,3.960175745443273e-06
21212,3.95923964546796e-06
21213,3.958300731632389e-06
21214,3.9573599370790225e-06
21215,3.956412530592425e-06
21216,3.9554632264016095e-06
21217,3.95452618939807e-06
21218,3.953583510463157e-06
21219,3.9526351556240505e-06
21220,3.951693419379506e-06
21221,3.9507450644293815e-06
21222,3.949806150593812e-06
21223,3.948867236758248e-06
21224,3.947918881808125e-06
21225,3.946968627488446e-06
21226,3.946022168355157e-06
21227,3.9450851313516145e-06
21228,3.944143395107072e-06
21229,3.943203541356689e-06
21230,3.942264627521121e-06
21231,3.941324773770739e-06
21232,3.940383037526199e-06
21233,3.9394441235796035e-06
21234,3.9385042698292256e-06
21235,3.9375644161898666e-06
21236,3.936623621636495e-06
21237,3.935676215149896e-06
21238,3.934727860199768e-06
21239,3.933788006560412e-06
21240,3.932850969556869e-06
21241,3.931912055610275e-06
21242,3.930968433096815e-06
21243,3.9300238658945855e-06
21244,3.929077406872314e-06
21245,3.928138492925724e-06
21246,3.927197698483374e-06
21247,3.926255962127809e-06
21248,3.925309503105542e-06
21249,3.924361148155422e-06
21250,3.923422234319854e-06
21251,3.922473879480749e-06
21252,3.9215312005458375e-06
21253,3.920591346795455e-06
21254,3.919657118101051e-06
21255,3.918713495587587e-06
21256,3.9177651406374645e-06
21257,3.916822461702551e-06
21258,3.91587125614379e-06
21259,3.914922901193662e-06
21260,3.913976442171399e-06
21261,3.913028087332295e-06
21262,3.912081628199006e-06
21263,3.911133273359899e-06
21264,3.910186814226612e-06
21265,3.909240355093321e-06
21266,3.908295788002111e-06
21267,3.907356874055523e-06
21268,3.906409467568927e-06
21269,3.905459213138229e-06
21270,3.904515590624772e-06
21271,3.903571968000288e-06
21272,3.902627400909074e-06
21273,3.901682833817865e-06
21274,3.900736374684579e-06
21275,3.899789915551289e-06
21276,3.898843456418003e-06
21277,3.897900777483088e-06
21278,3.896953370996492e-06
21279,3.89601069206158e-06
21280,3.895063285574985e-06
21281,3.894117772906828e-06
21282,3.893176036662283e-06
21283,3.89223430041774e-06
21284,3.891291621482831e-06
21285,3.890344214996235e-06
21286,3.889396808398614e-06
21287,3.888446553967914e-06
21288,3.887500094945651e-06
21289,3.886560241195273e-06
21290,3.885621327359699e-06
21291,3.884672023168887e-06
21292,3.8837255640356005e-06
21293,3.882779104902315e-06
21294,3.881832645880042e-06
21295,3.880884290929918e-06
21296,3.879941611995005e-06
21297,3.8789979894815465e-06
21298,3.878049634642447e-06
21299,3.8771107206958524e-06
21300,3.876170866945471e-06
21301,3.875230072503119e-06
21302,3.87428833614756e-06
21303,3.8733418771252914e-06
21304,3.8723954179920045e-06
21305,3.8714461138011905e-06
21306,3.870501546709984e-06
21307,3.869557924085499e-06
21308,3.868609569246397e-06
21309,3.867667833001855e-06
21310,3.866729858081896e-06
21311,3.865782451484277e-06
21312,3.8648369389271375e-06
21313,3.863890479793851e-06
21314,3.862944020660566e-06
21315,3.86199661417397e-06
21316,3.861050155040683e-06
21317,3.860111241205108e-06
21318,3.859171387454728e-06
21319,3.85822492832144e-06
21320,3.857284133879092e-06
21321,3.856343339325717e-06
21322,3.855403485575336e-06
21323,3.854462691021963e-06
21324,3.853521896579612e-06
21325,3.8525820428292334e-06
21326,3.8516355836959465e-06
21327,3.850691961182484e-06
21328,3.84974265699167e-06
21329,3.848796197858382e-06
21330,3.847849738725095e-06
21331,3.846906116211634e-06
21332,3.845959657078348e-06
21333,3.845009402647651e-06
21334,3.844060098456835e-06
21335,3.84311363943457e-06
21336,3.842172844881195e-06
21337,3.8412320503278235e-06
21338,3.840282746137011e-06
21339,3.839336287114746e-06
21340,3.838387932164623e-06
21341,3.837441473142353e-06
21342,3.8364959604741955e-06
21343,3.8355504478060345e-06
21344,3.8346030413194415e-06
21345,3.83365658218615e-06
21346,3.8327110695179945e-06
21347,3.831772155682423e-06
21348,3.8308247491958295e-06
21349,3.8298782900625375e-06
21350,3.828932777394379e-06
21351,3.827985370907784e-06
21352,3.827047395987823e-06
21353,3.826098091797012e-06
21354,3.82515729724364e-06
21355,3.824217443493259e-06
21356,3.823276649050909e-06
21357,3.82233679530053e-06
21358,3.821395059055989e-06
21359,3.820447652458368e-06
21360,3.8195002459717725e-06
21361,3.818550941780959e-06
21362,3.817604482758695e-06
21363,3.816654228327998e-06
21364,3.815704924137187e-06
21365,3.8147584650039e-06
21366,3.813818611253519e-06
21367,3.8128721522312478e-06
21368,3.8119237972811236e-06
21369,3.810977338258857e-06
21370,3.810033715634374e-06
21371,3.809087256612111e-06
21372,3.808142689409877e-06
21373,3.8071952829232805e-06
21374,3.806246928084179e-06
21375,3.80530141541602e-06
21376,3.8043530605769183e-06
21377,3.8034047057378105e-06
21378,3.8024563507876897e-06
21379,3.801507995948581e-06
21380,3.8005624832804256e-06
21381,3.7996160242581575e-06
21382,3.798667669308033e-06
21383,3.7977193144689277e-06
21384,3.7967738018007713e-06
21385,3.7958273427785e-06
21386,3.794878987828377e-06
21387,3.7939325288061124e-06
21388,3.7929870161379498e-06
21389,3.792039609651356e-06
21390,3.7910912548122502e-06
21391,3.7901419506214412e-06
21392,3.7891926464306297e-06
21393,3.7882442915915228e-06
21394,3.787299724389291e-06
21395,3.786354211832153e-06
21396,3.785407752698868e-06
21397,3.784459397859765e-06
21398,3.7835138851916024e-06
21399,3.7825664787050086e-06
21400,3.7816228560805256e-06
21401,3.7806792335670606e-06
21402,3.779732774433778e-06
21403,3.778786315300488e-06
21404,3.7778389088138913e-06
21405,3.7768915023272987e-06
21406,3.7759450431940037e-06
21407,3.774998584060716e-06
21408,3.7740549615472582e-06
21409,3.7731113390337946e-06
21410,3.7721686599878644e-06
21411,3.7712240928966493e-06
21412,3.7702785802284896e-06
21413,3.769335901293578e-06
21414,3.768390388736444e-06
21415,3.7674448760682813e-06
21416,3.766499363400123e-06
21417,3.765553850731964e-06
21418,3.7646083380638035e-06
21419,3.7636656591288893e-06
21420,3.7627201465717545e-06
21421,3.7617784102161848e-06
21422,3.7608319511939223e-06
21423,3.7598854920606345e-06
21424,3.758939979392471e-06
21425,3.757993520259186e-06
21426,3.7570480077020446e-06
21427,3.7560977532713446e-06
21428,3.7551541306468663e-06
21429,3.754207671624596e-06
21430,3.7532621589564364e-06
21431,3.752311904525742e-06
21432,3.751367337434531e-06
21433,3.750421824766368e-06
21434,3.7494744182797767e-06
21435,3.7485260633296483e-06
21436,3.74758055077251e-06
21437,3.7466350381043524e-06
21438,3.7456895254361898e-06
21439,3.7447421189495926e-06
21440,3.743796606281438e-06
21441,3.7428510936132744e-06
21442,3.7419074710998154e-06
21443,3.7409619584316515e-06
21444,3.7400145519450606e-06
21445,3.7390718730101435e-06
21446,3.7381216185794486e-06
21447,3.7371751594461617e-06
21448,3.736233423201621e-06
21449,3.735289800577135e-06
21450,3.7343433415548713e-06
21451,3.7333978288867057e-06
21452,3.7324523162185464e-06
21453,3.7315068035503867e-06
21454,3.7305622364591818e-06
21455,3.7296167237910166e-06
21456,3.7286740448561083e-06
21457,3.727728532187945e-06
21458,3.7267820731656794e-06
21459,3.7258337182155513e-06
21460,3.7248900957020936e-06
21461,3.723947416767181e-06
21462,3.7230028496759745e-06
21463,3.72206393572938e-06
21464,3.721115580890277e-06
21465,3.7201729019553624e-06
21466,3.7192273892872044e-06
21467,3.7182799828006122e-06
21468,3.7173344701324474e-06
21469,3.716388957464288e-06
21470,3.715443444907154e-06
21471,3.7144969857738596e-06
21472,3.713550526640572e-06
21473,3.7126059595493614e-06
21474,3.7116604468812017e-06
21475,3.710714934213042e-06
21476,3.709769421655904e-06
21477,3.708823908987743e-06
21478,3.7078793417855155e-06
21479,3.706933829228379e-06
21480,3.7059911502934627e-06
21481,3.705045637625301e-06
21482,3.7041001249571437e-06
21483,3.703154612288986e-06
21484,3.7022090996208256e-06
21485,3.7012635870636886e-06
21486,3.700314282872876e-06
21487,3.6993649786820656e-06
21488,3.6984185195487736e-06
21489,3.6974720605265056e-06
21490,3.696526547858347e-06
21491,3.695581035190188e-06
21492,3.6946364680989757e-06
21493,3.693690955430818e-06
21494,3.6927454427626555e-06
21495,3.6917999300944975e-06
21496,3.690854417537361e-06
21497,3.6899089048691987e-06
21498,3.6889605500300934e-06
21499,3.6880150373619367e-06
21500,3.6870695246937787e-06
21501,3.686121169854672e-06
21502,3.6851747107213848e-06
21503,3.684226355882279e-06
21504,3.683280843214118e-06
21505,3.6823400486607495e-06
21506,3.6813926421741498e-06
21507,3.6804471295059947e-06
21508,3.679501616948853e-06
21509,3.6785561042806972e-06
21510,3.677610591612532e-06
21511,3.6766650789443736e-06
21512,3.6757205118531635e-06
21513,3.674775944761952e-06
21514,3.673828538164336e-06
21515,3.6728782837336365e-06
21516,3.6719318247113715e-06
21517,3.670984418113757e-06
21518,3.670035114033967e-06
21519,3.669088654900675e-06
21520,3.6681450322761916e-06
21521,3.6671966774370893e-06
21522,3.6662483225979895e-06
21523,3.6652999677588834e-06
21524,3.664351612919781e-06
21525,3.6634042063221624e-06
21526,3.6624615273872495e-06
21527,3.661514120900654e-06
21528,3.6605657660615508e-06
21529,3.6596174112224463e-06
21530,3.6586728440202157e-06
21531,3.6577301650853053e-06
21532,3.656784652417147e-06
21533,3.6558419734822344e-06
21534,3.6548992945473223e-06
21535,3.6539490401166223e-06
21536,3.65300730387208e-06
21537,3.6520655676275374e-06
21538,3.6511228886926244e-06
21539,3.6501811524480826e-06
21540,3.649234693314795e-06
21541,3.6482872868282006e-06
21542,3.647341774160037e-06
21543,3.646400037915497e-06
21544,3.645451683076394e-06
21545,3.6445033282372935e-06
21546,3.643560649302379e-06
21547,3.642617970256448e-06
21548,3.6416715112341816e-06
21549,3.6407241047475844e-06
21550,3.639776698149966e-06
21551,3.6388340192150507e-06
21552,3.637892282970511e-06
21553,3.6369458238372202e-06
21554,3.636000311280085e-06
21555,3.6350557440778505e-06
21556,3.634114007833311e-06
21557,3.6331637534026137e-06
21558,3.6322172942693226e-06
21559,3.631271781712188e-06
21560,3.6303319279618043e-06
21561,3.6293911334084302e-06
21562,3.628446566317223e-06
21563,3.6275019991149895e-06
21564,3.626561204672641e-06
21565,3.6256166374704105e-06
21566,3.62466923098381e-06
21567,3.623721824497217e-06
21568,3.622781970746833e-06
21569,3.6218402345022933e-06
21570,3.620901320666723e-06
21571,3.6199539140691085e-06
21572,3.619009346977897e-06
21573,3.618060992138791e-06
21574,3.6171126372996917e-06
21575,3.6161652307020756e-06
21576,3.615217824215478e-06
21577,3.614269469376376e-06
21578,3.6133239567082117e-06
21579,3.6123831621548394e-06
21580,3.6114404832199315e-06
21581,3.6104959161287206e-06
21582,3.6095485096421247e-06
21583,3.6086011031555304e-06
21584,3.607653696557909e-06
21585,3.6067110176229967e-06
21586,3.605763611136404e-06
21587,3.6048133567057063e-06
21588,3.6038659502191095e-06
21589,3.6029185437325135e-06
21590,3.6019711372459197e-06
21591,3.6010237306483027e-06
21592,3.600076324161706e-06
21593,3.599130811493542e-06
21594,3.5981834050069477e-06
21595,3.597237892338787e-06
21596,3.5962914333165205e-06
21597,3.5953468661142928e-06
21598,3.5944022990230806e-06
21599,3.5934567863549196e-06
21600,3.5925093798683237e-06
21601,3.5915619733817294e-06
21602,3.5906145668951365e-06
21603,3.589667160297518e-06
21604,3.5887197538109197e-06
21605,3.5877723473243225e-06
21606,3.5868249408377295e-06
21607,3.585878481704441e-06
21608,3.5849348591909806e-06
21609,3.583987452593362e-06
21610,3.583048538757791e-06
21611,3.5821077442044184e-06
21612,3.5811603377178233e-06
21613,3.580217658782914e-06
21614,3.579275922538369e-06
21615,3.5783285160517793e-06
21616,3.5773811094541573e-06
21617,3.5764318053743698e-06
21618,3.575491010820998e-06
21619,3.5745492745764564e-06
21620,3.573601867978836e-06
21621,3.5726601317342925e-06
21622,3.571713672712029e-06
21623,3.5707672135787413e-06
21624,3.5698179093879294e-06
21625,3.5688752304530165e-06
21626,3.567932551518108e-06
21627,3.56699175696473e-06
21628,3.5660500207201927e-06
21629,3.5651120458002313e-06
21630,3.5641731318536455e-06
21631,3.563232337411295e-06
21632,3.5622858782780055e-06
21633,3.561339419144718e-06
21634,3.5603929600114245e-06
21635,3.55944839292022e-06
21636,3.558502880252057e-06
21637,3.5575573675838967e-06
21638,3.556612800492684e-06
21639,3.5556653940060903e-06
21640,3.554717987519493e-06
21641,3.553779073572906e-06
21642,3.552831667086307e-06
21643,3.551893692166351e-06
21644,3.5509472330330617e-06
21645,3.550000773899777e-06
21646,3.549055261231613e-06
21647,3.5481088022093517e-06
21648,3.5471613957227532e-06
21649,3.546217773098271e-06
21650,3.545271313964981e-06
21651,3.5443324001294104e-06
21652,3.5433849936428187e-06
21653,3.5424356894520055e-06
21654,3.5414882829654096e-06
21655,3.5405408764788153e-06
21656,3.5395991401232486e-06
21657,3.5386507852841476e-06
21658,3.53770527261599e-06
21659,3.5367588135937194e-06
21660,3.535814246391486e-06
21661,3.534868733834353e-06
21662,3.5339232211661883e-06
21663,3.5329805422312813e-06
21664,3.5320331357446816e-06
21665,3.5310913993891216e-06
21666,3.5301458868319813e-06
21667,3.5292032078970662e-06
21668,3.528262413343698e-06
21669,3.5273169006755376e-06
21670,3.5263770469251567e-06
21671,3.525432479833947e-06
21672,3.5244841249948405e-06
21673,3.523536718397222e-06
21674,3.5225893119106284e-06
21675,3.52164000771982e-06
21676,3.520694495162678e-06
21677,3.5197489824945177e-06
21678,3.5188063035596086e-06
21679,3.517864567315068e-06
21680,3.5169181081817786e-06
21681,3.515974485557297e-06
21682,3.5150299184660825e-06
21683,3.5140825119794896e-06
21684,3.5131388893550036e-06
21685,3.512191482868409e-06
21686,3.5112440763818168e-06
21687,3.510294772191005e-06
21688,3.5093473657044097e-06
21689,3.508404686769493e-06
21690,3.507462007834583e-06
21691,3.5065155487012928e-06
21692,3.5055671938621913e-06
21693,3.504621681194033e-06
21694,3.5036742747074327e-06
21695,3.50272591986833e-06
21696,3.5017813526660997e-06
21697,3.5008339461795063e-06
21698,3.499887487046216e-06
21699,3.4989419744890786e-06
21700,3.4980086800473457e-06
21701,3.4970678854939754e-06
21702,3.496126149249435e-06
21703,3.4951844128938673e-06
21704,3.494244559254509e-06
21705,3.4932981001212244e-06
21706,3.4923506936346267e-06
21707,3.4914032871480325e-06
21708,3.490456828014746e-06
21709,3.4895113153465825e-06
21710,3.488563908859989e-06
21711,3.487622172615446e-06
21712,3.486679493680533e-06
21713,3.4857330345472478e-06
21714,3.4847894119227593e-06
21715,3.4838429529004985e-06
21716,3.4828993302760146e-06
21717,3.4819528712537475e-06
21718,3.481013957307154e-06
21719,3.4800741035567765e-06
21720,3.4791304810433132e-06
21721,3.478186858418829e-06
21722,3.4772385035797288e-06
21723,3.476292990911564e-06
21724,3.475347478354429e-06
21725,3.474401965686269e-06
21726,3.473460229441726e-06
21727,3.472515662239496e-06
21728,3.4715739259949547e-06
21729,3.4706340722445746e-06
21730,3.4696904497311097e-06
21731,3.4687449370629525e-06
21732,3.467799424394793e-06
21733,3.4668510695556863e-06
21734,3.4659027147165865e-06
21735,3.4649543598774817e-06
21736,3.464006953279866e-06
21737,3.4630633307664053e-06
21738,3.462117818098245e-06
21739,3.4611713590759792e-06
21740,3.4602277364514937e-06
21741,3.459278432260683e-06
21742,3.458329128069868e-06
21743,3.4573826690476014e-06
21744,3.456433364856794e-06
21745,3.455487852188631e-06
21746,3.4545413930553467e-06
21747,3.4535920889755524e-06
21748,3.4526437340254294e-06
21749,3.4516944299456373e-06
21750,3.4507451257548287e-06
21751,3.449798666621537e-06
21752,3.4488588128711562e-06
21753,3.4479170766266157e-06
21754,3.446978162791045e-06
21755,3.446032650122885e-06
21756,3.4450871374547276e-06
21757,3.4441406783214377e-06
21758,3.443203641428915e-06
21759,3.4422609624940033e-06
21760,3.441326733799601e-06
21761,3.440380274666309e-06
21762,3.4394338155330217e-06
21763,3.438483561102323e-06
21764,3.4375380484341654e-06
21765,3.436595369499249e-06
21766,3.435650802408042e-06
21767,3.434707179894582e-06
21768,3.4337673261441963e-06
21769,3.432819919657602e-06
21770,3.431881005711011e-06
21771,3.4309477112692832e-06
21772,3.4300050323343703e-06
21773,3.4290670574144144e-06
21774,3.428120598281127e-06
21775,3.4271731917945277e-06
21776,3.426223887603719e-06
21777,3.425278374935557e-06
21778,3.424331915802268e-06
21779,3.423392062162913e-06
21780,3.422444655565296e-06
21781,3.421505741729724e-06
21782,3.4205696417544127e-06
21783,3.4196297880040297e-06
21784,3.4186852209128226e-06
21785,3.417744426359448e-06
21786,3.4167989136912897e-06
21787,3.415849609611497e-06
21788,3.414900305420685e-06
21789,3.4139547927525284e-06
21790,3.4130054885617147e-06
21791,3.4120599758935567e-06
21792,3.4111144633364206e-06
21793,3.410176488305438e-06
21794,3.4092385133854815e-06
21795,3.408299599549911e-06
21796,3.40735880499654e-06
21797,3.4064095008057298e-06
21798,3.405462094319132e-06
21799,3.4045222405687525e-06
21800,3.4035805043242102e-06
21801,3.4026425292932316e-06
21802,3.40170361545766e-06
21803,3.4007571563243744e-06
21804,3.3998097498377767e-06
21805,3.3988623433511837e-06
21806,3.3979262433758676e-06
21807,3.3969769391850578e-06
21808,3.396031426627921e-06
21809,3.3950849674946318e-06
21810,3.394146053548042e-06
21811,3.3931967494682508e-06
21812,3.3922531268437678e-06
21813,3.3913113905992267e-06
21814,3.3903630357601257e-06
21815,3.3894194131356427e-06
21816,3.3884748460444344e-06
21817,3.387538746069116e-06
21818,3.3865894418783092e-06
21819,3.3856410870392052e-06
21820,3.3846927322001012e-06
21821,3.3837519376467293e-06
21822,3.3828111430933552e-06
21823,3.381873168173401e-06
21824,3.3809323736200287e-06
21825,3.379992519869647e-06
21826,3.3790526662302845e-06
21827,3.378106207096999e-06
21828,3.3771701071216853e-06
21829,3.376231193286114e-06
21830,3.375298832097863e-06
21831,3.3743608571779053e-06
21832,3.3734228821469254e-06
21833,3.3724849072269696e-06
21834,3.371546932195988e-06
21835,3.370609895192444e-06
21836,3.369673795328153e-06
21837,3.3687376953528427e-06
21838,3.3678025315175834e-06
21839,3.366860795273043e-06
21840,3.365921881326453e-06
21841,3.364978258812991e-06
21842,3.3640393448663977e-06
21843,3.3631004310308278e-06
21844,3.3621511268400196e-06
21845,3.3612178323982906e-06
21846,3.360279857478332e-06
21847,3.3593409435317433e-06
21848,3.358403906528196e-06
21849,3.357465931608241e-06
21850,3.3565345027852796e-06
21851,3.3555974657817315e-06
21852,3.354659490861778e-06
21853,3.353726196420049e-06
21854,3.352787282473455e-06
21855,3.3518474288340987e-06
21856,3.350905692478533e-06
21857,3.3499667786429633e-06
21858,3.3490278648073976e-06
21859,3.34808988977642e-06
21860,3.3471405855856088e-06
21861,3.3461912815058174e-06
21862,3.345252367559229e-06
21863,3.3443134537236553e-06
21864,3.3433745398880875e-06
21865,3.342432803532524e-06
21866,3.3414929498931656e-06
21867,3.340554035946577e-06
21868,3.3396122997020302e-06
21869,3.3386733858664654e-06
21870,3.337736348862916e-06
21871,3.336797434916327e-06
21872,3.335857581276969e-06
21873,3.3349177275265865e-06
21874,3.3339778737762035e-06
21875,3.3330389599406395e-06
21876,3.332095337316157e-06
21877,3.3311517148026945e-06
21878,3.330209035867783e-06
21879,3.3292710608368055e-06
21880,3.328331207086419e-06
21881,3.3273856945292826e-06
21882,3.3264477194983027e-06
21883,3.3255097445783473e-06
21884,3.3245651773761166e-06
21885,3.323621554862655e-06
21886,3.3226817011122733e-06
21887,3.321743726192317e-06
21888,3.320803872441936e-06
21889,3.3198658974109563e-06
21890,3.3189213303197488e-06
21891,3.3179795940752023e-06
21892,3.3170350269839956e-06
21893,3.316093290628432e-06
21894,3.3151543767928607e-06
21895,3.314219212957603e-06
21896,3.313274645866392e-06
21897,3.3123329095108306e-06
21898,3.311395872618305e-06
21899,3.310447517668179e-06
21900,3.309502005111043e-06
21901,3.308557437908812e-06
21902,3.3076128708176017e-06
21903,3.306674895786618e-06
21904,3.305729383229483e-06
21905,3.3047838705613218e-06
21906,3.3038383578931634e-06
21907,3.3029003829732037e-06
21908,3.301961469026615e-06
21909,3.3010131141875134e-06
21910,3.3000685470963046e-06
21911,3.2991239798940693e-06
21912,3.298174675814282e-06
21913,3.2972329394587163e-06
21914,3.2962893169452535e-06
21915,3.295345694431792e-06
21916,3.2944039580762303e-06
21917,3.2934593909850194e-06
21918,3.292517654740478e-06
21919,3.291573087538244e-06
21920,3.2906332338988884e-06
21921,3.289690554963975e-06
21922,3.288747876029064e-06
21923,3.2878051969831307e-06
21924,3.2868625180482152e-06
21925,3.285915111561623e-06
21926,3.2849799477263647e-06
21927,3.2840466532846344e-06
21928,3.2831049170400934e-06
21929,3.2821725558518345e-06
21930,3.281226096718546e-06
21931,3.2802824742050873e-06
21932,3.279337907002858e-06
21933,3.2783933399116432e-06
21934,3.2774487728204353e-06
21935,3.2765042056182025e-06
21936,3.2755586930610635e-06
21937,3.274608438630366e-06
21938,3.27365818419967e-06
21939,3.27272020916869e-06
21940,3.2717831721651453e-06
21941,3.270840493230233e-06
21942,3.2699034563377087e-06
21943,3.268963602587324e-06
21944,3.2680312413990703e-06
21945,3.2670895051545284e-06
21946,3.2661449379522986e-06
21947,3.2652003708610877e-06
21948,3.2642623959411314e-06
21949,3.263326295965816e-06
21950,3.2623883209348384e-06
21951,3.261450346014882e-06
21952,3.260510492264499e-06
21953,3.2595696978221486e-06
21954,3.2586317227911746e-06
21955,3.257694685787624e-06
21956,3.2567567108676673e-06
21957,3.2558140319327578e-06
21958,3.2548694647305233e-06
21959,3.253932427838e-06
21960,3.2529859687047157e-06
21961,3.2520451741513425e-06
21962,3.251099661483183e-06
21963,3.250151306644077e-06
21964,3.249216142808819e-06
21965,3.2482781678888615e-06
21966,3.2473392539422744e-06
21967,3.2464059595005423e-06
21968,3.245467984580588e-06
21969,3.2445309475770426e-06
21970,3.2435863803748094e-06
21971,3.2426399213525406e-06
21972,3.241696298728061e-06
21973,3.240752676214598e-06
21974,3.2398137622680042e-06
21975,3.2388767253754827e-06
21976,3.2379378114288896e-06
21977,3.2369941889154306e-06
21978,3.236056213884453e-06
21979,3.235108807397855e-06
21980,3.2341745787034517e-06
21981,3.2332375416999054e-06
21982,3.232300504696364e-06
21983,3.231362529776405e-06
21984,3.230416070643115e-06
21985,3.2294733917082046e-06
21986,3.2285297691947417e-06
21987,3.227584256526586e-06
21988,3.226648156551273e-06
21989,3.225703589460062e-06
21990,3.224756182973465e-06
21991,3.2238200829981497e-06
21992,3.2228745703299896e-06
21993,3.2219290576618333e-06
21994,3.2209835451046934e-06
21995,3.2200408660587624e-06
21996,3.219098187123848e-06
21997,3.2181507806372522e-06
21998,3.217203374150654e-06
21999,3.2162540699598435e-06
22000,3.215305715120741e-06
22001,3.2143602024525815e-06
22002,3.2134099480218815e-06
22003,3.2124634889996186e-06
22004,3.2115329915427554e-06
22005,3.2105874789856155e-06
22006,3.209649503954638e-06
22007,3.2087039912864776e-06
22008,3.207756584799882e-06
22009,3.206812017708671e-06
22010,3.205872163958289e-06
22011,3.2049294850233753e-06
22012,3.2039905711878066e-06
22013,3.203044112054519e-06
22014,3.2021098833601184e-06
22015,3.201162476873523e-06
22016,3.2002169642053614e-06
22017,3.199276169651986e-06
22018,3.198326865461175e-06
22019,3.19738889054122e-06
22020,3.196444323450007e-06
22021,3.195498810781851e-06
22022,3.194553298113687e-06
22023,3.193605891627094e-06
22024,3.192659432493806e-06
22025,3.1917158099803436e-06
22026,3.190770297312186e-06
22027,3.1898313833655912e-06
22028,3.188883028526491e-06
22029,3.187945991522944e-06
22030,3.1870042552784037e-06
22031,3.186069091443146e-06
22032,3.185128296889772e-06
22033,3.184181837867508e-06
22034,3.1832334829173824e-06
22035,3.182295507997426e-06
22036,3.181348101510829e-06
22037,3.1804025888426688e-06
22038,3.1794570761745057e-06
22039,3.1785106170412213e-06
22040,3.17756699452776e-06
22041,3.1766214818595975e-06
22042,3.175674075373002e-06
22043,3.1747285627048414e-06
22044,3.1737830501477053e-06
22045,3.1728365910144163e-06
22046,3.171891078346257e-06
22047,3.1709455656780973e-06
22048,3.1700000530099385e-06
22049,3.1690545404528006e-06
22050,3.1681099732505636e-06
22051,3.167162566763972e-06
22052,3.16621799967276e-06
22053,3.165271540539471e-06
22054,3.1643269734482636e-06
22055,3.163382406246029e-06
22056,3.162434999759433e-06
22057,3.1614885406261438e-06
22058,3.1605411341395474e-06
22059,3.1595965670483407e-06
22060,3.158651999846107e-06
22061,3.1577093209111955e-06
22062,3.156761914424597e-06
22063,3.155814507938006e-06
22064,3.1548680488047162e-06
22065,3.1539215897824503e-06
22066,3.1529770225802184e-06
22067,3.1520324554890067e-06
22068,3.1510850490024107e-06
22069,3.1501385898691213e-06
22070,3.149191183382527e-06
22071,3.1482437768959323e-06
22072,3.1473010978499963e-06
22073,3.146354638827732e-06
22074,3.145411016203248e-06
22075,3.144467393689785e-06
22076,3.14351998720319e-06
22077,3.142573528069901e-06
22078,3.1416242238790927e-06
22079,3.1406758690399858e-06
22080,3.1397284625533902e-06
22081,3.138784839928908e-06
22082,3.1378383809066413e-06
22083,3.136890974309028e-06
22084,3.1359445152867585e-06
22085,3.1349980561534716e-06
22086,3.134050649666873e-06
22087,3.1331070270423913e-06
22088,3.1321605679091053e-06
22089,3.1312141088868373e-06
22090,3.130272372642297e-06
22091,3.129330636286734e-06
22092,3.128385123729591e-06
22093,3.127439611061431e-06
22094,3.126495043970224e-06
22095,3.125549531302063e-06
22096,3.1246030721687716e-06
22097,3.1236556656821815e-06
22098,3.1227110984799488e-06
22099,3.1217674759664872e-06
22100,3.120824797031572e-06
22101,3.119882118096664e-06
22102,3.118939439161752e-06
22103,3.1179958165372655e-06
22104,3.1170493575150005e-06
22105,3.1161028983817106e-06
22106,3.11515454354261e-06
22107,3.1142080844093196e-06
22108,3.113262571741159e-06
22109,3.112315165254567e-06
22110,3.1113715427411037e-06
22111,3.1104279201166186e-06
22112,3.109489945196663e-06
22113,3.108548208952124e-06
22114,3.1076026962839595e-06
22115,3.1066581290817318e-06
22116,3.1057126165245906e-06
22117,3.1047671038564296e-06
22118,3.1038234812319496e-06
22119,3.102878914140736e-06
22120,3.1019362352058258e-06
22121,3.100992612692367e-06
22122,3.100048045490135e-06
22123,3.0991044229766708e-06
22124,3.0981608003521895e-06
22125,3.097219064107648e-06
22126,3.096272604974358e-06
22127,3.0953308687298167e-06
22128,3.094387246216359e-06
22129,3.093443623591876e-06
22130,3.0925000010784153e-06
22131,3.0915563784539276e-06
22132,3.0906127559404707e-06
22133,3.089668188849257e-06
22134,3.0887226761810997e-06
22135,3.0877790535566155e-06
22136,3.086833540999477e-06
22137,3.0858880283313184e-06
22138,3.084945349396404e-06
22139,3.0839988902631177e-06
22140,3.0830543231719098e-06
22141,3.0821116442369956e-06
22142,3.0811699078814335e-06
22143,3.0802262853679733e-06
22144,3.079282662854511e-06
22145,3.078339040230026e-06
22146,3.0773954177165684e-06
22147,3.076451795092084e-06
22148,3.075507228000871e-06
22149,3.07456360537639e-06
22150,3.073619982862931e-06
22151,3.072677303928015e-06
22152,3.071733681303533e-06
22153,3.0707910023686203e-06
22154,3.0698435958820257e-06
22155,3.0688999733685667e-06
22156,3.0679535142352768e-06
22157,3.0670108353003634e-06
22158,3.0660662682091542e-06
22159,3.0651245318535926e-06
22160,3.064182795609049e-06
22161,3.063238228517839e-06
22162,3.0622927158496785e-06
22163,3.0613472031815205e-06
22164,3.060401690624381e-06
22165,3.05945617795622e-06
22166,3.0585106652880637e-06
22167,3.057569870734689e-06
22168,3.0566243580665287e-06
22169,3.0556797909753165e-06
22170,3.054736168461857e-06
22171,3.0537916012596234e-06
22172,3.052846088702489e-06
22173,3.0519052941491162e-06
22174,3.0509588350158246e-06
22175,3.0500133223476683e-06
22176,3.0490734685972853e-06
22177,3.0481317323527426e-06
22178,3.0471852733304784e-06
22179,3.0462416507059933e-06
22180,3.0452961380378336e-06
22181,3.0443525155243746e-06
22182,3.0434117209710027e-06
22183,3.0424718672206197e-06
22184,3.0415282447071586e-06
22185,3.0405789405163496e-06
22186,3.0396296363255372e-06
22187,3.0386841236573775e-06
22188,3.037739556566165e-06
22189,3.036795934052706e-06
22190,3.035849474919416e-06
22191,3.0349039622512564e-06
22192,3.0339584495830954e-06
22193,3.0330176551407474e-06
22194,3.03207119600746e-06
22195,3.0311256833392966e-06
22196,3.0301782768527e-06
22197,3.0292308703661072e-06
22198,3.028290075812736e-06
22199,3.027344563144576e-06
22200,3.026399996053365e-06
22201,3.0254563734288825e-06
22202,3.024510860871741e-06
22203,3.023565348203584e-06
22204,3.022624553650212e-06
22205,3.021679986559003e-06
22206,3.0207325800724033e-06
22207,3.019785173474785e-06
22208,3.0188377669881903e-06
22209,3.0178903605015957e-06
22210,3.016941056310783e-06
22211,3.0159917521199748e-06
22212,3.0150462395628365e-06
22213,3.014106385812454e-06
22214,3.013160873144294e-06
22215,3.012218194209384e-06
22216,3.011277399656009e-06
22217,3.0103366051026366e-06
22218,3.009391092545501e-06
22219,3.0084502979921277e-06
22220,3.007506675367643e-06
22221,3.0065592688810458e-06
22222,3.005615646367585e-06
22223,3.0046663421767774e-06
22224,3.003717037985965e-06
22225,3.0027715253178044e-06
22226,3.001822221238017e-06
22227,3.0008729170472063e-06
22228,2.999927404379044e-06
22229,2.998985668134504e-06
22230,2.9980382616479083e-06
22231,2.997095582712995e-06
22232,2.9961500700448323e-06
22233,2.995205502842599e-06
22234,2.994256198762815e-06
22235,2.9933163450124295e-06
22236,2.992367040821617e-06
22237,2.9914186859825177e-06
22238,2.9904741187802824e-06
22239,2.989528606223149e-06
22240,2.988582147089856e-06
22241,2.9876337922507567e-06
22242,2.9866873331174663e-06
22243,2.985738978278361e-06
22244,2.9847915717917685e-06
22245,2.9838451126584774e-06
22246,2.9828958084676684e-06
22247,2.981955013914293e-06
22248,2.981009501357157e-06
22249,2.9800639886889976e-06
22250,2.9791194214867645e-06
22251,2.9781748543955527e-06
22252,2.9772293417273917e-06
22253,2.9762809868882924e-06
22254,2.9753354742201327e-06
22255,2.974390907128921e-06
22256,2.973451993293353e-06
22257,2.972514018262376e-06
22258,2.9715703957489126e-06
22259,2.9706248830807516e-06
22260,2.96968126045627e-06
22261,2.96873574789913e-06
22262,2.9677902352309694e-06
22263,2.9668475562960603e-06
22264,2.9659058200515163e-06
22265,2.9649603073833596e-06
22266,2.9640204536329783e-06
22267,2.9630796590796055e-06
22268,2.962132252593011e-06
22269,2.961185793459719e-06
22270,2.9602421709462573e-06
22271,2.9592976038550472e-06
22272,2.958352091186887e-06
22273,2.9574065785187274e-06
22274,2.956460119385442e-06
22275,2.9555127128988445e-06
22276,2.954571918345474e-06
22277,2.9536264057883356e-06
22278,2.952685611234964e-06
22279,2.951741988610479e-06
22280,2.95079647605334e-06
22281,2.949858501022364e-06
22282,2.9489129883542003e-06
22283,2.9479693658407434e-06
22284,2.94702574321626e-06
22285,2.946084006971718e-06
22286,2.945137547949451e-06
22287,2.944193925324965e-06
22288,2.9432559504050104e-06
22289,2.942311383202778e-06
22290,2.9413677606893182e-06
22291,2.9404241381758584e-06
22292,2.9394833436224843e-06
22293,2.938536884489198e-06
22294,2.937594205554282e-06
22295,2.9366505830408246e-06
22296,2.9357079039948907e-06
22297,2.9347680503555274e-06
22298,2.9338263139999646e-06
22299,2.932877959160861e-06
22300,2.931936222916319e-06
22301,2.9309926004028605e-06
22302,2.9300518058494894e-06
22303,2.9291110112961124e-06
22304,2.9281692750515727e-06
22305,2.927222815918285e-06
22306,2.9262782488270723e-06
22307,2.925331789693786e-06
22308,2.924390995140415e-06
22309,2.923453020220459e-06
22310,2.922509397706997e-06
22311,2.9215657750825118e-06
22312,2.9206240388379703e-06
22313,2.9196794717467632e-06
22314,2.9187330126134712e-06
22315,2.9177884455222637e-06
22316,2.916847650968888e-06
22317,2.9159096759379115e-06
22318,2.9149651088466985e-06
22319,2.9140186497134116e-06
22320,2.9130712432268186e-06
22321,2.9121295069822733e-06
22322,2.9111877707377327e-06
22323,2.9102497957067524e-06
22324,2.9093052286155445e-06
22325,2.9083616061020817e-06
22326,2.907419869746517e-06
22327,2.9064762472330577e-06
22328,2.9055307345648993e-06
22329,2.9045842754316106e-06
22330,2.9036453615960437e-06
22331,2.902702682661129e-06
22332,2.90175622352784e-06
22333,2.900812601014379e-06
22334,2.8998670883462175e-06
22335,2.8989215756780616e-06
22336,2.8979751166557953e-06
22337,2.89702676170567e-06
22338,2.896083139192209e-06
22339,2.895139516567723e-06
22340,2.8941921100811277e-06
22341,2.8932465974129667e-06
22342,2.892302030321761e-06
22343,2.891356517653597e-06
22344,2.890411005096459e-06
22345,2.889463598498841e-06
22346,2.888518085941707e-06
22347,2.8875706793440886e-06
22348,2.886625166786948e-06
22349,2.8856768118368224e-06
22350,2.8847312992796837e-06
22351,2.8837857866115274e-06
22352,2.882841219409295e-06
22353,2.881896652318084e-06
22354,2.8809511396499253e-06
22355,2.8800065725587128e-06
22356,2.8790610598905514e-06
22357,2.878114600757264e-06
22358,2.8771662459181617e-06
22359,2.8762188394315636e-06
22360,2.8752742723403574e-06
22361,2.8743297051381234e-06
22362,2.8733841925809847e-06
22363,2.8724367859833703e-06
22364,2.871491273426229e-06
22365,2.8705617064472833e-06
22366,2.8696302777353475e-06
22367,2.8686923027043697e-06
22368,2.867755265700824e-06
22369,2.866807859214228e-06
22370,2.865865180279313e-06
22371,2.8649206131881044e-06
22372,2.8639863844936984e-06
22373,2.8630399253604107e-06
22374,2.8621019504404522e-06
22375,2.8611630364938625e-06
22376,2.860225061573906e-06
22377,2.859286147738336e-06
22378,2.858346293987954e-06
22379,2.8573979390378325e-06
22380,2.8564533719466233e-06
22381,2.855515397026663e-06
22382,2.85457460247329e-06
22383,2.8536262476341885e-06
22384,2.8526788411475934e-06
22385,2.8517352185231125e-06
22386,2.8507897058549524e-06
22387,2.8498582770319897e-06
22388,2.8489249825902623e-06
22389,2.8479898187550056e-06
22390,2.847048082510464e-06
22391,2.846101623377173e-06
22392,2.845158944442261e-06
22393,2.8442228444669465e-06
22394,2.8432744896278467e-06
22395,2.842327083141248e-06
22396,2.841383460627789e-06
22397,2.840435105677665e-06
22398,2.8394971307577083e-06
22399,2.8385544518227924e-06
22400,2.8376098847315858e-06
22401,2.836674720785306e-06
22402,2.8357395569500463e-06
22403,2.834796878015134e-06
22404,2.8338551417705907e-06
22405,2.832908682637305e-06
22406,2.831970707717346e-06
22407,2.8310327327973877e-06
22408,2.830091938244019e-06
22409,2.8291605094210602e-06
22410,2.8282197148676853e-06
22411,2.827285486173283e-06
22412,2.826345632422898e-06
22413,2.8254142037109635e-06
22414,2.824478103735652e-06
22415,2.8235410667321044e-06
22416,2.8226030918121455e-06
22417,2.8216613554565843e-06
22418,2.8207243184530384e-06
22419,2.8197816395181255e-06
22420,2.8188323354383354e-06
22421,2.8178849288407176e-06
22422,2.8169507001463145e-06
22423,2.816017405704586e-06
22424,2.815069050865483e-06
22425,2.8141206960263796e-06
22426,2.8131827209954e-06
22427,2.8122494265536676e-06
22428,2.811315197859264e-06
22429,2.8103744034169132e-06
22430,2.809436428385938e-06
22431,2.808489969363668e-06
22432,2.807542562766053e-06
22433,2.8066045878460967e-06
22434,2.8056656740105285e-06
22435,2.8047239376549643e-06
22436,2.803783143212613e-06
22437,2.802844229266023e-06
22438,2.801905315430451e-06
22439,2.800964520877079e-06
22440,2.8000256070415115e-06
22441,2.7990829281066003e-06
22442,2.7981458911030543e-06
22443,2.7972060373526743e-06
22444,2.7962586308660767e-06
22445,2.7953197169194853e-06
22446,2.7943798632801284e-06
22447,2.7934381269245613e-06
22448,2.7924982732852023e-06
22449,2.791552760617045e-06
22450,2.7906072479488837e-06
22451,2.789659841462289e-06
22452,2.7887181052177447e-06
22453,2.787779191271157e-06
22454,2.786839337520773e-06
22455,2.7858985430784253e-06
22456,2.7849596291318335e-06
22457,2.78401977538145e-06
22458,2.7830723688948545e-06
22459,2.7821240140557522e-06
22460,2.781180391542292e-06
22461,2.7802367689178073e-06
22462,2.7792922018265998e-06
22463,2.778348579202116e-06
22464,2.777403066644979e-06
22465,2.776457553976818e-06
22466,2.7755177002264384e-06
22467,2.774569345387336e-06
22468,2.77362099054823e-06
22469,2.7726735839506155e-06
22470,2.7717290168594037e-06
22471,2.770784449768193e-06
22472,2.7698464747372168e-06
22473,2.7689066209868312e-06
22474,2.7679573169070437e-06
22475,2.767019341876064e-06
22476,2.7660794881256847e-06
22477,2.7651301840458954e-06
22478,2.7641922090149177e-06
22479,2.763252355264536e-06
22480,2.7623125016251736e-06
22481,2.7613735876785818e-06
22482,2.7604356127586284e-06
22483,2.759495759008246e-06
22484,2.758558722004703e-06
22485,2.757620747084742e-06
22486,2.756680893334363e-06
22487,2.7557410395839822e-06
22488,2.7548049396086695e-06
22489,2.7538632033641247e-06
22490,2.752921467119583e-06
22491,2.7519721629287726e-06
22492,2.7510228587379606e-06
22493,2.75007829164675e-06
22494,2.7491365554022096e-06
22495,2.7481919881999785e-06
22496,2.7472568243647197e-06
22497,2.7463188494447642e-06
22498,2.7453855550030318e-06
22499,2.7444513263086287e-06
22500,2.743513351277649e-06
22501,2.7425734976382915e-06
22502,2.7416355226073125e-06
22503,2.7406900099391507e-06
22504,2.739753910074859e-06
22505,2.73881499612827e-06
22506,2.7378742015748956e-06
22507,2.7369248974951064e-06
22508,2.7359793848269467e-06
22509,2.735033872158789e-06
22510,2.73409683515524e-06
22511,2.733159798151696e-06
22512,2.7322199445123383e-06
22513,2.73128290750879e-06
22514,2.7303449324778145e-06
22515,2.7294050787274324e-06
22516,2.7284689788631386e-06
22517,2.72753568431039e-06
22518,2.7265995844460984e-06
22519,2.7256672232578417e-06
22520,2.7247301862542966e-06
22521,2.7237940862789834e-06
22522,2.722851407344072e-06
22523,2.7219030525049716e-06
22524,2.72095848541376e-06
22525,2.7200148627892756e-06
22526,2.7190684036559883e-06
22527,2.71813042873603e-06
22528,2.717191514900461e-06
22529,2.7162526009538723e-06
22530,2.7153127472034906e-06
22531,2.7143757103109657e-06
22532,2.713434915757595e-06
22533,2.7124988157822835e-06
22534,2.711551409295689e-06
22535,2.7106021051048756e-06
22536,2.709659426169962e-06
22537,2.7087148590787544e-06
22538,2.707775945132164e-06
22539,2.706832322618701e-06
22540,2.7058943475877237e-06
22541,2.7049497804965107e-06
22542,2.7040118055765556e-06
22543,2.703072891629963e-06
22544,2.7021339777943973e-06
22545,2.7011894107031864e-06
22546,2.700244843500952e-06
22547,2.6993031072564118e-06
22548,2.6983613710118725e-06
22549,2.6974196347673276e-06
22550,2.696473175634038e-06
22551,2.6955267165007534e-06
22552,2.694580257478483e-06
22553,2.693632850880866e-06
22554,2.692689228367406e-06
22555,2.6917465494324948e-06
22556,2.690801036764335e-06
22557,2.6898639997607904e-06
22558,2.68891943266958e-06
22559,2.6879870714813253e-06
22560,2.6870425043901123e-06
22561,2.6860979371878813e-06
22562,2.68514863310809e-06
22563,2.6842115961045444e-06
22564,2.683271742354165e-06
22565,2.6823281197296805e-06
22566,2.6813844972162194e-06
22567,2.680442760971678e-06
22568,2.6794963018383927e-06
22569,2.678550789170231e-06
22570,2.6776137521666867e-06
22571,2.676671073231775e-06
22572,2.6757274507183114e-06
22573,2.674781938050152e-06
22574,2.673837370958942e-06
22575,2.6728984570123524e-06
22576,2.6719679596665094e-06
22577,2.671033730972107e-06
22578,2.67008632448551e-06
22579,2.669143645550597e-06
22580,2.66819907845939e-06
22581,2.6672695114804395e-06
22582,2.6663277752358985e-06
22583,2.6653860389913554e-06
22584,2.6644452444379847e-06
22585,2.663495940358197e-06
22586,2.662556086607815e-06
22587,2.6616171726612237e-06
22588,2.6606707136389565e-06
22589,2.659729919085585e-06
22590,2.658784406417424e-06
22591,2.657847369413878e-06
22592,2.6569056331693375e-06
22593,2.655961066078128e-06
22594,2.655016498875897e-06
22595,2.654070986318757e-06
22596,2.6531245271854687e-06
22597,2.6521921659972136e-06
22598,2.651249487062301e-06
22599,2.650304919971093e-06
22600,2.6493565650209656e-06
22601,2.6484157705786164e-06
22602,2.647473091643706e-06
22603,2.64652852444147e-06
22604,2.6455801696023705e-06
22605,2.6446337104690777e-06
22606,2.6436853556299788e-06
22607,2.642743619385433e-06
22608,2.641799052294227e-06
22609,2.6408544850919945e-06
22610,2.639909918000782e-06
22611,2.6389625115141864e-06
22612,2.6380188888897017e-06
22613,2.637074321798496e-06
22614,2.636128809130333e-06
22615,2.635179504939522e-06
22616,2.634230200859732e-06
22617,2.633292225828753e-06
22618,2.632347658737543e-06
22619,2.6314011996042552e-06
22620,2.6304566325130443e-06
22621,2.6295120653108124e-06
22622,2.628564658824218e-06
22623,2.627620091733009e-06
22624,2.6266755245307745e-06
22625,2.625731902017316e-06
22626,2.624790165772773e-06
22627,2.623844653104613e-06
22628,2.62289629826551e-06
22629,2.6219498391322183e-06
22630,2.6210033799989323e-06
22631,2.620057867441796e-06
22632,2.619113300239564e-06
22633,2.6181706213046513e-06
22634,2.61722605421344e-06
22635,2.6162814870112064e-06
22636,2.6153350279889418e-06
22637,2.6143885688556544e-06
22638,2.6134430561874905e-06
22639,2.612497543519333e-06
22640,2.6115548645844183e-06
22641,2.610609352027283e-06
22642,2.6096676156717163e-06
22643,2.608723993158258e-06
22644,2.6077794260670494e-06
22645,2.606834858864816e-06
22646,2.605891236351355e-06
22647,2.60494666914912e-06
22648,2.604001156591983e-06
22649,2.6030584776570724e-06
22650,2.6021139104548413e-06
22651,2.6011674514325716e-06
22652,2.6002228842303427e-06
22653,2.5992792617168807e-06
22654,2.598334694514649e-06
22655,2.5973901274234387e-06
22656,2.596445560332227e-06
22657,2.595500993129997e-06
22658,2.5945564260387846e-06
22659,2.593613747103873e-06
22660,2.5926691800126655e-06
22661,2.591726500966727e-06
22662,2.5907819338755185e-06
22663,2.5898373667843084e-06
22664,2.5888927995820765e-06
22665,2.587950120647163e-06
22666,2.5870055535559557e-06
22667,2.5860628746210406e-06
22668,2.585120195686132e-06
22669,2.584174683017972e-06
22670,2.583232004083056e-06
22671,2.582289325148145e-06
22672,2.5813475889036054e-06
22673,2.5804067943502297e-06
22674,2.5794631718367715e-06
22675,2.578519549212286e-06
22676,2.5775749821210768e-06
22677,2.576630414918848e-06
22678,2.575687735983935e-06
22679,2.5747403294973364e-06
22680,2.5737938703640508e-06
22681,2.5728511914291366e-06
22682,2.571910396986787e-06
22683,2.570966774362306e-06
22684,2.570025038117761e-06
22685,2.569082359182849e-06
22686,2.5681396802479392e-06
22687,2.567194167579776e-06
22688,2.5662505450663197e-06
22689,2.565308808821775e-06
22690,2.5643661297758392e-06
22691,2.5634234508409314e-06
22692,2.5624807719060155e-06
22693,2.5615380929711034e-06
22694,2.560593525879895e-06
22695,2.5596517896353553e-06
22696,2.5587062769671927e-06
22697,2.5577673631316253e-06
22698,2.5568256267760594e-06
22699,2.555885773136701e-06
22700,2.554943094201791e-06
22701,2.5539985269995556e-06
22702,2.553055848064643e-06
22703,2.5521122255511837e-06
22704,2.5511704893066406e-06
22705,2.5502249766384804e-06
22706,2.5492832403939407e-06
22707,2.54833772772578e-06
22708,2.5473978739753984e-06
22709,2.5464570794220248e-06
22710,2.5455144004871136e-06
22711,2.54457360593374e-06
22712,2.5436337522943826e-06
22713,2.5426938985440017e-06
22714,2.5417483858758433e-06
22715,2.5408057069409283e-06
22716,2.5398592478076418e-06
22717,2.5389127887853738e-06
22718,2.5379663296520877e-06
22719,2.5370198705187974e-06
22720,2.5360762480053363e-06
22721,2.5351316808031035e-06
22722,2.534189944558561e-06
22723,2.5332444318904007e-06
22724,2.5323026956458584e-06
22725,2.531357182977702e-06
22726,2.530414504042787e-06
22727,2.529476529122832e-06
22728,2.52852817428373e-06
22729,2.527588320533345e-06
22730,2.5266418614000585e-06
22731,2.525698238886598e-06
22732,2.5247565026420564e-06
22733,2.523808147691929e-06
22734,2.522859792852829e-06
22735,2.5219114380137238e-06
22736,2.5209630831746227e-06
22737,2.520015676577004e-06
22738,2.5190673217378984e-06
22739,2.5181246428029897e-06
22740,2.5171791301348274e-06
22741,2.5162345630436182e-06
22742,2.515290940530155e-06
22743,2.5143444813968685e-06
22744,2.5133989687287097e-06
22745,2.512460054893138e-06
22746,2.51152114094655e-06
22747,2.5105775184330893e-06
22748,2.5096348394981773e-06
22749,2.508694985747796e-06
22750,2.507755131997412e-06
22751,2.5068105649062038e-06
22752,2.505871650959612e-06
22753,2.5049317973202513e-06
22754,2.5039862846520916e-06
22755,2.5030417174498592e-06
22756,2.5020933626107573e-06
22757,2.501145007771656e-06
22758,2.500206093936084e-06
22759,2.499262471311605e-06
22760,2.498318848798144e-06
22761,2.4973742815959086e-06
22762,2.496429714504699e-06
22763,2.4954851474134915e-06
22764,2.494536792463363e-06
22765,2.4935884376242608e-06
22766,2.492649523788691e-06
22767,2.4917040111205307e-06
22768,2.4907594440293232e-06
22769,2.489811089079196e-06
22770,2.488862734240094e-06
22771,2.487919111726632e-06
22772,2.486972652593345e-06
22773,2.4860337387577745e-06
22774,2.485088226089615e-06
22775,2.4841408196030184e-06
22776,2.483195306934858e-06
22777,2.482250739843648e-06
22778,2.4813023848935237e-06
22779,2.480357817802313e-06
22780,2.4794141952888516e-06
22781,2.478476220257874e-06
22782,2.4775335413229614e-06
22783,2.476590862388049e-06
22784,2.475646295296842e-06
22785,2.474703616361928e-06
22786,2.473759049159698e-06
22787,2.472814482068487e-06
22788,2.4718661272293825e-06
22789,2.4709196680960943e-06
22790,2.4699741554279355e-06
22791,2.4690286427597736e-06
22792,2.468085020246313e-06
22793,2.4671451664959304e-06
22794,2.4661996538277724e-06
22795,2.4652569748928616e-06
22796,2.4643114623357212e-06
22797,2.463365949667562e-06
22798,2.462421382465328e-06
22799,2.461478703530417e-06
22800,2.460530348691315e-06
22801,2.459585781600102e-06
22802,2.458643102665194e-06
22803,2.45769758999703e-06
22804,2.4567567954436593e-06
22805,2.4558150591991196e-06
22806,2.454870492107906e-06
22807,2.4539268694834266e-06
22808,2.4529851332388826e-06
22809,2.4520396205707246e-06
22810,2.4510950534795145e-06
22811,2.450148594346226e-06
22812,2.4492049718327657e-06
22813,2.4482566168826376e-06
22814,2.4473129943691782e-06
22815,2.4463674817010173e-06
22816,2.445421022678752e-06
22817,2.4444811689283684e-06
22818,2.443544131924824e-06
22819,2.442608968089564e-06
22820,2.4416644008873342e-06
22821,2.4407179418650654e-06
22822,2.439773374662837e-06
22823,2.4388288075716234e-06
22824,2.437884240480414e-06
22825,2.436939673278181e-06
22826,2.4359941606100213e-06
22827,2.4350533661676742e-06
22828,2.434109743543187e-06
22829,2.433167064608276e-06
22830,2.4322215519401186e-06
22831,2.4312854520758277e-06
22832,2.4303437157202623e-06
22833,2.4293991486290514e-06
22834,2.428457412384509e-06
22835,2.4275156761399694e-06
22836,2.4265739398954263e-06
22837,2.425634086145046e-06
22838,2.424688573476885e-06
22839,2.4237496596413166e-06
22840,2.422808865087943e-06
22841,2.421867128843404e-06
22842,2.4209263342900296e-06
22843,2.4199817671988204e-06
22844,2.4190390882639058e-06
22845,2.418098293710537e-06
22846,2.417156557465993e-06
22847,2.416211044797833e-06
22848,2.415269308553293e-06
22849,2.414328513999921e-06
22850,2.413383001331761e-06
22851,2.412441265087217e-06
22852,2.4114948059539304e-06
22853,2.4105577689503815e-06
22854,2.4096179153110263e-06
22855,2.408671456177737e-06
22856,2.4077249970444466e-06
22857,2.4067775905578498e-06
22858,2.4058292357187474e-06
22859,2.40488277658546e-06
22860,2.4039391539609775e-06
22861,2.402995531447517e-06
22862,2.402048124960919e-06
22863,2.401102612292762e-06
22864,2.400155205806166e-06
22865,2.3992096931380043e-06
22866,2.3982660706245457e-06
22867,2.3973290336209993e-06
22868,2.396391058590018e-06
22869,2.3954549587257294e-06
22870,2.3945113361012473e-06
22871,2.3935658234330855e-06
22872,2.3926222009196248e-06
22873,2.3916738460805237e-06
22874,2.3907283334123615e-06
22875,2.3897828207442035e-06
22876,2.3888401418092893e-06
22877,2.387892735322694e-06
22878,2.386950056387781e-06
22879,2.3860064337632996e-06
22880,2.3850628112498397e-06
22881,2.384119188625356e-06
22882,2.383175566111895e-06
22883,2.382230999020686e-06
22884,2.381293023989704e-06
22885,2.380345617503111e-06
22886,2.3794010504118992e-06
22887,2.378455537743741e-06
22888,2.377509078610451e-06
22889,2.3765692248600688e-06
22890,2.375623712302931e-06
22891,2.3746791451006995e-06
22892,2.373733632432539e-06
22893,2.372790009919081e-06
22894,2.3718595125732357e-06
22895,2.3709149453710038e-06
22896,2.3699694328138664e-06
22897,2.369026753878957e-06
22898,2.368082186676724e-06
22899,2.367137619585515e-06
22900,2.366201519610202e-06
22901,2.3652663557749437e-06
22902,2.3643311919396854e-06
22903,2.3633988307514274e-06
22904,2.3624664695631753e-06
22905,2.361530369587861e-06
22906,2.3605952057526046e-06
22907,2.359656291917033e-06
22908,2.3587192549134875e-06
22909,2.357782217909944e-06
22910,2.35684611793463e-06
22911,2.3559081430146746e-06
22912,2.3549711060111286e-06
22913,2.354032192175559e-06
22914,2.353089513240646e-06
22915,2.3521458906161624e-06
22916,2.35121166192176e-06
22917,2.350273687001801e-06
22918,2.34933006437732e-06
22919,2.3483836053550537e-06
22920,2.34743903815282e-06
22921,2.346491631666224e-06
22922,2.345558337224497e-06
22923,2.344625042782767e-06
22924,2.3436776362961705e-06
22925,2.342730229698552e-06
22926,2.3417866071850924e-06
22927,2.3408420400938836e-06
22928,2.3399050030903376e-06
22929,2.3389670280593594e-06
22930,2.3380299910558135e-06
22931,2.3370910772202453e-06
22932,2.3361531023002864e-06
22933,2.3352151272693057e-06
22934,2.334279027293997e-06
22935,2.333341990401473e-06
22936,2.33239931146656e-06
22937,2.3314528523332695e-06
22938,2.3305082851310397e-06
22939,2.3295731212957817e-06
22940,2.3286351463758233e-06
22941,2.3276962325402563e-06
22942,2.326756378789873e-06
22943,2.3258127561653907e-06
22944,2.3248691336519283e-06
22945,2.3239255110274458e-06
22946,2.3229818885139876e-06
22947,2.3220392095790747e-06
22948,2.321096530644164e-06
22949,2.3201594936406146e-06
22950,2.3192215187206583e-06
22951,2.318282604774068e-06
22952,2.3173351982874747e-06
22953,2.316386843448372e-06
22954,2.315444164513459e-06
22955,2.3145052505668656e-06
22956,2.313560683475657e-06
22957,2.3126245835003453e-06
22958,2.311686608580389e-06
22959,2.3107523798859835e-06
22960,2.309813465939394e-06
22961,2.3088736123000343e-06
22962,2.307931875944467e-06
22963,2.3069910815021176e-06
22964,2.3060484025672068e-06
22965,2.3051038353649723e-06
22966,2.304157376342709e-06
22967,2.3032099697450916e-06
22968,2.3022616149059867e-06
22969,2.3013208203526143e-06
22970,2.300378141417701e-06
22971,2.299440166497747e-06
22972,2.298503129494201e-06
22973,2.2975698350524718e-06
22974,2.29663654061074e-06
22975,2.295698565579761e-06
22976,2.2947568293352192e-06
22977,2.29381603478185e-06
22978,2.29288460606991e-06
22979,2.2919409834454272e-06
22980,2.291004883470118e-06
22981,2.2900697196348582e-06
22982,2.289135490940452e-06
22983,2.288198453936907e-06
22984,2.287263290101648e-06
22985,2.2863262530981045e-06
22986,2.2853957557522632e-06
22987,2.2844643269293017e-06
22988,2.283525413093736e-06
22989,2.282587438062757e-06
22990,2.281652274227496e-06
22991,2.280713360391928e-06
22992,2.2797791316975244e-06
22993,2.2788402178619536e-06
22994,2.277892811264337e-06
22995,2.2769520168219866e-06
22996,2.2760131028753977e-06
22997,2.275074189039826e-06
22998,2.2741296219486156e-06
22999,2.2731850547463854e-06
23000,2.2722404876551766e-06
23001,2.2712959204529443e-06
23002,2.2703475656138394e-06
23003,2.2694029985226294e-06
23004,2.268462203969256e-06
23005,2.2675326371013327e-06
23006,2.2665974732660764e-06
23007,2.2656632445716683e-06
23008,2.2647280807364116e-06
23009,2.2637891667898202e-06
23010,2.2628605295116353e-06
23011,2.2619187932670926e-06
23012,2.260980818347137e-06
23013,2.260037195722654e-06
23014,2.259093573209191e-06
23015,2.25815371945881e-06
23016,2.2572129249054368e-06
23017,2.256275887901893e-06
23018,2.2553379129819366e-06
23019,2.254402749146678e-06
23020,2.2534553425490583e-06
23021,2.252520178713802e-06
23022,2.2515812648782334e-06
23023,2.2506366977870246e-06
23024,2.2496987227560443e-06
23025,2.248754155664834e-06
23026,2.2478067491782366e-06
23027,2.2468602900449497e-06
23028,2.2459204362945675e-06
23029,2.2449777573596584e-06
23030,2.2440322446914958e-06
23031,2.2430905084469548e-06
23032,2.242150654696572e-06
23033,2.2412079757616622e-06
23034,2.2402624630935017e-06
23035,2.23933010201627e-06
23036,2.2383845893481097e-06
23037,2.2374456754015166e-06
23038,2.2365095755372287e-06
23039,2.2355734755619156e-06
23040,2.234638311726654e-06
23041,2.2336946891021734e-06
23042,2.23275295285763e-06
23043,2.2318140390220624e-06
23044,2.2308788751868023e-06
23045,2.2299446464924006e-06
23046,2.229009482657142e-06
23047,2.228074318710858e-06
23048,2.2271372818183366e-06
23049,2.2261917691501756e-06
23050,2.2252453100168896e-06
23051,2.224299797348729e-06
23052,2.2233618224287727e-06
23053,2.2224191434938598e-06
23054,2.2214774072493154e-06
23055,2.2205309481160293e-06
23056,2.219587325491545e-06
23057,2.218644646556634e-06
23058,2.217700079465425e-06
23059,2.216754566797262e-06
23060,2.2158109442838025e-06
23061,2.214869208039262e-06
23062,2.2139274716836965e-06
23063,2.212983849170235e-06
23064,2.2120364426836386e-06
23065,2.211092820059156e-06
23066,2.2101520256168085e-06
23067,2.209204619019189e-06
23068,2.208260996505729e-06
23069,2.2073173739922693e-06
23070,2.2063737513677867e-06
23071,2.2054329568144122e-06
23072,2.204489334300953e-06
23073,2.203547598056411e-06
23074,2.2026049191214985e-06
23075,2.2016594064533375e-06
23076,2.200713893785177e-06
23077,2.199773099231804e-06
23078,2.1988275866746663e-06
23079,2.1978820740065075e-06
23080,2.1969365613383478e-06
23081,2.1959967075879673e-06
23082,2.1950493011013714e-06
23083,2.1941009462622657e-06
23084,2.193155433594106e-06
23085,2.192209920925948e-06
23086,2.1912634617926564e-06
23087,2.1903198392791982e-06
23088,2.189377160344286e-06
23089,2.188433537830824e-06
23090,2.1874918014752626e-06
23091,2.1865462889181244e-06
23092,2.185600776249963e-06
23093,2.184657153625481e-06
23094,2.1837135311120184e-06
23095,2.1827783672767626e-06
23096,2.1818319081434727e-06
23097,2.1808845016568763e-06
23098,2.1799361468177715e-06
23099,2.1789934678828624e-06
23100,2.1780573679075496e-06
23101,2.1771090130684456e-06
23102,2.1761653904439618e-06
23103,2.1752236541994208e-06
23104,2.1742781415312623e-06
23105,2.1733326288630997e-06
23106,2.172389949928187e-06
23107,2.171446327414729e-06
23108,2.1705017602124937e-06
23109,2.1695562476553576e-06
23110,2.168610734987197e-06
23111,2.167668056052286e-06
23112,2.166723488961075e-06
23113,2.1657817526055108e-06
23114,2.1648390736705974e-06
23115,2.163892614648332e-06
23116,2.1629489920238507e-06
23117,2.1620044249326415e-06
23118,2.1610626886880996e-06
23119,2.160120009753186e-06
23120,2.1591792151998122e-06
23121,2.158235592575329e-06
23122,2.1572938563307903e-06
23123,2.1563521200862485e-06
23124,2.155409441151334e-06
23125,2.1544658186378753e-06
23126,2.1535231395919405e-06
23127,2.152581403347398e-06
23128,2.1516358907902617e-06
23129,2.1506903781221015e-06
23130,2.149744865453941e-06
23131,2.1487993527857783e-06
23132,2.147859499035399e-06
23133,2.146913986478262e-06
23134,2.145974132727879e-06
23135,2.1450276735945906e-06
23136,2.144081214461301e-06
23137,2.143139478216759e-06
23138,2.1421986836633865e-06
23139,2.1412531711062486e-06
23140,2.140311434750686e-06
23141,2.1393659221935467e-06
23142,2.138420409525389e-06
23143,2.137475842434176e-06
23144,2.1365331633882417e-06
23145,2.1355876508311043e-06
23146,2.1346411916978157e-06
23147,2.133697569184355e-06
23148,2.1327548901384236e-06
23149,2.1318131538938788e-06
23150,2.1308704749589697e-06
23151,2.129926852445508e-06
23152,2.128983229821023e-06
23153,2.1280405508861105e-06
23154,2.127095983794901e-06
23155,2.1261533048599884e-06
23156,2.125207792191831e-06
23157,2.1242632251006195e-06
23158,2.123320546165706e-06
23159,2.1223769235412253e-06
23160,2.121432356450014e-06
23161,2.1204887338255314e-06
23162,2.11954699758099e-06
23163,2.118605261336449e-06
23164,2.11765880220316e-06
23165,2.116716123268246e-06
23166,2.115770610711111e-06
23167,2.114826043508876e-06
23168,2.1138824209954183e-06
23169,2.1129397420605045e-06
23170,2.1119970631255933e-06
23171,2.111051550457433e-06
23172,2.110108871522522e-06
23173,2.1091661925876078e-06
23174,2.1082235136526957e-06
23175,2.1072808347177853e-06
23176,2.1063381557828724e-06
23177,2.1053945331583877e-06
23178,2.1044480740250995e-06
23179,2.1035025614679613e-06
23180,2.10255893884348e-06
23181,2.1016162599085688e-06
23182,2.1006707472404065e-06
23183,2.0997261801491977e-06
23184,2.0987872663136282e-06
23185,2.0978417536454673e-06
23186,2.0968943471588743e-06
23187,2.0959469405612565e-06
23188,2.0949995340746605e-06
23189,2.0940521275880633e-06
23190,2.0931047211014695e-06
23191,2.0921573146148744e-06
23192,2.0912127474126424e-06
23193,2.0902710111681e-06
23194,2.0893311574177193e-06
23195,2.088391303667337e-06
23196,2.0874438971807424e-06
23197,2.08649838451258e-06
23198,2.0855585308732204e-06
23199,2.0846139636709884e-06
23200,2.0836693965797805e-06
23201,2.082724829488568e-06
23202,2.0817812068640875e-06
23203,2.080836639772875e-06
23204,2.0798920725706434e-06
23205,2.078944666084049e-06
23206,2.0779991534158886e-06
23207,2.0770536408587503e-06
23208,2.0761062342611325e-06
23209,2.0751616671699237e-06
23210,2.0742171000787137e-06
23211,2.0732744211437986e-06
23212,2.0723298539415676e-06
23213,2.0713862314281056e-06
23214,2.070439772294817e-06
23215,2.069496149781359e-06
23216,2.0685534708464468e-06
23217,2.067609848221962e-06
23218,2.0666671692870504e-06
23219,2.065731069311737e-06
23220,2.0647855567546003e-06
23221,2.063838150156981e-06
23222,2.0628907436703865e-06
23223,2.061949007425846e-06
23224,2.0610016009392504e-06
23225,2.0600589220043362e-06
23226,2.0591162430694267e-06
23227,2.0581726204449407e-06
23228,2.0572271077767823e-06
23229,2.0562825406855735e-06
23230,2.0553436268500023e-06
23231,2.0543962202523854e-06
23232,2.0534573064168184e-06
23233,2.052509899930222e-06
23234,2.0515624934436244e-06
23235,2.0506235794970355e-06
23236,2.0496846656614665e-06
23237,2.048745751825896e-06
23238,2.047803072779962e-06
23239,2.046861336535422e-06
23240,2.0459186576005082e-06
23241,2.044975978665596e-06
23242,2.0440361249152166e-06
23243,2.0430934459803053e-06
23244,2.0421517097357626e-06
23245,2.041207142644553e-06
23246,2.040261629976393e-06
23247,2.0393170628851807e-06
23248,2.038376268331809e-06
23249,2.037433589396899e-06
23250,2.0364918531523553e-06
23251,2.035554816148809e-06
23252,2.0346140215954382e-06
23253,2.0336741678450552e-06
23254,2.0327314889101436e-06
23255,2.0317916351597636e-06
23256,2.0308480126463016e-06
23257,2.029908158895921e-06
23258,2.0289616997626312e-06
23259,2.02801996351809e-06
23260,2.0270763410046283e-06
23261,2.0261336620697196e-06
23262,2.0251928675163455e-06
23263,2.0242483004251346e-06
23264,2.023304677800652e-06
23265,2.022362941556112e-06
23266,2.0214202626211973e-06
23267,2.020473803487909e-06
23268,2.0195311245529987e-06
23269,2.018588445618087e-06
23270,2.0176504706981308e-06
23271,2.0167077917632157e-06
23272,2.015763224560985e-06
23273,2.0148214883164432e-06
23274,2.0138797520718997e-06
23275,2.012935184980692e-06
23276,2.0119915623562083e-06
23277,2.0110469952649966e-06
23278,2.010103372640514e-06
23279,2.009157860083378e-06
23280,2.008216123727813e-06
23281,2.007271556636601e-06
23282,2.0063288777016903e-06
23283,2.00538525518823e-06
23284,2.004440687985998e-06
23285,2.003497065472537e-06
23286,2.002552498270305e-06
23287,2.001610762025763e-06
23288,2.0006680830908516e-06
23289,1.9997254041559383e-06
23290,1.998781781642478e-06
23291,1.9978362689743187e-06
23292,1.996889809841028e-06
23293,1.99594335070774e-06
23294,1.994996891685476e-06
23295,1.9940542127505635e-06
23296,1.9931105901260805e-06
23297,1.9921697955727065e-06
23298,1.991226173059246e-06
23299,1.990284436814703e-06
23300,1.989341757879793e-06
23301,1.9883952987465054e-06
23302,1.9874516762330413e-06
23303,1.986520247410084e-06
23304,1.9855850835748257e-06
23305,1.9846414609503422e-06
23306,1.9836959482821834e-06
23307,1.982761719587777e-06
23308,1.9818284251460483e-06
23309,1.9808913881425028e-06
23310,1.9799543512499804e-06
23311,1.9790173142464344e-06
23312,1.9780765196930633e-06
23313,1.9771366659426816e-06
23314,1.9761996289391344e-06
23315,1.975262591935589e-06
23316,1.9743255549320455e-06
23317,1.9733875800120858e-06
23318,1.972444901077176e-06
23319,1.9715022221422625e-06
23320,1.9705604858977227e-06
23321,1.969621571951131e-06
23322,1.9686807775087796e-06
23323,1.9677371548842966e-06
23324,1.96679069586203e-06
23325,1.9658480168160963e-06
23326,1.9649053378811855e-06
23327,1.96396830098866e-06
23328,1.9630227883205e-06
23329,1.9620876244852417e-06
23330,1.961143057283012e-06
23331,1.9602013210384683e-06
23332,1.9592614672880858e-06
23333,1.9583169001968787e-06
23334,1.9573742212619658e-06
23335,1.9564324850174222e-06
23336,1.955490748772883e-06
23337,1.954552773741902e-06
23338,1.9536147988219467e-06
23339,1.952672119887032e-06
23340,1.951729440952123e-06
23341,1.9507867620172097e-06
23342,1.9498450256616447e-06
23343,1.948903289417105e-06
23344,1.947960610482192e-06
23345,1.94701793154728e-06
23346,1.9460733644560678e-06
23347,1.945130685521158e-06
23348,1.9441889492766134e-06
23349,1.943246270341702e-06
23350,1.9423035912957674e-06
23351,1.941357132273503e-06
23352,1.9404182183269106e-06
23353,1.939475539392001e-06
23354,1.938537564472043e-06
23355,1.937592997380833e-06
23356,1.9366474847126737e-06
23357,1.9357057484681314e-06
23358,1.9347649539147574e-06
23359,1.9338307252203522e-06
23360,1.9328936882168084e-06
23361,1.931956651213263e-06
23362,1.931017737377695e-06
23363,1.9300835086832895e-06
23364,1.929146471679744e-06
23365,1.9282094346761967e-06
23366,1.9272742708409388e-06
23367,1.9263334762875685e-06
23368,1.925388909196357e-06
23369,1.9244424500630694e-06
23370,1.9234950435764726e-06
23371,1.9225542490231007e-06
23372,1.921609681931889e-06
23373,1.920677320743636e-06
23374,1.9197346418087227e-06
23375,1.9187966668887656e-06
23376,1.9178615029424874e-06
23377,1.916919766697945e-06
23378,1.9159827296943996e-06
23379,1.9150391071809385e-06
23380,1.9140964282460264e-06
23381,1.913158453215048e-06
23382,1.912215774280135e-06
23383,1.9112712071889257e-06
23384,1.9103256945207635e-06
23385,1.909387719600808e-06
23386,1.90844974468085e-06
23387,1.907512707677306e-06
23388,1.9065747326463252e-06
23389,1.905629219978166e-06
23390,1.904689366338809e-06
23391,1.903751391307827e-06
23392,1.9028134163878714e-06
23393,1.9018763793843263e-06
23394,1.9009346431397838e-06
23395,1.8999910205153002e-06
23396,1.8990473980018418e-06
23397,1.898103775377358e-06
23398,1.8971704809356282e-06
23399,1.8962325060156724e-06
23400,1.8952945310957135e-06
23401,1.8943612365429644e-06
23402,1.8934232616230075e-06
23403,1.8924815253784644e-06
23404,1.8915397891339227e-06
23405,1.8905952219316902e-06
23406,1.8896609932372844e-06
23407,1.88872301831733e-06
23408,1.8877953096296807e-06
23409,1.8868610809352761e-06
23410,1.8859231060153207e-06
23411,1.8849823114619475e-06
23412,1.8840452744584026e-06
23413,1.8831101106231419e-06
23414,1.8821721357031879e-06
23415,1.8812275685009545e-06
23416,1.880283001409745e-06
23417,1.8793515725867838e-06
23418,1.8784164087515248e-06
23419,1.8774746725069846e-06
23420,1.8765376355034393e-06
23421,1.8756108545181494e-06
23422,1.8746710007677675e-06
23423,1.873724541634482e-06
23424,1.8727893777992211e-06
23425,1.8718514028792654e-06
23426,1.8709209055334235e-06
23427,1.8699866768390188e-06
23428,1.8690468230886369e-06
23429,1.868099416602043e-06
23430,1.8671633166267299e-06
23431,1.866225341706774e-06
23432,1.8652901777604914e-06
23433,1.8643540778962007e-06
23434,1.8634113989612897e-06
23435,1.862465886293129e-06
23436,1.8615279112621518e-06
23437,1.8605871168198013e-06
23438,1.8596444378848901e-06
23439,1.858700815260405e-06
23440,1.857753408773809e-06
23441,1.8568163717702637e-06
23442,1.855872749256805e-06
23443,1.854937585310523e-06
23444,1.8539967908681732e-06
23445,1.8530550546236307e-06
23446,1.8521142600702577e-06
23447,1.8511772230667128e-06
23448,1.8502392480357329e-06
23449,1.8493022111432111e-06
23450,1.8483642361122323e-06
23451,1.8474262611922764e-06
23452,1.846480748524116e-06
23453,1.8455437115205697e-06
23454,1.8446010325856577e-06
23455,1.843654573452369e-06
23456,1.8427109509389094e-06
23457,1.8417663838476992e-06
23458,1.840820871179539e-06
23459,1.8398810174291569e-06
23460,1.838941163678774e-06
23461,1.8379956510106159e-06
23462,1.8370501384534779e-06
23463,1.8361102847030953e-06
23464,1.8351713707565045e-06
23465,1.834231517117145e-06
23466,1.8332926031705552e-06
23467,1.8323527494201745e-06
23468,1.831408182328963e-06
23469,1.8304636152377545e-06
23470,1.8295190480355206e-06
23471,1.828573535478383e-06
23472,1.8276299128538994e-06
23473,1.82668911830053e-06
23474,1.8257454957870663e-06
23475,1.824801873162586e-06
23476,1.8238554141403193e-06
23477,1.8229080075427021e-06
23478,1.82196627129816e-06
23479,1.8210226487846968e-06
23480,1.820079026160214e-06
23481,1.8191391725208567e-06
23482,1.8181993187704763e-06
23483,1.8172613437394966e-06
23484,1.8163205492971466e-06
23485,1.8153844493218336e-06
23486,1.8144417703869207e-06
23487,1.8135000341423788e-06
23488,1.81255452147422e-06
23489,1.8116090088060573e-06
23490,1.8106700949704897e-06
23491,1.8097274160355772e-06
23492,1.808783793411095e-06
23493,1.8078401708976359e-06
23494,1.806898434653094e-06
23495,1.8059529219849311e-06
23496,1.805014946953954e-06
23497,1.804079783118695e-06
23498,1.8031399293683145e-06
23499,1.8022000757289553e-06
23500,1.8012545630607933e-06
23501,1.8003212686190665e-06
23502,1.7993814148686852e-06
23503,1.7984396786241413e-06
23504,1.797496055999659e-06
23505,1.7965533770647479e-06
23506,1.7956106981298352e-06
23507,1.794668961885292e-06
23508,1.7937243947940816e-06
23509,1.7927798275918505e-06
23510,1.79183714865694e-06
23511,1.790895412412396e-06
23512,1.7899489532791092e-06
23513,1.7890024942568431e-06
23514,1.7880588716323578e-06
23515,1.7871143045411473e-06
23516,1.786173509987775e-06
23517,1.7852298874743162e-06
23518,1.7842853202720832e-06
23519,1.7833426413371705e-06
23520,1.7823999624022589e-06
23521,1.781458226157716e-06
23522,1.7805117670244299e-06
23523,1.7795662543562687e-06
23524,1.7786245181117258e-06
23525,1.7776808955982668e-06
23526,1.7767363283960346e-06
23527,1.7757927058825725e-06
23528,1.774849083369111e-06
23529,1.7739045161668803e-06
23530,1.7729618372319684e-06
23531,1.7720201009874265e-06
23532,1.7710783647428847e-06
23533,1.7701366284983426e-06
23534,1.7691948921427774e-06
23535,1.7682531558982355e-06
23536,1.7673066968759692e-06
23537,1.7663611842078087e-06
23538,1.7654194479632666e-06
23539,1.764477711607704e-06
23540,1.7635359753631627e-06
23541,1.7625923528497e-06
23542,1.7616506166051589e-06
23543,1.7607088803606187e-06
23544,1.7597624212273295e-06
23545,1.7588159620940402e-06
23546,1.7578713950028293e-06
23547,1.7569258823346715e-06
23548,1.7559813152434613e-06
23549,1.755034856110171e-06
23550,1.7540940615567976e-06
23551,1.753153267003428e-06
23552,1.7522134133640668e-06
23553,1.7512726188106961e-06
23554,1.7503308825661543e-06
23555,1.7493900880127825e-06
23556,1.7484502342624006e-06
23557,1.7475066117489376e-06
23558,1.7465667579985588e-06
23559,1.7456297209950137e-06
23560,1.7446851539038018e-06
23561,1.7437443593504296e-06
23562,1.7428007367259472e-06
23563,1.74185427770368e-06
23564,1.7409163026727015e-06
23565,1.7399726801592397e-06
23566,1.7390262210259524e-06
23567,1.7380873071903827e-06
23568,1.7371408480570938e-06
23569,1.7361991118125522e-06
23570,1.735258317259182e-06
23571,1.7343128045910218e-06
23572,1.7333748296710645e-06
23573,1.732434035117691e-06
23574,1.7314960601977358e-06
23575,1.7305524375732513e-06
23576,1.7296078704820427e-06
23577,1.7286651915471281e-06
23578,1.7277234553025867e-06
23579,1.726776996169298e-06
23580,1.7258371424189183e-06
23581,1.7248916297507564e-06
23582,1.723948007237297e-06
23583,1.7230024945691354e-06
23584,1.7220607583245946e-06
23585,1.7211190220800536e-06
23586,1.720172562946765e-06
23587,1.7192364629714508e-06
23588,1.7182937840365404e-06
23589,1.7173501615230803e-06
23590,1.7164065388985952e-06
23591,1.7154619718073856e-06
23592,1.7145202355628429e-06
23593,1.7135841355875323e-06
23594,1.712642399342991e-06
23595,1.7117053623394453e-06
23596,1.7107655085890627e-06
23597,1.7098256548386804e-06
23598,1.7088848603963316e-06
23599,1.7079412377718484e-06
23600,1.7069995015273057e-06
23601,1.7060558790138454e-06
23602,1.705117903982866e-06
23603,1.7041742814694057e-06
23604,1.7032287688012474e-06
23605,1.7022842017100366e-06
23606,1.7013386890418758e-06
23607,1.7003931763737142e-06
23608,1.699452381820343e-06
23609,1.6985106455758012e-06
23610,1.6975707918254214e-06
23611,1.69662622473421e-06
23612,1.695684488489668e-06
23613,1.6947408658651842e-06
23614,1.6938019520296155e-06
23615,1.6928602157850747e-06
23616,1.6919156485828411e-06
23617,1.690971081491632e-06
23618,1.6900265144004208e-06
23619,1.689083835465511e-06
23620,1.6881392682632785e-06
23621,1.687194701172068e-06
23622,1.6862539066186944e-06
23623,1.685310284105234e-06
23624,1.6843657169030022e-06
23625,1.6834277419830453e-06
23626,1.6824850630481328e-06
23627,1.6815461491015418e-06
23628,1.6806062954621832e-06
23629,1.6796645592176424e-06
23630,1.6787237646642696e-06
23631,1.6777829701108962e-06
23632,1.6768421755575236e-06
23633,1.6759004393129822e-06
23634,1.6749568167995234e-06
23635,1.6740169630491404e-06
23636,1.6730733404246572e-06
23637,1.672134426589088e-06
23638,1.6711955127535214e-06
23639,1.6702565988069302e-06
23640,1.6693176849713605e-06
23641,1.6683712258380727e-06
23642,1.6674323120025024e-06
23643,1.6664933980559133e-06
23644,1.6655488309647037e-06
23645,1.6646042638734913e-06
23646,1.6636644101231098e-06
23647,1.6627226738785688e-06
23648,1.661778106676338e-06
23649,1.660836370431795e-06
23650,1.6599040092435404e-06
23651,1.658963214801191e-06
23652,1.6580280508549084e-06
23653,1.657093822160506e-06
23654,1.6561605277187741e-06
23655,1.6552281666415433e-06
23656,1.654289252694952e-06
23657,1.653350338859384e-06
23658,1.6524133018558367e-06
23659,1.6514762648522914e-06
23660,1.6505364111019107e-06
23661,1.6495946748573682e-06
23662,1.6486548211069867e-06
23663,1.6477121421720753e-06
23664,1.646766629503914e-06
23665,1.6458239505690044e-06
23666,1.6448793834777928e-06
23667,1.6439357609643338e-06
23668,1.642993081918397e-06
23669,1.642050402983487e-06
23670,1.6411086667389436e-06
23671,1.6401659878040322e-06
23672,1.6392214207128234e-06
23673,1.638279684468281e-06
23674,1.6373379482237374e-06
23675,1.6363933810215055e-06
23676,1.6354488139302956e-06
23677,1.634504246728063e-06
23678,1.6335615677931504e-06
23679,1.6326179452796897e-06
23680,1.6316799703597334e-06
23681,1.6307363477352523e-06
23682,1.6297993107317053e-06
23683,1.6288575744871632e-06
23684,1.6279186606515952e-06
23685,1.626981623648049e-06
23686,1.626038944713137e-06
23687,1.6250943775109052e-06
23688,1.6241535830685537e-06
23689,1.6232080704003936e-06
23690,1.6222616112671064e-06
23691,1.6213198750225641e-06
23692,1.6203893776767246e-06
23693,1.6194514026457426e-06
23694,1.6185162388104863e-06
23695,1.617580138835173e-06
23696,1.6166346262780353e-06
23697,1.615689113609874e-06
23698,1.614746434674963e-06
23699,1.6138009220068022e-06
23700,1.6128591857622622e-06
23701,1.6119193320118805e-06
23702,1.6109851033174755e-06
23703,1.6100471283975192e-06
23704,1.6091110284222063e-06
23705,1.6081702338688326e-06
23706,1.607234133893521e-06
23707,1.6062933394511705e-06
23708,1.6053525448977966e-06
23709,1.6044098659628856e-06
23710,1.603473765987572e-06
23711,1.6025339122371916e-06
23712,1.6015921759926489e-06
23713,1.6006579472982456e-06
23714,1.5997162110537037e-06
23715,1.5987744748091619e-06
23716,1.597831795874249e-06
23717,1.5968881732497653e-06
23718,1.5959436061585553e-06
23719,1.5950056311275769e-06
23720,1.5940610640363685e-06
23721,1.59312308911641e-06
23722,1.5921860521128656e-06
23723,1.5912443158683219e-06
23724,1.5903025796237807e-06
23725,1.589365542620237e-06
23726,1.588435975752312e-06
23727,1.5874961220019293e-06
23728,1.5865600220266163e-06
23729,1.5856173430917045e-06
23730,1.5846756068471633e-06
23731,1.5837469694579543e-06
23732,1.5828071158185966e-06
23733,1.5818700788150495e-06
23734,1.580934914979792e-06
23735,1.5800034861568324e-06
23736,1.5790608072219216e-06
23737,1.5781190709773798e-06
23738,1.577177334621816e-06
23739,1.576242170786557e-06
23740,1.5752994918516445e-06
23741,1.5743615169316878e-06
23742,1.5734207223783159e-06
23743,1.5724789861337736e-06
23744,1.57154288615846e-06
23745,1.5706142488802757e-06
23746,1.5696753349336843e-06
23747,1.5687345404913342e-06
23748,1.5677937459379616e-06
23749,1.5668472868046724e-06
23750,1.565906492251301e-06
23751,1.564969455358777e-06
23752,1.564033355383464e-06
23753,1.5631000609417345e-06
23754,1.5621630239381899e-06
23755,1.5612269239628782e-06
23756,1.5602917601276202e-06
23757,1.559346247459458e-06
23758,1.5584120187650528e-06
23759,1.5574759187897418e-06
23760,1.5565322962762804e-06
23761,1.555588673651797e-06
23762,1.5546459947168869e-06
23763,1.5537033157819727e-06
23764,1.552757803224835e-06
23765,1.5518160668692728e-06
23766,1.550874330624731e-06
23767,1.549937293621185e-06
23768,1.5490002566176386e-06
23769,1.5480706897497143e-06
23770,1.5471336528571909e-06
23771,1.546204085878245e-06
23772,1.5452642322388842e-06
23773,1.5443309376861349e-06
23774,1.5433882587512213e-06
23775,1.5424436916600126e-06
23776,1.5414991245688004e-06
23777,1.540555501944319e-06
23778,1.5396184649407731e-06
23779,1.5386748424273122e-06
23780,1.537737805423768e-06
23781,1.5367951264888538e-06
23782,1.5358524475539428e-06
23783,1.5349116530005694e-06
23784,1.5339680304871087e-06
23785,1.5330291165405175e-06
23786,1.5320911416205624e-06
23787,1.531148462685649e-06
23788,1.5302095488500817e-06
23789,1.529272511846535e-06
23790,1.5283354748429892e-06
23791,1.5273974998120114e-06
23792,1.5264585859764432e-06
23793,1.5255196721408737e-06
23794,1.524576993205963e-06
23795,1.5236324260037284e-06
23796,1.5226888034902699e-06
23797,1.5217461245553578e-06
23798,1.5208034456204438e-06
23799,1.5198645316738546e-06
23800,1.5189265567538965e-06
23801,1.5179885817229175e-06
23802,1.5170496678873501e-06
23803,1.516107931642807e-06
23804,1.5151661953982662e-06
23805,1.5142338342100106e-06
23806,1.5132977342346984e-06
23807,1.512355997990155e-06
23808,1.5114142617456152e-06
23809,1.510477224742068e-06
23810,1.5095401877385216e-06
23811,1.5085975088036103e-06
23812,1.507657655053229e-06
23813,1.506715918808687e-06
23814,1.5057741825641466e-06
23815,1.5048315036292324e-06
23816,1.5038907090758603e-06
23817,1.5029451964077e-06
23818,1.50200346016316e-06
23819,1.5010626656097876e-06
23820,1.500119986674875e-06
23821,1.4991763641614131e-06
23822,1.4982327415369316e-06
23823,1.4972881744457216e-06
23824,1.4963436073545098e-06
23825,1.4953999847300287e-06
23826,1.494470417862105e-06
23827,1.4935277389271906e-06
23828,1.4925869443738183e-06
23829,1.4916480305382498e-06
23830,1.49070817678787e-06
23831,1.4897654978529586e-06
23832,1.4888312691585532e-06
23833,1.4878895329140116e-06
23834,1.4869468539790995e-06
23835,1.4860079401435298e-06
23836,1.4850643175190476e-06
23837,1.4841206950055865e-06
23838,1.4831780160706747e-06
23839,1.4822343934461923e-06
23840,1.48128888077803e-06
23841,1.4803433682208946e-06
23842,1.4793988010186607e-06
23843,1.4784542339274513e-06
23844,1.4775087212592916e-06
23845,1.4765650987458292e-06
23846,1.4756214761213462e-06
23847,1.4746797398768059e-06
23848,1.473739886126423e-06
23849,1.4727981498818814e-06
23850,1.4718535827906733e-06
23851,1.4709080701225127e-06
23852,1.4699635030313023e-06
23853,1.4690227084779305e-06
23854,1.4680819139245558e-06
23855,1.4671411193711854e-06
23856,1.4661984404362718e-06
23857,1.4652557615013604e-06
23858,1.4643111944101518e-06
23859,1.463370399856778e-06
23860,1.4624267773433175e-06
23861,1.461484098408406e-06
23862,1.4605395312061727e-06
23863,1.4595968522712614e-06
23864,1.4586560577178874e-06
23865,1.4577133787829772e-06
23866,1.4567706998480635e-06
23867,1.4558280209131514e-06
23868,1.4548834538219418e-06
23869,1.4539379411537814e-06
23870,1.4529952622188702e-06
23871,1.452054467665499e-06
23872,1.4511117887305851e-06
23873,1.4501691097956737e-06
23874,1.4492245427044643e-06
23875,1.4482837481510917e-06
23876,1.4473438944007098e-06
23877,1.4464040406503297e-06
23878,1.4454670037578042e-06
23879,1.444527150007425e-06
23880,1.4435825828051927e-06
23881,1.4426408465606493e-06
23882,1.4417000520072788e-06
23883,1.4407545394501393e-06
23884,1.4398090267819786e-06
23885,1.4388644596907698e-06
23886,1.4379274226872228e-06
23887,1.4369819100190648e-06
23888,1.4360373429278552e-06
23889,1.4350927757256207e-06
23890,1.434155738722076e-06
23891,1.4332130597871631e-06
23892,1.432268492695954e-06
23893,1.4313248700714699e-06
23894,1.43038219113656e-06
23895,1.4294423374972005e-06
23896,1.4285015429438264e-06
23897,1.4275588640089154e-06
23898,1.4266199500623257e-06
23899,1.4256810362267554e-06
23900,1.4247411824763751e-06
23901,1.4237985035414624e-06
23902,1.4228558246065497e-06
23903,1.421911257515341e-06
23904,1.4209657448471802e-06
23905,1.4200240086026373e-06
23906,1.4190813296677254e-06
23907,1.4181452296924137e-06
23908,1.41720160706793e-06
23909,1.4162570399767205e-06
23910,1.4153124728855106e-06
23911,1.4143726191351287e-06
23912,1.4134383904407238e-06
23913,1.4124957115058115e-06
23914,1.4115558577554314e-06
23915,1.4106150632020593e-06
23916,1.4096752095627e-06
23917,1.408732530516766e-06
23918,1.4077926768774052e-06
23919,1.4068518823240329e-06
23920,1.4059110877706624e-06
23921,1.404972173935093e-06
23922,1.4040323201847122e-06
23923,1.403091525631339e-06
23924,1.4021488466964263e-06
23925,1.4012099328608593e-06
23926,1.40027663841913e-06
23927,1.3993442772308746e-06
23928,1.398404423480494e-06
23929,1.3974645697301103e-06
23930,1.396523775176739e-06
23931,1.395582980734389e-06
23932,1.3946440667877975e-06
23933,1.393705152952229e-06
23934,1.3927662390056386e-06
23935,1.391831075170379e-06
23936,1.3908912215310218e-06
23937,1.3899504269776494e-06
23938,1.3890077480427374e-06
23939,1.3880650691078249e-06
23940,1.3871223901729113e-06
23941,1.3861797112379995e-06
23942,1.3852417362070223e-06
23943,1.38429905727211e-06
23944,1.3833610823521523e-06
23945,1.3824202877987801e-06
23946,1.3814804340483986e-06
23947,1.3805386978038561e-06
23948,1.3795941307126476e-06
23949,1.3786495635104158e-06
23950,1.3777049964192047e-06
23951,1.376764201865833e-06
23952,1.3758224656212914e-06
23953,1.3748788431078296e-06
23954,1.3739352204833468e-06
23955,1.372991597969885e-06
23956,1.3720489190349736e-06
23957,1.3711109440039952e-06
23958,1.3701663769127854e-06
23959,1.369222754288302e-06
23960,1.36827913177484e-06
23961,1.3673336191066816e-06
23962,1.3664012579184253e-06
23963,1.3654660940831688e-06
23964,1.364524357838625e-06
23965,1.3635826215940847e-06
23966,1.3626418270407125e-06
23967,1.3617085325989807e-06
23968,1.3607667963544395e-06
23969,1.3598316325191823e-06
23970,1.358890837965809e-06
23971,1.3579500434124378e-06
23972,1.357010189662055e-06
23973,1.356070335911675e-06
23974,1.355129541469325e-06
23975,1.3541896877189434e-06
23976,1.3532507738833743e-06
23977,1.3523099793300015e-06
23978,1.3513720042990225e-06
23979,1.3504330904634532e-06
23980,1.349492295910081e-06
23981,1.3485515013567087e-06
23982,1.3476107069143588e-06
23983,1.3466689706698174e-06
23984,1.3457328706945055e-06
23985,1.344796770719193e-06
23986,1.3438587957992352e-06
23987,1.3429217587956899e-06
23988,1.3419800225511484e-06
23989,1.3410382861955843e-06
23990,1.3401031223603255e-06
23991,1.3391585552691144e-06
23992,1.3382187015187348e-06
23993,1.3372779069653613e-06
23994,1.3363418071010705e-06
23995,1.335403832070093e-06
23996,1.3344639783197118e-06
23997,1.3335222420751691e-06
23998,1.3325823883247868e-06
23999,1.3316546796371406e-06
24000,1.330713885194789e-06
24001,1.329768372526629e-06
24002,1.328826636282089e-06
24003,1.3278886612511091e-06
24004,1.3269525613868193e-06
24005,1.3260089387623349e-06
24006,1.3250681442089635e-06
24007,1.3241339155145575e-06
24008,1.3232052782363724e-06
24009,1.3222644836829996e-06
24010,1.321324630043642e-06
24011,1.3203838354902692e-06
24012,1.3194439817398867e-06
24013,1.3185013028049742e-06
24014,1.317560508251602e-06
24015,1.3166149955834421e-06
24016,1.3156742011410925e-06
24017,1.3147315222061817e-06
24018,1.3137888432712675e-06
24019,1.3128442760690373e-06
24020,1.3119100473746319e-06
24021,1.3109720724546739e-06
24022,1.3100312779013015e-06
24023,1.30908859896639e-06
24024,1.3081468627218489e-06
24025,1.3072051264773074e-06
24026,1.3062662125307158e-06
24027,1.3053263587803333e-06
24028,1.304393064338604e-06
24029,1.303452269896255e-06
24030,1.3025077026940234e-06
24031,1.3015631356028115e-06
24032,1.300628906908408e-06
24033,1.2996862279734962e-06
24034,1.2987416607712632e-06
24035,1.2978074321878814e-06
24036,1.2968656958323176e-06
24037,1.2959239595877756e-06
24038,1.294982223343232e-06
24039,1.2940386008297728e-06
24040,1.2930968644742076e-06
24041,1.2921607646099178e-06
24042,1.291224664634605e-06
24043,1.2902810420101225e-06
24044,1.289339305765581e-06
24045,1.2883985113232289e-06
24046,1.2874624113479161e-06
24047,1.286520675103375e-06
24048,1.2855845751280617e-06
24049,1.284646600097084e-06
24050,1.2837058056547328e-06
24051,1.2827621830302507e-06
24052,1.281820446785708e-06
24053,1.2808787105411663e-06
24054,1.2799407355101881e-06
24055,1.2790027605902316e-06
24056,1.2780619660368584e-06
24057,1.2771192871019463e-06
24058,1.2761897202340216e-06
24059,1.2752545563987628e-06
24060,1.2743193925635044e-06
24061,1.2733804786169139e-06
24062,1.2724434417243921e-06
24063,1.2715092130299861e-06
24064,1.2705637003618258e-06
24065,1.2696294716674223e-06
24066,1.2686905578318524e-06
24067,1.2677469352073698e-06
24068,1.266803312693909e-06
24069,1.2658643987473184e-06
24070,1.2649282988830273e-06
24071,1.2639950043302761e-06
24072,1.263060775635872e-06
24073,1.262124675771582e-06
24074,1.2611932469486222e-06
24075,1.2602580831133634e-06
24076,1.2593144604888817e-06
24077,1.258378360513569e-06
24078,1.2574431966783087e-06
24079,1.2565070967029957e-06
24080,1.2555709968387057e-06
24081,1.254633021807727e-06
24082,1.2536950468877714e-06
24083,1.252751424263287e-06
24084,1.251811570623929e-06
24085,1.2508679479994464e-06
24086,1.2499243254859842e-06
24087,1.2489835309326125e-06
24088,1.2480493022382067e-06
24089,1.247107565993665e-06
24090,1.2461667714402944e-06
24091,1.2452259768869212e-06
24092,1.2442898770226314e-06
24093,1.2433462543981473e-06
24094,1.2424054598447745e-06
24095,1.2414656062054174e-06
24096,1.2405229271594816e-06
24097,1.2395830735201228e-06
24098,1.2386422789667512e-06
24099,1.2377080502723467e-06
24100,1.2367653713374342e-06
24101,1.2358264573908422e-06
24102,1.234888482470886e-06
24103,1.2339589156029626e-06
24104,1.2330181210495903e-06
24105,1.2320792072140197e-06
24106,1.2311355845895388e-06
24107,1.2301919620760764e-06
24108,1.2292483395626164e-06
24109,1.2283103645316365e-06
24110,1.2273752006963781e-06
24111,1.226431578182919e-06
24112,1.2254879555584342e-06
24113,1.2245443330449741e-06
24114,1.2236007104204924e-06
24115,1.2226664817260873e-06
24116,1.2217247454815443e-06
24117,1.2207848917311643e-06
24118,1.2198431554866208e-06
24119,1.2189023609332505e-06
24120,1.2179577938420392e-06
24121,1.2170132267508298e-06
24122,1.2160724321974574e-06
24123,1.2151297532625451e-06
24124,1.2141870743276328e-06
24125,1.2132425071254005e-06
24126,1.21229794003419e-06
24127,1.2113533729429796e-06
24128,1.2104088057407485e-06
24129,1.2094642386495382e-06
24130,1.2085196715583284e-06
24131,1.2075751043560962e-06
24132,1.206633368111553e-06
24133,1.2056916318670113e-06
24134,1.2047517781166302e-06
24135,1.2038147411130844e-06
24136,1.2028739465597123e-06
24137,1.201929379468502e-06
24138,1.2009914045485463e-06
24139,1.200051550798164e-06
24140,1.1991079281736806e-06
24141,1.198168074534323e-06
24142,1.1972263381787593e-06
24143,1.1962817710875484e-06
24144,1.195337203996338e-06
24145,1.194392636794106e-06
24146,1.1934518423517557e-06
24147,1.1925072751495236e-06
24148,1.1915655389049813e-06
24149,1.1906219163915215e-06
24150,1.1896811218381493e-06
24151,1.1887374992136663e-06
24152,1.1877985853780974e-06
24153,1.1868587316277157e-06
24154,1.1859188778773344e-06
24155,1.1849771416327926e-06
24156,1.18403540538825e-06
24157,1.1830946108348773e-06
24158,1.1821547571955187e-06
24159,1.1812158432489286e-06
24160,1.180279743273616e-06
24161,1.1793408294380461e-06
24162,1.1784009756876663e-06
24163,1.1774648757123533e-06
24164,1.1765278387088085e-06
24165,1.1755851597738945e-06
24166,1.1746481228813717e-06
24167,1.1737082691309916e-06
24168,1.1727684153806101e-06
24169,1.171827620827238e-06
24170,1.1708877670768562e-06
24171,1.1699507300733105e-06
24172,1.1690099356309613e-06
24173,1.1680719605999814e-06
24174,1.1671330467644123e-06
24175,1.1661931930140302e-06
24176,1.1652495705005708e-06
24177,1.164307834145007e-06
24178,1.1633679805056482e-06
24179,1.162426244150083e-06
24180,1.1614826216366225e-06
24181,1.1605389991231618e-06
24182,1.1595963201882504e-06
24183,1.1586545838326864e-06
24184,1.1577137893903355e-06
24185,1.1567729948369632e-06
24186,1.1558322002835906e-06
24187,1.1548914057302182e-06
24188,1.1539534308102617e-06
24189,1.1530126362568885e-06
24190,1.1520727825065078e-06
24191,1.151131988064157e-06
24192,1.1501911935107852e-06
24193,1.1492503989574132e-06
24194,1.1483096044040408e-06
24195,1.14736503731283e-06
24196,1.146421414799371e-06
24197,1.1454768475971371e-06
24198,1.1445360530437658e-06
24199,1.1435943167992227e-06
24200,1.1426497497080141e-06
24201,1.1417089551546403e-06
24202,1.1407709802346844e-06
24203,1.1398311264843041e-06
24204,1.138891272733921e-06
24205,1.1379504781805496e-06
24206,1.137013441177004e-06
24207,1.136069818663544e-06
24208,1.1351318437435856e-06
24209,1.1341882211191039e-06
24210,1.1332445986056432e-06
24211,1.132303804052271e-06
24212,1.131367704076957e-06
24213,1.1304259678324151e-06
24214,1.129484231587873e-06
24215,1.128544377837493e-06
24216,1.12760264159295e-06
24217,1.126660905348409e-06
24218,1.1257172827239263e-06
24219,1.1247867853780838e-06
24220,1.123846931627704e-06
24221,1.1229070778773216e-06
24222,1.1219691029573653e-06
24223,1.1210301891217958e-06
24224,1.120094089146483e-06
24225,1.1191691607903558e-06
24226,1.1182321237868116e-06
24227,1.1172960238114988e-06
24228,1.1163599239472067e-06
24229,1.1154228869436614e-06
24230,1.114483972997072e-06
24231,1.1135478731327806e-06
24232,1.1126117731574674e-06
24233,1.1116794119692128e-06
24234,1.1107404981336452e-06
24235,1.1098015841870534e-06
24236,1.1088645471835088e-06
24237,1.107925633347939e-06
24238,1.1069867195123698e-06
24239,1.1060487444813918e-06
24240,1.1051088907310098e-06
24241,1.1041643236397994e-06
24242,1.1032254098042324e-06
24243,1.1022827308693203e-06
24244,1.101344755838341e-06
24245,1.1004030195937982e-06
24246,1.0994612833492565e-06
24247,1.0985223694026664e-06
24248,1.0975787468892042e-06
24249,1.0966379523358319e-06
24250,1.0956999774158768e-06
24251,1.0947591828625034e-06
24252,1.0938183883091315e-06
24253,1.0928766520645894e-06
24254,1.091942423370184e-06
24255,1.0910006871256436e-06
24256,1.0900664584312385e-06
24257,1.0891228359177774e-06
24258,1.0881839219711856e-06
24259,1.087240299457725e-06
24260,1.086297620522814e-06
24261,1.0853539978983306e-06
24262,1.0844132034559808e-06
24263,1.083478039509699e-06
24264,1.08253724506735e-06
24265,1.081598331120759e-06
24266,1.0806556521858464e-06
24267,1.0797148577434963e-06
24268,1.0787731213879324e-06
24269,1.0778342075523646e-06
24270,1.0768905850389036e-06
24271,1.0759507312885226e-06
24272,1.0750099367351498e-06
24273,1.0740747728998916e-06
24274,1.0731414784581612e-06
24275,1.0721969112559285e-06
24276,1.0712626825615237e-06
24277,1.070322828922166e-06
24278,1.0693886002277613e-06
24279,1.0684543715333559e-06
24280,1.0675145177829742e-06
24281,1.06658028908857e-06
24282,1.0656404353381885e-06
24283,1.0647024604182324e-06
24284,1.06376166586486e-06
24285,1.0628189869299484e-06
24286,1.061880072983356e-06
24287,1.0609383367388141e-06
24288,1.0600041080444092e-06
24289,1.0590633136020595e-06
24290,1.0581225190486878e-06
24291,1.0571798401137764e-06
24292,1.0562390455604023e-06
24293,1.0552982510070304e-06
24294,1.0543583972566495e-06
24295,1.053415718321737e-06
24296,1.052473039386825e-06
24297,1.0515303604519141e-06
24298,1.050587681517002e-06
24299,1.0496478277666195e-06
24300,1.048707974127261e-06
24301,1.0477681203768802e-06
24302,1.046823553174647e-06
24303,1.0458827587322968e-06
24304,1.044948530037893e-06
24305,1.0440133662026339e-06
24306,1.0430753911716542e-06
24307,1.0421411624772507e-06
24308,1.0412013087268686e-06
24309,1.0402586297919578e-06
24310,1.0393159508570449e-06
24311,1.0383770370214764e-06
24312,1.0374418731862185e-06
24313,1.036505773210906e-06
24314,1.0355649786575334e-06
24315,1.0346298148222748e-06
24316,1.0336890202689022e-06
24317,1.0327538564336444e-06
24318,1.0318233590878017e-06
24319,1.0308863220842572e-06
24320,1.0299511582489982e-06
24321,1.0290131832180194e-06
24322,1.0280742693824505e-06
24323,1.0271315904475395e-06
24324,1.0261907958941663e-06
24325,1.0252528209742091e-06
24326,1.0243101420392975e-06
24327,1.0233833610540095e-06
24328,1.0224406821190961e-06
24329,1.0215017682835283e-06
24330,1.0205590892375933e-06
24331,1.0196164103026815e-06
24332,1.018672787789221e-06
24333,1.0177301088543098e-06
24334,1.0167874299193962e-06
24335,1.015845693674855e-06
24336,1.0149133324866e-06
24337,1.0139744186510305e-06
24338,1.013029851448799e-06
24339,1.012087172513886e-06
24340,1.0111463779605154e-06
24341,1.0102055835181651e-06
24342,1.0092638471626003e-06
24343,1.0083221109180582e-06
24344,1.0073813164757084e-06
24345,1.0064386374297749e-06
24346,1.0054950149163135e-06
24347,1.0045513924028526e-06
24348,1.0036077697783703e-06
24349,1.0026669752249973e-06
24350,1.0017233527115372e-06
24351,1.000779730087054e-06
24352,9.998370511521413e-07
