states,imprecision
0,1.0
1,0.04879437180296876
2,0.04783839584518734
3,0.04688909167704114
4,0.04592928223651604
5,0.044977124450533035
6,0.04402496666455002
7,0.04307661180057198
8,0.04212063584279057
9,0.04115697754717917
10,0.04020672312461037
11,0.039255517496413324
12,0.03829762671495985
13,0.0373464210867629
14,0.0364009084432605
15,0.03544588846143692
16,0.03450132133057792
17,0.033549163544594925
18,0.03260080868061688
19,0.03164578869879331
20,0.03069838218967913
21,0.029746224403696116
22,0.028794066617713113
23,0.02784286098951616
24,0.026895454480401985
25,0.025944248852204924
26,0.024993043224007975
27,0.02404183759581091
28,0.02309537849320586
29,0.02214702362922782
30,0.021195818001030764
31,0.020224415631398093
32,0.019284561899963082
33,0.018335257731816768
34,0.017382146834936885
35,0.016427126853113323
36,0.015473061891271627
37,0.014524707027293467
38,0.013576352163315427
39,0.01262799729933728
40,0.011678693131191078
41,0.01072748750299402
42,0.009778183334847701
43,0.008830776825733631
44,0.007887154262005591
45,0.006938799398027441
46,0.005991392888913261
47,0.005044933786308324
48,0.004098474683703279
49,0.00315296204020088
50,0.00220744939669848
51,0.0012619367531959695
52,0.001260981733214206
53,0.0012600219237736128
54,0.0012590563352665736
55,0.0012580936406293433
56,0.001257141482843282
57,0.001256183592061921
58,0.0012552257012804495
59,0.001254263006643108
60,0.0012532993483475026
61,0.0012523471905615537
62,0.00125139788639339
63,0.0012504419104355515
64,0.0012494897526496023
65,0.001248537594863652
66,0.0012475825748817784
67,0.0012466246841003063
68,0.0012456696641185427
69,0.00124471655322167
70,0.0012437509647146294
71,0.0012427930739331572
72,0.0012418370979753182
73,0.0012408820779935548
74,0.0012399174550750127
75,0.0012389528321564702
76,0.0012379882092379275
77,0.0012370264772952892
78,0.0012360579862195078
79,0.001235089495143726
80,0.001234134475161963
81,0.0012331708168663576
82,0.001232211007425765
83,0.001231258849639816
84,0.001230306691853866
85,0.0012293573876857036
86,0.0012284014117278637
87,0.001227445435770136
88,0.0012264932779841866
89,0.0012255373020263467
90,0.0012245794112448753
91,0.0012236186410341525
92,0.0012226693368659887
93,0.0012217190824435065
94,0.0012207669246574457
95,0.0012198176204892832
96,0.0012188616445315545
97,0.0012179018350909625
98,0.001216944902200368
99,0.001215981243904762
100,0.001215013721320046
101,0.0012140587013381718
102,0.0012130988918976902
103,0.0012121476862695377
104,0.0012111897954880653
105,0.0012102299860474726
106,0.0012092663277518674
107,0.0012083132168549948
108,0.0012073620112268428
109,0.0012063973883083
110,0.0012054480841401374
111,0.0012044949732432637
112,0.001203544718820671
113,0.001202587785930076
114,0.0012016289362989378
115,0.0012006777306707848
116,0.0011997188810396464
117,0.0011987657701427734
118,0.0011978202574992602
119,0.0011968728509901272
120,0.0011959282838592824
121,0.0011949761260733323
122,0.0011940076349975513
123,0.0011930430120790088
124,0.0011920889471171983
125,0.0011911377414890454
126,0.001190192228845532
127,0.0011892391179486592
128,0.001188291711439526
129,0.0011873376464777148
130,0.0011863701238929987
131,0.0011854198694704059
132,0.0011844648494886423
133,0.0011835021548513014
134,0.0011825452219605963
135,0.0011815987628579496
136,0.0011806446978961387
137,0.0011796829659534993
138,0.0011787383988226543
139,0.0011777862410365936
140,0.0011768254708258712
141,0.0011758637388832314
142,0.001174918226239718
143,0.0011739670206115658
144,0.0011730224534806102
145,0.0011720712478524575
146,0.0011711266807216125
147,0.0011701687899401407
148,0.001169211857049435
149,0.0011682682344857924
150,0.0011673160766997313
151,0.0011663495216376334
152,0.0011653819990530279
153,0.0011644269790711539
154,0.001163482411940309
155,0.0011625302541543596
156,0.0011615837950517123
157,0.0011606230248409897
158,0.0011596689598791785
159,0.0011587234472356656
160,0.0011577731928130717
161,0.001156807604306032
162,0.0011558563986778791
163,0.001154898507896407
164,0.0011539406171149345
165,0.001152986552153123
166,0.0011520267427125308
167,0.0011510621197939885
168,0.0011501175526631433
169,0.0011491653948771943
170,0.0011482055854367121
171,0.0011472515204747902
172,0.0011463050613722547
173,0.001145361438808501
174,0.0011444130839445286
175,0.0011434571079866895
176,0.0011425068535642071
177,0.0011415565991416128
178,0.0011406072949734498
179,0.001139654184076577
180,0.0011386972511858715
181,0.0011377403182952772
182,0.001136790063872684
183,0.0011358359989107616
184,0.00113488193394895
185,0.0011339173110304082
186,0.0011329603781398139
187,0.001132008220353753
188,0.0011310579659312705
189,0.001130104855034286
190,0.0011291517441374133
191,0.0011281986332405405
192,0.0011272483788180578
193,0.001126298124395464
194,0.001125336392452714
195,0.0011243794595621197
196,0.0011234339469186063
197,0.0011224865404094733
198,0.001121536285986879
199,0.0011205850803587274
200,0.0011196214220631215
201,0.0011186730671991492
202,0.001117718047217275
203,0.001116755352579934
204,0.0011157984196893402
205,0.0011148481652667463
206,0.001113898861098583
207,0.00111295334845507
208,0.0011120040442869072
209,0.0011110547401187447
210,0.0011101054359506921
211,0.0011091627570094518
212,0.0011082134528412888
213,0.001107260341944416
214,0.0011063024511630548
215,0.0011053445603815826
216,0.0011043971538724495
217,0.0011034487990084771
218,0.001102488028797755
219,0.0011015330088158803
220,0.0011005818031877277
221,0.0010996267832058533
222,0.001098677479037691
223,0.0010977262734095379
224,0.001096781706278693
225,0.0010958324021105306
226,0.001094878337148719
227,0.0010939309306395861
228,0.0010929711211991042
229,0.001092017056237182
230,0.0010910629912753707
231,0.0010901165321727242
232,0.0010891624672109133
233,0.0010881997725735724
234,0.0010872495181510902
235,0.0010862925852603842
236,0.0010853356523696784
237,0.0010843719940740737
238,0.0010834121846335918
239,0.0010824647781244587
240,0.001081507845233753
241,0.0010805509123430481
242,0.0010796006579205648
243,0.0010786389259778155
244,0.0010776924668752796
245,0.001076717169162689
246,0.0010757697626535556
247,0.0010748204584853926
248,0.0010738587265427533
249,0.0010728998769116145
250,0.0010719467660147415
251,0.0010709936551178687
252,0.0010700443509497057
253,0.0010690883749919773
254,0.0010681323990341385
255,0.0010671764230764103
256,0.0010662242652903497
257,0.0010652721075044005
258,0.0010643189966075277
259,0.001063365885710654
260,0.001062409909752815
261,0.0010614462514572096
262,0.0010604854812464866
263,0.0010595418586828444
264,0.0010585887477858604
265,0.0010576375421577078
266,0.0010566853843717579
267,0.0010557370295077864
268,0.0010547820095259124
269,0.0010538279445641006
270,0.0010528738796022894
271,0.0010519236251796964
272,0.0010509771660770497
273,0.0010500250082911002
274,0.00104907285050515
275,0.0010481206927190902
276,0.0010471656727373264
277,0.001046206823106188
278,0.0010452556174780356
279,0.0010443072626140635
280,0.001043355104828003
281,0.001042397214046642
282,0.0010414383644155032
283,0.0010404881099929102
284,0.0010395283005524278
285,0.0010385856216112987
286,0.0010376325107144257
287,0.001036681305086162
288,0.001035731050663569
289,0.001034778892877619
290,0.0010338286384550253
291,0.0010328552903625663
292,0.001031905035939973
293,0.00103095478151749
294,0.001030004527094897
295,0.001029054272672303
296,0.0010281068661631696
297,0.0010271528012013587
298,0.0010262063420987122
299,0.0010252532312018394
300,0.001024298211220076
301,0.001023343191238202
302,0.0010223843416071739
303,0.0010214340871845808
304,0.0010204704288889754
305,0.0010195211247208122
306,0.0010185756120772995
307,0.0010176244064491464
308,0.0010166751022809843
309,0.0010157172114995112
310,0.001014767907331349
311,0.0010138195524673765
312,0.0010128673946814268
313,0.0010119171402588334
314,0.0010109659346306807
315,0.001010014729002418
316,0.0010090606640406066
317,0.0010081132575314733
318,0.0010071649026675007
319,0.0010062117917706281
320,0.0010052548588799228
321,0.0010043036532517702
322,0.0010033524476236175
323,0.001002405041114485
324,0.0010014509761525627
325,0.001000492126521535
326,0.0009995371065396606
327,0.0009985588770724532
328,0.0009976048121105308
329,0.0009966545576880481
330,0.0009956966669065754
331,0.0009947530443428223
332,0.0009938056378336895
333,0.0009928544322055364
334,0.0009919032265772731
335,0.000990955820068251
336,0.0009900036622821906
337,0.0009890553074182182
338,0.0009881031496322688
339,0.000987156690529623
340,0.0009862054849014705
341,0.000985254279273207
342,0.0009843002143113957
343,0.0009833509101432325
344,0.0009823997045150799
345,0.0009814484988869276
346,0.0009805001440229553
347,0.0009795432111322497
348,0.0009785910533463007
349,0.0009776369883843785
350,0.0009766819684026147
351,0.0009757402321403097
352,0.000974790927972258
353,0.0009738454153287441
354,0.0009728913503668222
355,0.0009719401447386703
356,0.0009709898903160763
357,0.0009700405861479138
358,0.0009690941270453783
359,0.0009681476679427317
360,0.0009671974135201378
361,0.0009662376040796559
362,0.0009652844931827832
363,0.0009643342387601892
364,0.0009633830331320372
365,0.0009624308753459767
366,0.0009614787175600273
367,0.0009605265597740779
368,0.000959568668992605
369,0.0009586165112066554
370,0.0009576643534205954
371,0.000956712195634646
372,0.0009557600378486963
373,0.0009548078800626362
374,0.000953852860080873
375,0.0009529045052169007
376,0.00095194181057956
377,0.0009509858346218314
378,0.0009500355801992374
379,0.0009490900675557245
380,0.0009481436084530777
381,0.0009471943042849154
382,0.0009462468977758932
383,0.0009452994912667603
384,0.0009443511364027883
385,0.0009434037298936546
386,0.0009424563233845219
387,0.000941503212487649
388,0.0009405558059785155
389,0.0009396083994693824
390,0.0009386609929603608
391,0.0009377135864512278
392,0.0009367614286651674
393,0.000935808317768294
394,0.000934852341810566
395,0.0009338857867484676
396,0.0009329374318844953
397,0.0009319919192409822
398,0.0009310416648183887
399,0.0009300933099544164
400,0.0009291459034452831
401,0.0009281956490226899
402,0.0009272203513100983
403,0.0009262729448010764
404,0.0009253255382919431
405,0.0009243809711610987
406,0.0009234401766351489
407,0.0009224918217710655
408,0.0009215425176030132
409,0.0009205932134348508
410,0.0009196439092666873
411,0.0009186946050985248
412,0.0009177453009303616
413,0.0009167959967621984
414,0.0009158466925941467
415,0.0009149011799506334
416,0.0009139518757824702
417,0.0009129997179964102
418,0.0009120418272150485
419,0.0009110868072331748
420,0.000910130831275446
421,0.0009091834247663136
422,0.0009082341205981504
423,0.0009072876614955034
424,0.0009063364558673515
425,0.0009053871516991884
426,0.0009044416390556751
427,0.0009034885281588026
428,0.0009025142057439428
429,0.0009015524738013038
430,0.0009006088512375497
431,0.0008996633385940365
432,0.000898718771463192
433,0.0008977770352008864
434,0.0008968258295727338
435,0.0008958746239445812
436,0.0008949319450033407
437,0.000893988322439698
438,0.0008930333024578243
439,0.0008920820968296719
440,0.0008911308912014085
441,0.0008901796855732558
442,0.000889228479944992
443,0.0008882810734359702
444,0.0008873298678077072
445,0.0008863758028458955
446,0.0008854140709032563
447,0.0008844561801217846
448,0.0008835116129909393
449,0.0008825613585683457
450,0.0008816130037043738
451,0.0008806617980761103
452,0.000879706778094347
453,0.000878754620308397
454,0.000877781272215827
455,0.0008768079241233681
456,0.0008758345760309096
457,0.0008748612279384503
458,0.0008739071629766394
459,0.0008729635404128856
460,0.0008720142362447224
461,0.000871071557303593
462,0.0008701260446600801
463,0.0008691824220963263
464,0.0008682359629937906
465,0.000867292340430037
466,0.0008663449339209035
467,0.0008653965790569317
468,0.0008644501199542852
469,0.0008635046073107718
470,0.00086255340168262
471,0.0008615935922421383
472,0.0008606490251112928
473,0.0008596978194830294
474,0.0008587485153148665
475,0.0008577761405704768
476,0.0008568037658261975
477,0.0008558313910818068
478,0.0008548590163374168
479,0.0008538866415930266
480,0.0008529142668486368
481,0.0008519418921042469
482,0.000850969517359856
483,0.000849997142615466
484,0.0008490247678710757
485,0.000848062073233846
486,0.0008471127690656833
487,0.0008461615634374201
488,0.0008452132085734478
489,0.0008442705296323181
490,0.0008433259625014734
491,0.0008423690296107677
492,0.0008414159187138945
493,0.0008404618537520837
494,0.0008395220000206869
495,0.0008385821462891795
496,0.0008376422925577833
497,0.0008367024388263865
498,0.0008357663388744998
499,0.0008348179840105276
500,0.0008338677295879337
501,0.0008329193747239618
502,0.0008319729156213153
503,0.0008310082927027731
504,0.0008300513598121784
505,0.0008291030049482064
506,0.0008281517993199427
507,0.0008272034444559704
508,0.0008262474684982424
509,0.0008252962628699788
510,0.0008243248605003247
511,0.0008233765056363526
512,0.0008224051032666988
513,0.0008214337008971561
514,0.0008204622985275024
515,0.0008195215040015521
516,0.0008185778814377989
517,0.000817624770540926
518,0.0008166839760149761
519,0.0008157497473268994
520,0.00081479377136906
521,0.0008138529768431103
522,0.0008129131231117139
523,0.0008119628686891204
524,0.0008110126142665262
525,0.0008100623598440441
526,0.0008091121054214501
527,0.0008081656463188038
528,0.0008072201336752903
529,0.0008062746210317772
530,0.0008053262661678049
531,0.0008043693332772105
532,0.0008034313583134003
533,0.0008024915045818929
534,0.0008015516508504957
535,0.0008006080282867423
536,0.00079965013750527
537,0.0007986922467237975
538,0.0007977343559424366
539,0.0007967878968397901
540,0.0007958433297089453
541,0.0007949034759775484
542,0.0007939330450101867
543,0.0007929626140429357
544,0.0007919921830756851
545,0.0007910409774475327
546,0.0007901048774956452
547,0.000789163141233451
548,0.0007882232875019433
549,0.0007872701766050705
550,0.0007863256094742258
551,0.0007853772546102534
552,0.0007844250968243035
553,0.0007834852430927966
554,0.0007825500792408846
555,0.000781599824818402
556,0.0007806476670323417
557,0.0007796955092463918
558,0.0007787584722575011
559,0.0007778005814760293
560,0.000776852226612057
561,0.0007759019721895746
562,0.0007749488612925904
563,0.0007739986068701075
564,0.0007730483524475138
565,0.0007720933324656397
566,0.0007711411746796902
567,0.0007701890168937408
568,0.0007692320840030354
569,0.0007682751511123296
570,0.0007673182182217351
571,0.0007663612853310299
572,0.0007654176627672762
573,0.0007644674083446824
574,0.0007634979478083894
575,0.0007625284872720959
576,0.0007615839201412509
577,0.0007606346159730882
578,0.0007596824581871389
579,0.0007587435443094923
580,0.0007577980316659797
581,0.0007568515725633328
582,0.0007558994147773831
583,0.0007549520082682504
584,0.0007540083857044969
585,0.000753066649442302
586,0.0007521068400018207
587,0.0007511518200199463
588,0.0007501996622339971
589,0.0007492436862761578
590,0.0007482915284902081
591,0.0007473422243220448
592,0.0007463872043401712
593,0.0007454331393783599
594,0.0007444790744165484
595,0.0007435250094547376
596,0.0007425709444928151
597,0.0007416149685350871
598,0.000740658992577248
599,0.0007397172563150531
600,0.0007387650985291041
601,0.0007378148441065104
602,0.0007368636384783579
603,0.0007359114806922973
604,0.0007349497487496582
605,0.0007339994943270646
606,0.0007330473365411149
607,0.0007320951787551656
608,0.0007311439731269019
609,0.0007301984604833886
610,0.0007292472548552364
611,0.0007282970004326426
612,0.0007273486455686705
613,0.000726397439940518
614,0.0007254500334313853
615,0.000724500729263222
616,0.0007235476183663492
617,0.0007225945074694763
618,0.0007216471009603432
619,0.0007207006418576966
620,0.0007197560747268519
621,0.0007188000987691232
622,0.0007178469878722504
623,0.0007168929229104393
624,0.0007159388579485171
625,0.0007149828819907887
626,0.0007140345271268167
627,0.000713081416229944
628,0.0007121283053330708
629,0.0007111751944361977
630,0.0007102220835392139
631,0.0007092812890132641
632,0.0007083272240514524
633,0.0007073712480937243
634,0.0007064171831318022
635,0.000705461207174074
636,0.0007045109527514802
637,0.0007035568877896691
638,0.0007025961175789465
639,0.0007016420526170244
640,0.0007006879876552132
641,0.0006997377332326197
642,0.0006987988193549734
643,0.000697854252224128
644,0.0006969068457149953
645,0.0006959546879290456
646,0.0006950025301429854
647,0.0006940522757205025
648,0.0006930991648235187
649,0.0006921460539266453
650,0.0006911910339448821
651,0.0006902379230480095
652,0.0006892848121511367
653,0.0006883411895873823
654,0.0006873928347234102
655,0.0006864406769374608
656,0.0006854875660405878
657,0.0006845296752591157
658,0.0006835794208365219
659,0.0006826272630505723
660,0.0006816798565414393
661,0.0006807267456445667
662,0.0006797736347476935
663,0.0006788195697857715
664,0.0006778721632767495
665,0.0006769247567676161
666,0.0006759716458707432
667,0.0006750050908086447
668,0.0006740385357465463
669,0.0006730787263059534
670,0.0006721256154090803
671,0.0006711725045122076
672,0.0006702241496482354
673,0.0006692748454800723
674,0.0006683274389709395
675,0.0006673800324619175
676,0.0006664448686098947
677,0.0006655059547322486
678,0.000664558548223115
679,0.0006636035282413524
680,0.0006626655532774307
681,0.0006617219307137877
682,0.0006607726265456251
683,0.000659823322377462
684,0.0006588740182092989
685,0.0006579189982275355
686,0.0006569753756637818
687,0.0006560232178778325
688,0.0006550739137096692
689,0.0006541246095415065
690,0.0006531724517555573
691,0.0006522202939694968
692,0.0006512585620268576
693,0.0006503016291361521
694,0.0006493504235079994
695,0.0006483963585460775
696,0.0006474432476492045
697,0.0006464910898632545
698,0.0006455436833541218
699,0.0006445962768449884
700,0.0006436469726769366
701,0.0006426967182543432
702,0.0006417426532925321
703,0.0006407952467833985
704,0.0006398296582763583
705,0.0006388822517672254
706,0.0006379348452580923
707,0.0006369874387489591
708,0.0006360438161853166
709,0.0006351020799230109
710,0.0006341508742948586
711,0.0006332053616513453
712,0.0006322617390875918
713,0.0006313237641237814
714,0.0006303696991619699
715,0.0006294326621730794
716,0.0006284890396093255
717,0.0006275387851867318
718,0.0006265847202249208
719,0.0006256306552631099
720,0.0006246794496349574
721,0.0006237282440066938
722,0.000622778939838531
723,0.0006218248748767196
724,0.0006208727170907701
725,0.0006199290945270164
726,0.0006189769367410669
727,0.0006180276325729042
728,0.0006170783284047412
729,0.0006161290242365778
730,0.000615179720068415
731,0.0006142256551066041
732,0.0006132696791487647
733,0.0006123222726397425
734,0.0006113595780024018
735,0.0006104112231384294
736,0.0006094638166292965
737,0.0006085126110011443
738,0.000607563306832981
739,0.0006066149519690088
740,0.000605665647800846
741,0.0006047039158580958
742,0.0006037574567555603
743,0.0006028100502464274
744,0.0006018635911437811
745,0.0006009133367212982
746,0.0005999640325531352
747,0.000599021353611895
748,0.00059807678648105
749,0.0005971312738375368
750,0.0005961791160515871
751,0.0005952364371104581
752,0.0005942909244669449
753,0.0005933425696029727
754,0.0005923923151803789
755,0.0005914420607577853
756,0.0005904918063353026
757,0.0005895377413733802
758,0.0005885846304765073
759,0.0005876353263083447
760,0.0005866841206801923
761,0.0005857291006983177
762,0.000584788306172368
763,0.0005838380517498856
764,0.0005828877973272918
765,0.0005819346864304187
766,0.0005809853822622559
767,0.0005800332244763063
768,0.0005790848696122232
769,0.00057812984963046
770,0.0005771767387335868
771,0.0005762283838696146
772,0.0005752762260836652
773,0.0005743335471424248
774,0.0005733842429742619
775,0.0005724330373461096
776,0.0005714837331779468
777,0.0005705344290097838
778,0.000569582271223834
779,0.0005686358121211874
780,0.0005676865079530247
781,0.0005667409953096223
782,0.0005657945362069762
783,0.0005648546824755796
784,0.0005639120035343392
785,0.0005629579385725283
786,0.000562008634404365
787,0.0005610593302362022
788,0.0005601071724502525
789,0.0005591540615533799
790,0.0005582057066894075
791,0.0005572554522668138
792,0.0005563061480986506
793,0.0005553520831368395
794,0.0005543961071791113
795,0.0005534439493930511
796,0.0005525012704519219
797,0.0005515491126659721
798,0.0005505969548799118
799,0.000549644797093962
800,0.0005486964422299898
801,0.0005477461878073963
802,0.0005467987812982632
803,0.0005458485268757807
804,0.0005448982724531871
805,0.0005439499175892147
806,0.0005430034584865684
807,0.000542049393524757
808,0.0005410981878964937
809,0.0005401517287939581
810,0.0005392014743713646
811,0.0005382512199487708
812,0.0005373000143206185
813,0.0005363507101524554
814,0.0005354004557298618
815,0.0005344502013072682
816,0.0005335056341764232
817,0.0005325563300082604
818,0.0005316089234992382
819,0.0005306586690766445
820,0.0005297084146540508
821,0.0005287533946722879
822,0.0005278031402496942
823,0.0005268509824636335
824,0.0005259035759546114
825,0.0005249561694454784
826,0.000524004963817215
827,0.0005230603966863703
828,0.0005221091910582176
829,0.0005211579854299542
830,0.0005202134182991094
831,0.0005192641141309462
832,0.0005183176550284105
833,0.0005173654972424612
834,0.0005164104772605872
835,0.0005154583194746376
836,0.0005145071138463739
837,0.0005135606547438385
838,0.000512611350575676
839,0.0005116601449474125
840,0.0005107127384383902
841,0.0005097634342702272
842,0.000508812228641964
843,0.0005078562526842355
844,0.0005069097935815891
845,0.0005059614387176172
846,0.0005050149796150818
847,0.000504075125883574
848,0.0005031210609217631
849,0.0005021736544126301
850,0.0005012233999900362
851,0.0005002702890931631
852,0.0004993238299906279
853,0.0004983754751266555
854,0.0004974233173405953
855,0.0004964749624766229
856,0.0004955266076126509
857,0.0004945754019844983
858,0.0004936374270206876
859,0.0004926919143771745
860,0.0004917397565911143
861,0.0004907923500820921
862,0.0004898411444538285
863,0.0004888937379446955
864,0.0004879510590035664
865,0.0004869998533754139
866,0.00048604578841349177
867,0.0004850917234516804
868,0.00048414998718948593
869,0.000483200683021323
870,0.0004822466180595119
871,0.00048130015895686556
872,0.00048034226817539316
873,0.0004793882032135822
874,0.0004784369975854296
875,0.00047748483979936934
876,0.0004765364849353972
877,0.000475588130071425
878,0.00047463977520745287
879,0.0004736923686983196
880,0.0004727430645301567
881,0.0004717918589020041
882,0.0004708453997993579
883,0.00046989988715595554
884,0.0004689590926298948
885,0.00046801547006625216
886,0.00046707373380394673
887,0.0004661282211605445
888,0.0004651798662964614
889,0.00046423245978743905
890,0.0004632831556192761
891,0.00046233480075530403
892,0.00046138549658714123
893,0.00046043429095887756
894,0.000459482133172928
895,0.00045853092754477565
896,0.0004575787697587152
897,0.0004566379752327655
898,0.0004556905687237433
899,0.0004547393630954799
900,0.00045379005892731683
901,0.000452836948030444
902,0.0004518923808995989
903,0.0004509497019584696
904,0.0004500051348276246
905,0.00044905297704156405
906,0.0004481008192556145
907,0.0004471534127464815
908,0.00044620220711832903
909,0.0004452538522543569
910,0.0004443045480861942
911,0.00044335998095534917
912,0.00044240972653275545
913,0.0004414651594019104
914,0.00044051109444009917
915,0.000439565581796586
916,0.0004386124708997131
917,0.0004376726171682057
918,0.000436722362745723
919,0.0004357759036430763
920,0.00043482564922048283
921,0.00043387729435651057
922,0.00043293272722566545
923,0.0004319881600948204
924,0.00043104359296397576
925,0.0004300914351779151
926,0.0004291392773919657
927,0.0004281937647484522
928,0.0004272454098844803
929,0.00042629705502050797
930,0.0004253458493923558
931,0.00042439654522419257
932,0.0004234462908015992
933,0.0004224969866334362
934,0.0004215543076923069
935,0.00042060595282833474
936,0.00041965188786652346
937,0.0004187016334439297
938,0.000417758010880176
939,0.0004168039459183647
940,0.0004158584332748515
941,0.0004149062754889023
942,0.00041395981638625557
943,0.00041301051221809265
944,0.00041206783327696355
945,0.00041111947841299123
946,0.0004101711235490191
947,0.00040922181938085617
948,0.0004082715649582624
949,0.0004073213105356689
950,0.0004063710561130751
951,0.00040542080169059247
952,0.00040446959606232907
953,0.0004035174382763795
954,0.00040256146231865147
955,0.0004016102566903879
956,0.00040066000226779425
957,0.00039971259575866114
958,0.0003987642408946891
959,0.00039781683438566695
960,0.00039686753021750404
961,0.0003959163245892404
962,0.0003949698654867051
963,0.00039403843668295313
964,0.00039308723105468946
965,0.0003921388761907173
966,0.00039119430905987257
967,0.00039023545942884496
968,0.00038928425380058124
969,0.00038833399937798763
970,0.0003873903768143448
971,0.0003864448641708318
972,0.00038549650930685953
973,0.0003845547730445543
974,0.00038360831394201867
975,0.0003826628012985057
976,0.0003817248263346951
977,0.00038077362070643156
978,0.00037982336628394886
979,0.00037887311186135525
980,0.0003779247569973832
981,0.00037697259921132265
982,0.0003760213935831704
983,0.0003750749344805238
984,0.0003741265796165517
985,0.00037317822475257955
986,0.0003722289205844166
987,0.000371276762798467
988,0.00037032555717031446
989,0.0003693724462734415
990,0.00036842124064517806
991,0.00036748326568136747
992,0.00036653206005321515
993,0.00036558749292237
994,0.00036464481398112975
995,0.00036369740747199686
996,0.00036274905260802454
997,0.0003618025935054891
998,0.0003608532893373261
999,0.00035990208370917376
1000,0.00035895562460652746
1001,0.00035800632043836433
1002,0.000357055114810212
1003,0.00035610960216669874
1004,0.0003551631430640524
1005,0.0003542176304205391
1006,0.0003532768358945892
1007,0.00035232658147199547
1008,0.0003513782266080233
1009,0.0003504346040443808
1010,0.0003494852998762178
1011,0.0003485397872327046
1012,0.00034759143236873246
1013,0.00034664307750476025
1014,0.0003456975648612469
1015,0.0003447473104386532
1016,0.0003438036878748997
1017,0.00034286006531114577
1018,0.0003419079075251963
1019,0.0003409557497392467
1020,0.0003400073948752747
1021,0.00033905809070711184
1022,0.00033810783628451796
1023,0.00033715663065636553
1024,0.0003362073264882026
1025,0.000335257072065609
1026,0.00033430966555647595
1027,0.00033335845992832374
1028,0.0003324063021423741
1029,0.00033145604771978016
1030,0.0003305029368229071
1031,0.0003295526824003136
1032,0.000328610946138119
1033,0.0003276663790072744
1034,0.00032672934201838355
1035,0.00032578477488753887
1036,0.0003248354707193754
1037,0.00032388806421024247
1038,0.00032294065770110963
1039,0.0003219913535329467
1040,0.0003210467864021015
1041,0.00032010032729956633
1042,0.00031916422734767886
1043,0.000318222491085485
1044,0.000317273186917322
1045,0.00031632388274915906
1046,0.00031537647624002563
1047,0.00031442717207186293
1048,0.00031348354950810897
1049,0.00031253614299908683
1050,0.0003115887364899536
1051,0.00031064132998082094
1052,0.0003096958173373077
1053,0.0003087474624733358
1054,0.00030779625684518335
1055,0.00030684695267702033
1056,0.00030589859781304796
1057,0.0003049596839352911
1058,0.000304010379767128
1059,0.0003030610755989648
1060,0.00030211177143091316
1061,0.0003011747344420223
1062,0.0003002216235451491
1063,0.00029928176981364163
1064,0.00029832674983187846
1065,0.0002973755442036153
1066,0.00029642908510107963
1067,0.0002954826259984334
1068,0.0002945352194893003
1069,0.0002935840138611478
1070,0.0002926347096929849
1071,0.00029168540552482197
1072,0.00029073610135665884
1073,0.0002897867971886069
1074,0.0002888355915603438
1075,0.0002878872366963711
1076,0.00028693983018723823
1077,0.0002859905260190753
1078,0.00028504311951005334
1079,0.0002840976068665404
1080,0.00028314735244394656
1081,0.00028219804827578343
1082,0.00028125253563227043
1083,0.00028030323146410724
1084,0.0002793624369381576
1085,0.0002784169242946446
1086,0.0002774685694306722
1087,0.0002765211629215391
1088,0.00027557470381900384
1089,0.0002746263489550318
1090,0.0002736779940910594
1091,0.00027272868992289623
1092,0.0002717831772793835
1093,0.0002708348224154111
1094,0.00026988741590627807
1095,0.00026893906104230586
1096,0.0002679907061783339
1097,0.0002670432996692005
1098,0.000266109070981124
1099,0.00026515976681296144
1100,0.0002642123603039393
1101,0.0002632611546756758
1102,0.0002623165875448309
1103,0.0002613739086037015
1104,0.0002604331140777516
1105,0.0002594828596551578
1106,0.0002585335554869952
1107,0.0002575842513188319
1108,0.00025663968418798716
1109,0.00025569417154447366
1110,0.00025474771244182715
1111,0.0002538012533392918
1112,0.0002528547942366456
1113,0.0002519083351341101
1114,0.0002509628224905967
1115,0.0002500163633879506
1116,0.00024906420560200077
1117,0.00024811395117940727
1118,0.00024716369675681376
1119,0.0002462181841133005
1120,0.00024526982924932844
1121,0.00024432809298713365
1122,0.00024338352585628867
1123,0.00024243895872544402
1124,0.00024149060386147178
1125,0.0002405431973523386
1126,0.00023959863022149372
1127,0.00023865027535752153
1128,0.00023770570822667644
1129,0.00023675068824480214
1130,0.0002358032817356694
1131,0.00023485776909215605
1132,0.00023391036258302303
1133,0.00023296200771905095
1134,0.00023201365285507888
1135,0.00023107379912368215
1136,0.00023012449495551912
1137,0.00022917614009154718
1138,0.00022822778522757506
1139,0.0002272794303636028
1140,0.0002263367514224736
1141,0.0002253912387789603
1142,0.00022444288391498826
1143,0.00022349357974682505
1144,0.00022254522488285286
1145,0.0002215968700188808
1146,0.0002206485151549087
1147,0.00021970016029093634
1148,0.00021875180542696432
1149,0.00021780059979870084
1150,0.00021685224493472858
1151,0.0002159029407665658
1152,0.00021495458590259345
1153,0.0002140062310386214
1154,0.00021306919404973093
1155,0.0002121217875407087
1156,0.0002111753284380623
1157,0.00021023170587430875
1158,0.0002092861932307954
1159,0.00020834068058728217
1160,0.00020739327407826038
1161,0.0002064449192141771
1162,0.00020549751270515493
1163,0.00020455389014140113
1164,0.00020361215387920692
1165,0.00020267230014769924
1166,0.00020172299597953652
1167,0.0002007746411155642
1168,0.00019982628625159196
1169,0.00019887887974257015
1170,0.00019793336709905698
1171,0.00019698596058992368
1172,0.00019603855408079074
1173,0.00019508924991262766
1174,0.00019415033603498153
1175,0.0001932010318668187
1176,0.00019225172769865575
1177,0.00019130337283468346
1178,0.00019036351910317614
1179,0.00018941421493512428
1180,0.0001884658600711519
1181,0.00018751655590298883
1182,0.00018656820103901673
1183,0.0001856226883955036
1184,0.00018467243397291003
1185,0.00018372597487026354
1186,0.00018277951576772816
1187,0.00018183305666508168
1188,0.00018088659756243514
1189,0.00017994013845989965
1190,0.00017898798067395025
1191,0.00017803867650578733
1192,0.00017709882277427966
1193,0.0001761608478104692
1194,0.00017521344130133628
1195,0.00017426603479231417
1196,0.00017331862828318115
1197,0.00017237311563966798
1198,0.00017142476077569588
1199,0.00017048019364485092
1200,0.00016953373454220436
1201,0.00016858537967823225
1202,0.00016764458515228236
1203,0.00016670096258852846
1204,0.00016575355607939546
1205,0.00016480614957026243
1206,0.00016386441330806808
1207,0.00016292361878211809
1208,0.00016197715967947166
1209,0.00016102975317044973
1210,0.0001600823466613167
1211,0.0001591377795304715
1212,0.0001581894246664994
1213,0.00015724391202298624
1214,0.00015629460785482332
1215,0.00015534720134569014
1216,0.00015439884648171803
1217,0.00015345143997258498
1218,0.00015250308510861285
1219,0.00015155567859947985
1220,0.00015061111146863482
1221,0.0001496674889048809
1222,0.00014872102980234572
1223,0.00014777267493837356
1224,0.00014682526842924027
1225,0.00014588541469784378
1226,0.0001449399020543308
1227,0.00014399627949057703
1228,0.0001430488729814439
1229,0.00014209766735329146
1230,0.00014114931248931928
1231,0.00014020851796325834
1232,0.00013925826354077583
1233,0.00013830800911818203
1234,0.000137358704950019
1235,0.00013641129844088612
1236,0.00013546483933835074
1237,0.0001345174328292175
1238,0.00013358039584032707
1239,0.00013263393673768045
1240,0.0001316893696068356
1241,0.00013074006543867264
1242,0.00012979076127062067
1243,0.0001288405068480269
1244,0.00012789025242543323
1245,0.00012694473978192017
1246,0.0001259944853593264
1247,0.00012504518119127456
1248,0.0001240968263271913
1249,0.00012315509006499697
1250,0.00012220768355586392
1251,0.00012126027704684189
1252,0.00012031381794419532
1253,0.00011937113900306608
1254,0.00011842373249393302
1255,0.00011747916536308792
1256,0.00011653648642184761
1257,0.00011559569189589775
1258,0.00011464638772773479
1259,0.00011369898121871271
1260,0.00011275157470957979
1261,0.00011181921354463943
1262,0.00011087559098088556
1263,0.0001099291318782391
1264,0.00010898456474739415
1265,0.00010803620988342206
1266,0.000107088803374289
1267,0.00010614234427175358
1268,0.00010519872170799971
1269,0.00010425509914424596
1270,0.00010330769263511276
1271,0.00010236595637291852
1272,0.00010142704249527235
1273,0.00010047868763130024
1274,9.953412050045524e-05
1275,9.858671399132209e-05
1276,9.764309142756829e-05
1277,9.669757878405516e-05
1278,9.574922392008304e-05
1279,9.480086905611085e-05
1280,9.385440995346438e-05
1281,9.290415553098177e-05
1282,9.195674902184873e-05
1283,9.101028991920229e-05
1284,9.006288341006926e-05
1285,8.911547690093608e-05
1286,8.81727979598068e-05
1287,8.722633885716032e-05
1288,8.627987975462487e-05
1289,8.533247324549181e-05
1290,8.438601414284544e-05
1291,8.344239157920269e-05
1292,8.24940367152305e-05
1293,8.154663020609744e-05
1294,8.059922369696441e-05
1295,7.965276459431792e-05
1296,7.87063054917825e-05
1297,7.775889898264947e-05
1298,7.68105441186773e-05
1299,7.586313760954419e-05
1300,7.49157311004112e-05
1301,7.39683245912781e-05
1302,7.30284708598816e-05
1303,7.208390372903656e-05
1304,7.113554886506442e-05
1305,7.0189089762418e-05
1306,6.92464108212887e-05
1307,6.829995171864227e-05
1308,6.73534926161068e-05
1309,6.640703351346032e-05
1310,6.545867864948823e-05
1311,6.451316600597502e-05
1312,6.356670690332857e-05
1313,6.26240279621992e-05
1314,6.167567309822708e-05
1315,6.07273182342549e-05
1316,5.977991172512182e-05
1317,5.8834399081608735e-05
1318,5.7889831950763686e-05
1319,5.694337284811725e-05
1320,5.599596633909524e-05
1321,5.504855982996219e-05
1322,5.410115332082909e-05
1323,5.315469421818261e-05
1324,5.2210127087337585e-05
1325,5.126272057820456e-05
1326,5.031436571423239e-05
1327,4.9372629452038006e-05
1328,4.842806232119304e-05
1329,4.7479707457220834e-05
1330,4.6533248354574424e-05
1331,4.558584184544133e-05
1332,4.4638435336419286e-05
1333,4.369481277266553e-05
1334,4.275024564182049e-05
1335,4.180567851097548e-05
1336,4.085827200184242e-05
1337,3.99108654927094e-05
1338,3.8971011761312915e-05
1339,3.802360525217983e-05
1340,3.708375152067234e-05
1341,3.613729241813692e-05
1342,3.5192725287291866e-05
1343,3.424626618464546e-05
1344,3.330735230688828e-05
1345,3.2367498575491795e-05
1346,3.1421039472956373e-05
1347,3.0477416909202558e-05
1348,2.9538503031445434e-05
1349,2.8599589153799336e-05
1350,2.7655966590045527e-05
1351,2.672639971246227e-05
1352,2.578372077133297e-05
1353,2.484949208325649e-05
1354,2.391151711944596e-05
1355,2.2973542155524378e-05
1356,2.2035567191713842e-05
1357,2.2034604497123144e-05
1358,2.203364468766901e-05
1359,2.2032679099170942e-05
1360,2.2031724079218933e-05
1361,2.2030752676815965e-05
1362,2.202979286736183e-05
1363,2.2028832097120702e-05
1364,2.2027866508622638e-05
1365,2.202690285035835e-05
1366,2.2025947830406328e-05
1367,2.2024990897540064e-05
1368,2.202403396456277e-05
1369,2.2023072232646424e-05
1370,2.202211816770826e-05
1371,2.202116791327759e-05
1372,2.202021765884687e-05
1373,2.2019264547923377e-05
1374,2.2018304738469202e-05
1375,2.201734876250415e-05
1376,2.2016392786650136e-05
1377,2.2015417488918648e-05
1378,2.2014429423067292e-05
1379,2.2013471532300603e-05
1380,2.2012513641533883e-05
1381,2.201154805303584e-05
1382,2.2010582464537798e-05
1383,2.2009619769836074e-05
1384,2.2008658999705957e-05
1385,2.2007703979642905e-05
1386,2.2006750868830406e-05
1387,2.200579584876739e-05
1388,2.200484273795488e-05
1389,2.2003892483524187e-05
1390,2.2002938418586033e-05
1391,2.2001977648344867e-05
1392,2.2001012059846853e-05
1393,2.20000464713488e-05
1394,2.1999084739321426e-05
1395,2.1998123969191326e-05
1396,2.1997164159737164e-05
1397,2.199620818377214e-05
1398,2.1995252207807084e-05
1399,2.199429909688357e-05
1400,2.199334789132481e-05
1401,2.199238519662305e-05
1402,2.1991415736111203e-05
1403,2.199044627559931e-05
1404,2.198948358089759e-05
1405,2.1988514120385723e-05
1406,2.198754465987384e-05
1407,2.1986581965172124e-05
1408,2.1985612504660253e-05
1409,2.1984643044148364e-05
1410,2.198367648909016e-05
1411,2.1982709934031966e-05
1412,2.1981745311094862e-05
1413,2.198078454085373e-05
1414,2.1979823770723592e-05
1415,2.1978861076021875e-05
1416,2.1977874985368312e-05
1417,2.197691900940325e-05
1418,2.19759630334382e-05
1419,2.197500992262567e-05
1420,2.1974050113171554e-05
1421,2.197309222240484e-05
1422,2.1972127599467754e-05
1423,2.1971175441670703e-05
1424,2.1970226137479895e-05
1425,2.196927016151483e-05
1426,2.1968320857324027e-05
1427,2.1967364881469987e-05
1428,2.1966411770546476e-05
1429,2.196545196109235e-05
1430,2.196448733815526e-05
1431,2.1963522715218186e-05
1432,2.196255809228111e-05
1433,2.196159636036477e-05
1434,2.196063173742768e-05
1435,2.1959669042836968e-05
1436,2.1958704419899888e-05
1437,2.1957748443934836e-05
1438,2.1956792467969794e-05
1439,2.195583935704625e-05
1440,2.195488815148749e-05
1441,2.1953936945817726e-05
1442,2.1952978096151373e-05
1443,2.1952019246596063e-05
1444,2.1951060396929754e-05
1445,2.1950104420964664e-05
1446,2.194914076270037e-05
1447,2.1948189557030595e-05
1448,2.1947235492092415e-05
1449,2.194628523766173e-05
1450,2.194533498323102e-05
1451,2.1944387576744423e-05
1452,2.1943436371074647e-05
1453,2.1942488016235568e-05
1454,2.194153395129738e-05
1455,2.1940583696866682e-05
1456,2.193962676400042e-05
1457,2.193867650956972e-05
1458,2.193770704905786e-05
1459,2.1936750116080552e-05
1460,2.1935789345950405e-05
1461,2.1934831455183695e-05
1462,2.1933872605517376e-05
1463,2.1932918540579213e-05
1464,2.193196352051619e-05
1465,2.193100658764989e-05
1466,2.193004965478361e-05
1467,2.1929095589845443e-05
1468,2.192814343204839e-05
1469,2.1927165202551002e-05
1470,2.1926205393096875e-05
1471,2.1925244622966734e-05
1472,2.1924283852725618e-05
1473,2.192332978778745e-05
1474,2.1922374767724396e-05
1475,2.1921417834858143e-05
1476,2.1920463769919962e-05
1477,2.1919500111655652e-05
1478,2.1918546046606463e-05
1479,2.191759102665446e-05
1480,2.191663600670246e-05
1481,2.1915683848905423e-05
1482,2.191473359447472e-05
1483,2.1913774744808382e-05
1484,2.1912814935354255e-05
1485,2.1911855126011136e-05
1486,2.1910902015087625e-05
1487,2.1909946039122555e-05
1488,2.1908993881325514e-05
1489,2.1908041723528435e-05
1490,2.19070828738621e-05
1491,2.1906124024306792e-05
1492,2.1905169004243788e-05
1493,2.1904212071377504e-05
1494,2.1903252261923363e-05
1495,2.190229532905707e-05
1496,2.190134602486628e-05
1497,2.1900390048901198e-05
1498,2.1899433116034924e-05
1499,2.189846945777063e-05
1500,2.1897508687529474e-05
1501,2.1896540196464375e-05
1502,2.1895571705399238e-05
1503,2.1894613814632525e-05
1504,2.189364822613448e-05
1505,2.1892674878065666e-05
1506,2.189171890210063e-05
1507,2.189074165082074e-05
1508,2.1889788539897217e-05
1509,2.188881421749666e-05
1510,2.1887850559232366e-05
1511,2.1886886900968082e-05
1512,2.1885930925003013e-05
1513,2.188497494903797e-05
1514,2.1884012254336227e-05
1515,2.1883049559745515e-05
1516,2.1882085901481236e-05
1517,2.1881122243105886e-05
1518,2.1880158584841606e-05
1519,2.187919781460046e-05
1520,2.1878238965045132e-05
1521,2.18772801153788e-05
1522,2.1876322224612117e-05
1523,2.187536241515796e-05
1524,2.1874403565491627e-05
1525,2.1873444715936343e-05
1526,2.1872494461505635e-05
1527,2.1871509356952163e-05
1528,2.187054086588703e-05
1529,2.1869576242949946e-05
1530,2.186861354824822e-05
1531,2.1867665193409106e-05
1532,2.1866714938978384e-05
1533,2.1865760874040258e-05
1534,2.1864806809102067e-05
1535,2.1863856554671383e-05
1536,2.186290914818479e-05
1537,2.1861951257307055e-05
1538,2.186099336654034e-05
1539,2.186003547577364e-05
1540,2.1859072781182914e-05
1541,2.1858116805217865e-05
1542,2.185715314695358e-05
1543,2.1856176872891996e-05
1544,2.1855213214627686e-05
1545,2.1854248591690613e-05
1546,2.185329452675243e-05
1547,2.18523327948361e-05
1548,2.1851363334213208e-05
1549,2.1850411176527196e-05
1550,2.184943782834735e-05
1551,2.1848478978792055e-05
1552,2.1847523002826983e-05
1553,2.1846560308125256e-05
1554,2.1845597613534537e-05
1555,2.1844639722767838e-05
1556,2.1843687564970793e-05
1557,2.184273540717372e-05
1558,2.1841786102982933e-05
1559,2.184083394518586e-05
1560,2.1839883690755186e-05
1561,2.1838929625817006e-05
1562,2.183797556087884e-05
1563,2.1837016711212517e-05
1564,2.1836057861657206e-05
1565,2.1835101885692154e-05
1566,2.1834143036025842e-05
1567,2.183318610315955e-05
1568,2.183223584872884e-05
1569,2.183128273780534e-05
1570,2.1830331532135542e-05
1571,2.182938127770484e-05
1572,2.1828428166892344e-05
1573,2.1827476961222538e-05
1574,2.1826526706791843e-05
1575,2.1825578351952753e-05
1576,2.182462999711365e-05
1577,2.18236644086156e-05
1578,2.1822698820117555e-05
1579,2.182173323150848e-05
1580,2.1820770536917777e-05
1581,2.181980107640593e-05
1582,2.1818836453468833e-05
1583,2.18178756832277e-05
1584,2.1816916833672366e-05
1585,2.1815970374539094e-05
1586,2.181502675191459e-05
1587,2.181407364110209e-05
1588,2.1813123386671424e-05
1589,2.181217881946917e-05
1590,2.1811234252377978e-05
1591,2.1810279232425942e-05
1592,2.180930685768969e-05
1593,2.1808349924712367e-05
1594,2.180738819279605e-05
1595,2.1806418732284185e-05
1596,2.1805465621360647e-05
1597,2.1804511556422504e-05
1598,2.1803552706756174e-05
1599,2.180260054895911e-05
1600,2.180164073961598e-05
1601,2.1800687628692482e-05
1602,2.179970350923987e-05
1603,2.1798748489287864e-05
1604,2.1797796331490832e-05
1605,2.1796849872357513e-05
1606,2.1795898666687748e-05
1607,2.1794954099596517e-05
1608,2.1793984639084646e-05
1609,2.1793031528161154e-05
1610,2.179207841723763e-05
1611,2.1791120526470916e-05
1612,2.1790169320912153e-05
1613,2.1789196946064848e-05
1614,2.1788240013198554e-05
1615,2.1787287855401506e-05
1616,2.1786342342844388e-05
1617,2.178537288222149e-05
1618,2.1784420724424446e-05
1619,2.1783475211867315e-05
1620,2.1782505751244425e-05
1621,2.1781556447164635e-05
1622,2.1780613768229713e-05
1623,2.1779666361632092e-05
1624,2.177869690112023e-05
1625,2.1777727440608345e-05
1626,2.1776759917990763e-05
1627,2.1775804898038768e-05
1628,2.177482077858618e-05
1629,2.1773865758634155e-05
1630,2.1772910738682163e-05
1631,2.1771958580885115e-05
1632,2.177099973121876e-05
1633,2.1770024433487294e-05
1634,2.1769052058750998e-05
1635,2.1768101804320303e-05
1636,2.176714391355362e-05
1637,2.1766192707883828e-05
1638,2.1765241502325075e-05
1639,2.1764293147485955e-05
1640,2.176334194181616e-05
1641,2.176239263762534e-05
1642,2.176143378795902e-05
1643,2.1760472056042688e-05
1644,2.1759510324126374e-05
1645,2.1758548592210044e-05
1646,2.175758686018271e-05
1647,2.175662609005258e-05
1648,2.1755664358136264e-05
1649,2.175470550846993e-05
1650,2.1753741850205635e-05
1651,2.1752781079964492e-05
1652,2.1751813557346906e-05
1653,2.1750845066281773e-05
1654,2.1749879477783732e-05
1655,2.174891388928569e-05
1656,2.174794539822057e-05
1657,2.1746990378157524e-05
1658,2.1746032487390838e-05
1659,2.1745066898892783e-05
1660,2.174410131039474e-05
1661,2.1743156743303522e-05
1662,2.1742204585506474e-05
1663,2.1741259072838297e-05
1664,2.174031356017013e-05
1665,2.173937088123524e-05
1666,2.1738420626804523e-05
1667,2.1737467515992037e-05
1668,2.1736522003323877e-05
1669,2.173556889240036e-05
1670,2.1734608122159226e-05
1671,2.1733656916600442e-05
1672,2.1732704758803384e-05
1673,2.1731744949349246e-05
1674,2.173077742673167e-05
1675,2.1729819535964975e-05
1676,2.1728865471026832e-05
1677,2.172790373911048e-05
1678,2.1726951581313426e-05
1679,2.1726007958688957e-05
1680,2.1725056753130173e-05
1681,2.1724112185927957e-05
1682,2.1723160028130892e-05
1683,2.1722201178575575e-05
1684,2.1721259442331067e-05
1685,2.172029771030369e-05
1686,2.1719348406223925e-05
1687,2.1718379915047766e-05
1688,2.171742775736172e-05
1689,2.17164592661856e-05
1690,2.1715509962105812e-05
1691,2.1714560657914974e-05
1692,2.1713609452245212e-05
1693,2.1712651561478495e-05
1694,2.171169654152651e-05
1695,2.1710725139123526e-05
1696,2.170976244453282e-05
1697,2.1708818821908348e-05
1698,2.170785708999202e-05
1699,2.170690111402697e-05
1700,2.1705957491513498e-05
1701,2.1704989000448358e-05
1702,2.170402630574665e-05
1703,2.1703076051315943e-05
1704,2.1702104649024e-05
1705,2.1701160081821755e-05
1706,2.1700191590756652e-05
1707,2.1699223099691512e-05
1708,2.169825654463333e-05
1709,2.1697288053568177e-05
1710,2.1696321498509984e-05
1711,2.169537029284018e-05
1712,2.169441908728143e-05
1713,2.169347073233131e-05
1714,2.1692521428251503e-05
1715,2.169155680531443e-05
1716,2.1690589282696865e-05
1717,2.1689638077027062e-05
1718,2.1688688772947277e-05
1719,2.1687734707898094e-05
1720,2.168678064295994e-05
1721,2.16858189110436e-05
1722,2.168485332254553e-05
1723,2.1683895431778857e-05
1724,2.1682938498801558e-05
1725,2.1681980608034828e-05
1726,2.1681013085528288e-05
1727,2.1680045562910686e-05
1728,2.1679086713244383e-05
1729,2.1678123054980083e-05
1730,2.1677150680243784e-05
1731,2.167619374737751e-05
1732,2.1675230089002184e-05
1733,2.1674268357085874e-05
1734,2.1673306625169547e-05
1735,2.1672356370738853e-05
1736,2.167141085807067e-05
1737,2.167045488210563e-05
1738,2.1669502724308548e-05
1739,2.166855246987786e-05
1740,2.1667608847364396e-05
1741,2.1666646152773708e-05
1742,2.166568730310738e-05
1743,2.1664730370241067e-05
1744,2.1663770560786954e-05
1745,2.1662817449863442e-05
1746,2.1661866244193653e-05
1747,2.1660912179255473e-05
1748,2.1659950447339142e-05
1749,2.1658998289542104e-05
1750,2.1658047083872305e-05
1751,2.165708919310562e-05
1752,2.1656139889025823e-05
1753,2.165517911878469e-05
1754,2.1654230763945567e-05
1755,2.1653263241327998e-05
1756,2.16523120356582e-05
1757,2.1651363680819092e-05
1758,2.1650415325979986e-05
1759,2.164946981331184e-05
1760,2.1648524300643682e-05
1761,2.164758162170875e-05
1762,2.1646631367278086e-05
1763,2.164568774476462e-05
1764,2.164472022214702e-05
1765,2.1643755599209936e-05
1766,2.1642793867293606e-05
1767,2.164184170949655e-05
1768,2.1640877086559498e-05
1769,2.1639926832128776e-05
1770,2.1638983209615332e-05
1771,2.163803200394554e-05
1772,2.1637075071079242e-05
1773,2.1636124816648564e-05
1774,2.1635166925881838e-05
1775,2.163421572021206e-05
1776,2.1633271153120855e-05
1777,2.163231899532379e-05
1778,2.1631371588837222e-05
1779,2.163042985259265e-05
1780,2.1629474832529628e-05
1781,2.162850245779335e-05
1782,2.16275569452362e-05
1783,2.1626589422618626e-05
1784,2.1625623834120582e-05
1785,2.1624658245622538e-05
1786,2.1623698436168407e-05
1787,2.1622739586502074e-05
1788,2.1621784566550055e-05
1789,2.162082283463374e-05
1790,2.1619862064392572e-05
1791,2.161891085872282e-05
1792,2.161795679378463e-05
1793,2.1617004635987595e-05
1794,2.1616042904071247e-05
1795,2.1615087884119262e-05
1796,2.1614143316917016e-05
1797,2.161319115911996e-05
1798,2.161223134977684e-05
1799,2.1611288670841927e-05
1800,2.161032211578371e-05
1801,2.160937281159291e-05
1802,2.1608421605923147e-05
1803,2.160747609325499e-05
1804,2.16065085707484e-05
1805,2.1605556412951366e-05
1806,2.1604585981993548e-05
1807,2.160361845937598e-05
1808,2.1602650936758387e-05
1809,2.1601685348260353e-05
1810,2.160071782564277e-05
1811,2.1599749334577638e-05
1812,2.1598790485022348e-05
1813,2.1597837374098813e-05
1814,2.1596884263175315e-05
1815,2.159592445372116e-05
1816,2.159496464426701e-05
1817,2.1593996153201917e-05
1818,2.1593027662136794e-05
1819,2.1592059171071667e-05
1820,2.1591090680006517e-05
1821,2.1590126057069444e-05
1822,2.1589168166302748e-05
1823,2.1588206434386418e-05
1824,2.1587246624932274e-05
1825,2.1586295419262474e-05
1826,2.1585337528495768e-05
1827,2.158437579657946e-05
1828,2.1583404394176497e-05
1829,2.158244169958579e-05
1830,2.1581478041321486e-05
1831,2.1580518231867355e-05
1832,2.1579549740802242e-05
1833,2.157859948637155e-05
1834,2.157764255339421e-05
1835,2.1576685620527943e-05
1836,2.1575721962263657e-05
1837,2.1574765986298584e-05
1838,2.1573814780628805e-05
1839,2.1572856889862112e-05
1840,2.1571906635431424e-05
1841,2.157094874466471e-05
1842,2.156998122204713e-05
1843,2.1569033815560533e-05
1844,2.1568078795608507e-05
1845,2.1567128541177826e-05
1846,2.1566164882913526e-05
1847,2.1565209862850487e-05
1848,2.1564249092720373e-05
1849,2.1563294072657342e-05
1850,2.156234286709856e-05
1851,2.156139356290776e-05
1852,2.1560449940394303e-05
1853,2.1559500636203478e-05
1854,2.1558544660238426e-05
1855,2.155759440580772e-05
1856,2.1556633635566584e-05
1857,2.155567574479989e-05
1858,2.1554717854033185e-05
1859,2.155375708379205e-05
1860,2.155278568150009e-05
1861,2.1551841114297882e-05
1862,2.1550874559239652e-05
1863,2.1549919539287636e-05
1864,2.1548957807371313e-05
1865,2.1548004696447788e-05
1866,2.1547062017512896e-05
1867,2.154610604154783e-05
1868,2.1545145271306677e-05
1869,2.1544183539390347e-05
1870,2.1543222769149227e-05
1871,2.154225330863734e-05
1872,2.154130210296758e-05
1873,2.154034421220085e-05
1874,2.1539386321434144e-05
1875,2.15384426989207e-05
1876,2.153749149325089e-05
1877,2.15365469261597e-05
1878,2.1535597621968866e-05
1879,2.1534654943033964e-05
1880,2.1533704688603286e-05
1881,2.1532739100105218e-05
1882,2.153178408015321e-05
1883,2.1530824270699095e-05
1884,2.1529877811565783e-05
1885,2.1528911256507567e-05
1886,2.1527954323641283e-05
1887,2.1527001212717798e-05
1888,2.1526034657659562e-05
1889,2.152508154673606e-05
1890,2.1524112086224185e-05
1891,2.1523148427959882e-05
1892,2.1522187657718746e-05
1893,2.1521240251232123e-05
1894,2.1520273696173917e-05
1895,2.151931580540721e-05
1896,2.1518369346273925e-05
1897,2.151740279121572e-05
1898,2.151645822401349e-05
1899,2.1515507018454734e-05
1900,2.1514556764024025e-05
1901,2.1513592141086946e-05
1902,2.151262751814988e-05
1903,2.1511677263719178e-05
1904,2.1510729857232566e-05
1905,2.150976330217436e-05
1906,2.150879674711613e-05
1907,2.1507831158618116e-05
1908,2.1506882803779003e-05
1909,2.1505923954112647e-05
1910,2.150497559927354e-05
1911,2.1504017708506868e-05
1912,2.1503062688443806e-05
1913,2.1502118121352596e-05
1914,2.150116596355554e-05
1915,2.1500206154101427e-05
1916,2.1499238631594864e-05
1917,2.1498282655629794e-05
1918,2.1497319960928064e-05
1919,2.1496368755369324e-05
1920,2.149540990570298e-05
1921,2.1494457747905933e-05
1922,2.149350559010886e-05
1923,2.149254193184459e-05
1924,2.149157730890749e-05
1925,2.1490616538666362e-05
1926,2.1489659605800068e-05
1927,2.1488703629835032e-05
1928,2.148774285959389e-05
1929,2.1486782089463765e-05
1930,2.1485821319222622e-05
1931,2.1484860548981483e-05
1932,2.1483903616115185e-05
1933,2.1482942845874056e-05
1934,2.148197047113775e-05
1935,2.148100101062588e-05
1936,2.148003638768881e-05
1937,2.1479071764751712e-05
1938,2.1478117699813566e-05
1939,2.1477159809046867e-05
1940,2.1476203833081814e-05
1941,2.147525452889097e-05
1942,2.147429950893899e-05
1943,2.1473350204748165e-05
1944,2.147240090055736e-05
1945,2.1471447789744854e-05
1946,2.1470491813779795e-05
1947,2.146953583781474e-05
1948,2.1468576028360605e-05
1949,2.146762196342245e-05
1950,2.1466665987457403e-05
1951,2.1465711922408194e-05
1952,2.1464745367349974e-05
1953,2.1463792256537485e-05
1954,2.1462831486296366e-05
1955,2.146187932849931e-05
1956,2.1460911805881715e-05
1957,2.1459955829916656e-05
1958,2.145900747507757e-05
1959,2.145805245512557e-05
1960,2.1457097435173555e-05
1961,2.145613570314619e-05
1962,2.1455186399066416e-05
1963,2.145423042310134e-05
1964,2.1453281118910532e-05
1965,2.145232130945639e-05
1966,2.1451374850323106e-05
1967,2.1450419830371093e-05
1968,2.144946862470132e-05
1969,2.1448518370270623e-05
1970,2.1447569066190837e-05
1971,2.1446611175424117e-05
1972,2.1445650405182995e-05
1973,2.1444681914117858e-05
1974,2.144372880319434e-05
1975,2.1442778548763645e-05
1976,2.1441820657996925e-05
1977,2.1440863725130658e-05
1978,2.143989813663259e-05
1979,2.143893928696627e-05
1980,2.1437995664341778e-05
1981,2.1437047309502705e-05
1982,2.1436091333537626e-05
1983,2.1435138222725133e-05
1984,2.1434193655522894e-05
1985,2.1433250033009447e-05
1986,2.1432294057044384e-05
1987,2.143135137810946e-05
1988,2.1430398267185954e-05
1989,2.1429455588251055e-05
1990,2.1428505333820343e-05
1991,2.1427542639229635e-05
1992,2.142659333503883e-05
1993,2.142563352558467e-05
1994,2.1424688958493486e-05
1995,2.142373202551616e-05
1996,2.142278840300272e-05
1997,2.142183433806455e-05
1998,2.1420890715440083e-05
1999,2.141994046100937e-05
2000,2.1418983528143098e-05
2001,2.1418030417219576e-05
2002,2.14170763522814e-05
2003,2.14161260978507e-05
2004,2.1415184361606152e-05
2005,2.1414234107175457e-05
2006,2.141328480298464e-05
2007,2.1412321144720366e-05
2008,2.1411350713762558e-05
2009,2.1410407091138062e-05
2010,2.1409443432873765e-05
2011,2.140847784437571e-05
2012,2.1407528540184923e-05
2013,2.140656391724783e-05
2014,2.140559929442176e-05
2015,2.1404649039991054e-05
2016,2.1403695929067542e-05
2017,2.14027418641294e-05
2018,2.140178109388823e-05
2019,2.140082702895007e-05
2020,2.1399878674110976e-05
2021,2.1398931267513368e-05
2022,2.139797337674664e-05
2023,2.1397024072555827e-05
2024,2.1396076666069224e-05
2025,2.1395129259582653e-05
2026,2.1394184692491416e-05
2027,2.1393235388300638e-05
2028,2.1392292709365722e-05
2029,2.13913261543075e-05
2030,2.1390361531370413e-05
2031,2.138940459850415e-05
2032,2.1388439975567056e-05
2033,2.138748781777001e-05
2034,2.1386528968103662e-05
2035,2.138557585729119e-05
2036,2.1384606396668282e-05
2037,2.1383640808170248e-05
2038,2.1382675219672194e-05
2039,2.1381709631174153e-05
2040,2.138074404267611e-05
2041,2.1379785193009766e-05
2042,2.137882346109342e-05
2043,2.137787700196013e-05
2044,2.137691430736942e-05
2045,2.1375945816304292e-05
2046,2.1374988883438015e-05
2047,2.137403195046074e-05
2048,2.137307501759443e-05
2049,2.137211808472818e-05
2050,2.1371164973804656e-05
2051,2.1370208040938376e-05
2052,2.1369242452440318e-05
2053,2.1368295045953716e-05
2054,2.1367340025890694e-05
2055,2.1366391671051605e-05
2056,2.1365443316212474e-05
2057,2.1364491158415443e-05
2058,2.1363541854224608e-05
2059,2.1362588743412125e-05
2060,2.1361638488981424e-05
2061,2.1360682513016358e-05
2062,2.135972270356225e-05
2063,2.1358772449131546e-05
2064,2.1357818384193355e-05
2065,2.135686812976268e-05
2066,2.1355914064824514e-05
2067,2.1354959999775318e-05
2068,2.1354005934837175e-05
2069,2.135305852835058e-05
2070,2.135211017351146e-05
2071,2.1351157062587954e-05
2072,2.1350201086622902e-05
2073,2.1349248928825854e-05
2074,2.1348293908873838e-05
2075,2.1347341751076766e-05
2076,2.1346389593279714e-05
2077,2.1345440289088913e-05
2078,2.1344481439533592e-05
2079,2.134351003713066e-05
2080,2.1342556926207113e-05
2081,2.134158843514198e-05
2082,2.134063722947223e-05
2083,2.133967742001807e-05
2084,2.1338719529251378e-05
2085,2.133775297419314e-05
2086,2.1336800816396096e-05
2087,2.133584004626599e-05
2088,2.1334887888468924e-05
2089,2.1333922299970887e-05
2090,2.1332962490516756e-05
2091,2.133201128484697e-05
2092,2.1331059127049922e-05
2093,2.1330102194183645e-05
2094,2.132915383934451e-05
2095,2.1328197863379455e-05
2096,2.13272303407619e-05
2097,2.1326278182964835e-05
2098,2.1325305808228546e-05
2099,2.1324348875362282e-05
2100,2.13233842524252e-05
2101,2.1322405043822088e-05
2102,2.132144331179475e-05
2103,2.132049590530816e-05
2104,2.1319541840369993e-05
2105,2.1318586820417994e-05
2106,2.1317634662620946e-05
2107,2.131668250482387e-05
2108,2.1315721734582744e-05
2109,2.1314766714630722e-05
2110,2.131381169467871e-05
2111,2.1312865235545437e-05
2112,2.1311913077748362e-05
2113,2.1310957101783333e-05
2114,2.1309995369867003e-05
2115,2.1309033637950666e-05
2116,2.1308080527027165e-05
2117,2.1307121677360812e-05
2118,2.1306165701395766e-05
2119,2.1305218294909164e-05
2120,2.130426518398565e-05
2121,2.130331492955496e-05
2122,2.1302372250620042e-05
2123,2.1301421996189357e-05
2124,2.130046888537683e-05
2125,2.1299508115135684e-05
2126,2.1298557860705017e-05
2127,2.1297608556514205e-05
2128,2.1296665877579286e-05
2129,2.129571657338847e-05
2130,2.1294767269197646e-05
2131,2.129381891435857e-05
2132,2.129284945384668e-05
2133,2.1291906774911773e-05
2134,2.129096220782056e-05
2135,2.1290010050023525e-05
2136,2.1289064537355338e-05
2137,2.1288107604489077e-05
2138,2.1287155446692002e-05
2139,2.1286202335768507e-05
2140,2.1285252081337785e-05
2141,2.128430562220452e-05
2142,2.1283348689338243e-05
2143,2.1282402230204954e-05
2144,2.1281455771182668e-05
2145,2.1280501706133496e-05
2146,2.1279546686181486e-05
2147,2.1278587836515167e-05
2148,2.1277642323958016e-05
2149,2.127668634799297e-05
2150,2.1275731328040948e-05
2151,2.127477726299177e-05
2152,2.1273832695900565e-05
2153,2.127289095965602e-05
2154,2.12719482807211e-05
2155,2.1271003713518883e-05
2156,2.1270054409439093e-05
2157,2.126910320376928e-05
2158,2.1268147227804235e-05
2159,2.1267201715136085e-05
2160,2.1266251460705393e-05
2161,2.1265302156625577e-05
2162,2.126433946192386e-05
2163,2.1263375803659543e-05
2164,2.1262425549228848e-05
2165,2.1261474343559056e-05
2166,2.1260526937072484e-05
2167,2.1259561348574426e-05
2168,2.1258600578333283e-05
2169,2.1257639808203183e-05
2170,2.1256688602533363e-05
2171,2.1255720111468243e-05
2172,2.125475355641003e-05
2173,2.1253798536458025e-05
2174,2.1252818347528006e-05
2175,2.125186904333719e-05
2176,2.12509197391464e-05
2177,2.1249970435066618e-05
2178,2.1249021130875793e-05
2179,2.124806036063466e-05
2180,2.1247098628718326e-05
2181,2.1246136896802006e-05
2182,2.1245175164774647e-05
2183,2.1244223007088594e-05
2184,2.1243259348713305e-05
2185,2.124230145794659e-05
2186,2.1241355945278435e-05
2187,2.1240403787481377e-05
2188,2.1239441092890662e-05
2189,2.12384764699536e-05
2190,2.1237498240567185e-05
2191,2.123653554586545e-05
2192,2.123558719102635e-05
2193,2.123463503322931e-05
2194,2.1233684778798605e-05
2195,2.1232728802833563e-05
2196,2.1231772826868504e-05
2197,2.123082066907146e-05
2198,2.1229874210049196e-05
2199,2.1228924905858388e-05
2200,2.1227962211156633e-05
2201,2.122699951656591e-05
2202,2.1226036821864185e-05
2203,2.1225077972308888e-05
2204,2.1224121039442614e-05
2205,2.1223167928519072e-05
2206,2.1222210995652795e-05
2207,2.12212645365195e-05
2208,2.1220311425596005e-05
2209,2.1219364966462713e-05
2210,2.1218411855650196e-05
2211,2.1217458744726675e-05
2212,2.1216506586929643e-05
2213,2.1215555381259847e-05
2214,2.1214607026420748e-05
2215,2.121365867158163e-05
2216,2.121269114896407e-05
2217,2.1211742794124966e-05
2218,2.1210790636327914e-05
2219,2.120983466036286e-05
2220,2.1208888201229577e-05
2221,2.1207937946798858e-05
2222,2.1206987692479202e-05
2223,2.120603743804851e-05
2224,2.1205081462083445e-05
2225,2.1204135002950136e-05
2226,2.120317902698511e-05
2227,2.120221440404801e-05
2228,2.120125938409601e-05
2229,2.1200288953138198e-05
2230,2.119932239807996e-05
2231,2.1198367378127966e-05
2232,2.1197412358064944e-05
2233,2.119644869980063e-05
2234,2.119547047030324e-05
2235,2.1194501979238115e-05
2236,2.1193548868314604e-05
2237,2.1192588098184476e-05
2238,2.1191634033135287e-05
2239,2.119068852057814e-05
2240,2.1189738266147437e-05
2241,2.1188779416481132e-05
2242,2.1187820566814792e-05
2243,2.118686459084974e-05
2244,2.118591528676993e-05
2245,2.1184949698271883e-05
2246,2.118398603989656e-05
2247,2.1183026230442423e-05
2248,2.1182068339675717e-05
2249,2.1181119035595958e-05
2250,2.1180159226141817e-05
2251,2.1179209921950982e-05
2252,2.1178252031184293e-05
2253,2.1177303676234143e-05
2254,2.1176355321395057e-05
2255,2.117539069845798e-05
2256,2.117444234361886e-05
2257,2.117348636765381e-05
2258,2.1172536113223114e-05
2259,2.1171583955426082e-05
2260,2.117063465134628e-05
2261,2.1169684396915575e-05
2262,2.1168726506148858e-05
2263,2.1167778151198753e-05
2264,2.1166832638641625e-05
2265,2.116588712597343e-05
2266,2.116493401504992e-05
2267,2.1163965523984797e-05
2268,2.1163000901047707e-05
2269,2.1162053494561135e-05
2270,2.1161099429622982e-05
2271,2.1160145364573776e-05
2272,2.1159183632657456e-05
2273,2.115822956771928e-05
2274,2.115727071805296e-05
2275,2.1156312827286267e-05
2276,2.1155365420799648e-05
2277,2.1154411355861508e-05
2278,2.115345633590949e-05
2279,2.115251459955393e-05
2280,2.115156244175688e-05
2281,2.1150610284070853e-05
2282,2.1149640823447936e-05
2283,2.114867233238281e-05
2284,2.114772112682407e-05
2285,2.1146742897326643e-05
2286,2.11457888323885e-05
2287,2.1144837626718718e-05
2288,2.1143889271879594e-05
2289,2.114294564925511e-05
2290,2.114199634517534e-05
2291,2.114104132511231e-05
2292,2.1140092970273177e-05
2293,2.113913699430813e-05
2294,2.1138181974356136e-05
2295,2.1137239295421214e-05
2296,2.1136289040990516e-05
2297,2.11353397367997e-05
2298,2.1134395169708498e-05
2299,2.113344681486938e-05
2300,2.1132506961119023e-05
2301,2.113155860616887e-05
2302,2.11306083518492e-05
2303,2.1129663784646996e-05
2304,2.112871732551368e-05
2305,2.1127769919027078e-05
2306,2.1126813943062033e-05
2307,2.1125857967097e-05
2308,2.1124911508074728e-05
2309,2.1123967885450217e-05
2310,2.1122998424938353e-05
2311,2.1122040534171643e-05
2312,2.1121069131768693e-05
2313,2.1120112198902426e-05
2314,2.111917046265787e-05
2315,2.111822210781877e-05
2316,2.1117273752868665e-05
2317,2.1116318732916656e-05
2318,2.1115369428725838e-05
2319,2.1114416317913338e-05
2320,2.1113453623211584e-05
2321,2.111250431902077e-05
2322,2.111155311346204e-05
2323,2.1110585590844437e-05
2324,2.1109620002346413e-05
2325,2.1108650541834515e-05
2326,2.1107695521771504e-05
2327,2.1106742410958994e-05
2328,2.110576515967909e-05
2329,2.1104787908399206e-05
2330,2.110381065723033e-05
2331,2.110283340595041e-05
2332,2.110188220039167e-05
2333,2.1100930042594605e-05
2334,2.1099964454096548e-05
2335,2.1098998865487502e-05
2336,2.1098033276989464e-05
2337,2.109706768849141e-05
2338,2.109610209999334e-05
2339,2.109514036807704e-05
2340,2.1094176709812735e-05
2341,2.1093199458532847e-05
2342,2.1092222207252917e-05
2343,2.1091273852413845e-05
2344,2.109031691954755e-05
2345,2.1089365713877754e-05
2346,2.1088414508318994e-05
2347,2.1087463302649212e-05
2348,2.108651778998106e-05
2349,2.10855722774239e-05
2350,2.1084623922473785e-05
2351,2.108367176467674e-05
2352,2.1082703273611627e-05
2353,2.108174920867344e-05
2354,2.108078747675713e-05
2355,2.107983245680511e-05
2356,2.1078877436742086e-05
2357,2.107792241679006e-05
2358,2.1076971211120278e-05
2359,2.107601619116826e-05
2360,2.1075061171216283e-05
2361,2.1074115658548096e-05
2362,2.1073160638596104e-05
2363,2.1072209432926314e-05
2364,2.1071263920258144e-05
2365,2.1070314616178372e-05
2366,2.10693691035102e-05
2367,2.1068419799319397e-05
2368,2.1067474286651216e-05
2369,2.1066524982571434e-05
2370,2.1065579469903267e-05
2371,2.1064615811639e-05
2372,2.106365118870189e-05
2373,2.106269712365271e-05
2374,2.106173731430961e-05
2375,2.106077846464326e-05
2376,2.1059819614976938e-05
2377,2.1058850154465056e-05
2378,2.105788745987436e-05
2379,2.105692090481613e-05
2380,2.105596969914636e-05
2381,2.105500604088206e-05
2382,2.1054050064916993e-05
2383,2.1053104552248854e-05
2384,2.1052155248058022e-05
2385,2.1051196398391716e-05
2386,2.105024993936945e-05
2387,2.1049295874320244e-05
2388,2.104834751948115e-05
2389,2.104739916464205e-05
2390,2.104644700684499e-05
2391,2.104549770265419e-05
2392,2.1044548398574395e-05
2393,2.1043592422609326e-05
2394,2.1042636446644267e-05
2395,2.104168047067924e-05
2396,2.1040724494714183e-05
2397,2.1039756972096587e-05
2398,2.1038792349159507e-05
2399,2.1037842094728792e-05
2400,2.1036891840298107e-05
2401,2.1035941585978428e-05
2402,2.1034977927603126e-05
2403,2.103401907804779e-05
2404,2.1033070723097693e-05
2405,2.1032107064833366e-05
2406,2.1031148215167044e-05
2407,2.1030197960736366e-05
2408,2.1029250554249743e-05
2409,2.102829457828469e-05
2410,2.1027344323854016e-05
2411,2.1026380665589723e-05
2412,2.102543041115901e-05
2413,2.1024471561492675e-05
2414,2.1023519403806635e-05
2415,2.1022573891138475e-05
2416,2.1021610232874185e-05
2417,2.1020662826276564e-05
2418,2.101969916801226e-05
2419,2.1018731645394712e-05
2420,2.1017767987130398e-05
2421,2.1016812967178402e-05
2422,2.101585123526208e-05
2423,2.101489717021288e-05
2424,2.101394405940037e-05
2425,2.1012983289159237e-05
2426,2.101202443949292e-05
2427,2.10110665487262e-05
2428,2.1010109615859907e-05
2429,2.1009155550921758e-05
2430,2.1008210038253577e-05
2431,2.100725978382288e-05
2432,2.1006300934156553e-05
2433,2.1005352579317457e-05
2434,2.1004386024259264e-05
2435,2.1003421401322174e-05
2436,2.1002459669405854e-05
2437,2.1001500819739488e-05
2438,2.1000535231241464e-05
2439,2.0999586876402368e-05
2440,2.0998623218138067e-05
2441,2.0997665327260325e-05
2442,2.0996707436493636e-05
2443,2.0995750503627355e-05
2444,2.099480214878823e-05
2445,2.0993853793949125e-05
2446,2.099290543899902e-05
2447,2.0991954233440233e-05
2448,2.09910087207721e-05
2449,2.099006226163878e-05
2450,2.098910628567376e-05
2451,2.0988148394907046e-05
2452,2.0987191462040762e-05
2453,2.0986227803776472e-05
2454,2.0985273738838298e-05
2455,2.0984312006810956e-05
2456,2.098335507394467e-05
2457,2.0982401963021153e-05
2458,2.0981447898082983e-05
2459,2.0980505219148054e-05
2460,2.0979554013478292e-05
2461,2.0978599948540125e-05
2462,2.097763532560304e-05
2463,2.0976680305651013e-05
2464,2.0975711814585924e-05
2465,2.0974770078341355e-05
2466,2.097382172350228e-05
2467,2.0972872419311447e-05
2468,2.0971924064472333e-05
2469,2.097096713149504e-05
2470,2.0970021618937923e-05
2471,2.0969069461140844e-05
2472,2.0968112528163545e-05
2473,2.0967159417351045e-05
2474,2.0966199607896915e-05
2475,2.0965222356617026e-05
2476,2.0964274950130427e-05
2477,2.0963320885192267e-05
2478,2.0962363952325976e-05
2479,2.0961419385123754e-05
2480,2.0960469130693066e-05
2481,2.0959520775853953e-05
2482,2.0958576208762736e-05
2483,2.0957624050965694e-05
2484,2.095667759183239e-05
2485,2.095572352689423e-05
2486,2.095477232122444e-05
2487,2.0953818256286293e-05
2488,2.0952868001855578e-05
2489,2.0951919647016468e-05
2490,2.0950951155951345e-05
2491,2.094998460089316e-05
2492,2.094901804583492e-05
2493,2.094805342289786e-05
2494,2.094708879996075e-05
2495,2.0946120308895637e-05
2496,2.094513717354473e-05
2497,2.094417158504669e-05
2498,2.094320599654865e-05
2499,2.094225097659665e-05
2500,2.0941296911658476e-05
2501,2.094033132316044e-05
2502,2.0939368628458705e-05
2503,2.093840785821753e-05
2504,2.0937452838265525e-05
2505,2.09364872497675e-05
2506,2.0935521661269424e-05
2507,2.0934558966678726e-05
2508,2.093360680888168e-05
2509,2.093263053482007e-05
2510,2.0931677424007592e-05
2511,2.0930718574341266e-05
2512,2.0929757804100123e-05
2513,2.0928797033858963e-05
2514,2.0927842013906958e-05
2515,2.092688028199064e-05
2516,2.0925917587288883e-05
2517,2.09249587377336e-05
2518,2.0923997967492447e-05
2519,2.0923047713061755e-05
2520,2.092206948356434e-05
2521,2.0921116372751833e-05
2522,2.0920166118321155e-05
2523,2.091920918545488e-05
2524,2.0918245527079545e-05
2525,2.091726925312896e-05
2526,2.0916318047459193e-05
2527,2.0915360156692476e-05
2528,2.0914409902261795e-05
2529,2.0913458696703024e-05
2530,2.0912500805825286e-05
2531,2.0911550551505633e-05
2532,2.0910599345835824e-05
2533,2.090964145506914e-05
2534,2.0908691200638436e-05
2535,2.0907739994968654e-05
2536,2.090678593003049e-05
2537,2.0905831865092303e-05
2538,2.090486917039059e-05
2539,2.0903909360936432e-05
2540,2.0902944738110385e-05
2541,2.090198204340865e-05
2542,2.090102319385333e-05
2543,2.0900065302975626e-05
2544,2.0899110283023603e-05
2545,2.0898155263071597e-05
2546,2.089720024311959e-05
2547,2.089625567591737e-05
2548,2.0895304470358596e-05
2549,2.0894338881860558e-05
2550,2.089337522348522e-05
2551,2.0892414453355085e-05
2552,2.0891452721327766e-05
2553,2.0890486166269536e-05
2554,2.0889526356815395e-05
2555,2.088857989779313e-05
2556,2.08876248777301e-05
2557,2.0886676522891018e-05
2558,2.08857281680519e-05
2559,2.0884779813212798e-05
2560,2.0883835246010546e-05
2561,2.0882886891171456e-05
2562,2.088192515925515e-05
2563,2.088096822638887e-05
2564,2.0880013206325824e-05
2565,2.0879066747303564e-05
2566,2.087811839235344e-05
2567,2.0877173825262205e-05
2568,2.0876225470423126e-05
2569,2.0875262775721392e-05
2570,2.0874305842855108e-05
2571,2.087335177791692e-05
2572,2.087238522285874e-05
2573,2.087142252826803e-05
2574,2.0870446254206407e-05
2575,2.086949789936733e-05
2576,2.086853520477661e-05
2577,2.0867578271799317e-05
2578,2.0866621338933012e-05
2579,2.0865658644342314e-05
2580,2.086471407714008e-05
2581,2.0863757144273788e-05
2582,2.0862800211407524e-05
2583,2.0861845191455518e-05
2584,2.0860882496753778e-05
2585,2.085992556388751e-05
2586,2.0858968631021196e-05
2587,2.0858020276182106e-05
2588,2.0857074763513943e-05
2589,2.0856121652590435e-05
2590,2.0855176139922278e-05
2591,2.0854213445331573e-05
2592,2.085325075062981e-05
2593,2.0852288056039128e-05
2594,2.085132536144839e-05
2595,2.08503617030731e-05
2596,2.084939900848239e-05
2597,2.0848432453424153e-05
2598,2.0847485994290864e-05
2599,2.0846532883367335e-05
2600,2.0845572113237242e-05
2601,2.0844619002313727e-05
2602,2.084366206944743e-05
2603,2.084270895852392e-05
2604,2.0841756800726863e-05
2605,2.0840805595057063e-05
2606,2.0839854389498297e-05
2607,2.0838906034659204e-05
2608,2.0837948143781485e-05
2609,2.0836978683269597e-05
2610,2.08360169513533e-05
2611,2.0835049428735715e-05
2612,2.0834086734144986e-05
2613,2.0833134576347935e-05
2614,2.0832185272157123e-05
2615,2.0831222577566408e-05
2616,2.083025988286467e-05
2617,2.08293067720522e-05
2618,2.082834696259807e-05
2619,2.0827391942535026e-05
2620,2.0826436922583027e-05
2621,2.0825481902630988e-05
2622,2.0824534496144402e-05
2623,2.0823578520179363e-05
2624,2.082261774993821e-05
2625,2.082164925887308e-05
2626,2.082068752695677e-05
2627,2.081973632128698e-05
2628,2.0818790808618798e-05
2629,2.0817842453779694e-05
2630,2.081688647781466e-05
2631,2.081593241287648e-05
2632,2.081498973394158e-05
2633,2.081403375797651e-05
2634,2.0813078738024512e-05
2635,2.0812128483593834e-05
2636,2.081115220953223e-05
2637,2.081018468702567e-05
2638,2.0809240119823442e-05
2639,2.0808284143858383e-05
2640,2.080732241194205e-05
2641,2.080637500545547e-05
2642,2.0805411347191178e-05
2643,2.0804455371226105e-05
2644,2.080349363919877e-05
2645,2.0802546232712174e-05
2646,2.0801598826225555e-05
2647,2.0800651419738966e-05
2648,2.079970685264777e-05
2649,2.0798765116292188e-05
2650,2.0797810096340196e-05
2651,2.0796865529248986e-05
2652,2.0795910509185944e-05
2653,2.079496215434685e-05
2654,2.0794006178381785e-05
2655,2.0793044446465448e-05
2656,2.0792097987332173e-05
2657,2.079114678177342e-05
2658,2.0790194623976365e-05
2659,2.0789244369545663e-05
2660,2.0788288393580607e-05
2661,2.078732666166428e-05
2662,2.0786374503867225e-05
2663,2.0785416613100512e-05
2664,2.0784466358669818e-05
2665,2.0783516104239106e-05
2666,2.078256964510584e-05
2667,2.0781605986841524e-05
2668,2.078066330790662e-05
2669,2.0779715901420036e-05
2670,2.0778767546469907e-05
2671,2.0777811570504828e-05
2672,2.0776845982006804e-05
2673,2.0775883287416096e-05
2674,2.0774919629151806e-05
2675,2.0773950168528892e-05
2676,2.0772988436612565e-05
2677,2.0772023813675482e-05
2678,2.0771076407188883e-05
2679,2.0770114675272583e-05
2680,2.0769162517475515e-05
2681,2.0768214162636394e-05
2682,2.076725818667135e-05
2683,2.0766307932240654e-05
2684,2.0765344273976357e-05
2685,2.0764376751358795e-05
2686,2.076339459911037e-05
2687,2.076244244142432e-05
2688,2.076147974672261e-05
2689,2.0760517052131905e-05
2690,2.075956584646211e-05
2691,2.075860603700796e-05
2692,2.075765292608445e-05
2693,2.0756699815271957e-05
2694,2.0755746704348436e-05
2695,2.075479359342491e-05
2696,2.0753818295693466e-05
2697,2.0752842998073007e-05
2698,2.075188988714949e-05
2699,2.0750936776225977e-05
2700,2.0749983665302438e-05
2701,2.0749030554378916e-05
2702,2.0748065931552866e-05
2703,2.07470906338214e-05
2704,2.0746115336089933e-05
2705,2.0745160316137917e-05
2706,2.074420911046815e-05
2707,2.0743260755629052e-05
2708,2.0742285457897577e-05
2709,2.074131016016612e-05
2710,2.0740357049242604e-05
2711,2.0739407745162815e-05
2712,2.0738458440972006e-05
2713,2.0737509136781188e-05
2714,2.0736559832590356e-05
2715,2.0735607674793332e-05
2716,2.073465074192704e-05
2717,2.0733694765961995e-05
2718,2.0732745461771157e-05
2719,2.0731783729854864e-05
2720,2.0730819106917754e-05
2721,2.0729842832967183e-05
2722,2.0728882062726057e-05
2723,2.0727921292595916e-05
2724,2.0726960522354804e-05
2725,2.0725999752113637e-05
2726,2.072503898187249e-05
2727,2.072407628728179e-05
2728,2.07231183965151e-05
2729,2.0722160505748367e-05
2730,2.072120261498167e-05
2731,2.0720253310790866e-05
2732,2.0719306851657557e-05
2733,2.071834511974123e-05
2734,2.071739581555042e-05
2735,2.071642051781895e-05
2736,2.0715472162979854e-05
2737,2.0714517143027838e-05
2738,2.0713562122964817e-05
2739,2.0712609965278777e-05
2740,2.071165494521578e-05
2741,2.0710703739657006e-05
2742,2.0709743930202872e-05
2743,2.0708786039436152e-05
2744,2.0707824307408813e-05
2745,2.0706868331443768e-05
2746,2.0705915220631258e-05
2747,2.070496781414466e-05
2748,2.0704011838179607e-05
2749,2.0703055862214558e-05
2750,2.0702109403081273e-05
2751,2.0701154383129263e-05
2752,2.070017908539779e-05
2753,2.0699221194631096e-05
2754,2.069826617456805e-05
2755,2.0697304442651704e-05
2756,2.0696352284854655e-05
2757,2.0695390552938332e-05
2758,2.0694438395141287e-05
2759,2.069347666322497e-05
2760,2.069251493130864e-05
2761,2.069155319928129e-05
2762,2.0690591467364974e-05
2763,2.068962877277425e-05
2764,2.068866992310792e-05
2765,2.068771776531085e-05
2766,2.068676560751383e-05
2767,2.0685815353083108e-05
2768,2.068487078599192e-05
2769,2.06839214818011e-05
2770,2.0682972177610288e-05
2771,2.0682021923179573e-05
2772,2.0681071668859904e-05
2773,2.068012426226228e-05
2774,2.0679176855775704e-05
2775,2.0678229449289095e-05
2776,2.067728582666463e-05
2777,2.0676338420178037e-05
2778,2.0675375725587295e-05
2779,2.0674419749622242e-05
2780,2.0673464729670247e-05
2781,2.0672499141172206e-05
2782,2.0671543165207137e-05
2783,2.0670574674142e-05
2784,2.066961390390087e-05
2785,2.0668649280963784e-05
2786,2.0667690431297472e-05
2787,2.066674397227521e-05
2788,2.0665783202034056e-05
2789,2.066483009111052e-05
2790,2.066388741217562e-05
2791,2.06629256802593e-05
2792,2.066196009176126e-05
2793,2.0661009837330556e-05
2794,2.066004810541421e-05
2795,2.0659103538212e-05
2796,2.0658141806295647e-05
2797,2.0657191551864972e-05
2798,2.0656229819948625e-05
2799,2.0655269049707485e-05
2800,2.0654307317791155e-05
2801,2.0653351341826116e-05
2802,2.0652395365861044e-05
2803,2.0651443208063992e-05
2804,2.0650483398609865e-05
2805,2.0649518775672768e-05
2806,2.0648559926117464e-05
2807,2.0647601076451145e-05
2808,2.0646642226784792e-05
2809,2.064568337722949e-05
2810,2.0644702207195387e-05
2811,2.0643742397741263e-05
2812,2.0642776809243205e-05
2813,2.0641817959576862e-05
2814,2.0640862939624863e-05
2815,2.063990982870133e-05
2816,2.0638950019247218e-05
2817,2.0637995954309058e-05
2818,2.0637040934357028e-05
2819,2.0636086869307836e-05
2820,2.0635132804369676e-05
2821,2.0634169146105392e-05
2822,2.0633217940435586e-05
2823,2.063226004966889e-05
2824,2.063131642715544e-05
2825,2.063036522148566e-05
2826,2.0629407330718934e-05
2827,2.062846087158566e-05
2828,2.062751251674654e-05
2829,2.062656416190746e-05
2830,2.0625610096969293e-05
2831,2.0624662690371648e-05
2832,2.0623704799604972e-05
2833,2.0622757393118363e-05
2834,2.062181282602717e-05
2835,2.0620860668230108e-05
2836,2.0619915155561927e-05
2837,2.0618964901131236e-05
2838,2.0618003169214933e-05
2839,2.061703758071686e-05
2840,2.0616075848689502e-05
2841,2.0615133169754604e-05
2842,2.0614182915434948e-05
2843,2.0613225024557202e-05
2844,2.061227095961905e-05
2845,2.0611316894680865e-05
2846,2.0610355162764532e-05
2847,2.0609412483829633e-05
2848,2.0608465077232015e-05
2849,2.0607516722392926e-05
2850,2.0606554027802197e-05
2851,2.0605609460599982e-05
2852,2.0604662054113376e-05
2853,2.0603710848554616e-05
2854,2.0602755828491574e-05
2855,2.0601796978936257e-05
2856,2.06008410029712e-05
2857,2.0599885027006166e-05
2858,2.059892521755201e-05
2859,2.0597971152613862e-05
2860,2.0597010382372723e-05
2861,2.059605631743457e-05
2862,2.0595088794816977e-05
2863,2.0594124171879884e-05
2864,2.0593165322324577e-05
2865,2.059220647265824e-05
2866,2.059124762299193e-05
2867,2.05902887734366e-05
2868,2.0589332797471552e-05
2869,2.0588371065444213e-05
2870,2.0587402574379073e-05
2871,2.0586441804248946e-05
2872,2.0585477181311863e-05
2873,2.0584519290545163e-05
2874,2.0583538120511044e-05
2875,2.0582573497573992e-05
2876,2.0581610802872238e-05
2877,2.058065003274212e-05
2878,2.057967473501066e-05
2879,2.057873205607574e-05
2880,2.0577786543407597e-05
2881,2.0576833432484075e-05
2882,2.057586687742584e-05
2883,2.0574919470939247e-05
2884,2.057395677623754e-05
2885,2.0573002711299373e-05
2886,2.0572051505740593e-05
2887,2.0571088811038876e-05
2888,2.0570126116448164e-05
2889,2.0569163421746414e-05
2890,2.0568204572191117e-05
2891,2.056725336652132e-05
2892,2.0566286811463098e-05
2893,2.056533845662401e-05
2894,2.0564387250954233e-05
2895,2.0563422628017133e-05
2896,2.0562441457983027e-05
2897,2.0561491203552332e-05
2898,2.0560525615054275e-05
2899,2.055957155011611e-05
2900,2.0558617485177948e-05
2901,2.055765575326161e-05
2902,2.0556690164763587e-05
2903,2.0555729394522424e-05
2904,2.055477818885267e-05
2905,2.0553826983293898e-05
2906,2.055286139479583e-05
2907,2.0551895806186784e-05
2908,2.0550930217688723e-05
2909,2.054996944755859e-05
2910,2.054901824188883e-05
2911,2.0548043919488293e-05
2912,2.0547094615297474e-05
2913,2.0546145311106653e-05
2914,2.054519600702688e-05
2915,2.054424670283605e-05
2916,2.054329263778687e-05
2917,2.054234048010085e-05
2918,2.0541389274431068e-05
2919,2.0540441867944466e-05
2920,2.053948589197941e-05
2921,2.0538511569578855e-05
2922,2.0537556549515848e-05
2923,2.0536604391829798e-05
2924,2.0535652234032746e-05
2925,2.0534700076235718e-05
2926,2.053375172139659e-05
2927,2.053277739888503e-05
2928,2.0531826193326278e-05
2929,2.0530874987656482e-05
2930,2.052992378198671e-05
2931,2.0528972576427923e-05
2932,2.0528011806186814e-05
2933,2.052705295652046e-05
2934,2.0526093147177362e-05
2935,2.052513141515001e-05
2936,2.0524173524383277e-05
2937,2.052321563361657e-05
2938,2.0522240335885105e-05
2939,2.0521260147066133e-05
2940,2.0520279958136118e-05
2941,2.05193297037054e-05
2942,2.0518382297218797e-05
2943,2.0517427277266808e-05
2944,2.0516475119469753e-05
2945,2.0515527712983154e-05
2946,2.0514575555186116e-05
2947,2.0513623397389064e-05
2948,2.0512663587934913e-05
2949,2.051170281780479e-05
2950,2.0510745884827483e-05
2951,2.050978511469738e-05
2952,2.0508824344456236e-05
2953,2.0507878831788062e-05
2954,2.0506926673990997e-05
2955,2.050597641956032e-05
2956,2.0505022354622162e-05
2957,2.0504074948135563e-05
2958,2.0503114177894393e-05
2959,2.0502153407653274e-05
2960,2.050119263752313e-05
2961,2.0500231867281987e-05
2962,2.0499274934415713e-05
2963,2.0498319914352695e-05
2964,2.049736489440068e-05
2965,2.049641368884192e-05
2966,2.0495458668778877e-05
2967,2.049450364882686e-05
2968,2.049355244315708e-05
2969,2.049259742320509e-05
2970,2.0491646217535284e-05
2971,2.049068544740519e-05
2972,2.0489724677164024e-05
2973,2.048876678639734e-05
2974,2.0487815580727535e-05
2975,2.048686437516877e-05
2976,2.048591507097798e-05
2977,2.0484963865308185e-05
2978,2.048400884535616e-05
2979,2.0483060490517082e-05
2980,2.0482103557650775e-05
2981,2.048115804498263e-05
2982,2.048020398004446e-05
2983,2.0479240321669162e-05
2984,2.0478282430902436e-05
2985,2.0477324540135736e-05
2986,2.047636664936903e-05
2987,2.0475408758602334e-05
2988,2.0474447988361184e-05
2989,2.047348433009688e-05
2990,2.0472530265158734e-05
2991,2.0471550076228695e-05
2992,2.047058255361112e-05
2993,2.0469623704055816e-05
2994,2.046867819138764e-05
2995,2.046772793695693e-05
2996,2.0466780530470345e-05
2997,2.0465819760229223e-05
2998,2.04648618694625e-05
2999,2.0463909711665468e-05
3000,2.046294894142429e-05
3001,2.0461997735865558e-05
3002,2.0461036965624388e-05
3003,2.0460092398533202e-05
3004,2.0459131628292035e-05
3005,2.0458170858050906e-05
3006,2.0457209126134593e-05
3007,2.0456256968337514e-05
3008,2.0455308613498438e-05
3009,2.0454346881582094e-05
3010,2.045338514955474e-05
3011,2.0452431084616598e-05
3012,2.045147223495024e-05
3013,2.045051721499823e-05
3014,2.044956600943947e-05
3015,2.044861194439028e-05
3016,2.044764828612599e-05
3017,2.0446693266174e-05
3018,2.044573920123584e-05
3019,2.0444785136186625e-05
3020,2.044383107124846e-05
3021,2.044287796032494e-05
3022,2.0441921027458683e-05
3023,2.0440958332867968e-05
3024,2.0439998523413827e-05
3025,2.043905584447893e-05
3026,2.0438101779540745e-05
3027,2.0437147714491562e-05
3028,2.043618790503742e-05
3029,2.0435223282211375e-05
3030,2.0434266349234065e-05
3031,2.043330557910394e-05
3032,2.0432357224153825e-05
3033,2.0431411711596684e-05
3034,2.043046525246339e-05
3035,2.04295140467936e-05
3036,2.042855327666349e-05
3037,2.042760302223278e-05
3038,2.042665939960831e-05
3039,2.0425711993121692e-05
3040,2.042475792818356e-05
3041,2.042379715794242e-05
3042,2.042283638770126e-05
3043,2.0421876578247126e-05
3044,2.0420925372688372e-05
3045,2.0419974167018573e-05
3046,2.0419025812179477e-05
3047,2.0418077457340357e-05
3048,2.0417135721095835e-05
3049,2.041618926196254e-05
3050,2.041524185547595e-05
3051,2.041428683541292e-05
3052,2.04133289446462e-05
3053,2.0412370095090893e-05
3054,2.0411418889421097e-05
3055,2.0410463869469094e-05
3056,2.0409503099227938e-05
3057,2.040854807927593e-05
3058,2.0407593059212924e-05
3059,2.0406638039260905e-05
3060,2.0405679189705608e-05
3061,2.0404726078782063e-05
3062,2.040376626932793e-05
3063,2.040280741966161e-05
3064,2.040185048679533e-05
3065,2.0400895466843306e-05
3066,2.0399941401794134e-05
3067,2.0398983511027407e-05
3068,2.0398020816436703e-05
3069,2.0397057158172423e-05
3070,2.0396090603114193e-05
3071,2.039513079366008e-05
3072,2.0394176728721892e-05
3073,2.039322266367272e-05
3074,2.039226859873454e-05
3075,2.039131453379639e-05
3076,2.0390357600930092e-05
3077,2.0389404490006597e-05
3078,2.038844468055247e-05
3079,2.0387490615614303e-05
3080,2.038652888369798e-05
3081,2.0385570992820234e-05
3082,2.0384615016966204e-05
3083,2.0383661906042693e-05
3084,2.03827107003729e-05
3085,2.038175949470311e-05
3086,2.0380814927611888e-05
3087,2.037987130509844e-05
3088,2.0378923898500826e-05
3089,2.0377966007734106e-05
3090,2.0377015753303408e-05
3091,2.0376065498983735e-05
3092,2.037511809238612e-05
3093,2.0374176356141586e-05
3094,2.0373228949654987e-05
3095,2.037227201678871e-05
3096,2.0371313167122384e-05
3097,2.037035623425608e-05
3098,2.0369392575991793e-05
3099,2.0368434685114074e-05
3100,2.0367476794347365e-05
3101,2.036651890358066e-05
3102,2.036556101281393e-05
3103,2.036460599286195e-05
3104,2.0363648102095216e-05
3105,2.0362681547037027e-05
3106,2.036172173758288e-05
3107,2.0360741548652858e-05
3108,2.0359787483714687e-05
3109,2.03588238254504e-05
3110,2.0357852423047433e-05
3111,2.035689740309542e-05
3112,2.0355951890427274e-05
3113,2.0354991120186138e-05
3114,2.0354049383941603e-05
3115,2.0353087652025273e-05
3116,2.035213834783445e-05
3117,2.0351178538380297e-05
3118,2.0350234915866853e-05
3119,2.0349280850928672e-05
3120,2.034833059649798e-05
3121,2.034737653144881e-05
3122,2.0346422466510652e-05
3123,2.0345461696269492e-05
3124,2.0344507631331346e-05
3125,2.034354589941501e-05
3126,2.0342586089960868e-05
3127,2.0341605901141875e-05
3128,2.034064031264381e-05
3129,2.033969100845301e-05
3130,2.0338737897529508e-05
3131,2.033775868881539e-05
3132,2.033679791868526e-05
3133,2.03358371484441e-05
3134,2.0334876378202957e-05
3135,2.0333915608072853e-05
3136,2.0332954837831707e-05
3137,2.0331992143129956e-05
3138,2.033102944853928e-05
3139,2.0330050239825145e-05
3140,2.0329071031222047e-05
3141,2.0328091822507957e-05
3142,2.032713105226681e-05
3143,2.0326176032314788e-05
3144,2.0325221012362792e-05
3145,2.0324241803648675e-05
3146,2.032329154921797e-05
3147,2.032234319437887e-05
3148,2.0321367896647416e-05
3149,2.0320415738850357e-05
3150,2.031944239078153e-05
3151,2.0318492136350854e-05
3152,2.031754188192014e-05
3153,2.031659162748946e-05
3154,2.0315641373058753e-05
3155,2.0314686353106727e-05
3156,2.031373133315473e-05
3157,2.03127763130917e-05
3158,2.0311821293139697e-05
3159,2.0310847945070893e-05
3160,2.0309901485937597e-05
3161,2.030895123150689e-05
3162,2.0307996211554876e-05
3163,2.0307022863486065e-05
3164,2.0306072609055373e-05
3165,2.030512235462466e-05
3166,2.030417210019398e-05
3167,2.0303221845763275e-05
3168,2.0302266825811256e-05
3169,2.0301311805859257e-05
3170,2.0300356785796215e-05
3171,2.0299401765844206e-05
3172,2.029844099560309e-05
3173,2.0297480225472942e-05
3174,2.0296519455231813e-05
3175,2.0295564435279797e-05
3176,2.0294609415216762e-05
3177,2.0293654395264756e-05
3178,2.0292697462398476e-05
3179,2.029172313999794e-05
3180,2.0290758517060848e-05
3181,2.0289801584194588e-05
3182,2.028884465121728e-05
3183,2.02878674000484e-05
3184,2.0286904705346654e-05
3185,2.0285952547660645e-05
3186,2.0284979199480795e-05
3187,2.028402130871409e-05
3188,2.0283069150917044e-05
3189,2.0282119846837254e-05
3190,2.028114063812315e-05
3191,2.0280179867882e-05
3192,2.0279220058427843e-05
3193,2.0278266947504335e-05
3194,2.027731383669184e-05
3195,2.0276360725768317e-05
3196,2.0275407614844823e-05
3197,2.0274458310654005e-05
3198,2.0273505199841512e-05
3199,2.0272558740708227e-05
3200,2.027160562978469e-05
3201,2.0270655375353996e-05
3202,2.0269695565899845e-05
3203,2.0268745311469144e-05
3204,2.0267796956630064e-05
3205,2.0266842891691904e-05
3206,2.0265896432558606e-05
3207,2.026494045659354e-05
3208,2.02639892510348e-05
3209,2.0263031360268087e-05
3210,2.0262080154598304e-05
3211,2.0261120345144174e-05
3212,2.026016628020599e-05
3213,2.025921221526782e-05
3214,2.0258258150218638e-05
3215,2.0257304085280494e-05
3216,2.0256353830849796e-05
3217,2.0255407371827516e-05
3218,2.025445426090398e-05
3219,2.0253503055234212e-05
3220,2.0252547079269153e-05
3221,2.0251593014330983e-05
3222,2.0250638949392836e-05
3223,2.0249682016526563e-05
3224,2.024871642802852e-05
3225,2.0247750839419418e-05
3226,2.0246791989864135e-05
3227,2.024583887894061e-05
3228,2.0244885768017085e-05
3229,2.0243932657093576e-05
3230,2.0242979546281074e-05
3231,2.0242030242090252e-05
3232,2.0241051033376145e-05
3233,2.0240086410439055e-05
3234,2.0239137106359276e-05
3235,2.0238180173381987e-05
3236,2.0237229919062277e-05
3237,2.0236282512464676e-05
3238,2.02353284475265e-05
3239,2.0234367677285373e-05
3240,2.023340690715526e-05
3241,2.023246517079967e-05
3242,2.0231507280032992e-05
3243,2.023054650990284e-05
3244,2.022959435210579e-05
3245,2.022864028705661e-05
3246,2.0227679516926507e-05
3247,2.0226737780681965e-05
3248,2.022578180471691e-05
3249,2.0224819110015175e-05
3250,2.022386026045986e-05
3251,2.0222910006029167e-05
3252,2.0221956895105635e-05
3253,2.0221011382437475e-05
3254,2.0220051572983358e-05
3255,2.0219097508045194e-05
3256,2.0218133849780884e-05
3257,2.0217177873815825e-05
3258,2.0216220940949547e-05
3259,2.0215263050071805e-05
3260,2.0214312795752153e-05
3261,2.021336159008234e-05
3262,2.0212412285891552e-05
3263,2.0211454395124833e-05
3264,2.021050223732777e-05
3265,2.0209544346561085e-05
3266,2.0208594092130376e-05
3267,2.020764288646059e-05
3268,2.020668307711747e-05
3269,2.020574228256412e-05
3270,2.0204792028133415e-05
3271,2.0203834137366705e-05
3272,2.0202876246600016e-05
3273,2.020192599216931e-05
3274,2.020097953303603e-05
3275,2.0200029278605297e-05
3276,2.0199078072935535e-05
3277,2.0198131613913258e-05
3278,2.019717754886408e-05
3279,2.019623108984181e-05
3280,2.0195271280387662e-05
3281,2.019431816946415e-05
3282,2.0193360278697444e-05
3283,2.0192407167773946e-05
3284,2.0191456913343248e-05
3285,2.0190504755546162e-05
3286,2.0189546864779476e-05
3287,2.0188587055325342e-05
3288,2.0187630122459058e-05
3289,2.0186667427868357e-05
3290,2.0185714316944818e-05
3291,2.0184757384078558e-05
3292,2.0183789861460955e-05
3293,2.0182837703663917e-05
3294,2.0181884592740402e-05
3295,2.0180935288660603e-05
3296,2.017997931269555e-05
3297,2.01790233367305e-05
3298,2.0178067360765432e-05
3299,2.0177111384800384e-05
3300,2.017615922700335e-05
3301,2.01751965323016e-05
3302,2.017424246736342e-05
3303,2.0173289356550925e-05
3304,2.017231014783682e-05
3305,2.0171357036913296e-05
3306,2.017038854584817e-05
3307,2.016943924165737e-05
3308,2.0168483265692313e-05
3309,2.0167537753024153e-05
3310,2.0166576982894052e-05
3311,2.016562672846332e-05
3312,2.0164679321976752e-05
3313,2.016373191537913e-05
3314,2.016279112093677e-05
3315,2.0161846553734528e-05
3316,2.0160891533782542e-05
3317,2.0159935557817483e-05
3318,2.0158977667050753e-05
3319,2.0158024556127252e-05
3320,2.015706378599714e-05
3321,2.0156110675073623e-05
3322,2.0155157564150095e-05
3323,2.0154204453226566e-05
3324,2.0153248477261514e-05
3325,2.015229250129648e-05
3326,2.015133365174115e-05
3327,2.0150380540817646e-05
3328,2.0149439746264267e-05
3329,2.0148486635340732e-05
3330,2.0147523940750047e-05
3331,2.0146555449684914e-05
3332,2.0145597558918198e-05
3333,2.0144645401121163e-05
3334,2.0143703664876618e-05
3335,2.0142751507079556e-05
3336,2.0141802202888748e-05
3337,2.0140850045091696e-05
3338,2.013989311222541e-05
3339,2.0138919764156587e-05
3340,2.0137968558486808e-05
3341,2.0137018304056107e-05
3342,2.013606804962544e-05
3343,2.0135109200070108e-05
3344,2.0134165577445632e-05
3345,2.013321532301494e-05
3346,2.0132264117456184e-05
3347,2.013131386302548e-05
3348,2.0130365508075333e-05
3349,2.012940184981104e-05
3350,2.0128442040356905e-05
3351,2.0127489882559857e-05
3352,2.0126539628129162e-05
3353,2.0125593169106892e-05
3354,2.0124642914676184e-05
3355,2.0123686938711125e-05
3356,2.012272520679483e-05
3357,2.01217673159171e-05
3358,2.012081801183728e-05
3359,2.0119860120959562e-05
3360,2.0118900311616443e-05
3361,2.0117944335651394e-05
3362,2.0116987402674078e-05
3363,2.0116033337735938e-05
3364,2.0115070643145213e-05
3365,2.0114113710278922e-05
3366,2.0113156777301643e-05
3367,2.0112192154475582e-05
3368,2.0111235221498262e-05
3369,2.0110269633000208e-05
3370,2.0109317475203184e-05
3371,2.010835862564785e-05
3372,2.010740264968281e-05
3373,2.010644667371775e-05
3374,2.010549451592071e-05
3375,2.0104531821218976e-05
3376,2.0103569126628238e-05
3377,2.0102589917914124e-05
3378,2.0101618515622203e-05
3379,2.0100657745381056e-05
3380,2.009968731442323e-05
3381,2.0098709084925833e-05
3382,2.0097730855428414e-05
3383,2.00967710460853e-05
3384,2.0095816026022274e-05
3385,2.0094855255892157e-05
3386,2.009390214496865e-05
3387,2.0092949034045137e-05
3388,2.0091989224590972e-05
3389,2.009103515965282e-05
3390,2.009005693015543e-05
3391,2.00891038192319e-05
3392,2.0088149754293728e-05
3393,2.0087187059703013e-05
3394,2.008620883020563e-05
3395,2.0085261423719025e-05
3396,2.0084311169288334e-05
3397,2.008335710435017e-05
3398,2.0082403039411997e-05
3399,2.0081448974362825e-05
3400,2.0080495863550308e-05
3401,2.0079541798501122e-05
3402,2.0078587733562966e-05
3403,2.007762503897226e-05
3404,2.007665169090343e-05
3405,2.0075673461406054e-05
3406,2.007472320697535e-05
3407,2.0073772952544647e-05
3408,2.0072819841621115e-05
3409,2.0071845519220605e-05
3410,2.007089145428241e-05
3411,2.0069937389344265e-05
3412,2.006898332429508e-05
3413,2.0068037811737948e-05
3414,2.0067083746688742e-05
3415,2.0066129681750585e-05
3416,2.0065173705785536e-05
3417,2.0064212935655426e-05
3418,2.0063256959690353e-05
3419,2.0062300983725294e-05
3420,2.0061350729294613e-05
3421,2.0060400474863908e-05
3422,2.0059450220433203e-05
3423,2.0058499966002525e-05
3424,2.005754971157182e-05
3425,2.005657148207441e-05
3426,2.0055618371261918e-05
3427,2.0054665260338406e-05
3428,2.0053715956147567e-05
3429,2.005276665195678e-05
3430,2.0051811632004753e-05
3431,2.0050859474207715e-05
3432,2.0049907316410667e-05
3433,2.0048958961571557e-05
3434,2.0048004896633377e-05
3435,2.004705559244259e-05
3436,2.0046102481519047e-05
3437,2.0045143631852724e-05
3438,2.0044190521040245e-05
3439,2.0043237410116707e-05
3440,2.0042284299193205e-05
3441,2.004133118826968e-05
3442,2.0040381884189898e-05
3443,2.0039427819140698e-05
3444,2.0038477564710014e-05
3445,2.0037527310390324e-05
3446,2.0036577055959636e-05
3447,2.0035620122982313e-05
3448,2.0034668917423552e-05
3449,2.003371771175377e-05
3450,2.003276650619502e-05
3451,2.0031815300525228e-05
3452,2.003086409485544e-05
3453,2.002990811889037e-05
3454,2.0028952142925327e-05
3455,2.0027993293370017e-05
3456,2.0027037317404954e-05
3457,2.0026081341439905e-05
3458,2.0025125365474853e-05
3459,2.0024169389509777e-05
3460,2.0023214369557795e-05
3461,2.0022265065366973e-05
3462,2.0021310045414974e-05
3463,2.002035883974517e-05
3464,2.001940763407538e-05
3465,2.0018455476389373e-05
3466,2.0017499500424324e-05
3467,2.0016549245993602e-05
3468,2.0015598991562904e-05
3469,2.0014646833765862e-05
3470,2.0013694675968804e-05
3471,2.001274251817174e-05
3472,2.001178366850542e-05
3473,2.0010830557692923e-05
3474,2.0009877446769395e-05
3475,2.0008930040282796e-05
3476,2.0007976929359295e-05
3477,2.0007019996493028e-05
3478,2.0006063063515698e-05
3479,2.0005102293385587e-05
3480,2.000414631742054e-05
3481,2.0003190341455486e-05
3482,2.0002239135785686e-05
3483,2.0001284115833687e-05
3484,2.000032909588169e-05
3485,1.9999367363854312e-05
3486,1.999838913446794e-05
3487,1.9997410904970526e-05
3488,1.999644241390542e-05
3489,1.999549879128094e-05
3490,1.9994539941725627e-05
3491,1.9993582050958917e-05
3492,1.999260967622262e-05
3493,1.9991661321272486e-05
3494,1.9990712017081708e-05
3495,1.998976366224258e-05
3496,1.9988814358051776e-05
3497,1.9987861247239273e-05
3498,1.9986906227176232e-05
3499,1.9985951207224223e-05
3500,1.9985001903033425e-05
3501,1.998405259895364e-05
3502,1.9983092789499488e-05
3503,1.998214443454936e-05
3504,1.998119513046957e-05
3505,1.998024582627876e-05
3506,1.997928985031371e-05
3507,1.9978344337645566e-05
3508,1.997739503345476e-05
3509,1.9976445729374945e-05
3510,1.997550021670681e-05
3511,1.9974547105783287e-05
3512,1.9973601593115117e-05
3513,1.9972641783660993e-05
3514,1.997168197431785e-05
3515,1.9970736461649718e-05
3516,1.996978430385267e-05
3517,1.996883499966185e-05
3518,1.9967875190207717e-05
3519,1.9966925886016892e-05
3520,1.9965977531177802e-05
3521,1.9965021555212736e-05
3522,1.996406653526074e-05
3523,1.996311437746368e-05
3524,1.996215648669698e-05
3525,1.996120146674496e-05
3526,1.9960246446681945e-05
3527,1.9959287597126618e-05
3528,1.9958325865099262e-05
3529,1.995737370741324e-05
3530,1.9956417731448177e-05
3531,1.9955460798470898e-05
3532,1.9954498103880173e-05
3533,1.99535459460831e-05
3534,1.9952597591244004e-05
3535,1.99516492364049e-05
3536,1.995068942695078e-05
3537,1.9949736316027252e-05
3538,1.9948777466360923e-05
3539,1.9947818616805596e-05
3540,1.994685976713927e-05
3541,1.9945896108875e-05
3542,1.9944937259208634e-05
3543,1.9943972636271584e-05
3544,1.994301666030652e-05
3545,1.9942061640354503e-05
3546,1.9941109482557464e-05
3547,1.9940158276887672e-05
3548,1.993919846754455e-05
3549,1.993824916335374e-05
3550,1.9937307427109207e-05
3551,1.9936356221439404e-05
3552,1.9935399288573144e-05
3553,1.993445472137091e-05
3554,1.9933492026780196e-05
3555,1.993253317711384e-05
3556,1.9931576244247576e-05
3557,1.9930615474006437e-05
3558,1.9929660454054417e-05
3559,1.992870543410241e-05
3560,1.9927754228432623e-05
3561,1.9926791533841925e-05
3562,1.9925831724387794e-05
3563,1.9924879566590715e-05
3564,1.9923926455667207e-05
3565,1.9922976201236526e-05
3566,1.9922025946805793e-05
3567,1.9921086093166445e-05
3568,1.9920117601990316e-05
3569,1.9919172089433168e-05
3570,1.9918218024383976e-05
3571,1.991726491357149e-05
3572,1.9916324119018104e-05
3573,1.9915369099066095e-05
3574,1.9914413123101046e-05
3575,1.991346381891023e-05
3576,1.9912519251819038e-05
3577,1.991156899738834e-05
3578,1.9910619693197524e-05
3579,1.990966371723247e-05
3580,1.9908713462801757e-05
3581,1.9907768895710537e-05
3582,1.9906818641279855e-05
3583,1.990587312861169e-05
3584,1.9904914278945363e-05
3585,1.990396592410625e-05
3586,1.990301566967556e-05
3587,1.9902056820009235e-05
3588,1.9901110360986966e-05
3589,1.9900164848318812e-05
3590,1.9899223112074267e-05
3591,1.9898275705587658e-05
3592,1.9897326401396836e-05
3593,1.9896374243599795e-05
3594,1.989542303793003e-05
3595,1.9894471832371256e-05
3596,1.9893520626701466e-05
3597,1.9892561777035124e-05
3598,1.989161342219603e-05
3599,1.9890663167765322e-05
3600,1.9889708147813313e-05
3601,1.9888749298146997e-05
3602,1.988780850359361e-05
3603,1.988685729803487e-05
3604,1.9885900365168584e-05
3605,1.9884943432191268e-05
3606,1.9883995077352175e-05
3607,1.988303814448589e-05
3608,1.9882080253719167e-05
3609,1.9881124277754132e-05
3610,1.9880168301789063e-05
3611,1.987921232582403e-05
3612,1.9878256349858975e-05
3613,1.987729941699266e-05
3614,1.987633960753853e-05
3615,1.9875379798084386e-05
3616,1.9874428592414627e-05
3617,1.9873465897823902e-05
3618,1.987251374002685e-05
3619,1.9871558720074855e-05
3620,1.987060370012282e-05
3621,1.9869648680059807e-05
3622,1.9868693660107798e-05
3623,1.986774245443802e-05
3624,1.986679124887926e-05
3625,1.986582951696291e-05
3626,1.9864876406039417e-05
3627,1.9863923295115892e-05
3628,1.986296444544955e-05
3629,1.9862005595894225e-05
3630,1.9861046746227906e-05
3631,1.986008789656158e-05
3632,1.9859126164645253e-05
3633,1.9858161541708157e-05
3634,1.985720556574311e-05
3635,1.985625340794605e-05
3636,1.9855298387994044e-05
3637,1.9854320158496645e-05
3638,1.9853341929110244e-05
3639,1.9852391674679542e-05
3640,1.985144142024886e-05
3641,1.985047098929106e-05
3642,1.9849503466673465e-05
3643,1.9848549401735308e-05
3644,1.9847587669818975e-05
3645,1.9846618209196084e-05
3646,1.9845650686689524e-05
3647,1.98446850981915e-05
3648,1.9843737691593872e-05
3649,1.984277884203855e-05
3650,1.9841829537847757e-05
3651,1.9840869728393603e-05
3652,1.983991566345546e-05
3653,1.9838950074957395e-05
3654,1.9837971845460007e-05
3655,1.9837008187195703e-05
3656,1.9836056029398624e-05
3657,1.9835097179732325e-05
3658,1.983414311479415e-05
3659,1.9833181382877815e-05
3660,1.9832222533211502e-05
3661,1.9831269422287974e-05
3662,1.983031726449093e-05
3663,1.9829358414935605e-05
3664,1.982840530401208e-05
3665,1.9827452193088585e-05
3666,1.9826499082165053e-05
3667,1.9825546924368015e-05
3668,1.982459476668198e-05
3669,1.9823642608884927e-05
3670,1.9822690451087862e-05
3671,1.9821731601421516e-05
3672,1.9820772751755204e-05
3673,1.981979550058632e-05
3674,1.9818818249306438e-05
3675,1.9817849758241305e-05
3676,1.9816900454050507e-05
3677,1.9815948296253455e-05
3678,1.9814976893961497e-05
3679,1.9814022828912328e-05
3680,1.9813069718099832e-05
3681,1.9812119463669127e-05
3682,1.9811159654214966e-05
3683,1.981020080454866e-05
3684,1.9809245784596627e-05
3685,1.9808272436527833e-05
3686,1.980732123085806e-05
3687,1.980636811993454e-05
3688,1.9805415009122043e-05
3689,1.9804460944072827e-05
3690,1.9803510689642132e-05
3691,1.980256233480304e-05
3692,1.9801609223879527e-05
3693,1.980065991979973e-05
3694,1.979970298682242e-05
3695,1.979875463198333e-05
3696,1.9797804377552623e-05
3697,1.979685221975559e-05
3698,1.9795900062069536e-05
3699,1.9794950757878738e-05
3700,1.9794000503448033e-05
3701,1.9793047392524524e-05
3702,1.9792088542858202e-05
3703,1.979113543204568e-05
3704,1.9790182321122174e-05
3705,1.978922921019864e-05
3706,1.9788276099275137e-05
3707,1.978732012331007e-05
3708,1.9786365103358086e-05
3709,1.9785416748518956e-05
3710,1.978446839367986e-05
3711,1.9783520038729747e-05
3712,1.978257168389062e-05
3713,1.9781615707925592e-05
3714,1.978066735308648e-05
3715,1.9779718998247375e-05
3716,1.977877064340828e-05
3717,1.977782228845814e-05
3718,1.9776873933619044e-05
3719,1.9775922728060297e-05
3720,1.977497152239051e-05
3721,1.977401650243848e-05
3722,1.977306624800779e-05
3723,1.977211409021074e-05
3724,1.9771156199444012e-05
3725,1.9770204041646987e-05
3726,1.976925188384993e-05
3727,1.976829686389793e-05
3728,1.976734755970709e-05
3729,1.9766398255516293e-05
3730,1.976544895132549e-05
3731,1.9764499647134667e-05
3732,1.9763548441575903e-05
3733,1.9762573143844455e-05
3734,1.9761595892564553e-05
3735,1.976061864139567e-05
3736,1.9759651118778084e-05
3737,1.975869800785458e-05
3738,1.9757744897042077e-05
3739,1.9756788921077024e-05
3740,1.9755836763279952e-05
3741,1.9754878872513253e-05
3742,1.9753920981635514e-05
3743,1.9752957323371217e-05
3744,1.975198592096829e-05
3745,1.97510299450032e-05
3746,1.9750078739444448e-05
3747,1.9749131332957845e-05
3748,1.9748181078527154e-05
3749,1.974722987285737e-05
3750,1.9746280568666567e-05
3751,1.9745328410869508e-05
3752,1.974438100438292e-05
3753,1.974342884658587e-05
3754,1.9742466151995146e-05
3755,1.9741512087056986e-05
3756,1.974055323739065e-05
3757,1.973960488255154e-05
3758,1.9738654628120872e-05
3759,1.9737710060918626e-05
3760,1.9736751211363296e-05
3761,1.973580285652421e-05
3762,1.9734850698727144e-05
3763,1.9733891849060835e-05
3764,1.9732943494221712e-05
3765,1.9731998927019483e-05
3766,1.9731040077464186e-05
3767,1.973008122779783e-05
3768,1.9729123337031154e-05
3769,1.9728174032840336e-05
3770,1.9727229465749115e-05
3771,1.9726278260079333e-05
3772,1.9725327054520583e-05
3773,1.9724385318165005e-05
3774,1.9723436963325885e-05
3775,1.972248955683929e-05
3776,1.972154120200022e-05
3777,1.9720589996330418e-05
3778,1.9719634976378395e-05
3779,1.971867804351213e-05
3780,1.9717719193845778e-05
3781,1.9716766082922277e-05
3782,1.9715812971998752e-05
3783,1.971486271756805e-05
3784,1.971391341348826e-05
3785,1.9712958393425236e-05
3786,1.9712003373473237e-05
3787,1.971105216780346e-05
3788,1.971009139767331e-05
3789,1.9709132548006984e-05
3790,1.9708171777765838e-05
3791,1.9707220572207078e-05
3792,1.970626555214407e-05
3793,1.9705311487205893e-05
3794,1.9704358376393404e-05
3795,1.970340240042835e-05
3796,1.970244066840098e-05
3797,1.970148946284224e-05
3798,1.9700535397793043e-05
3799,1.969958799130644e-05
3800,1.9698629141751127e-05
3801,1.969767888732043e-05
3802,1.969672768165064e-05
3803,1.9695769790883927e-05
3804,1.9694807096293225e-05
3805,1.9693849205415514e-05
3806,1.9692894185463484e-05
3807,1.9691940120525344e-05
3808,1.969098605558716e-05
3809,1.969003389779011e-05
3810,1.9689078877838123e-05
3811,1.9688101626558218e-05
3812,1.9687124375278312e-05
3813,1.9686155884213203e-05
3814,1.968520562978247e-05
3815,1.968425251885898e-05
3816,1.968329654300494e-05
3817,1.96823434320814e-05
3818,1.9681390321157882e-05
3819,1.968043721023438e-05
3820,1.967948409942188e-05
3821,1.9678534795231073e-05
3822,1.9677577862253763e-05
3823,1.9676622842301747e-05
3824,1.967566782234976e-05
3825,1.9674715664552707e-05
3826,1.967375777378598e-05
3827,1.9672800840919703e-05
3828,1.9671842950153e-05
3829,1.96708656988731e-05
3830,1.9669888447593195e-05
3831,1.966891119642432e-05
3832,1.966793394514443e-05
3833,1.966695669386454e-05
3834,1.96659959237344e-05
3835,1.9665024521331464e-05
3836,1.9664077114844868e-05
3837,1.9663124003921356e-05
3838,1.9662176597434737e-05
3839,1.96612206214697e-05
3840,1.966026560151769e-05
3841,1.9659315347086988e-05
3842,1.9658370779884745e-05
3843,1.965742337339816e-05
3844,1.9656478806306933e-05
3845,1.965551995664061e-05
3846,1.9654572550154e-05
3847,1.965362514366742e-05
3848,1.965268246473251e-05
3849,1.9651737897530278e-05
3850,1.965079710308792e-05
3851,1.964983825342158e-05
3852,1.9648890846934983e-05
3853,1.96479481680001e-05
3854,1.964700643164452e-05
3855,1.9646061864553297e-05
3856,1.964511065888351e-05
3857,1.9644164199861245e-05
3858,1.964321394543057e-05
3859,1.964226559059147e-05
3860,1.9641318183993842e-05
3861,1.9640370777507226e-05
3862,1.9639423371020648e-05
3863,1.963846739505558e-05
3864,1.96375095042889e-05
3865,1.963655257142259e-05
3866,1.9635604216472476e-05
3867,1.963465110565999e-05
3868,1.963370085122927e-05
3869,1.9632744875264213e-05
3870,1.963179652042513e-05
3871,1.9630842455375948e-05
3872,1.962988552250965e-05
3873,1.962893050255766e-05
3874,1.9627978344760603e-05
3875,1.962701757451946e-05
3876,1.9626067320088758e-05
3877,1.9625112300136742e-05
3878,1.96241563241717e-05
3879,1.9623201304219698e-05
3880,1.962224532825462e-05
3881,1.9621286478588282e-05
3882,1.9620330502623233e-05
3883,1.9619378344826178e-05
3884,1.9618428090506502e-05
3885,1.961746635847916e-05
3886,1.961650942561288e-05
3887,1.9615558219943107e-05
3888,1.9614604155004937e-05
3889,1.9613653900574242e-05
3890,1.9612702695015465e-05
3891,1.9611750537218416e-05
3892,1.9610792646451697e-05
3893,1.9609834755684997e-05
3894,1.9608876864807282e-05
3895,1.960791897404059e-05
3896,1.9606964909102426e-05
3897,1.9606001250838122e-05
3898,1.9605046230775074e-05
3899,1.9604091210823085e-05
3900,1.9603137145884908e-05
3901,1.960217925511819e-05
3902,1.9601228049448416e-05
3903,1.9600273984510242e-05
3904,1.9599321826713218e-05
3905,1.9598366806761188e-05
3906,1.9597389555481276e-05
3907,1.959641230431241e-05
3908,1.959543505303251e-05
3909,1.959445780175262e-05
3910,1.9593480550583752e-05
3911,1.959250329930384e-05
3912,1.959152604813495e-05
3913,1.9590575793704254e-05
3914,1.9589626489513446e-05
3915,1.9588676235082768e-05
3916,1.9587725029412972e-05
3917,1.9586757506906413e-05
3918,1.9585789984288824e-05
3919,1.9584839729858146e-05
3920,1.9583889475427424e-05
3921,1.9582936364503912e-05
3922,1.9581983253580387e-05
3923,1.958101766508237e-05
3924,1.958004917401723e-05
3925,1.9579082618959027e-05
3926,1.9578121848828907e-05
3927,1.957715915412718e-05
3928,1.9576201263360453e-05
3929,1.957525290852135e-05
3930,1.957430455368224e-05
3931,1.9573356198732138e-05
3932,1.9572398307965422e-05
3933,1.9571445197041903e-05
3934,1.9570495892962114e-05
3935,1.9569533198260384e-05
3936,1.956856664320216e-05
3937,1.9567600088143972e-05
3938,1.956663353308574e-05
3939,1.9565670838495024e-05
3940,1.956471006825388e-05
3941,1.9563741577188754e-05
3942,1.9562776954251685e-05
3943,1.9561819063484962e-05
3944,1.9560864998546822e-05
3945,1.9559910933497626e-05
3946,1.9558956868559456e-05
3947,1.9558002803621286e-05
3948,1.955705159795152e-05
3949,1.9556097533013343e-05
3950,1.955513580109702e-05
3951,1.955418078114502e-05
3952,1.9553214226086815e-05
3953,1.955224767102859e-05
3954,1.9551301211895293e-05
3955,1.9550350006225514e-05
3956,1.954939689541301e-05
3957,1.9548436125171872e-05
3958,1.9547477275505553e-05
3959,1.954651650526439e-05
3960,1.9545562440326226e-05
3961,1.9544601670085087e-05
3962,1.9543642820529776e-05
3963,1.954268492976307e-05
3964,1.9541724159521927e-05
3965,1.954077009458376e-05
3966,1.9539793820522185e-05
3967,1.9538840709709675e-05
3968,1.9537881860043342e-05
3969,1.9536921089802193e-05
3970,1.9535969884243443e-05
3971,1.9535016773319907e-05
3972,1.9534063662396406e-05
3973,1.9533110551472898e-05
3974,1.9532151701917574e-05
3975,1.9531192852251248e-05
3976,1.953023783229923e-05
3977,1.95292828122362e-05
3978,1.952832779228418e-05
3979,1.9527372772332175e-05
3980,1.9526417752380176e-05
3981,1.9525456982139047e-05
3982,1.9524496211897894e-05
3983,1.952354500622811e-05
3984,1.9522593800669328e-05
3985,1.9521642594999566e-05
3986,1.9520691389440805e-05
3987,1.951973636937776e-05
3988,1.951877559924763e-05
3989,1.9517828192650022e-05
3990,1.9516876987091248e-05
3991,1.951592768290046e-05
3992,1.951497457197691e-05
3993,1.95140214610534e-05
3994,1.951307025549463e-05
3995,1.9512118097697585e-05
3996,1.9511168793506794e-05
3997,1.9510216635709742e-05
3998,1.950926161575771e-05
3999,1.950830945796067e-05
4000,1.950735730016362e-05
4001,1.9506407995972808e-05
4002,1.9505458691893015e-05
4003,1.9504509387702203e-05
4004,1.9503561032863094e-05
4005,1.9502606012800065e-05
4006,1.9501657657960956e-05
4007,1.9500696887719813e-05
4008,1.9499749481233214e-05
4009,1.9498795416295057e-05
4010,1.9497847061455964e-05
4011,1.9496898706616854e-05
4012,1.9495950351666752e-05
4013,1.949500199682764e-05
4014,1.9494054590341047e-05
4015,1.949310718385444e-05
4016,1.9492159777256817e-05
4017,1.9491213318234554e-05
4018,1.949026401404375e-05
4019,1.948931470985294e-05
4020,1.948836540566213e-05
4021,1.9487416101582337e-05
4022,1.948646679739153e-05
4023,1.9485512732453355e-05
4024,1.9484558667404166e-05
4025,1.94836017345379e-05
4026,1.948264957674083e-05
4027,1.948170122190174e-05
4028,1.9480753815415145e-05
4029,1.9479799750476965e-05
4030,1.947885139552685e-05
4031,1.947790304068775e-05
4032,1.947695468584866e-05
4033,1.947600633100954e-05
4034,1.9475030056947947e-05
4035,1.9474053782997367e-05
4036,1.9473089160060297e-05
4037,1.9472124537123218e-05
4038,1.9471159914297147e-05
4039,1.9470195291360057e-05
4040,1.9469230668422977e-05
4041,1.9468263145805426e-05
4042,1.9467288823404858e-05
4043,1.946633951921405e-05
4044,1.9465391164374943e-05
4045,1.946444280953585e-05
4046,1.946349445469674e-05
4047,1.9462540389647575e-05
4048,1.9461592034808448e-05
4049,1.9460643679969358e-05
4050,1.9459695325130252e-05
4051,1.9458746970180147e-05
4052,1.9457798615341037e-05
4053,1.9456844550402877e-05
4054,1.9455896195563743e-05
4055,1.945491992150215e-05
4056,1.9453943647551597e-05
4057,1.945299244199283e-05
4058,1.945204598285953e-05
4059,1.945109477718976e-05
4060,1.9450144522759047e-05
4061,1.9449174091801243e-05
4062,1.9448228579133073e-05
4063,1.9447281172646488e-05
4064,1.9446330918215786e-05
4065,1.9445385405547643e-05
4066,1.9444435151227947e-05
4067,1.944348963855981e-05
4068,1.944253174779309e-05
4069,1.944157672773006e-05
4070,1.9440630268707793e-05
4071,1.9439680014277077e-05
4072,1.943873450160894e-05
4073,1.9437787095122345e-05
4074,1.943684535887779e-05
4075,1.9435900791675554e-05
4076,1.94349486338785e-05
4077,1.943399552306602e-05
4078,1.943304336526895e-05
4079,1.943209120747191e-05
4080,1.943113904967487e-05
4081,1.9430186891877823e-05
4082,1.942923568620802e-05
4083,1.9428286382128252e-05
4084,1.9427338027178096e-05
4085,1.9426383007226117e-05
4086,1.942543370303527e-05
4087,1.9424482497476522e-05
4088,1.9423529386552997e-05
4089,1.9422576275629492e-05
4090,1.9421617425963156e-05
4091,1.9420664315150673e-05
4092,1.941971120422716e-05
4093,1.9418758093303633e-05
4094,1.9417804982380108e-05
4095,1.941685377682135e-05
4096,1.9415905421982248e-05
4097,1.9414944651741095e-05
4098,1.9413988675776046e-05
4099,1.941303556485253e-05
4100,1.9412089105719246e-05
4101,1.9411131214952513e-05
4102,1.941017810402902e-05
4103,1.940922403909085e-05
4104,1.9408274734900046e-05
4105,1.9407317802033752e-05
4106,1.940636469111023e-05
4107,1.9405413485551484e-05
4108,1.9404459420613317e-05
4109,1.940348314655172e-05
4110,1.9402506872601144e-05
4111,1.9401530598650574e-05
4112,1.9400554324588988e-05
4113,1.939957805063841e-05
4114,1.9398618241184287e-05
4115,1.9397652652686236e-05
4116,1.9396688994421915e-05
4117,1.9395732061555662e-05
4118,1.9394785602422353e-05
4119,1.9393827711655647e-05
4120,1.93928717356906e-05
4121,1.93919214812599e-05
4122,1.9390974074773297e-05
4123,1.9390026668175673e-05
4124,1.9389071648223694e-05
4125,1.9388113757456974e-05
4126,1.938715778149193e-05
4127,1.938620752706121e-05
4128,1.9385251551096158e-05
4129,1.9384297486158e-05
4130,1.938334055329173e-05
4131,1.9382391249100916e-05
4132,1.9381429517184575e-05
4133,1.9380479262753873e-05
4134,1.9379525197815707e-05
4135,1.9378573040018648e-05
4136,1.937759676595706e-05
4137,1.9376620492006516e-05
4138,1.937565296938893e-05
4139,1.9374695078622214e-05
4140,1.937373814575594e-05
4141,1.9372781212889663e-05
4142,1.9371824280023372e-05
4143,1.937086734704609e-05
4144,1.9369916141487295e-05
4145,1.9368963983690247e-05
4146,1.9368006092923534e-05
4147,1.9367059633790266e-05
4148,1.9366117897545707e-05
4149,1.9365169542706627e-05
4150,1.9364223083573322e-05
4151,1.9363277570905165e-05
4152,1.9362333948391698e-05
4153,1.9361384644200896e-05
4154,1.9360439131532736e-05
4155,1.9359498336979364e-05
4156,1.935855093049278e-05
4157,1.935760825155785e-05
4158,1.935666179242457e-05
4159,1.9355711537993852e-05
4160,1.9354754605127572e-05
4161,1.9353797672261308e-05
4162,1.9352841696296246e-05
4163,1.9351885720331187e-05
4164,1.9350929744366127e-05
4165,1.9349974724414118e-05
4166,1.9349030157322915e-05
4167,1.934807704639941e-05
4168,1.9347127742208575e-05
4169,1.9346178438017774e-05
4170,1.934522818358709e-05
4171,1.9344272207622033e-05
4172,1.9343316231656957e-05
4173,1.9342358340890247e-05
4174,1.934140523007776e-05
4175,1.9340449254112713e-05
4176,1.9339495189063544e-05
4177,1.933853921309847e-05
4178,1.9337586102285975e-05
4179,1.9336629169308682e-05
4180,1.9335681762822084e-05
4181,1.933473340798298e-05
4182,1.9333779343044797e-05
4183,1.933282623212128e-05
4184,1.9331872167183142e-05
4185,1.9330922862992327e-05
4186,1.93299697520688e-05
4187,1.932901281920251e-05
4188,1.932806161353273e-05
4189,1.9327107548594582e-05
4190,1.932615634303579e-05
4191,1.9325204185238743e-05
4192,1.9324247252261444e-05
4193,1.9323286482131333e-05
4194,1.9322310208069754e-05
4195,1.9321333934119174e-05
4196,1.9320357660168597e-05
4197,1.931938138610701e-05
4198,1.931844247227144e-05
4199,1.9317492217840747e-05
4200,1.9316525662782514e-05
4201,1.9315556202270673e-05
4202,1.9314605947839975e-05
4203,1.931365569340927e-05
4204,1.9312711126318066e-05
4205,1.9311746503380977e-05
4206,1.9310780914882926e-05
4207,1.930982302411621e-05
4208,1.930885743561817e-05
4209,1.930790050264085e-05
4210,1.9306943569774568e-05
4211,1.9305986636908304e-05
4212,1.9305029704042024e-05
4213,1.9304069894587886e-05
4214,1.9303117736790825e-05
4215,1.9302165578993797e-05
4216,1.9301221011902583e-05
4217,1.930027644470035e-05
4218,1.9299325239141587e-05
4219,1.9298357716524e-05
4220,1.929739598460767e-05
4221,1.9296440964544623e-05
4222,1.929549734203117e-05
4223,1.9294544231107644e-05
4224,1.929359682462107e-05
4225,1.9292649418134453e-05
4226,1.929169916370375e-05
4227,1.9290754596612555e-05
4228,1.9289809083944385e-05
4229,1.9288863571276224e-05
4230,1.9287906638409947e-05
4231,1.928695161834691e-05
4232,1.9285995642492892e-05
4233,1.9285044436823093e-05
4234,1.9284090371884936e-05
4235,1.92831343959199e-05
4236,1.9282185091729076e-05
4237,1.9281235787538278e-05
4238,1.9280286483347453e-05
4239,1.9279332418409276e-05
4240,1.9278375485543e-05
4241,1.927741855267673e-05
4242,1.9276442278615142e-05
4243,1.927546600466455e-05
4244,1.9274489730714005e-05
4245,1.927351345665239e-05
4246,1.9272537182701846e-05
4247,1.9271560908751245e-05
4248,1.927058463468966e-05
4249,1.92696083607391e-05
4250,1.9268638900227234e-05
4251,1.9267675241962947e-05
4252,1.9266732563028032e-05
4253,1.926578988409311e-05
4254,1.926483295111579e-05
4255,1.926387984030331e-05
4256,1.92629324337057e-05
4257,1.9261981228146933e-05
4258,1.9261024295280662e-05
4259,1.9260066404402924e-05
4260,1.925911424660587e-05
4261,1.925816399228619e-05
4262,1.9257210881362667e-05
4263,1.9256244326304468e-05
4264,1.925529502211365e-05
4265,1.9254345717922852e-05
4266,1.9253394512364085e-05
4267,1.9252446157413946e-05
4268,1.9251488266647243e-05
4269,1.925051199269667e-05
4270,1.9249535718746092e-05
4271,1.9248569163576857e-05
4272,1.924760357507881e-05
4273,1.9246637020020604e-05
4274,1.924567143152255e-05
4275,1.924471162206841e-05
4276,1.9243747963804112e-05
4277,1.924278430553981e-05
4278,1.9241816782922246e-05
4279,1.9240865577363473e-05
4280,1.9239913419566424e-05
4281,1.923896411537564e-05
4282,1.923800334513449e-05
4283,1.92370530907038e-05
4284,1.9236101885145018e-05
4285,1.923515163071433e-05
4286,1.923419278104797e-05
4287,1.923323201080683e-05
4288,1.9232272201352707e-05
4289,1.9231314310586014e-05
4290,1.9230361199662465e-05
4291,1.9229403308895766e-05
4292,1.9228443499441645e-05
4293,1.922747887661557e-05
4294,1.9226514253678505e-05
4295,1.922554963074143e-05
4296,1.9224585007804312e-05
4297,1.9223631896880817e-05
4298,1.922268164245012e-05
4299,1.9221706344829683e-05
4300,1.92207310470982e-05
4301,1.9219766424161105e-05
4302,1.9218816169730424e-05
4303,1.921786591529974e-05
4304,1.9216915660869014e-05
4305,1.92159625499455e-05
4306,1.9215009439133006e-05
4307,1.9214056328209505e-05
4308,1.921310607377881e-05
4309,1.921215581934808e-05
4310,1.9211205564917393e-05
4311,1.9210251499979236e-05
4312,1.920929743504107e-05
4313,1.9208343369991897e-05
4314,1.9207368072371445e-05
4315,1.920639277463998e-05
4316,1.920541747690851e-05
4317,1.9204442179177047e-05
4318,1.9203466881445575e-05
4319,1.920251757725476e-05
4320,1.920156827317498e-05
4321,1.9200618018744287e-05
4322,1.9199663953806113e-05
4323,1.9198688656074648e-05
4324,1.919771335834319e-05
4325,1.9196738060611722e-05
4326,1.9195762762880264e-05
4327,1.9194801030963924e-05
4328,1.9193840260722787e-05
4329,1.9192890956531996e-05
4330,1.9191940702212293e-05
4331,1.919099139802149e-05
4332,1.9190042093830697e-05
4333,1.918909088816091e-05
4334,1.9188139682602148e-05
4335,1.9187191327652e-05
4336,1.9186242023572227e-05
4337,1.9185290817902417e-05
4338,1.9184342463063348e-05
4339,1.9183392208632626e-05
4340,1.9182441954201944e-05
4341,1.918147733126485e-05
4342,1.9180521355299782e-05
4343,1.9179575842631646e-05
4344,1.917862843614503e-05
4345,1.9177681977122763e-05
4346,1.917673457052516e-05
4347,1.917578621568606e-05
4348,1.9174840703017886e-05
4349,1.917389519046075e-05
4350,1.9172946835510643e-05
4351,1.9171996581079948e-05
4352,1.9171046326649246e-05
4353,1.9170097971810123e-05
4354,1.9169146766251366e-05
4355,1.9168195560581563e-05
4356,1.9167244354911788e-05
4357,1.9166297895889535e-05
4358,1.9165347641458833e-05
4359,1.916439738702812e-05
4360,1.9163447132597433e-05
4361,1.916249687816675e-05
4362,1.9161546623736047e-05
4363,1.9160600164602745e-05
4364,1.915965370558047e-05
4365,1.9158695814702736e-05
4366,1.91577417497646e-05
4367,1.9156793394925503e-05
4368,1.9155845040086383e-05
4369,1.9154869742354905e-05
4370,1.9153894444623447e-05
4371,1.9152919146891996e-05
4372,1.91519545239549e-05
4373,1.9150991829364198e-05
4374,1.9150030097447874e-05
4375,1.914906836553153e-05
4376,1.9148096963128587e-05
4377,1.914715334050411e-05
4378,1.9146204985664977e-05
4379,1.914525852653172e-05
4380,1.9144309222451933e-05
4381,1.914336276331861e-05
4382,1.9142415356832035e-05
4383,1.9141467001881896e-05
4384,1.9140520542859654e-05
4385,1.9139573136373038e-05
4386,1.9138623832182237e-05
4387,1.9137674527991435e-05
4388,1.9136725223800614e-05
4389,1.9135778764667325e-05
4390,1.9134831358180723e-05
4391,1.9133883003341616e-05
4392,1.913293464850252e-05
4393,1.913195935077104e-05
4394,1.9130984053039594e-05
4395,1.913001943010252e-05
4396,1.9129071075263407e-05
4397,1.9128123668776812e-05
4398,1.9127175313937716e-05
4399,1.912622980126955e-05
4400,1.912528617864505e-05
4401,1.91243349730863e-05
4402,1.912338946041814e-05
4403,1.912244394774999e-05
4404,1.9121494643559157e-05
4405,1.9120544389239505e-05
4406,1.9119594134808806e-05
4407,1.911864483061798e-05
4408,1.9117698371484686e-05
4409,1.911674621368765e-05
4410,1.9115796909496816e-05
4411,1.911485045047456e-05
4412,1.9113897339551045e-05
4413,1.911293656930991e-05
4414,1.911198821447081e-05
4415,1.9111032238505736e-05
4416,1.911008672583759e-05
4417,1.9109133614914068e-05
4418,1.9108182409355298e-05
4419,1.9107232154924593e-05
4420,1.910627617895954e-05
4421,1.9105327824120457e-05
4422,1.910437471319692e-05
4423,1.9103420648258755e-05
4424,1.9102472293419666e-05
4425,1.910152393846952e-05
4426,1.9100575583630427e-05
4427,1.909962722879132e-05
4428,1.9098667419337176e-05
4429,1.9097692121605715e-05
4430,1.9096716823874274e-05
4431,1.9095741526253808e-05
4432,1.9094766228522366e-05
4433,1.9093799673464157e-05
4434,1.9092835050527064e-05
4435,1.9091867527909485e-05
4436,1.9090910595043208e-05
4437,1.9089945006545147e-05
4438,1.9088989030580098e-05
4439,1.908803305461503e-05
4440,1.908707707864998e-05
4441,1.908612110268494e-05
4442,1.9085172747845807e-05
4443,1.9084228180754608e-05
4444,1.9083258720131734e-05
4445,1.908230465519356e-05
4446,1.9081358196060275e-05
4447,1.9080411737038006e-05
4448,1.9079465277904727e-05
4449,1.9078518818771425e-05
4450,1.9077576139836503e-05
4451,1.9076620163871457e-05
4452,1.907567654135801e-05
4453,1.907472628692729e-05
4454,1.907377982779402e-05
4455,1.907283147295492e-05
4456,1.907188311811582e-05
4457,1.907093096031874e-05
4458,1.9069980705888063e-05
4459,1.9069031401697235e-05
4460,1.906808304685813e-05
4461,1.9067141310613597e-05
4462,1.9066200516060224e-05
4463,1.9065252161221138e-05
4464,1.9064306648552975e-05
4465,1.906335924206637e-05
4466,1.9062409937875557e-05
4467,1.9061453961910512e-05
4468,1.9060497985945446e-05
4469,1.9059546780275667e-05
4470,1.905859176032365e-05
4471,1.905764055465388e-05
4472,1.9056686489715715e-05
4473,1.90557381348766e-05
4474,1.9054794512363145e-05
4475,1.9053846157413016e-05
4476,1.905289685333323e-05
4477,1.905194754914242e-05
4478,1.905098869947607e-05
4479,1.905003654167901e-05
4480,1.9049079608812743e-05
4481,1.9048118838571617e-05
4482,1.9047159989016304e-05
4483,1.904620687809276e-05
4484,1.9045255672423003e-05
4485,1.9044307317583903e-05
4486,1.904335896274478e-05
4487,1.9042407757074997e-05
4488,1.904144698683385e-05
4489,1.9040498631994768e-05
4490,1.9039546474197693e-05
4491,1.9038596219767e-05
4492,1.90376478649279e-05
4493,1.903669093206162e-05
4494,1.9035736867123467e-05
4495,1.9034788512173332e-05
4496,1.903384015733424e-05
4497,1.9032891802495112e-05
4498,1.9031943447656033e-05
4499,1.9030992241986226e-05
4500,1.903004388714712e-05
4501,1.9029092681477358e-05
4502,1.9028143377397548e-05
4503,1.9027189312348366e-05
4504,1.9026232379482085e-05
4505,1.902525708175062e-05
4506,1.9024281784019142e-05
4507,1.9023306486398717e-05
4508,1.9022331188667242e-05
4509,1.902138756604277e-05
4510,1.9020424871452054e-05
4511,1.9019469851500062e-05
4512,1.9018512918522755e-05
4513,1.9017560760836706e-05
4514,1.9016617138212223e-05
4515,1.9015665932542434e-05
4516,1.901470227427816e-05
4517,1.9013761479724764e-05
4518,1.9012814073238192e-05
4519,1.9011873278684803e-05
4520,1.9010925872198214e-05
4521,1.9009978465711612e-05
4522,1.9009031059225013e-05
4523,1.9008083652738428e-05
4524,1.9007129587689225e-05
4525,1.9006185965175775e-05
4526,1.9005242342662317e-05
4527,1.9004298720037848e-05
4528,1.900334846560715e-05
4529,1.9002393445655134e-05
4530,1.9001426890596914e-05
4531,1.9000459367979356e-05
4532,1.8999513855311175e-05
4533,1.8998566448824573e-05
4534,1.8997619989691284e-05
4535,1.8996670685611495e-05
4536,1.8995714709646443e-05
4537,1.8994763503976654e-05
4538,1.8993812298306878e-05
4539,1.899285632245283e-05
4540,1.8991907967502726e-05
4541,1.8990951991537677e-05
4542,1.8990000785978893e-05
4543,1.898904767505538e-05
4544,1.89880907421891e-05
4545,1.8987137631265596e-05
4546,1.898617686102444e-05
4547,1.8985217051570312e-05
4548,1.8984241753949873e-05
4549,1.8983273262773718e-05
4550,1.898230863994767e-05
4551,1.8981345945245933e-05
4552,1.8980396641055125e-05
4553,1.8979441621103096e-05
4554,1.897848564513803e-05
4555,1.8977529669172988e-05
4556,1.897657369320793e-05
4557,1.897561771724289e-05
4558,1.8974666511684126e-05
4559,1.8973719105197507e-05
4560,1.8972771698599913e-05
4561,1.8971824292113287e-05
4562,1.89708577370551e-05
4563,1.8969896966813955e-05
4564,1.8968951454256797e-05
4565,1.8968005941588647e-05
4566,1.8967036481076765e-05
4567,1.89660928584523e-05
4568,1.8965139747528774e-05
4569,1.8964184727576775e-05
4570,1.8963232569779733e-05
4571,1.8962288947266263e-05
4572,1.8961335836342748e-05
4573,1.896039221382929e-05
4574,1.895943910290576e-05
4575,1.8958495480281272e-05
4576,1.8957542369468773e-05
4577,1.8956602515718398e-05
4578,1.8955660779473856e-05
4579,1.8954721865527265e-05
4580,1.8953771611096564e-05
4581,1.8952826098539433e-05
4582,1.8951880585871276e-05
4583,1.895092556580825e-05
4584,1.8949973408122215e-05
4585,1.894902125032515e-05
4586,1.8948069092528108e-05
4587,1.8947116934731053e-05
4588,1.8946161914779064e-05
4589,1.8945209756982006e-05
4590,1.8944252824004676e-05
4591,1.8943299713192186e-05
4592,1.894234278032591e-05
4593,1.8941389669402384e-05
4594,1.894044226291581e-05
4595,1.8939491057246016e-05
4596,1.8938539851576237e-05
4597,1.8937588646017474e-05
4598,1.8936637440347678e-05
4599,1.8935690033861082e-05
4600,1.89347388281913e-05
4601,1.8933789524000485e-05
4602,1.893283641318798e-05
4603,1.89318823481388e-05
4604,1.89309225387957e-05
4605,1.892997418384555e-05
4606,1.8929018207880507e-05
4607,1.892804291026008e-05
4608,1.892706761252859e-05
4609,1.892609231479713e-05
4610,1.892511701706567e-05
4611,1.8924141719334212e-05
4612,1.8923179987417875e-05
4613,1.8922215364480792e-05
4614,1.8921250741543706e-05
4615,1.8920287083279426e-05
4616,1.891931762276754e-05
4617,1.8918353964503247e-05
4618,1.891739030612793e-05
4619,1.8916430496673814e-05
4620,1.8915479291115027e-05
4621,1.8914517559198707e-05
4622,1.8913560626221394e-05
4623,1.8912594071163178e-05
4624,1.89116361803965e-05
4625,1.891068116044447e-05
4626,1.890971750218018e-05
4627,1.8908761526215123e-05
4628,1.8907810320545344e-05
4629,1.8906858162748282e-05
4630,1.8905905051824774e-05
4631,1.8904952894027702e-05
4632,1.8903996918173672e-05
4633,1.89030322952366e-05
4634,1.890208394028646e-05
4635,1.8901131782600455e-05
4636,1.8900175806635375e-05
4637,1.8899216956969073e-05
4638,1.8898269550482457e-05
4639,1.8897319296051745e-05
4640,1.88963633200867e-05
4641,1.8895411162289672e-05
4642,1.8894453271522952e-05
4643,1.889347894912241e-05
4644,1.8892514326185318e-05
4645,1.8891556435418618e-05
4646,1.889058211301808e-05
4647,1.8889632808827276e-05
4648,1.8888658486426725e-05
4649,1.8887684164026204e-05
4650,1.8886732006229135e-05
4651,1.8885779848432097e-05
4652,1.8884826737508575e-05
4653,1.888387362658505e-05
4654,1.8882920515772547e-05
4655,1.8881971211581746e-05
4656,1.8881021907390935e-05
4657,1.8880072603200123e-05
4658,1.887911662723508e-05
4659,1.8878160651270022e-05
4660,1.8877204675304953e-05
4661,1.8876230352904435e-05
4662,1.8875256030503877e-05
4663,1.887428170810335e-05
4664,1.8873307385702812e-05
4665,1.8872333063302258e-05
4666,1.887136844036518e-05
4667,1.8870415329441673e-05
4668,1.8869462218518165e-05
4669,1.8868510060721107e-05
4670,1.8867556949908597e-05
4671,1.8866603838985085e-05
4672,1.8865647863020026e-05
4673,1.8864673540619485e-05
4674,1.8863699218218948e-05
4675,1.8862738447977815e-05
4676,1.8861785337054286e-05
4677,1.8860832226130775e-05
4678,1.8859879115318282e-05
4679,1.8858931708831673e-05
4680,1.8857980503161894e-05
4681,1.8857029297492125e-05
4682,1.8856078091933345e-05
4683,1.8855126886263566e-05
4684,1.8854175680593777e-05
4685,1.8853224475035016e-05
4686,1.885227326936523e-05
4687,1.8851322063806467e-05
4688,1.8850368952882956e-05
4689,1.884942154639635e-05
4690,1.884846938859929e-05
4691,1.8847517230802257e-05
4692,1.8846560297935952e-05
4693,1.884561004350526e-05
4694,1.8844660739314446e-05
4695,1.8843707628390924e-05
4696,1.8842757373960246e-05
4697,1.8841807119529555e-05
4698,1.8840859713042942e-05
4699,1.8839912306556333e-05
4700,1.8838962052125655e-05
4701,1.8838015592992346e-05
4702,1.8837062482068838e-05
4703,1.883611696951172e-05
4704,1.883517145684355e-05
4705,1.883421452397728e-05
4706,1.883326141305373e-05
4707,1.8832308302130216e-05
4708,1.8831355191206698e-05
4709,1.8830402080394225e-05
4710,1.8829443230727896e-05
4711,1.8828468908327348e-05
4712,1.882749458592682e-05
4713,1.882653285389945e-05
4714,1.8825571121983148e-05
4715,1.8824612272316805e-05
4716,1.8823654381550106e-05
4717,1.882268200681382e-05
4718,1.8821715451755594e-05
4719,1.8820768992622292e-05
4720,1.8819818738302612e-05
4721,1.881886753263285e-05
4722,1.881791822844204e-05
4723,1.8816963208490033e-05
4724,1.8816015802003427e-05
4725,1.881507123480118e-05
4726,1.881412477577892e-05
4727,1.8813174521348224e-05
4728,1.8812230898723737e-05
4729,1.8811285386055587e-05
4730,1.881034081896438e-05
4731,1.8809396251873167e-05
4732,1.880845168467095e-05
4733,1.880750711757972e-05
4734,1.8806562550488518e-05
4735,1.8805609439564986e-05
4736,1.8804635117164445e-05
4737,1.880366856210624e-05
4738,1.8802729648159645e-05
4739,1.8801785081068438e-05
4740,1.880083862193516e-05
4741,1.8799894054843933e-05
4742,1.8798945700004847e-05
4743,1.8798002077380364e-05
4744,1.8797052773189535e-05
4745,1.8796107260632414e-05
4746,1.8795162693430165e-05
4747,1.8794213389350403e-05
4748,1.8793263134919677e-05
4749,1.879231288048901e-05
4750,1.8791366421355714e-05
4751,1.8790420908687547e-05
4752,1.8789470654256832e-05
4753,1.8788525141588672e-05
4754,1.8787578682566402e-05
4755,1.878663032772732e-05
4756,1.8785681023536515e-05
4757,1.8784726003473463e-05
4758,1.8783776699393677e-05
4759,1.8782827395202866e-05
4760,1.8781878091012064e-05
4761,1.8780928786821246e-05
4762,1.8779983274153093e-05
4763,1.877903586766649e-05
4764,1.8778091300575284e-05
4765,1.8777139142778232e-05
4766,1.877618125201154e-05
4767,1.8775206929610974e-05
4768,1.8774232607210464e-05
4769,1.8773258284698904e-05
4770,1.877228396229835e-05
4771,1.8771309639897822e-05
4772,1.8770335317497267e-05
4773,1.8769365856985413e-05
4774,1.8768400268487365e-05
4775,1.8767446203549185e-05
4776,1.876648061505115e-05
4777,1.876553226010104e-05
4778,1.8764583905261905e-05
4779,1.876363555042282e-05
4780,1.8762687195583726e-05
4781,1.8761744516648814e-05
4782,1.8760801837713905e-05
4783,1.8759852533523097e-05
4784,1.8758897513460035e-05
4785,1.875795010697346e-05
4786,1.8756996996049918e-05
4787,1.8756043885237436e-05
4788,1.8755087909272387e-05
4789,1.8754135751475335e-05
4790,1.8753180731523322e-05
4791,1.875220640901177e-05
4792,1.8751232086611242e-05
4793,1.8750257764210674e-05
4794,1.8749298914655384e-05
4795,1.874833525628006e-05
4796,1.8747381191341908e-05
4797,1.874643756882842e-05
4798,1.8745491109695155e-05
4799,1.8744551255944764e-05
4800,1.874360668885354e-05
4801,1.874265357793003e-05
4802,1.8741703323499333e-05
4803,1.8740757810831194e-05
4804,1.873981513189626e-05
4805,1.8738867725409686e-05
4806,1.8737924102896198e-05
4807,1.8736972897226416e-05
4808,1.8736019786302887e-05
4809,1.873506381033783e-05
4810,1.873410974539969e-05
4811,1.8733159490968984e-05
4812,1.8732211136129897e-05
4813,1.8731261831939076e-05
4814,1.8730310626269273e-05
4815,1.8729359420710533e-05
4816,1.872841011651971e-05
4817,1.872745795872265e-05
4818,1.8726501982757604e-05
4819,1.872554600679254e-05
4820,1.8724591941854385e-05
4821,1.8723635965889326e-05
4822,1.872268855940272e-05
4823,1.8721741152916135e-05
4824,1.8720785176951082e-05
4825,1.8719834922520384e-05
4826,1.8718883716850612e-05
4827,1.8717932511291838e-05
4828,1.8716979400368303e-05
4829,1.8716028194698544e-05
4830,1.871507508377501e-05
4831,1.8714100761374465e-05
4832,1.8713126438973927e-05
4833,1.8712152116573396e-05
4834,1.8711177794172865e-05
4835,1.8710203471772334e-05
4836,1.8709229149371804e-05
4837,1.870827029970546e-05
4838,1.8707304711207403e-05
4839,1.8706341052943106e-05
4840,1.870537932091575e-05
4841,1.8704417588999427e-05
4842,1.8703452966062344e-05
4843,1.8702498901124184e-05
4844,1.870154292515913e-05
4845,1.8700591719489356e-05
4846,1.869964526046709e-05
4847,1.869869500603637e-05
4848,1.8697748546903106e-05
4849,1.869680208776979e-05
4850,1.8695855628747548e-05
4851,1.8694901563698365e-05
4852,1.8693948452885842e-05
4853,1.8693005773950947e-05
4854,1.869206309501603e-05
4855,1.869110232477489e-05
4856,1.8690159645839994e-05
4857,1.8689199836385832e-05
4858,1.86882381044695e-05
4859,1.8687282128504457e-05
4860,1.86863165400064e-05
4861,1.8685369133408808e-05
4862,1.8684422674386535e-05
4863,1.868347716171837e-05
4864,1.8682532594627155e-05
4865,1.8681584239677043e-05
4866,1.868062921972503e-05
4867,1.8679678965294322e-05
4868,1.8678727759735572e-05
4869,1.8677777505304843e-05
4870,1.8676828201114065e-05
4871,1.8675873181162046e-05
4872,1.8674920070238538e-05
4873,1.8673967912441476e-05
4874,1.8672993590040915e-05
4875,1.8672050911106016e-05
4876,1.867110255626693e-05
4877,1.867013793332982e-05
4878,1.8669189578379705e-05
4879,1.8668241223540615e-05
4880,1.866728715860243e-05
4881,1.8666341645934288e-05
4882,1.866539613326612e-05
4883,1.8664444927707358e-05
4884,1.866349657286824e-05
4885,1.866254821791813e-05
4886,1.866159986307904e-05
4887,1.8660651508239936e-05
4888,1.8659708829305007e-05
4889,1.8658745171040704e-05
4890,1.8657798711907435e-05
4891,1.8656852252774137e-05
4892,1.865591145822076e-05
4893,1.8654964999198508e-05
4894,1.8654018540065213e-05
4895,1.8653075861130314e-05
4896,1.8652113166428567e-05
4897,1.8651150471837852e-05
4898,1.865018777724713e-05
4899,1.8649225082545417e-05
4900,1.864827862341211e-05
4901,1.864731206835392e-05
4902,1.8646344545847352e-05
4903,1.8645403751293986e-05
4904,1.8644451593496914e-05
4905,1.8643507970983467e-05
4906,1.8642554860059942e-05
4907,1.8641599840107926e-05
4908,1.86406476823109e-05
4909,1.863970027582429e-05
4910,1.863874525576125e-05
4911,1.8637793097964213e-05
4912,1.8636849475450752e-05
4913,1.8635903016317463e-05
4914,1.863495276188674e-05
4915,1.8633997741934736e-05
4916,1.8633045584137687e-05
4917,1.86320905641857e-05
4918,1.8631138406388633e-05
4919,1.8630187200718847e-05
4920,1.8629232180766848e-05
4921,1.8628289501831943e-05
4922,1.8627346822897007e-05
4923,1.8626394665099955e-05
4924,1.862545198616504e-05
4925,1.8624509307230135e-05
4926,1.8623558101560342e-05
4927,1.8622606896001582e-05
4928,1.862165569033182e-05
4929,1.862070448466201e-05
4930,1.861975518058222e-05
4931,1.8618799204617166e-05
4932,1.8617842271639866e-05
4933,1.8616884380873163e-05
4934,1.8615934126442465e-05
4935,1.8614987667420205e-05
4936,1.861404026082259e-05
4937,1.8613090006502905e-05
4938,1.861213594145374e-05
4939,1.8611181876515552e-05
4940,1.8610227811577406e-05
4941,1.8609280405090814e-05
4942,1.860832634004161e-05
4943,1.8607378933555032e-05
4944,1.860642295758996e-05
4945,1.860547079979291e-05
4946,1.8604522444953822e-05
4947,1.8603562635499678e-05
4948,1.8602608570561494e-05
4949,1.8601652594596462e-05
4950,1.8600695661730158e-05
4951,1.8599721339329637e-05
4952,1.8598747016929103e-05
4953,1.8597772694528548e-05
4954,1.859679837201701e-05
4955,1.8595824049616474e-05
4956,1.8594859426679388e-05
4957,1.8593894803853314e-05
4958,1.859293403361216e-05
4959,1.85919665109946e-05
4960,1.8590998988488032e-05
4961,1.8590034365550963e-05
4962,1.8589069742613876e-05
4963,1.8588105119676787e-05
4964,1.8587143387760456e-05
4965,1.8586193133329758e-05
4966,1.8585236200463498e-05
4967,1.8584269645405268e-05
4968,1.858330791337793e-05
4969,1.8582353848439766e-05
4970,1.858141116950486e-05
4971,1.858045710456668e-05
4972,1.8579496334325544e-05
4973,1.857853844355882e-05
4974,1.857758151069254e-05
4975,1.8576617852428253e-05
4976,1.857565708218711e-05
4977,1.857470587651732e-05
4978,1.857374702685098e-05
4979,1.8572788177295695e-05
4980,1.8571829327629356e-05
4981,1.8570870477963013e-05
4982,1.856991545801101e-05
4983,1.856895179974672e-05
4984,1.8567997734808547e-05
4985,1.8567051275675258e-05
4986,1.85660952997102e-05
4987,1.8565135490256075e-05
4988,1.8564184284697308e-05
4989,1.856323498050651e-05
4990,1.8562287574019884e-05
4991,1.85613306410426e-05
4992,1.8560383234556003e-05
4993,1.8559434879716903e-05
4994,1.8558480814778726e-05
4995,1.8557526749729534e-05
4996,1.855657554417077e-05
4997,1.855562528974007e-05
4998,1.8554650967339558e-05
4999,1.8553676644939024e-05
5000,1.8552713950237263e-05
5001,1.8551740602168458e-05
5002,1.855078939649867e-05
5003,1.8549839142067998e-05
5004,1.8548887936509228e-05
5005,1.8547937682078536e-05
5006,1.8546987427647807e-05
5007,1.854603622197802e-05
5008,1.8545079289111768e-05
5009,1.854412998492094e-05
5010,1.854318352589867e-05
5011,1.8542232320228908e-05
5012,1.854128491374229e-05
5013,1.8540326064075973e-05
5014,1.8539352716007158e-05
5015,1.853839194576601e-05
5016,1.8537431175524862e-05
5017,1.8536478064712366e-05
5018,1.853550471653253e-05
5019,1.8534551605720057e-05
5020,1.8533598494796515e-05
5021,1.8532645383873003e-05
5022,1.8531695129442305e-05
5023,1.853074487501162e-05
5024,1.85297715269428e-05
5025,1.8528798178873984e-05
5026,1.852782483080518e-05
5027,1.852686309877782e-05
5028,1.85259013668615e-05
5029,1.8524939634945187e-05
5030,1.8523988429275388e-05
5031,1.8523037223716628e-05
5032,1.8522086018046842e-05
5033,1.8521134812377042e-05
5034,1.8520181701564567e-05
5035,1.8519228590641045e-05
5036,1.8518278336210347e-05
5037,1.8517304988141525e-05
5038,1.8516353782471746e-05
5039,1.8515402576912966e-05
5040,1.8514454221962847e-05
5041,1.8513505867123744e-05
5042,1.8512552756200226e-05
5043,1.851159964538772e-05
5044,1.85106512904376e-05
5045,1.8509700084878844e-05
5046,1.850874697395534e-05
5047,1.8507799567468737e-05
5048,1.850684740967169e-05
5049,1.8505897155240994e-05
5050,1.8504949748754395e-05
5051,1.8504002342267776e-05
5052,1.8503053038076964e-05
5053,1.8502102783646293e-05
5054,1.8501154428807176e-05
5055,1.8500202271010124e-05
5056,1.8499256758341964e-05
5057,1.8498306503911273e-05
5058,1.849733315584244e-05
5059,1.8496359807773637e-05
5060,1.8495396149398338e-05
5061,1.8494432491134044e-05
5062,1.849348128546425e-05
5063,1.849253007990548e-05
5064,1.8491566421530156e-05
5065,1.8490614263844123e-05
5066,1.8489664009413428e-05
5067,1.8488719442211206e-05
5068,1.8487768236652446e-05
5069,1.8486797805694608e-05
5070,1.8485848501503796e-05
5071,1.8484902042370514e-05
5072,1.8483956529702375e-05
5073,1.8483011962611168e-05
5074,1.8482064556124566e-05
5075,1.8481113350454773e-05
5076,1.8480164995615677e-05
5077,1.8479191647546866e-05
5078,1.8478218299367015e-05
5079,1.8477244951298204e-05
5080,1.84762716032294e-05
5081,1.8475298255160588e-05
5082,1.8474324907091763e-05
5083,1.8473351558911927e-05
5084,1.8472387900647664e-05
5085,1.8471426168731333e-05
5086,1.8470462510467026e-05
5087,1.846949885209171e-05
5088,1.846854478715354e-05
5089,1.8467588811188484e-05
5090,1.846664329852033e-05
5091,1.846569683949807e-05
5092,1.8464749432900454e-05
5093,1.8463801078061334e-05
5094,1.8462849872502587e-05
5095,1.846190341336927e-05
5096,1.8460957900701135e-05
5097,1.846001333360992e-05
5098,1.8459064029419093e-05
5099,1.8458117570285808e-05
5100,1.845717394777234e-05
5101,1.845622559293324e-05
5102,1.8455281025731035e-05
5103,1.8454337403217568e-05
5104,1.845339378059308e-05
5105,1.8452450158079607e-05
5106,1.8451506535455124e-05
5107,1.845055912896853e-05
5108,1.844960982477772e-05
5109,1.8448664312220576e-05
5110,1.844771974501834e-05
5111,1.84467761225049e-05
5112,1.844582491683512e-05
5113,1.8444879404166934e-05
5114,1.8443931997680352e-05
5115,1.8442984591193763e-05
5116,1.8442037184707154e-05
5117,1.8441089778220582e-05
5118,1.8440141423270436e-05
5119,1.843919116883973e-05
5120,1.8438238058027242e-05
5121,1.8437264709847422e-05
5122,1.843629136177859e-05
5123,1.84353180137098e-05
5124,1.8434344665640975e-05
5125,1.8433371317572177e-05
5126,1.8432397969392327e-05
5127,1.8431424621323522e-05
5128,1.8430459998386426e-05
5129,1.8429491507321316e-05
5130,1.842853265776602e-05
5131,1.842757188752486e-05
5132,1.8426614954658572e-05
5133,1.8425652259956862e-05
5134,1.8424689565366127e-05
5135,1.8423737407569092e-05
5136,1.8422790948435807e-05
5137,1.842184448930252e-05
5138,1.8420892331616482e-05
5139,1.841994776441424e-05
5140,1.8419000357927647e-05
5141,1.8418048200130602e-05
5142,1.841709604233354e-05
5143,1.8416143884536482e-05
5144,1.8415191726739447e-05
5145,1.8414233835972724e-05
5146,1.8413268247474687e-05
5147,1.841230362453759e-05
5148,1.8411350513725108e-05
5149,1.841038589078804e-05
5150,1.84094327798645e-05
5151,1.840847775991251e-05
5152,1.8407531300779215e-05
5153,1.840658956453468e-05
5154,1.8405637406737605e-05
5155,1.8404692839646422e-05
5156,1.8403745433048773e-05
5157,1.840280086595759e-05
5158,1.8401855353289413e-05
5159,1.8400905098858712e-05
5160,1.8399956744019632e-05
5161,1.8399006489588907e-05
5162,1.839805813474981e-05
5163,1.8397107880319133e-05
5164,1.8396159525480023e-05
5165,1.8395209271049304e-05
5166,1.8394260916210218e-05
5167,1.8393315403542054e-05
5168,1.839236514911134e-05
5169,1.8391410129159343e-05
5170,1.8390457971362312e-05
5171,1.8389500080595602e-05
5172,1.8388544104630516e-05
5173,1.838759385019983e-05
5174,1.8386642644530063e-05
5175,1.8385693340339224e-05
5176,1.8384747827782096e-05
5177,1.8383804205157613e-05
5178,1.8382859638066413e-05
5179,1.8381913178933128e-05
5180,1.8380963874742296e-05
5181,1.8380013620311595e-05
5182,1.837905477075631e-05
5183,1.83781045163256e-05
5184,1.83771542618949e-05
5185,1.8376202104097836e-05
5186,1.8375252799907025e-05
5187,1.837430254547634e-05
5188,1.8373350387679298e-05
5189,1.8372399182120538e-05
5190,1.837142583394068e-05
5191,1.8370452485871897e-05
5192,1.8369479137803072e-05
5193,1.836850578973426e-05
5194,1.836753244166544e-05
5195,1.836655909348561e-05
5196,1.836560120271891e-05
5197,1.8364637544454606e-05
5198,1.836367388619032e-05
5199,1.8362710227815004e-05
5200,1.8361753294948713e-05
5201,1.8360803040518025e-05
5202,1.8359848975579865e-05
5203,1.8358886280989126e-05
5204,1.8357937926039e-05
5205,1.83569790764837e-05
5206,1.8356018306242557e-05
5207,1.8355057536001404e-05
5208,1.835409676576026e-05
5209,1.8353135995630154e-05
5210,1.8352179062763874e-05
5211,1.835122785709408e-05
5212,1.8350274746170583e-05
5213,1.8349331123657112e-05
5214,1.8348384664523827e-05
5215,1.834744198558891e-05
5216,1.8346492681398107e-05
5217,1.83455414757283e-05
5218,1.83445987967934e-05
5219,1.83436542297022e-05
5220,1.83427030240324e-05
5221,1.8341729675963578e-05
5222,1.8340775611025428e-05
5223,1.8339823453228387e-05
5224,1.8338877940560216e-05
5225,1.8337922920608204e-05
5226,1.8336963111154056e-05
5227,1.8336007135189028e-05
5228,1.8335051159223972e-05
5229,1.8334095183258906e-05
5230,1.833313920729385e-05
5231,1.8332183231439803e-05
5232,1.8331228211376775e-05
5233,1.833028741693445e-05
5234,1.8329350379930904e-05
5235,1.8328409585377524e-05
5236,1.8327472548373982e-05
5237,1.832653175382058e-05
5238,1.832559471681705e-05
5239,1.832465767992452e-05
5240,1.8323720642920972e-05
5241,1.8322781728974384e-05
5242,1.8321839050039476e-05
5243,1.832088307407441e-05
5244,1.8319927098109368e-05
5245,1.8318968248554047e-05
5246,1.8318024625929557e-05
5247,1.831708100341611e-05
5248,1.831613926717156e-05
5249,1.8315196588236673e-05
5250,1.831425012910337e-05
5251,1.8313303669970086e-05
5252,1.831235910287888e-05
5253,1.8311410748039756e-05
5254,1.831046428890648e-05
5255,1.8309522552661932e-05
5256,1.8308576093528643e-05
5257,1.83076343572841e-05
5258,1.8306691678349196e-05
5259,1.8305742374158385e-05
5260,1.8304797807067175e-05
5261,1.8303857953316793e-05
5262,1.8302916217072265e-05
5263,1.8301965011402483e-05
5264,1.8301019498734295e-05
5265,1.830007114389519e-05
5266,1.8299124684761904e-05
5267,1.8298179172093743e-05
5268,1.8297229868013964e-05
5269,1.8296284355345787e-05
5270,1.8295335051155e-05
5271,1.8294382893357948e-05
5272,1.8293427873405925e-05
5273,1.8292471897440886e-05
5274,1.8291498549372072e-05
5275,1.8290550194532955e-05
5276,1.8289597083609433e-05
5277,1.8288637274155292e-05
5278,1.828769176148713e-05
5279,1.8286746248818982e-05
5280,1.8285800736261858e-05
5281,1.828485238131173e-05
5282,1.8283907814220512e-05
5283,1.8282954703296987e-05
5284,1.8282004448866282e-05
5285,1.8281059881775076e-05
5286,1.828010677085157e-05
5287,1.8279150794886525e-05
5288,1.8278199589327745e-05
5289,1.8277243613362696e-05
5290,1.8276289548313514e-05
5291,1.8275337390627477e-05
5292,1.8274364042447644e-05
5293,1.8273390694378846e-05
5294,1.827241734631003e-05
5295,1.8271443998241207e-05
5296,1.8270470650061377e-05
5297,1.8269497301992552e-05
5298,1.8268523953923768e-05
5299,1.82675784412556e-05
5300,1.8266629137064793e-05
5301,1.82656654788005e-05
5302,1.8264701820536175e-05
5303,1.82637371975991e-05
5304,1.826278789340829e-05
5305,1.826181940234318e-05
5306,1.8260860552787864e-05
5307,1.825989689441255e-05
5308,1.8258936124282418e-05
5309,1.825797246590709e-05
5310,1.825702411106801e-05
5311,1.825607004612985e-05
5312,1.825512169129072e-05
5313,1.8254172387099917e-05
5314,1.8253226874431754e-05
5315,1.8252296377085916e-05
5316,1.8251353698151017e-05
5317,1.825041196190648e-05
5318,1.8249452152452314e-05
5319,1.824849904152881e-05
5320,1.8247553528860646e-05
5321,1.824660801619248e-05
5322,1.8245651083326215e-05
5323,1.824469127387208e-05
5324,1.8243727615607785e-05
5325,1.8242766845366618e-05
5326,1.8241826050813276e-05
5327,1.8240868160046546e-05
5328,1.8239927365604196e-05
5329,1.823896947472647e-05
5330,1.8238011583959775e-05
5331,1.823705369319307e-05
5332,1.823609962825489e-05
5333,1.8235145563316745e-05
5334,1.8234187672550042e-05
5335,1.8233229781672313e-05
5336,1.8232269972329195e-05
5337,1.8231310162875054e-05
5338,1.8230350353420896e-05
5339,1.8229390543966766e-05
5340,1.822843361110049e-05
5341,1.822747763513545e-05
5342,1.822652165917037e-05
5343,1.8225560888929248e-05
5344,1.8224613482442645e-05
5345,1.8223667969774485e-05
5346,1.822272245710631e-05
5347,1.8221760725189988e-05
5348,1.8220805705237976e-05
5349,1.821985164029983e-05
5350,1.821890612763167e-05
5351,1.8217946318177538e-05
5352,1.8216987468511195e-05
5353,1.8216022845685145e-05
5354,1.8215057257076058e-05
5355,1.8214090702017856e-05
5356,1.821312800742713e-05
5357,1.821217394248897e-05
5358,1.821122273681919e-05
5359,1.8210268671881038e-05
5360,1.8209317466211246e-05
5361,1.8208367211780534e-05
5362,1.8207414100968038e-05
5363,1.8206449478030958e-05
5364,1.8205500173840147e-05
5365,1.820455086964934e-05
5366,1.820360061521863e-05
5367,1.8202651311027842e-05
5368,1.820169437816154e-05
5369,1.8200721030092723e-05
5370,1.819975640715566e-05
5371,1.8198786946643776e-05
5372,1.8197825214727466e-05
5373,1.8196863482811142e-05
5374,1.8195904633144796e-05
5375,1.8194943862903667e-05
5376,1.8193982130987313e-05
5377,1.8193023281320983e-05
5378,1.819207112352393e-05
5379,1.81911093916076e-05
5380,1.8190147659691295e-05
5381,1.8189185927774958e-05
5382,1.8188224195747622e-05
5383,1.8187266304980923e-05
5384,1.8186317000790087e-05
5385,1.8185363889977595e-05
5386,1.8184410779054083e-05
5387,1.8183450969599956e-05
5388,1.8182501665409127e-05
5389,1.8181549507612086e-05
5390,1.81805963967996e-05
5391,1.8179647092608758e-05
5392,1.8178673744539957e-05
5393,1.817770039636014e-05
5394,1.817672704829131e-05
5395,1.8175753700222498e-05
5396,1.817478035215371e-05
5397,1.8173807003973853e-05
5398,1.8172834629237564e-05
5399,1.8171862254501282e-05
5400,1.8170889879765013e-05
5401,1.8169937721967945e-05
5402,1.8168965347231656e-05
5403,1.81680141416729e-05
5404,1.8167061030749387e-05
5405,1.816610982507959e-05
5406,1.8165152892213307e-05
5407,1.816420263778261e-05
5408,1.8163252383351938e-05
5409,1.8162302128921236e-05
5410,1.8161351874490514e-05
5411,1.816039494162426e-05
5412,1.8159429353126193e-05
5413,1.8158480048935388e-05
5414,1.8157529794504693e-05
5415,1.815655741976841e-05
5416,1.815559183127037e-05
5417,1.8154626242772306e-05
5418,1.8153660654274262e-05
5419,1.815270944860446e-05
5420,1.8151761093765386e-05
5421,1.8150807982841868e-05
5422,1.8149854872029355e-05
5423,1.814890461759865e-05
5424,1.8147932242862368e-05
5425,1.81469598681261e-05
5426,1.8145997173424362e-05
5427,1.814502965080679e-05
5428,1.814406791889045e-05
5429,1.8143117664459755e-05
5430,1.8142145289723452e-05
5431,1.81411931319264e-05
5432,1.8140243827846618e-05
5433,1.813927145299933e-05
5434,1.8138309721082983e-05
5435,1.8137359466652292e-05
5436,1.813638709191602e-05
5437,1.8135414717179734e-05
5438,1.8134442342443452e-05
5439,1.8133490184646397e-05
5440,1.813253897908761e-05
5441,1.813158777341783e-05
5442,1.813063846922702e-05
5443,1.812968916503622e-05
5444,1.8128739860956422e-05
5445,1.8127790556765604e-05
5446,1.8126843150279e-05
5447,1.8125890992481953e-05
5448,1.812493883468491e-05
5449,1.8123989530494087e-05
5450,1.8123040226303292e-05
5451,1.8122067851567006e-05
5452,1.8121095476830718e-05
5453,1.812012310209442e-05
5454,1.81191632926403e-05
5455,1.8118205401873578e-05
5456,1.811725514744289e-05
5457,1.8116304893012175e-05
5458,1.8115356538173075e-05
5459,1.8114394806256755e-05
5460,1.8113449293588588e-05
5461,1.8112502834455323e-05
5462,1.811155353026451e-05
5463,1.8110606123777916e-05
5464,1.8109661556686706e-05
5465,1.810868918195041e-05
5466,1.8107724559013334e-05
5467,1.8106762827097e-05
5468,1.8105810669299952e-05
5469,1.810485851150289e-05
5470,1.8103906353705845e-05
5471,1.8102954195908804e-05
5472,1.8102009628817573e-05
5473,1.810106506161535e-05
5474,1.810012049452413e-05
5475,1.809917403539085e-05
5476,1.8098226628904274e-05
5477,1.8097254254167968e-05
5478,1.8096290595903685e-05
5479,1.809534697327919e-05
5480,1.8094401460611045e-05
5481,1.8093458781676123e-05
5482,1.8092511375189517e-05
5483,1.809156207099872e-05
5484,1.80906137161596e-05
5485,1.8089670093646135e-05
5486,1.8088720789455327e-05
5487,1.808777053502463e-05
5488,1.808682218018554e-05
5489,1.8085877612983307e-05
5490,1.8084929258144197e-05
5491,1.8083981851657598e-05
5492,1.8083038229033135e-05
5493,1.8082093661941925e-05
5494,1.808114530710282e-05
5495,1.8080199794434635e-05
5496,1.8079252387948053e-05
5497,1.8078304981461454e-05
5498,1.8077357574974848e-05
5499,1.8076410168377254e-05
5500,1.807543779364096e-05
5501,1.8074465418904666e-05
5502,1.8073493044168384e-05
5503,1.807252066943212e-05
5504,1.807154829469582e-05
5505,1.8070575919959534e-05
5506,1.8069603545223238e-05
5507,1.806863117048695e-05
5508,1.806765879575068e-05
5509,1.8066686421014385e-05
5510,1.806571404627811e-05
5511,1.8064750387902797e-05
5512,1.806379536795079e-05
5513,1.8062835558496637e-05
5514,1.806187286390593e-05
5515,1.8060914973139213e-05
5516,1.8059957082261504e-05
5517,1.805900397144898e-05
5518,1.8058050860525493e-05
5519,1.8057092969758777e-05
5520,1.805613507899205e-05
5521,1.8055177188114345e-05
5522,1.805421929734762e-05
5523,1.805325756543132e-05
5524,1.8052304454507794e-05
5525,1.8051344645053633e-05
5526,1.8050384835710524e-05
5527,1.80494250262564e-05
5528,1.804846521680225e-05
5529,1.8047514962371565e-05
5530,1.804654258763528e-05
5531,1.8045596128501994e-05
5532,1.804464777366288e-05
5533,1.8043697519232166e-05
5534,1.8042735787315862e-05
5535,1.8041775977861708e-05
5536,1.8040829518728423e-05
5537,1.803988589621498e-05
5538,1.803893943708168e-05
5539,1.803799108224257e-05
5540,1.8037044623109295e-05
5541,1.8036098163976007e-05
5542,1.803515359688478e-05
5543,1.8034206190398198e-05
5544,1.8033233815661916e-05
5545,1.8032261440925613e-05
5546,1.8031315928257466e-05
5547,1.8030372305632967e-05
5548,1.802942679307585e-05
5549,1.802848317045136e-05
5550,1.80275376577832e-05
5551,1.8026594035269745e-05
5552,1.802564852260159e-05
5553,1.802470490008811e-05
5554,1.8023759387419944e-05
5555,1.802281198093337e-05
5556,1.8021866468265192e-05
5557,1.8020920009131906e-05
5558,1.801997733019701e-05
5559,1.801903181752884e-05
5560,1.801808441104226e-05
5561,1.8017135106851444e-05
5562,1.8016185802771638e-05
5563,1.8015233644974607e-05
5564,1.8014284340783785e-05
5565,1.8013336934297193e-05
5566,1.801236455956089e-05
5567,1.801139218471358e-05
5568,1.8010419809977314e-05
5569,1.8009447435241008e-05
5570,1.800847506050473e-05
5571,1.8007502685768457e-05
5572,1.8006530311032165e-05
5573,1.8005557936295893e-05
5574,1.800458556155959e-05
5575,1.8003633403762546e-05
5576,1.800267838381053e-05
5577,1.8001713760873457e-05
5578,1.8000752028957137e-05
5579,1.799979605299208e-05
5580,1.799883239472777e-05
5581,1.7997883090536946e-05
5582,1.7996928070473928e-05
5583,1.7995978766394135e-05
5584,1.7995025655470627e-05
5585,1.7994065846016486e-05
5586,1.7993107955249793e-05
5587,1.799215865105897e-05
5588,1.7991200760292255e-05
5589,1.799024286952554e-05
5590,1.7989284978758853e-05
5591,1.7988329958695828e-05
5592,1.7987370149352706e-05
5593,1.7986419894922015e-05
5594,1.7985458162894645e-05
5595,1.798450600509761e-05
5596,1.798355384741157e-05
5597,1.7982593077170428e-05
5598,1.7981646618037132e-05
5599,1.7980700158903837e-05
5600,1.797975180406475e-05
5601,1.7978806291396587e-05
5602,1.7977851271444565e-05
5603,1.7976896251492562e-05
5604,1.7975942186554392e-05
5605,1.7974990028757354e-05
5606,1.7974037870960302e-05
5607,1.797308571316325e-05
5608,1.7972132602239732e-05
5609,1.797118614310643e-05
5610,1.7970236839026668e-05
5611,1.796928848407654e-05
5612,1.7968316109340247e-05
5613,1.7967343734603944e-05
5614,1.7966371359867686e-05
5615,1.7965398985131387e-05
5616,1.7964426610395098e-05
5617,1.7963463915804376e-05
5618,1.796250698282708e-05
5619,1.7961556728507407e-05
5620,1.7960598837629675e-05
5621,1.795964667983263e-05
5622,1.795870211274142e-05
5623,1.795775754565022e-05
5624,1.7956810139163608e-05
5625,1.795586462649546e-05
5626,1.795492852652014e-05
5627,1.7953979222329337e-05
5628,1.795303276319603e-05
5629,1.7952091026951486e-05
5630,1.7951152113115918e-05
5631,1.7950206600447758e-05
5632,1.794925348952426e-05
5633,1.7948303235093548e-05
5634,1.7947358668002338e-05
5635,1.794641598906742e-05
5636,1.7945468582580847e-05
5637,1.7944515471657305e-05
5638,1.7943569958989172e-05
5639,1.7942614939037153e-05
5640,1.794166847990387e-05
5641,1.7940722967346736e-05
5642,1.7939769856423218e-05
5643,1.7938827177488303e-05
5644,1.793788355486382e-05
5645,1.793693804230666e-05
5646,1.7935996305951094e-05
5647,1.7935041285999095e-05
5648,1.7934086266047082e-05
5649,1.793313124609509e-05
5650,1.793217908829802e-05
5651,1.7931229784107223e-05
5652,1.793028047991642e-05
5653,1.792933307342982e-05
5654,1.792837996250628e-05
5655,1.7927421112839952e-05
5656,1.7926466092887932e-05
5657,1.792550628343381e-05
5658,1.7924550307468753e-05
5659,1.7923599101909986e-05
5660,1.7922626727173697e-05
5661,1.7921654352437408e-05
5662,1.7920681977590114e-05
5663,1.7919716389092063e-05
5664,1.7918748866585496e-05
5665,1.791778327808746e-05
5666,1.791682154606011e-05
5667,1.791586938826307e-05
5668,1.791492765201851e-05
5669,1.7913985915773985e-05
5670,1.791304417952945e-05
5671,1.7912102443284887e-05
5672,1.7911160707040356e-05
5673,1.79102292782174e-05
5674,1.7909273302252324e-05
5675,1.7908330623317412e-05
5676,1.7907384164184127e-05
5677,1.7906445250348565e-05
5678,1.7905500683146322e-05
5679,1.7904539913016222e-05
5680,1.7903583937051156e-05
5681,1.7902622205134836e-05
5682,1.7901683291188252e-05
5683,1.790074437735267e-05
5684,1.789978168265094e-05
5685,1.7898839946406414e-05
5686,1.7897902909402862e-05
5687,1.7896945018636152e-05
5688,1.7895988085769855e-05
5689,1.7895031152903574e-05
5690,1.7894074220037317e-05
5691,1.7893117287060004e-05
5692,1.7892165129262936e-05
5693,1.78912233930184e-05
5694,1.7890275038179307e-05
5695,1.7889320018227288e-05
5696,1.7888360208773147e-05
5697,1.7887400399319027e-05
5698,1.788645394018575e-05
5699,1.7885511261250826e-05
5700,1.7884568582315917e-05
5701,1.788362590338099e-05
5702,1.788268322444607e-05
5703,1.78817443106105e-05
5704,1.7880783540369358e-05
5705,1.7879826607503094e-05
5706,1.7878872542564938e-05
5707,1.7877926083431646e-05
5708,1.787698151622941e-05
5709,1.78760369491382e-05
5710,1.7875076178897057e-05
5711,1.7874123068084554e-05
5712,1.787317755541641e-05
5713,1.7872231096283112e-05
5714,1.7871286529191895e-05
5715,1.7870341016523735e-05
5716,1.7869388858726684e-05
5717,1.786843096795998e-05
5718,1.7867487345335494e-05
5719,1.786653136948147e-05
5720,1.7865588690435537e-05
5721,1.786463367048353e-05
5722,1.78636786505315e-05
5723,1.7862723630579512e-05
5724,1.7861768610516484e-05
5725,1.786081071974977e-05
5726,1.7859846096812675e-05
5727,1.7858880508314634e-05
5728,1.7857918776398307e-05
5729,1.7856956081807606e-05
5730,1.785599242343227e-05
5731,1.7855046910875125e-05
5732,1.7854096656444444e-05
5733,1.785315397750954e-05
5734,1.785220657091191e-05
5735,1.785125916442533e-05
5736,1.7850311757938736e-05
5737,1.784936435145211e-05
5738,1.7848419784249895e-05
5739,1.7847474271692764e-05
5740,1.784650189695647e-05
5741,1.7845556384288318e-05
5742,1.7844584009552036e-05
5743,1.7843611634815744e-05
5744,1.7842639260079455e-05
5745,1.7841677528052102e-05
5746,1.784071290522604e-05
5747,1.7839749246850726e-05
5748,1.7838783658352668e-05
5749,1.783782576758596e-05
5750,1.783686499734484e-05
5751,1.7835900374518758e-05
5752,1.7834939604277625e-05
5753,1.783397787236129e-05
5754,1.7833016140333936e-05
5755,1.783205537020382e-05
5756,1.783111080300159e-05
5757,1.783015195344629e-05
5758,1.7829187330509193e-05
5759,1.782823135454414e-05
5760,1.7827279196747075e-05
5761,1.7826323220782026e-05
5762,1.782538336703165e-05
5763,1.7824427391066603e-05
5764,1.782347523326955e-05
5765,1.7822523075472496e-05
5766,1.7821570917675458e-05
5767,1.7820612068120137e-05
5768,1.78196532184538e-05
5769,1.7818707705785655e-05
5770,1.7817754594973145e-05
5771,1.7816812858617578e-05
5772,1.7815861653058824e-05
5773,1.7814914246572225e-05
5774,1.7813962088775174e-05
5775,1.7813000356747808e-05
5776,1.78120453367958e-05
5777,1.781109317899877e-05
5778,1.7810144824159667e-05
5779,1.7809196469320557e-05
5780,1.7808247165129732e-05
5781,1.7807295007332687e-05
5782,1.7806342849535632e-05
5783,1.7805390691738577e-05
5784,1.780443567178657e-05
5785,1.780347873892029e-05
5786,1.7802506364184002e-05
5787,1.7801533989447713e-05
5788,1.7800561614711434e-05
5789,1.7799602765045098e-05
5790,1.7798642955590964e-05
5791,1.779769460075188e-05
5792,1.7796740535813718e-05
5793,1.7795778803786365e-05
5794,1.7794816109195644e-05
5795,1.7793853414604942e-05
5796,1.779289456493861e-05
5797,1.779193283302227e-05
5798,1.7790972062781136e-05
5799,1.7790020857111357e-05
5800,1.778906296634465e-05
5801,1.778810411667831e-05
5802,1.7787151958992265e-05
5803,1.7786199801195224e-05
5804,1.7785247643398182e-05
5805,1.7784295485601134e-05
5806,1.7783343327804065e-05
5807,1.778238830785206e-05
5808,1.7781432331887e-05
5809,1.7780476355921938e-05
5810,1.7779524198124903e-05
5811,1.7778563427883767e-05
5812,1.777760457832845e-05
5813,1.7776649558265425e-05
5814,1.7775678155973487e-05
5815,1.7774706753570523e-05
5816,1.7773747903904163e-05
5817,1.7772776501501223e-05
5818,1.777182529594246e-05
5819,1.7770874090272684e-05
5820,1.776992383584197e-05
5821,1.7768952433550027e-05
5822,1.7767981031147066e-05
5823,1.7767009628744102e-05
5824,1.7766050779077777e-05
5825,1.7765091929522466e-05
5826,1.776414357468336e-05
5827,1.7763172172280413e-05
5828,1.7762206583782355e-05
5829,1.7761249650916064e-05
5830,1.776029271793877e-05
5831,1.775932131564683e-05
5832,1.7758355727148792e-05
5833,1.7757397836271054e-05
5834,1.775644948143196e-05
5835,1.775549922700127e-05
5836,1.7754548972570547e-05
5837,1.775357757027863e-05
5838,1.7752606167875672e-05
5839,1.775163476547271e-05
5840,1.7750675915917394e-05
5841,1.7749717066251045e-05
5842,1.7748764908454007e-05
5843,1.7747807017687304e-05
5844,1.7746848168020954e-05
5845,1.7745890277254255e-05
5846,1.774493238648757e-05
5847,1.7743974495720835e-05
5848,1.7743024241290154e-05
5849,1.7742052838887193e-05
5850,1.7741086283828984e-05
5851,1.7740127434162638e-05
5852,1.7739169543395942e-05
5853,1.7738212610529658e-05
5854,1.773725567766337e-05
5855,1.7736305423232686e-05
5856,1.7735358016746077e-05
5857,1.773441250407791e-05
5858,1.773346604494463e-05
5859,1.7732519585922385e-05
5860,1.7731573126789066e-05
5861,1.7730626667655788e-05
5862,1.7729680208522496e-05
5863,1.7728708806230557e-05
5864,1.77277374038276e-05
5865,1.7726766001424646e-05
5866,1.7725794599132698e-05
5867,1.772482319672974e-05
5868,1.7723851794326784e-05
5869,1.7722891024085654e-05
5870,1.7721935048231594e-05
5871,1.7720975238777456e-05
5872,1.772001734789975e-05
5873,1.7719058498344428e-05
5874,1.7718103478392415e-05
5875,1.7717146545415116e-05
5876,1.7716189612548835e-05
5877,1.7715232679682547e-05
5878,1.771427956875904e-05
5879,1.771333026456823e-05
5880,1.771238096048845e-05
5881,1.771143450135516e-05
5882,1.771048804222186e-05
5883,1.7709541583088583e-05
5884,1.770857309202344e-05
5885,1.7707623787832625e-05
5886,1.7706676381346032e-05
5887,1.7705704979054118e-05
5888,1.7704733576651154e-05
5889,1.7703762174248173e-05
5890,1.7702810968689433e-05
5891,1.770185976301963e-05
5892,1.7700912356533045e-05
5893,1.7699965897399753e-05
5894,1.769901943826645e-05
5895,1.7698059628812314e-05
5896,1.7697112222325715e-05
5897,1.769616954339082e-05
5898,1.7695225920877366e-05
5899,1.7694277565927223e-05
5900,1.7693330159440638e-05
5901,1.7692385592349428e-05
5902,1.7691439133216122e-05
5903,1.7690491726729547e-05
5904,1.7689520324326587e-05
5905,1.7688548922034628e-05
5906,1.768757751963168e-05
5907,1.7686606117228717e-05
5908,1.7685634714825756e-05
5909,1.7684671056561456e-05
5910,1.7683703533943884e-05
5911,1.768273987567958e-05
5912,1.768178006622544e-05
5913,1.768082121667014e-05
5914,1.7679870962239428e-05
5915,1.767891785131592e-05
5916,1.76779685471251e-05
5917,1.7677012571160056e-05
5918,1.7676059460236524e-05
5919,1.767510634942404e-05
5920,1.7674152284374852e-05
5921,1.7673197264422843e-05
5922,1.7672240331556562e-05
5923,1.767128339869029e-05
5924,1.7670329333752118e-05
5925,1.7669370484085792e-05
5926,1.7668421179894967e-05
5927,1.7667449777492024e-05
5928,1.766650426493487e-05
5929,1.7665532862531932e-05
5930,1.766456146012896e-05
5931,1.7663590057837006e-05
5932,1.766261865543405e-05
5933,1.7661647253031112e-05
5934,1.766067585062814e-05
5935,1.7659704448336203e-05
5936,1.765873304593323e-05
5937,1.765776164353029e-05
5938,1.76568104379715e-05
5939,1.7655850628517364e-05
5940,1.7654889858276245e-05
5941,1.7653932925409947e-05
5942,1.7652975992543663e-05
5943,1.765201522230252e-05
5944,1.7651071599678034e-05
5945,1.76501298634335e-05
5946,1.764918435087638e-05
5947,1.7648236944278747e-05
5948,1.7647291431721612e-05
5949,1.764634780909712e-05
5950,1.7645406072852598e-05
5951,1.764445866636599e-05
5952,1.7643515043741506e-05
5953,1.7642572364806593e-05
5954,1.7641625905673305e-05
5955,1.7640679446651045e-05
5956,1.763973298751776e-05
5957,1.7638761585114786e-05
5958,1.7637790182822848e-05
5959,1.7636818780419897e-05
5960,1.763584737801692e-05
5961,1.7634875975725002e-05
5962,1.7633904573322038e-05
5963,1.7632947640455747e-05
5964,1.7631987831001623e-05
5965,1.7631029940234914e-05
5966,1.7630060479612016e-05
5967,1.7629097785021325e-05
5968,1.762813122996311e-05
5969,1.7627172380296773e-05
5970,1.762621161016663e-05
5971,1.7625261355735934e-05
5972,1.762431205154513e-05
5973,1.7623349356843392e-05
5974,1.7622387624927085e-05
5975,1.7621438320736253e-05
5976,1.7620486162939198e-05
5977,1.7619527313383905e-05
5978,1.7618570380517617e-05
5979,1.7617616315468445e-05
5980,1.7616663204655926e-05
5981,1.7615701472628576e-05
5982,1.761474166317445e-05
5983,1.7613792359094653e-05
5984,1.7612840201297622e-05
5985,1.7611888043500543e-05
5986,1.7610935885703508e-05
5987,1.7609983727906453e-05
5988,1.760902391845233e-05
5989,1.7608072712893556e-05
5990,1.7607118647844373e-05
5991,1.7606164582906213e-05
5992,1.760520477345208e-05
5993,1.7604259260783922e-05
5994,1.76033109059448e-05
5995,1.7602362551105706e-05
5996,1.7601416091972414e-05
5997,1.7600467737133294e-05
5998,1.7599521278000015e-05
5999,1.7598578599065093e-05
6000,1.7597637804622767e-05
6001,1.759669134548946e-05
6002,1.759574677828725e-05
6003,1.7594800319264963e-05
6004,1.759385575206273e-05
6005,1.7592909293040474e-05
6006,1.7591964725838225e-05
6007,1.759101542175844e-05
6008,1.759006801516082e-05
6009,1.7589117760730143e-05
6010,1.7588167506299448e-05
6011,1.7587213441361285e-05
6012,1.7586261283564233e-05
6013,1.7585289881272295e-05
6014,1.7584335816223096e-05
6015,1.758337504609299e-05
6016,1.7582426691142863e-05
6017,1.7581471671190844e-05
6018,1.7580516651238845e-05
6019,1.7579561631286825e-05
6020,1.7578606611223794e-05
6021,1.7577649678357496e-05
6022,1.7576693702392468e-05
6023,1.757573772642741e-05
6024,1.757478461561489e-05
6025,1.7573840048412684e-05
6026,1.7572889793981958e-05
6027,1.7571947115047066e-05
6028,1.7571001602378896e-05
6029,1.757005986613436e-05
6030,1.756910866057558e-05
6031,1.7568162201442295e-05
6032,1.75672119470116e-05
6033,1.756627115245825e-05
6034,1.756532847352332e-05
6035,1.7564385794588397e-05
6036,1.7563445000035028e-05
6037,1.7562494745604333e-05
6038,1.7561545441524537e-05
6039,1.756059423585478e-05
6040,1.7559650613341308e-05
6041,1.7558706990716808e-05
6042,1.7557757686526023e-05
6043,1.7556809331686903e-05
6044,1.7555856220763392e-05
6045,1.7554910708206254e-05
6046,1.755396235325612e-05
6047,1.7553010195459077e-05
6048,1.7552060891379277e-05
6049,1.7551102041712958e-05
6050,1.755015178728226e-05
6051,1.754918038487929e-05
6052,1.754823013044859e-05
6053,1.7547276065510424e-05
6054,1.7546327710671335e-05
6055,1.7545386916117945e-05
6056,1.7544438561278845e-05
6057,1.7543496825034304e-05
6058,1.7542555088789755e-05
6059,1.7541599112824703e-05
6060,1.754064600190119e-05
6061,1.753969479623142e-05
6062,1.753875400178905e-05
6063,1.753779706881177e-05
6064,1.7536843003873586e-05
6065,1.7535884154318296e-05
6066,1.753493294864851e-05
6067,1.7533981742978707e-05
6068,1.7533027678040533e-05
6069,1.7532073613102387e-05
6070,1.7531123358671692e-05
6071,1.75301587357346e-05
6072,1.752921888198421e-05
6073,1.7528276203049312e-05
6074,1.7527332580535848e-05
6075,1.75263908442913e-05
6076,1.752543582422828e-05
6077,1.7524494087983747e-05
6078,1.75235523517392e-05
6079,1.7522610615494636e-05
6080,1.7521668879250107e-05
6081,1.7520730904219118e-05
6082,1.7519789167974583e-05
6083,1.751884554546111e-05
6084,1.7517890525398108e-05
6085,1.7516945958306894e-05
6086,1.751599475263711e-05
6087,1.7515052073702173e-05
6088,1.7514109394767288e-05
6089,1.7513166715832352e-05
6090,1.751222403689744e-05
6091,1.751128512306189e-05
6092,1.751033961039372e-05
6093,1.75093950433025e-05
6094,1.7508449530634348e-05
6095,1.7507502124147752e-05
6096,1.7506547104084724e-05
6097,1.7505607250445365e-05
6098,1.7504660791312087e-05
6099,1.7503719055067535e-05
6100,1.7502778260514166e-05
6101,1.7501837465960783e-05
6102,1.7500892898869577e-05
6103,1.749992924060527e-05
6104,1.7498969431151152e-05
6105,1.7498004808214073e-05
6106,1.7497038253155857e-05
6107,1.7496078443701702e-05
6108,1.749511863424756e-05
6109,1.7494158824793434e-05
6110,1.7493199015339287e-05
6111,1.749223728342297e-05
6112,1.74912917707548e-05
6113,1.749034720366361e-05
6114,1.748941016666007e-05
6115,1.7488470312909666e-05
6116,1.7487525745818476e-05
6117,1.7486584009573924e-05
6118,1.748564133063901e-05
6119,1.748469959439448e-05
6120,1.7483757858038896e-05
6121,1.7482816121794378e-05
6122,1.748187438554983e-05
6123,1.748093264930528e-05
6124,1.7479990913060732e-05
6125,1.7479052938029773e-05
6126,1.747810837093856e-05
6127,1.7477166634694e-05
6128,1.7476205864452855e-05
6129,1.747526318551796e-05
6130,1.7474320506583038e-05
6131,1.7473375939491817e-05
6132,1.7472428532894213e-05
6133,1.7471481126407624e-05
6134,1.747050972400466e-05
6135,1.746954510117861e-05
6136,1.7468582406476852e-05
6137,1.7467617783539786e-05
6138,1.746664832302792e-05
6139,1.7465699968188805e-05
6140,1.7464737273598097e-05
6141,1.7463776503356957e-05
6142,1.7462834767112395e-05
6143,1.7461893030867873e-05
6144,1.7460955055836884e-05
6145,1.7459993323920578e-05
6146,1.745904686478728e-05
6147,1.7458110764811973e-05
6148,1.7457166197720753e-05
6149,1.7456210221755687e-05
6150,1.7455248489839384e-05
6151,1.7454310514808388e-05
6152,1.7453368778563846e-05
6153,1.745243174156029e-05
6154,1.7451476721608284e-05
6155,1.7450516912154154e-05
6156,1.7449571399485987e-05
6157,1.744862777697253e-05
6158,1.7447667967518392e-05
6159,1.7446720561031796e-05
6160,1.7445763628165516e-05
6161,1.744482189192097e-05
6162,1.7443866871857946e-05
6163,1.7442911851905933e-05
6164,1.7441956831953927e-05
6165,1.744099413725221e-05
6166,1.744003047898789e-05
6167,1.7439066820723617e-05
6168,1.743811466292656e-05
6169,1.7437165358735733e-05
6170,1.7436219846067587e-05
6171,1.7435276223554123e-05
6172,1.7434330710885973e-05
6173,1.7433379505216167e-05
6174,1.7432422572349896e-05
6175,1.7431464681583176e-05
6176,1.7430521059069726e-05
6177,1.7429567948146204e-05
6178,1.742861959330711e-05
6179,1.7427668387637322e-05
6180,1.742672192850404e-05
6181,1.7425770722945263e-05
6182,1.7424819517275494e-05
6183,1.7423868311605705e-05
6184,1.7422924689092248e-05
6185,1.7421974434661543e-05
6186,1.742102418023083e-05
6187,1.742007677374423e-05
6188,1.741910537134129e-05
6189,1.7418133969049336e-05
6190,1.7417162566646396e-05
6191,1.7416191164243415e-05
6192,1.741521976184046e-05
6193,1.741424835954851e-05
6194,1.741327695714555e-05
6195,1.7412305554742595e-05
6196,1.7411334152450664e-05
6197,1.7410362750047696e-05
6198,1.7409408685109553e-05
6199,1.7408446953082194e-05
6200,1.7407490020215903e-05
6201,1.740652732562521e-05
6202,1.740557991913861e-05
6203,1.7404611428073487e-05
6204,1.7403649696046124e-05
6205,1.7402687964129797e-05
6206,1.740173675846003e-05
6207,1.7400780782605968e-05
6208,1.7399820973151837e-05
6209,1.7398859241124484e-05
6210,1.7397908986693806e-05
6211,1.7396954921755643e-05
6212,1.7396000856817473e-05
6213,1.7395046791879313e-05
6214,1.7394092726941153e-05
6215,1.7393142472510434e-05
6216,1.7392187452447426e-05
6217,1.7391227643104288e-05
6218,1.7390276437434515e-05
6219,1.7389318546667823e-05
6220,1.738835873721366e-05
6221,1.738739988754734e-05
6222,1.738643526461025e-05
6223,1.7385495410970883e-05
6224,1.7384546106780096e-05
6225,1.7383606253029714e-05
6226,1.738265504735993e-05
6227,1.738170384180117e-05
6228,1.7380763988050787e-05
6229,1.737982413430039e-05
6230,1.7378869114348376e-05
6231,1.737792075950928e-05
6232,1.737696860171222e-05
6233,1.7376018347281516e-05
6234,1.7375063327218485e-05
6235,1.7374108307266493e-05
6236,1.7373153287314483e-05
6237,1.737219826736246e-05
6238,1.7371247061692692e-05
6239,1.7370291085727633e-05
6240,1.7369331276273495e-05
6241,1.7368373385506786e-05
6242,1.736741549474008e-05
6243,1.7366458561873785e-05
6244,1.7365500671107096e-05
6245,1.7364546606057903e-05
6246,1.7363591586105904e-05
6247,1.736263273643958e-05
6248,1.736167484567287e-05
6249,1.7360719825720856e-05
6250,1.7359764805768844e-05
6251,1.7358812647971792e-05
6252,1.7357852838517665e-05
6253,1.7356897818565656e-05
6254,1.7355942798502607e-05
6255,1.73549944436635e-05
6256,1.7354043238104757e-05
6257,1.7353072807035918e-05
6258,1.7352102376078104e-05
6259,1.7351150218392074e-05
6260,1.7350201863441956e-05
6261,1.7349244930575665e-05
6262,1.734829752408905e-05
6263,1.734733867442273e-05
6264,1.734639221528943e-05
6265,1.734544100973069e-05
6266,1.734448120027653e-05
6267,1.7343510769318723e-05
6268,1.7342540338360902e-05
6269,1.7341569907403098e-05
6270,1.7340599476445298e-05
6271,1.7339651121495145e-05
6272,1.733870276665605e-05
6273,1.733774199641491e-05
6274,1.7336782187071808e-05
6275,1.733582429619408e-05
6276,1.7334866405427346e-05
6277,1.7333910429462307e-05
6278,1.7332950620008173e-05
6279,1.733199272924146e-05
6280,1.733102810641541e-05
6281,1.733007975146527e-05
6282,1.7329121860698574e-05
6283,1.7328163969931878e-05
6284,1.7327213715501173e-05
6285,1.7326253906047022e-05
6286,1.7325294096592885e-05
6287,1.732434289103413e-05
6288,1.7323384041367802e-05
6289,1.732242615060108e-05
6290,1.7321468259834386e-05
6291,1.7320510369067673e-05
6292,1.731955247830096e-05
6293,1.7318594587423255e-05
6294,1.7317643381864485e-05
6295,1.7316695027025385e-05
6296,1.7315747620427744e-05
6297,1.7314798316347968e-05
6298,1.7313842340382926e-05
6299,1.7312891134713116e-05
6300,1.7311938023789605e-05
6301,1.7310984912866093e-05
6302,1.7310032755180074e-05
6303,1.7309083450989256e-05
6304,1.730813319655855e-05
6305,1.7307162765600726e-05
6306,1.7306220086665828e-05
6307,1.73052774077309e-05
6308,1.7304330948597617e-05
6309,1.7303389212353075e-05
6310,1.7302438957922373e-05
6311,1.730149249878911e-05
6312,1.7300546039655817e-05
6313,1.7299579484597607e-05
6314,1.729863302557533e-05
6315,1.7297681819905535e-05
6316,1.7296735360772243e-05
6317,1.729576492981444e-05
6318,1.7294794498856625e-05
6319,1.72938240678988e-05
6320,1.729285363694099e-05
6321,1.7291883205983196e-05
6322,1.729091277502536e-05
6323,1.728994234406756e-05
6324,1.7288971913109754e-05
6325,1.728800148204089e-05
6326,1.72870310510831e-05
6327,1.728606062012528e-05
6328,1.7285096961860976e-05
6329,1.7284136191619826e-05
6330,1.7283170603121803e-05
6331,1.728220404806357e-05
6332,1.728124423860943e-05
6333,1.7280284429155295e-05
6334,1.727932365902517e-05
6335,1.727836288878403e-05
6336,1.7277411683114256e-05
6337,1.7276462379034476e-05
6338,1.727550831398529e-05
6339,1.727455424904711e-05
6340,1.727360018410895e-05
6341,1.7272646119170773e-05
6342,1.72716920541216e-05
6343,1.7270738943309115e-05
6344,1.7269786785512057e-05
6345,1.7268829852645763e-05
6346,1.726788054845496e-05
6347,1.726693124426415e-05
6348,1.72659656557661e-05
6349,1.72649952248083e-05
6350,1.7264024793850478e-05
6351,1.7263059205352434e-05
6352,1.7262101314585724e-05
6353,1.7261148203662195e-05
6354,1.726018743342106e-05
6355,1.7259225701504736e-05
6356,1.7258284906951367e-05
6357,1.7257343170706825e-05
6358,1.7256399548082332e-05
6359,1.7255457811837807e-05
6360,1.7254513244746576e-05
6361,1.7253542813788783e-05
6362,1.7252572382830965e-05
6363,1.7251603891765832e-05
6364,1.7250634431142952e-05
6365,1.724967077287864e-05
6366,1.7248717661955113e-05
6367,1.7247757852611998e-05
6368,1.7246798043157867e-05
6369,1.7245845885360822e-05
6370,1.7244891820422652e-05
6371,1.7243937755373476e-05
6372,1.724298369043531e-05
6373,1.7242029625497156e-05
6374,1.724107556055898e-05
6375,1.7240125306128278e-05
6376,1.723917505169758e-05
6377,1.7238215242243455e-05
6378,1.7237259266278407e-05
6379,1.7236305201340216e-05
6380,1.7235345391886102e-05
6381,1.723439037193409e-05
6382,1.7233431522267744e-05
6383,1.72324793644707e-05
6384,1.7231524344518683e-05
6385,1.7230569324566673e-05
6386,1.7229614304503652e-05
6387,1.7228659284551636e-05
6388,1.72277004348853e-05
6389,1.7226755867794087e-05
6390,1.7225813188859175e-05
6391,1.72248629344285e-05
6392,1.7223914579589387e-05
6393,1.722296432515868e-05
6394,1.7222015970319572e-05
6395,1.7221065715888894e-05
6396,1.7220117360938768e-05
6397,1.7219171848381617e-05
6398,1.7218201417423803e-05
6399,1.7217236794486727e-05
6400,1.7216277944820404e-05
6401,1.721531909515406e-05
6402,1.7214363119188996e-05
6403,1.7213410961502986e-05
6404,1.7212452111836637e-05
6405,1.7211493262170304e-05
6406,1.7210532491929168e-05
6407,1.7209571721799037e-05
6408,1.7208610951557904e-05
6409,1.7207650181316745e-05
6410,1.7206689411186627e-05
6411,1.7205743898518474e-05
6412,1.7204802162273942e-05
6413,1.7203856649605775e-05
6414,1.72029130269813e-05
6415,1.7201965620494687e-05
6416,1.720102010782653e-05
6417,1.720007364880428e-05
6418,1.7199128136136104e-05
6419,1.7198168326681973e-05
6420,1.7197215215758444e-05
6421,1.7196264010199684e-05
6422,1.7195320387575205e-05
6423,1.7194378651330666e-05
6424,1.7193438797580268e-05
6425,1.7192488543149573e-05
6426,1.7191540188310487e-05
6427,1.7190589933879775e-05
6428,1.7189645366788572e-05
6429,1.7188699854120422e-05
6430,1.7187729423162594e-05
6431,1.718675899220479e-05
6432,1.7185788561246973e-05
6433,1.718481813028916e-05
6434,1.7183847699331345e-05
6435,1.718287726837352e-05
6436,1.7181906837304705e-05
6437,1.7180936406346884e-05
6438,1.7179968883840328e-05
6439,1.7179018629409616e-05
6440,1.7178064564471462e-05
6441,1.7177103794230333e-05
6442,1.717615638774371e-05
6443,1.7175201367680682e-05
6444,1.7174240597550575e-05
6445,1.7173292242600457e-05
6446,1.7172341988169758e-05
6447,1.7171391733850072e-05
6448,1.7170435757885027e-05
6449,1.7169492135260523e-05
6450,1.7168536159295464e-05
6451,1.7167587804456378e-05
6452,1.7166639449617278e-05
6453,1.7165693936949108e-05
6454,1.7164749369857898e-05
6455,1.7163796258934383e-05
6456,1.7162840282969317e-05
6457,1.716190324596577e-05
6458,1.7160966208962243e-05
6459,1.7160023530027314e-05
6460,1.7159064680360995e-05
6461,1.7158110615422818e-05
6462,1.7157150805968697e-05
6463,1.715619195641337e-05
6464,1.7155253042466793e-05
6465,1.715431412863122e-05
6466,1.7153379899936802e-05
6467,1.7152444736101544e-05
6468,1.7151502999857022e-05
6469,1.7150544150190693e-05
6470,1.7149606175270723e-05
6471,1.7148668200239754e-05
6472,1.7147740491552086e-05
6473,1.7146799697109736e-05
6474,1.7145863597134443e-05
6475,1.7144922802581067e-05
6476,1.714398670260576e-05
6477,1.714304590805237e-05
6478,1.7142109808188095e-05
6479,1.7141169013634726e-05
6480,1.714023197663118e-05
6481,1.7139288354117696e-05
6482,1.7138349440171122e-05
6483,1.7137413340195796e-05
6484,1.7136463085765105e-05
6485,1.713552417192955e-05
6486,1.713458431817916e-05
6487,1.7133625468623848e-05
6488,1.7132673310826806e-05
6489,1.713171829076377e-05
6490,1.7130750768257194e-05
6491,1.712979287749051e-05
6492,1.7128834027824172e-05
6493,1.7127875178157826e-05
6494,1.712691632860253e-05
6495,1.71259574789362e-05
6496,1.7125008174745375e-05
6497,1.7124060768258776e-05
6498,1.7123110513828085e-05
6499,1.7122163107341493e-05
6500,1.712119364682962e-05
6501,1.7120253793079233e-05
6502,1.7119314879132656e-05
6503,1.7118367472646053e-05
6504,1.7117419117806947e-05
6505,1.7116478323253578e-05
6506,1.711554222327827e-05
6507,1.7114605186274726e-05
6508,1.7113655882194934e-05
6509,1.711269990622988e-05
6510,1.711174679530636e-05
6511,1.711080600075298e-05
6512,1.7109856696562182e-05
6513,1.7108894964645862e-05
6514,1.71079428068488e-05
6515,1.7107002953098416e-05
6516,1.7106064039262847e-05
6517,1.7105115684423737e-05
6518,1.710417488987036e-05
6519,1.7103234095317006e-05
6520,1.7102297058313444e-05
6521,1.7101360958449177e-05
6522,1.7100420163895798e-05
6523,1.709947936934241e-05
6524,1.7098538574789056e-05
6525,1.7097597780346706e-05
6526,1.709665698579332e-05
6527,1.7095719948789792e-05
6528,1.70947791542364e-05
6529,1.7093839300486025e-05
6530,1.7092889996406222e-05
6531,1.7091951082459638e-05
6532,1.7091012168624066e-05
6533,1.7090070432379547e-05
6534,1.7089124919711387e-05
6535,1.7088179407043217e-05
6536,1.7087238612489828e-05
6537,1.7086297818047484e-05
6538,1.708536078104396e-05
6539,1.708442280601296e-05
6540,1.7083484831093006e-05
6541,1.708254685617306e-05
6542,1.7081606061619674e-05
6543,1.708066996164438e-05
6544,1.7079713028778087e-05
6545,1.7078756095911814e-05
6546,1.7077794363884458e-05
6547,1.707684505980466e-05
6548,1.70759014371802e-05
6549,1.707496252334461e-05
6550,1.7074026423369304e-05
6551,1.7073081856278094e-05
6552,1.7072136343609934e-05
6553,1.707119083094178e-05
6554,1.707024531827361e-05
6555,1.7069293160476552e-05
6556,1.7068342906156886e-05
6557,1.7067403992210288e-05
6558,1.7066459425119088e-05
6559,1.70655186305657e-05
6560,1.7064580655645746e-05
6561,1.7063644555670446e-05
6562,1.706270187673553e-05
6563,1.7061745900770482e-05
6564,1.70608051062171e-05
6565,1.705986053912588e-05
6566,1.7058915971923667e-05
6567,1.705797329298875e-05
6568,1.7057028725897535e-05
6569,1.7056084158806332e-05
6570,1.7055143364252942e-05
6571,1.705420068531804e-05
6572,1.705325800638313e-05
6573,1.705231059989653e-05
6574,1.705136414076326e-05
6575,1.705041388633255e-05
6576,1.7049467427199274e-05
6577,1.7048514316275736e-05
6578,1.7047573521833386e-05
6579,1.7046626115235788e-05
6580,1.7045677760396658e-05
6581,1.7044731301374415e-05
6582,1.7043780095704612e-05
6583,1.7042809664746815e-05
6584,1.7041839233788995e-05
6585,1.7040868802831177e-05
6586,1.7039898371873353e-05
6587,1.7038941438896054e-05
6588,1.7037975850398023e-05
6589,1.7037009295339803e-05
6590,1.7036046600749082e-05
6591,1.703508004569088e-05
6592,1.703411542275378e-05
6593,1.703315848988752e-05
6594,1.7032201556910213e-05
6595,1.703125130259053e-05
6596,1.703029149313639e-05
6597,1.7029335517171354e-05
6598,1.7028382406247822e-05
6599,1.7027421636006692e-05
6600,1.702646566004163e-05
6601,1.70255039281253e-05
6602,1.7024544118671166e-05
6603,1.702358526911585e-05
6604,1.7022629293150786e-05
6605,1.7021676182227274e-05
6606,1.7020736328476896e-05
6607,1.7019795533923507e-05
6608,1.7018853797678975e-05
6609,1.7017912061434444e-05
6610,1.7016962757243622e-05
6611,1.701602384340806e-05
6612,1.7015069778469893e-05
6613,1.7014115713420704e-05
6614,1.701317397717617e-05
6615,1.701223412342577e-05
6616,1.701127910347377e-05
6617,1.701032217060748e-05
6618,1.7009371916176786e-05
6619,1.7008421661746095e-05
6620,1.700746185229196e-05
6621,1.700649915770126e-05
6622,1.7005539348247098e-05
6623,1.7004579538792964e-05
6624,1.7003619729338847e-05
6625,1.7002670425148015e-05
6626,1.7001721120957227e-05
6627,1.700076035082708e-05
6628,1.6999811046636285e-05
6629,1.6998861742445484e-05
6630,1.699791622977731e-05
6631,1.6996959296911033e-05
6632,1.699600809135228e-05
6633,1.6995056885682484e-05
6634,1.699410186573046e-05
6635,1.6993138207355145e-05
6636,1.699218223139011e-05
6637,1.6991232927310297e-05
6638,1.699027790724729e-05
6639,1.6989323842309105e-05
6640,1.6988369777370952e-05
6641,1.698741857170115e-05
6642,1.6986467366142413e-05
6643,1.6985513301093203e-05
6644,1.6984559236155057e-05
6645,1.6983605171216887e-05
6646,1.6982651106278737e-05
6647,1.698170085184804e-05
6648,1.6980746786909865e-05
6649,1.69797946291128e-05
6650,1.6978840564174643e-05
6651,1.6977898827819082e-05
6652,1.697694952373928e-05
6653,1.6976010609792695e-05
6654,1.6975068873548147e-05
6655,1.697412713730362e-05
6656,1.697316924653692e-05
6657,1.697222751029236e-05
6658,1.6971287656542003e-05
6659,1.6970327847087848e-05
6660,1.69693718711228e-05
6661,1.696841110088164e-05
6662,1.696745225132633e-05
6663,1.696649244187219e-05
6664,1.6965539330948677e-05
6665,1.6964586220025182e-05
6666,1.6963633109101664e-05
6667,1.696267999828915e-05
6668,1.696173069409834e-05
6669,1.6960783287611733e-05
6670,1.695982251737061e-05
6671,1.6958865584504317e-05
6672,1.6957906734837987e-05
6673,1.695695266989984e-05
6674,1.6955998604961654e-05
6675,1.695504644716462e-05
6676,1.6954086637710485e-05
6677,1.695312970484419e-05
6678,1.6952178499174398e-05
6679,1.6951226341377343e-05
6680,1.6950272276439193e-05
6681,1.6949308618174907e-05
6682,1.6948348808720762e-05
6683,1.6947389959054437e-05
6684,1.694643684813092e-05
6685,1.694548564257214e-05
6686,1.6944532531648616e-05
6687,1.6943578466710463e-05
6688,1.694261961704412e-05
6689,1.694165980758999e-05
6690,1.6940699037348863e-05
6691,1.6939733448850802e-05
6692,1.6938774599295505e-05
6693,1.6937815749629163e-05
6694,1.693685689996282e-05
6695,1.6935898050407526e-05
6696,1.693493920074117e-05
6697,1.693398035107484e-05
6698,1.693300992011705e-05
6699,1.6932058714447244e-05
6700,1.693110369449524e-05
6701,1.6930149629557092e-05
6702,1.6929198423887293e-05
6703,1.6928237653757172e-05
6704,1.692728644808738e-05
6705,1.6926335242417607e-05
6706,1.6925384036858847e-05
6707,1.6924432831189058e-05
6708,1.692348542470245e-05
6709,1.6922527533935743e-05
6710,1.6921576328265974e-05
6711,1.69206222633278e-05
6712,1.6919651832369996e-05
6713,1.691868140141218e-05
6714,1.691774342638118e-05
6715,1.6916789361443016e-05
6716,1.6915835296504873e-05
6717,1.6914885042074178e-05
6718,1.6913934787643463e-05
6719,1.6912980722705306e-05
6720,1.6912033316218704e-05
6721,1.6911094402272127e-05
6722,1.691013459281798e-05
6723,1.6909175743262682e-05
6724,1.690822643907185e-05
6725,1.6907260850573806e-05
6726,1.690631249573471e-05
6727,1.6905355562757393e-05
6728,1.690439671320209e-05
6729,1.6903438822435404e-05
6730,1.690248093166869e-05
6731,1.6901527820745162e-05
6732,1.6900565126043435e-05
6733,1.6899602431452707e-05
6734,1.6898639736751e-05
6735,1.689767896662086e-05
6736,1.689672776095108e-05
6737,1.6895770828084786e-05
6738,1.6894813895218533e-05
6739,1.6893864591027718e-05
6740,1.6892899968090614e-05
6741,1.6891934379592567e-05
6742,1.6890968791094533e-05
6743,1.6890004168157446e-05
6744,1.688904627739074e-05
6745,1.6888082619126443e-05
6746,1.6887135212528822e-05
6747,1.6886169624030768e-05
6748,1.6885204035532734e-05
6749,1.6884238447034676e-05
6750,1.6883282471069617e-05
6751,1.688232362151433e-05
6752,1.6881366688537014e-05
6753,1.6880409755670727e-05
6754,1.6879452822804453e-05
6755,1.6878496846839404e-05
6756,1.687753895607268e-05
6757,1.6876588701642e-05
6758,1.6875638447211284e-05
6759,1.687468819278059e-05
6760,1.6873737938349894e-05
6761,1.6872787683919192e-05
6762,1.687182595200288e-05
6763,1.687088043933472e-05
6764,1.6869922548567996e-05
6765,1.686896561570173e-05
6766,1.6868017260862612e-05
6767,1.6867068905912504e-05
6768,1.686612055107339e-05
6769,1.6865172196234297e-05
6770,1.6864214305467588e-05
6771,1.6863266898980982e-05
6772,1.6862310923015923e-05
6773,1.6861361618825125e-05
6774,1.686041231463432e-05
6775,1.6859456338669264e-05
6776,1.6858500362704202e-05
6777,1.685755579561299e-05
6778,1.685660649142219e-05
6779,1.6855662868908716e-05
6780,1.685469340828583e-05
6781,1.6853723947773958e-05
6782,1.6852754487262093e-05
6783,1.685178502675021e-05
6784,1.6850815566238353e-05
6785,1.6849857675360614e-05
6786,1.6848897866017506e-05
6787,1.6847940933040196e-05
6788,1.6846994474017943e-05
6789,1.684604421958723e-05
6790,1.6845097760453967e-05
6791,1.684415130132066e-05
6792,1.6843202946481548e-05
6793,1.684224601361529e-05
6794,1.684128908074899e-05
6795,1.6840337875079208e-05
6796,1.6839389520240125e-05
6797,1.6838441165289972e-05
6798,1.6837492810450886e-05
6799,1.683654445561177e-05
6800,1.683559420118107e-05
6801,1.68346429955113e-05
6802,1.6833686062645e-05
6803,1.683272912977874e-05
6804,1.683177219691245e-05
6805,1.683081526404616e-05
6806,1.6829864058376387e-05
6807,1.6828914754185565e-05
6808,1.6827963548626812e-05
6809,1.6827015193676676e-05
6810,1.682606398811791e-05
6811,1.6825108968054885e-05
6812,1.682415490311673e-05
6813,1.6823187380610165e-05
6814,1.6822243757985692e-05
6815,1.6821299190894472e-05
6816,1.6820347033097417e-05
6817,1.6819394875300362e-05
6818,1.6818443669630576e-05
6819,1.681749055881809e-05
6820,1.681653744789457e-05
6821,1.68155833829564e-05
6822,1.681463217728664e-05
6823,1.681367332762028e-05
6824,1.6812729705106826e-05
6825,1.6811788910553474e-05
6826,1.68108194500416e-05
6827,1.6809849989529724e-05
6828,1.680888052890684e-05
6829,1.6807915906080776e-05
6830,1.680694741490463e-05
6831,1.680598472031391e-05
6832,1.6805024910859775e-05
6833,1.6804072753062737e-05
6834,1.680312059526569e-05
6835,1.6802160785811537e-05
6836,1.6801205765859528e-05
6837,1.680025456030075e-05
6838,1.6799305256109967e-05
6839,1.679834352419364e-05
6840,1.6797386591216327e-05
6841,1.679643348040384e-05
6842,1.679548036948032e-05
6843,1.679452343661403e-05
6844,1.679356554573631e-05
6845,1.6792606696180976e-05
6846,1.6791648805414283e-05
6847,1.679069091453655e-05
6848,1.67897368495984e-05
6849,1.6788776079468264e-05
6850,1.6787812421092965e-05
6851,1.6786854530326235e-05
6852,1.6785894720872097e-05
6853,1.6784934911417977e-05
6854,1.6783975102074862e-05
6855,1.678301529262073e-05
6856,1.6782057401854018e-05
6857,1.6781116607300646e-05
6858,1.678017769335404e-05
6859,1.6779231234331785e-05
6860,1.677828666712955e-05
6861,1.677732589699942e-05
6862,1.6776367047333083e-05
6863,1.6775410114466826e-05
6864,1.6774455094403798e-05
6865,1.677349911843872e-05
6866,1.677253834830862e-05
6867,1.6771577578067465e-05
6868,1.6770628273876667e-05
6869,1.6769673253924634e-05
6870,1.676871823397265e-05
6871,1.67677736667704e-05
6872,1.6766820555957903e-05
6873,1.6765855933020827e-05
6874,1.6764904727351024e-05
6875,1.676394587768471e-05
6876,1.6762987986918012e-05
6877,1.6762029137362695e-05
6878,1.6761076979565647e-05
6879,1.676011812989929e-05
6880,1.6759159280232965e-05
6881,1.675820043067767e-05
6882,1.6757256808053185e-05
6883,1.6756315071808623e-05
6884,1.675537239287373e-05
6885,1.6754431598320365e-05
6886,1.6753475622355283e-05
6887,1.67525272675162e-05
6888,1.6751580808382894e-05
6889,1.6750635295825773e-05
6890,1.674969167320129e-05
6891,1.6748744266714698e-05
6892,1.6747795911875588e-05
6893,1.674685039920741e-05
6894,1.6745906776582938e-05
6895,1.6744958421743832e-05
6896,1.6744015742808916e-05
6897,1.6743074948255554e-05
6898,1.674213321201101e-05
6899,1.6741190533076114e-05
6900,1.6740242178237e-05
6901,1.673927271772512e-05
6902,1.6738303257213257e-05
6903,1.6737333796590357e-05
6904,1.6736364336078512e-05
6905,1.6735394875566634e-05
6906,1.673442541505478e-05
6907,1.673345595443186e-05
6908,1.6732486493920017e-05
6909,1.6731517033408132e-05
6910,1.673054757289626e-05
6911,1.6729581017838054e-05
6912,1.6728626952899884e-05
6913,1.6727672887850715e-05
6914,1.672671691188566e-05
6915,1.6725769505399054e-05
6916,1.6724821150559947e-05
6917,1.672387469142666e-05
6918,1.6722927284940063e-05
6919,1.672197798074926e-05
6920,1.6721028676558457e-05
6921,1.6720080321719347e-05
6922,1.6719137642784425e-05
6923,1.6718180709918148e-05
6924,1.6717227598994636e-05
6925,1.6716272579042637e-05
6926,1.6715317559090614e-05
6927,1.671437582273506e-05
6928,1.671342271192256e-05
6929,1.6712474357083454e-05
6930,1.6711518381118406e-05
6931,1.6710558571664244e-05
6932,1.6709607365994486e-05
6933,1.670865043312819e-05
6934,1.670771713868647e-05
6935,1.6706757329232335e-05
6936,1.67057975197782e-05
6937,1.6704855783533632e-05
6938,1.6703905529102933e-05
6939,1.6702966615156353e-05
6940,1.670200872438964e-05
6941,1.6701053704437637e-05
6942,1.6700093894983517e-05
6943,1.6699138875031504e-05
6944,1.6698184810093317e-05
6945,1.669723074504414e-05
6946,1.6696273812177878e-05
6947,1.6695314002723723e-05
6948,1.6694369435632524e-05
6949,1.669342013144169e-05
6950,1.669246892588293e-05
6951,1.6691513905819917e-05
6952,1.6690564601740114e-05
6953,1.668961339607035e-05
6954,1.6688655505303615e-05
6955,1.668769761453693e-05
6956,1.6686742594473884e-05
6957,1.6685807430638626e-05
6958,1.66848703936351e-05
6959,1.6683912502868388e-05
6960,1.668296129730962e-05
6961,1.668199474225142e-05
6962,1.6681028187193206e-05
6963,1.6680067416952063e-05
6964,1.667912473801713e-05
6965,1.667817922534899e-05
6966,1.667723654641407e-05
6967,1.6676291033745895e-05
6968,1.6675345521077738e-05
6969,1.667440284214284e-05
6970,1.6673466742278545e-05
6971,1.6672525005922964e-05
6972,1.6671565196468844e-05
6973,1.6670612085656358e-05
6974,1.6669661831225646e-05
6975,1.6668721036672277e-05
6976,1.6667780242118905e-05
6977,1.666683661960544e-05
6978,1.6665894883360895e-05
6979,1.666494747676327e-05
6980,1.6664000070276686e-05
6981,1.6663052663790093e-05
6982,1.666210525730349e-05
6983,1.666115785081691e-05
6984,1.666021233814874e-05
6985,1.665926777105754e-05
6986,1.6658324148433056e-05
6987,1.6657383353879677e-05
6988,1.665643878678845e-05
6989,1.665549043194936e-05
6990,1.6654543972816075e-05
6991,1.6653574512304197e-05
6992,1.665260505179235e-05
6993,1.6651635591169438e-05
6994,1.6650666130657583e-05
6995,1.664969667014572e-05
6996,1.6648727209633847e-05
6997,1.664777600396405e-05
6998,1.6646816194509903e-05
6999,1.6645865940079225e-05
7000,1.6644914734520455e-05
7001,1.6643965430329644e-05
7002,1.664299887527144e-05
7003,1.6642032320213215e-05
7004,1.664107442944651e-05
7005,1.6640116538679816e-05
7006,1.6639156729225675e-05
7007,1.6638194997198326e-05
7008,1.6637235187855217e-05
7009,1.6636273455827865e-05
7010,1.6635311723911528e-05
7011,1.6634352874245202e-05
7012,1.6633399763432692e-05
7013,1.6632453304299407e-05
7014,1.6631500193375892e-05
7015,1.6630560339625514e-05
7016,1.6629620485875126e-05
7017,1.6628679691432766e-05
7018,1.6627742654429224e-05
7019,1.6626814017151048e-05
7020,1.6625867558017753e-05
7021,1.662492676346439e-05
7022,1.6623987849628825e-05
7023,1.662303854543802e-05
7024,1.6622089241247195e-05
7025,1.6621139937056377e-05
7026,1.6620193478034114e-05
7027,1.6619248910831875e-05
7028,1.66182919779656e-05
7029,1.6617332168511464e-05
7030,1.6616385709378185e-05
7031,1.6615432598565686e-05
7032,1.6614479487642174e-05
7033,1.661353869308878e-05
7034,1.661258367313677e-05
7035,1.661162865318478e-05
7036,1.6610673633121752e-05
7037,1.660971861316973e-05
7038,1.660876359321773e-05
7039,1.6607812387547934e-05
7040,1.6606861181989178e-05
7041,1.66059099763194e-05
7042,1.660496256983279e-05
7043,1.6604010412035748e-05
7044,1.6603051562369412e-05
7045,1.6602098451445897e-05
7046,1.660113960189058e-05
7047,1.6600194089222413e-05
7048,1.6599244785031598e-05
7049,1.6598291674108076e-05
7050,1.65973423700283e-05
7051,1.6596393065837503e-05
7052,1.65954550908065e-05
7053,1.6594501025868347e-05
7054,1.6593553619381755e-05
7055,1.659259859942974e-05
7056,1.6591661562426196e-05
7057,1.6590722648479612e-05
7058,1.658976762852759e-05
7059,1.658882871469202e-05
7060,1.6587887920138652e-05
7061,1.6586945241203736e-05
7062,1.6585990221251727e-05
7063,1.6585039966821026e-05
7064,1.6584092560334454e-05
7065,1.6583148937709944e-05
7066,1.65822053151965e-05
7067,1.6581261692572003e-05
7068,1.6580318070058553e-05
7069,1.6579378216308182e-05
7070,1.65784374217548e-05
7071,1.6577490962621524e-05
7072,1.6576550168179164e-05
7073,1.6575604655511014e-05
7074,1.6574658196377722e-05
7075,1.657371928254213e-05
7076,1.6572782245538608e-05
7077,1.657182243608445e-05
7078,1.6570866460119408e-05
7079,1.6569906650665257e-05
7080,1.6568963971730365e-05
7081,1.656801561689124e-05
7082,1.656706726205216e-05
7083,1.6566122694849923e-05
7084,1.6565166718884867e-05
7085,1.656422686524549e-05
7086,1.656327280019631e-05
7087,1.6562326341174043e-05
7088,1.6561372276235873e-05
7089,1.6560425817102604e-05
7090,1.6559471752164438e-05
7091,1.655852529303116e-05
7092,1.655757122809298e-05
7093,1.655662097366228e-05
7094,1.655566404068498e-05
7095,1.6554710929872478e-05
7096,1.6553764470739183e-05
7097,1.655281516654839e-05
7098,1.655185919058332e-05
7099,1.655090607977083e-05
7100,1.65499472301045e-05
7101,1.6548984535402766e-05
7102,1.6548025685847466e-05
7103,1.6547073528050415e-05
7104,1.654612137025334e-05
7105,1.654517111582266e-05
7106,1.6544220861391966e-05
7107,1.6543267750468428e-05
7108,1.6542314639655942e-05
7109,1.65413586636909e-05
7110,1.654040077281317e-05
7111,1.6539442882046438e-05
7112,1.6538482111916327e-05
7113,1.65375223024622e-05
7114,1.653655767952511e-05
7115,1.6535601703560065e-05
7116,1.6534644770693784e-05
7117,1.653368783782749e-05
7118,1.6532730904850204e-05
7119,1.6531773971983903e-05
7120,1.653081895203191e-05
7121,1.652986393207988e-05
7122,1.6528908912016863e-05
7123,1.6527953892064844e-05
7124,1.6526996001298158e-05
7125,1.6526038110531428e-05
7126,1.652508117766515e-05
7127,1.6524122327998815e-05
7128,1.6523172073568123e-05
7129,1.652221226411399e-05
7130,1.6521262959923188e-05
7131,1.6520315553436592e-05
7132,1.651934609292471e-05
7133,1.651838628347057e-05
7134,1.6517435077800797e-05
7135,1.6516474307670677e-05
7136,1.6515522149873625e-05
7137,1.6514565216896305e-05
7138,1.651361970433918e-05
7139,1.651267040014837e-05
7140,1.6511719194478584e-05
7141,1.6510766083666088e-05
7142,1.6509819624532782e-05
7143,1.650888164950181e-05
7144,1.650793234542202e-05
7145,1.6506978280372835e-05
7146,1.650602516956036e-05
7147,1.6505072058636814e-05
7148,1.6504123703797724e-05
7149,1.650316389434358e-05
7150,1.65022126886738e-05
7151,1.6501254797907108e-05
7152,1.650030359223731e-05
7153,1.6499349527299155e-05
7154,1.6498395462360995e-05
7155,1.6497445207930294e-05
7156,1.6496498748796995e-05
7157,1.6495560773877045e-05
7158,1.649460670893888e-05
7159,1.6493652643889686e-05
7160,1.649269857895152e-05
7161,1.6491744514013356e-05
7162,1.64907904490752e-05
7163,1.6489840194644494e-05
7164,1.6488886129706347e-05
7165,1.648793301878283e-05
7166,1.6486993165032444e-05
7167,1.648603814508042e-05
7168,1.6485086939410646e-05
7169,1.6484131919458637e-05
7170,1.6483180713788834e-05
7171,1.648222569383685e-05
7172,1.6481274488167042e-05
7173,1.6480319468215037e-05
7174,1.6479368262656266e-05
7175,1.6478415151732755e-05
7176,1.6477463946062966e-05
7177,1.647651653957639e-05
7178,1.6475562474638207e-05
7179,1.6474609363714688e-05
7180,1.6473651472947996e-05
7181,1.6472703118108882e-05
7182,1.647175476315875e-05
7183,1.647080640831965e-05
7184,1.6469855202760897e-05
7185,1.64689087436276e-05
7186,1.6467950852860912e-05
7187,1.6467001548670104e-05
7188,1.646604652871807e-05
7189,1.646509150865504e-05
7190,1.646413744371688e-05
7191,1.6463183378778713e-05
7192,1.646223502393961e-05
7193,1.6461280003876575e-05
7194,1.6460324983924572e-05
7195,1.6459369963972563e-05
7196,1.645841494402057e-05
7197,1.6457463738350778e-05
7198,1.645651727921748e-05
7199,1.645556225926547e-05
7200,1.6454609148341945e-05
7201,1.6453671173422012e-05
7202,1.645270171291013e-05
7203,1.645173419029255e-05
7204,1.645078203249551e-05
7205,1.6449830826825724e-05
7206,1.6448880572395006e-05
7207,1.644792746158251e-05
7208,1.6446973396644363e-05
7209,1.6446025041694238e-05
7210,1.6445070976756074e-05
7211,1.644411786583256e-05
7212,1.6443165708035498e-05
7213,1.644221450247673e-05
7214,1.6441260437538567e-05
7215,1.6440312082588452e-05
7216,1.6439358017650292e-05
7217,1.643840395271213e-05
7218,1.6437449887773965e-05
7219,1.6436496776850454e-05
7220,1.643554652241974e-05
7221,1.643459911593315e-05
7222,1.6433641225166436e-05
7223,1.643268429218915e-05
7224,1.643172735932285e-05
7225,1.6430767549868726e-05
7226,1.642981157390367e-05
7227,1.6428855598049633e-05
7228,1.642789866507234e-05
7229,1.642694268910727e-05
7230,1.6425985756240987e-05
7231,1.642502690657465e-05
7232,1.642406997370837e-05
7233,1.642311304084209e-05
7234,1.6422156107975806e-05
7235,1.6421199175109535e-05
7236,1.6420249870918714e-05
7237,1.64192881390024e-05
7238,1.641832448062709e-05
7239,1.6417376125787968e-05
7240,1.6416419192921684e-05
7241,1.6415472733788405e-05
7242,1.6414515800922115e-05
7243,1.6413567446083008e-05
7244,1.6412608596416686e-05
7245,1.6411649746750343e-05
7246,1.6410691855983643e-05
7247,1.6409735880018605e-05
7248,1.6408777989251895e-05
7249,1.640782009848518e-05
7250,1.6406863165618908e-05
7251,1.6405899507243592e-05
7252,1.6404942574377305e-05
7253,1.6403985641511017e-05
7254,1.6403028708644747e-05
7255,1.6402065050269418e-05
7256,1.6401109074415377e-05
7257,1.6400151183537666e-05
7258,1.6399191374194534e-05
7259,1.6398233483316802e-05
7260,1.639727655045054e-05
7261,1.6396319617584264e-05
7262,1.639536268471797e-05
7263,1.639440670875293e-05
7264,1.6393450732787862e-05
7265,1.6392494756822796e-05
7266,1.6391538780857747e-05
7267,1.639058280489269e-05
7268,1.6389626828927643e-05
7269,1.638867562336887e-05
7270,1.6387724417699093e-05
7271,1.6386773212029304e-05
7272,1.6385816279163013e-05
7273,1.6384859346296733e-05
7274,1.6383902413430476e-05
7275,1.638294548045316e-05
7276,1.638198854758689e-05
7277,1.6381033527634866e-05
7278,1.6380074677968534e-05
7279,1.6379110055031454e-05
7280,1.6378154079066405e-05
7281,1.6377200014128225e-05
7282,1.637624499417623e-05
7283,1.6375297587689637e-05
7284,1.637434161172458e-05
7285,1.6373385635759522e-05
7286,1.6372434430089723e-05
7287,1.6371465939024617e-05
7288,1.6370519479891308e-05
7289,1.6369572073404722e-05
7290,1.6368624666918144e-05
7291,1.6367661008653826e-05
7292,1.636670789773033e-05
7293,1.6365759542891225e-05
7294,1.6364804522939216e-05
7295,1.6363848546974147e-05
7296,1.636290208784086e-05
7297,1.6361958465216385e-05
7298,1.6361009161136576e-05
7299,1.6360053185171544e-05
7300,1.6359106726038228e-05
7301,1.6358160266904963e-05
7302,1.6357213807882683e-05
7303,1.635626450369186e-05
7304,1.635530852772683e-05
7305,1.6354362068593524e-05
7306,1.6353411814162822e-05
7307,1.6352455838197784e-05
7308,1.6351507483358667e-05
7309,1.635055912851956e-05
7310,1.634961077368046e-05
7311,1.6348662418730335e-05
7312,1.6347714063891225e-05
7313,1.6346759043939243e-05
7314,1.634580497900108e-05
7315,1.634485282120402e-05
7316,1.6343886266145788e-05
7317,1.6342928375379102e-05
7318,1.6341959884202957e-05
7319,1.6340991393137817e-05
7320,1.634002290207271e-05
7321,1.633906213194258e-05
7322,1.633810136170145e-05
7323,1.633714347093473e-05
7324,1.633618366148059e-05
7325,1.6335224811814274e-05
7326,1.633426596214792e-05
7327,1.633330711259261e-05
7328,1.6332348262926292e-05
7329,1.6331389413259942e-05
7330,1.6330438207701202e-05
7331,1.6329487002031417e-05
7332,1.6328535796361627e-05
7333,1.6327585542041938e-05
7334,1.6326628609064652e-05
7335,1.632567167619837e-05
7336,1.632471856527484e-05
7337,1.6323767359716086e-05
7338,1.6322823737091606e-05
7339,1.632187822453445e-05
7340,1.6320909733358323e-05
7341,1.631995852779956e-05
7342,1.6318993904862453e-05
7343,1.6318029281925377e-05
7344,1.631706465898829e-05
7345,1.631610003605121e-05
7346,1.6315135413225157e-05
7347,1.631417656355883e-05
7348,1.6313221543606805e-05
7349,1.6312270337937033e-05
7350,1.6311318180139974e-05
7351,1.6310366022342922e-05
7352,1.6309413864545867e-05
7353,1.6308461706748816e-05
7354,1.6307512402669037e-05
7355,1.6306560244871985e-05
7356,1.6305608087074926e-05
7357,1.6304657832644245e-05
7358,1.630370757821353e-05
7359,1.6302755420416478e-05
7360,1.6301791762152178e-05
7361,1.6300840556482385e-05
7362,1.629988744555887e-05
7363,1.6298936240000103e-05
7364,1.629798883351352e-05
7365,1.6297037627843722e-05
7366,1.6296086422173957e-05
7367,1.629513331136146e-05
7368,1.6294185904763843e-05
7369,1.6293229928798777e-05
7370,1.6292272995932493e-05
7371,1.6291315105165804e-05
7372,1.6290359129200728e-05
7373,1.6289402196334467e-05
7374,1.62884462203694e-05
7375,1.6287490244404356e-05
7376,1.6286534268439297e-05
7377,1.628557829247424e-05
7378,1.6284618483020093e-05
7379,1.6283655788429372e-05
7380,1.6282692130165075e-05
7381,1.6281735197187782e-05
7382,1.628077730642107e-05
7383,1.627981941565436e-05
7384,1.6278861524887663e-05
7385,1.6277903634120967e-05
7386,1.6276948614168944e-05
7387,1.627599359410591e-05
7388,1.6275037618140878e-05
7389,1.6274081642175798e-05
7390,1.6273123751409092e-05
7391,1.6272167775444036e-05
7392,1.627121275549203e-05
7393,1.6270263451301222e-05
7394,1.62693036418471e-05
7395,1.626835053103459e-05
7396,1.6267398373237547e-05
7397,1.6266445262314036e-05
7398,1.626549310451697e-05
7399,1.626453425485063e-05
7400,1.6263590632337174e-05
7401,1.626264889609263e-05
7402,1.6261697690422863e-05
7403,1.6260748386232048e-05
7404,1.6259795275419542e-05
7405,1.6258846920469427e-05
7406,1.625790046144716e-05
7407,1.6256954948778987e-05
7408,1.6256011326154497e-05
7409,1.6255065813597373e-05
7410,1.6254117458647254e-05
7411,1.6253170999624977e-05
7412,1.6252226432422752e-05
7413,1.6251283753487843e-05
7414,1.6250341074552917e-05
7415,1.6249398395618002e-05
7416,1.6248448141187314e-05
7417,1.6247499786348207e-05
7418,1.6246531295283098e-05
7419,1.6245562804217968e-05
7420,1.6244594313152835e-05
7421,1.624362582208772e-05
7422,1.6242657331022602e-05
7423,1.6241694636320865e-05
7424,1.624072904782281e-05
7425,1.623976827758166e-05
7426,1.623881134471539e-05
7427,1.623784672177831e-05
7428,1.6236892656840147e-05
7429,1.623594430200103e-05
7430,1.6234997842867742e-05
7431,1.6234049488028652e-05
7432,1.6233103028895344e-05
7433,1.6232154674056244e-05
7434,1.6231208214922955e-05
7435,1.6230259860083852e-05
7436,1.622931340095057e-05
7437,1.6228365046111457e-05
7438,1.6227422367176548e-05
7439,1.622648063093202e-05
7440,1.6225537951997108e-05
7441,1.6224583887058944e-05
7442,1.6223627911093885e-05
7443,1.622267575329684e-05
7444,1.6221723595499785e-05
7445,1.6220763786045638e-05
7446,1.621981543120654e-05
7447,1.6218856581540195e-05
7448,1.6217908226701095e-05
7449,1.621695416176295e-05
7450,1.6216006755165334e-05
7451,1.6215051735213308e-05
7452,1.621409192575919e-05
7453,1.6213135949794115e-05
7454,1.6212178059027412e-05
7455,1.62112201682607e-05
7456,1.6210262277494006e-05
7457,1.6209304386727287e-05
7458,1.620834361648616e-05
7459,1.6207383807032013e-05
7460,1.62064306961085e-05
7461,1.6205471846553184e-05
7462,1.6204524440066606e-05
7463,1.620356942000356e-05
7464,1.6202619165572852e-05
7465,1.6201659356229747e-05
7466,1.6200709101799056e-05
7467,1.619975025213272e-05
7468,1.619879999770203e-05
7469,1.6197846886778503e-05
7470,1.6196892821840326e-05
7471,1.6195934931073633e-05
7472,1.6194977040306924e-05
7473,1.6194019149540228e-05
7474,1.6193064129477172e-05
7475,1.6192111971680127e-05
7476,1.619115503881385e-05
7477,1.6190196189258537e-05
7478,1.6189241169195505e-05
7479,1.618830037475315e-05
7480,1.6187358638397604e-05
7481,1.618639014733246e-05
7482,1.61854502935821e-05
7483,1.6184508557337545e-05
7484,1.6183560202498455e-05
7485,1.6182608044701393e-05
7486,1.6181657790270698e-05
7487,1.61807027703187e-05
7488,1.6179747750366666e-05
7489,1.6178804127742187e-05
7490,1.6177859560650983e-05
7491,1.6176915938026514e-05
7492,1.6175965683706818e-05
7493,1.617502864670327e-05
7494,1.6174091609699723e-05
7495,1.617313467683347e-05
7496,1.617217582716712e-05
7497,1.6171224621497348e-05
7498,1.6170275317306516e-05
7499,1.6169320297354514e-05
7500,1.616837667484107e-05
7501,1.6167432107638827e-05
7502,1.6166473258083517e-05
7503,1.616552963545902e-05
7504,1.616457174469233e-05
7505,1.6163629065757416e-05
7506,1.6162691090837442e-05
7507,1.616174463170417e-05
7508,1.6160801009079687e-05
7509,1.6159860214637334e-05
7510,1.6158919420083955e-05
7511,1.6157981445164018e-05
7512,1.6157035932495858e-05
7513,1.615606744143072e-05
7514,1.615511050845342e-05
7515,1.6154144919955357e-05
7516,1.615319085501721e-05
7517,1.6152231045563067e-05
7518,1.6151267387298763e-05
7519,1.6150302764361684e-05
7520,1.6149351558802927e-05
7521,1.6148390788561774e-05
7522,1.6147435768609768e-05
7523,1.614649779357879e-05
7524,1.6145547539148108e-05
7525,1.614460768539772e-05
7526,1.6143656479838956e-05
7527,1.6142710967170792e-05
7528,1.6141764508037514e-05
7529,1.6140816153198394e-05
7530,1.61398715861072e-05
7531,1.613892323115705e-05
7532,1.6137984317321493e-05
7533,1.6137041638386595e-05
7534,1.613610272455101e-05
7535,1.613515247012031e-05
7536,1.6134198405182157e-05
7537,1.6133244340132965e-05
7538,1.6132290275194805e-05
7539,1.61313428687082e-05
7540,1.6130400189773287e-05
7541,1.6129447078849782e-05
7542,1.6128493967926257e-05
7543,1.6127540857113758e-05
7544,1.6126587746190236e-05
7545,1.6125635588393184e-05
7546,1.612467193012891e-05
7547,1.612372830750442e-05
7548,1.612278374041321e-05
7549,1.612183158261614e-05
7550,1.612088890368123e-05
7551,1.6119936745884196e-05
7552,1.6118984588087137e-05
7553,1.611803338241734e-05
7554,1.611708502757824e-05
7555,1.6116140460487025e-05
7556,1.611518734956352e-05
7557,1.6114242782472313e-05
7558,1.6113306682497e-05
7559,1.6112368707577037e-05
7560,1.6111415596653522e-05
7561,1.6110466292462714e-05
7562,1.610951508679293e-05
7563,1.610856862777065e-05
7564,1.610763065273968e-05
7565,1.6106690798989285e-05
7566,1.610574812005439e-05
7567,1.6104805441119488e-05
7568,1.6103862762184576e-05
7569,1.6102920083249643e-05
7570,1.610198116941409e-05
7571,1.6101041315663686e-05
7572,1.610009580299553e-05
7573,1.609915123590433e-05
7574,1.609819238623801e-05
7575,1.609723832129983e-05
7576,1.609628521037631e-05
7577,1.609535750168867e-05
7578,1.6094418587853112e-05
7579,1.6093482487877786e-05
7580,1.6092525555011492e-05
7581,1.6091577200172406e-05
7582,1.6090626945741717e-05
7583,1.6089678590902594e-05
7584,1.608872643310554e-05
7585,1.608776758343921e-05
7586,1.6086809692672507e-05
7587,1.608585084300618e-05
7588,1.608489103355205e-05
7589,1.6083938875754978e-05
7590,1.608298098498829e-05
7591,1.6082029779429522e-05
7592,1.608107092976319e-05
7593,1.6080127307138693e-05
7594,1.6079178003058917e-05
7595,1.6078225845261876e-05
7596,1.607727654107105e-05
7597,1.6076324383274006e-05
7598,1.6075370318335822e-05
7599,1.6074412427569126e-05
7600,1.6073455494702835e-05
7601,1.6072503336905783e-05
7602,1.607154640392848e-05
7603,1.6070585633798387e-05
7604,1.6069621975423057e-05
7605,1.6068658317158757e-05
7606,1.60676927286607e-05
7607,1.6066737708708687e-05
7608,1.6065778859042358e-05
7609,1.6064828604611676e-05
7610,1.6063869754945323e-05
7611,1.606291090539002e-05
7612,1.6061952055723694e-05
7613,1.606099799078552e-05
7614,1.606004392584736e-05
7615,1.605908986079819e-05
7616,1.6058135795860018e-05
7617,1.6057181730921868e-05
7618,1.6056227665983684e-05
7619,1.605527360104553e-05
7620,1.605431953599634e-05
7621,1.6053365471058165e-05
7622,1.6052408538191908e-05
7623,1.6051449688525565e-05
7624,1.6050495623587402e-05
7625,1.6049538690721114e-05
7626,1.6048582714756072e-05
7627,1.6047624823989346e-05
7628,1.6046664053748206e-05
7629,1.6045722317503664e-05
7630,1.6044777750412478e-05
7631,1.6043836014056887e-05
7632,1.6042889555034637e-05
7633,1.6041946876099735e-05
7634,1.6040993765176204e-05
7635,1.6040042559506428e-05
7636,1.603907406844129e-05
7637,1.6038105577376185e-05
7638,1.6037137086311052e-05
7639,1.603616859524592e-05
7640,1.603520010418081e-05
7641,1.6034231613115672e-05
7642,1.603328420651806e-05
7643,1.6032338693960913e-05
7644,1.6031378884506776e-05
7645,1.6030420034840447e-05
7646,1.6029463101974166e-05
7647,1.6028510944177108e-05
7648,1.602756637708591e-05
7649,1.6026611357022876e-05
7650,1.6025660151464116e-05
7651,1.602470894579432e-05
7652,1.6023770031958775e-05
7653,1.6022814055993692e-05
7654,1.6021858080028657e-05
7655,1.6020899230362308e-05
7656,1.6019951823875726e-05
7657,1.601900251968492e-05
7658,1.6018053215494102e-05
7659,1.6017103911414303e-05
7660,1.60161565048167e-05
7661,1.601520434701964e-05
7662,1.60142521893336e-05
7663,1.6013303834383475e-05
7664,1.6012351676586447e-05
7665,1.6011399518900394e-05
7666,1.6010449264469703e-05
7667,1.6009497106672648e-05
7668,1.6008546852241943e-05
7669,1.6007594694444918e-05
7670,1.6006649181776748e-05
7671,1.6005690332110408e-05
7672,1.6004731482555105e-05
7673,1.6003780276885312e-05
7674,1.600282811908825e-05
7675,1.600187596129121e-05
7676,1.6000919985326156e-05
7677,1.599996687451366e-05
7678,1.5999008024847334e-05
7679,1.599806251217917e-05
7680,1.599711225774846e-05
7681,1.599616009995141e-05
7682,1.599520984552072e-05
7683,1.5994250995965406e-05
7684,1.5993282504900286e-05
7685,1.5992314013835156e-05
7686,1.5991345522659007e-05
7687,1.5990388589792737e-05
7688,1.5989430699026027e-05
7689,1.5988484239892742e-05
7690,1.5987518651394704e-05
7691,1.5986557881264577e-05
7692,1.5985601905299528e-05
7693,1.5984652601108696e-05
7694,1.598370329691791e-05
7695,1.598275113912083e-05
7696,1.59817989813238e-05
7697,1.5980845870400287e-05
7698,1.5979896566320487e-05
7699,1.597893867555378e-05
7700,1.5977994108351552e-05
7701,1.5977040997428027e-05
7702,1.5976090743108348e-05
7703,1.597513858531129e-05
7704,1.5974186427514244e-05
7705,1.5973236173083546e-05
7706,1.5972284015286504e-05
7707,1.5971336608799912e-05
7708,1.5970385403130106e-05
7709,1.5969431338191943e-05
7710,1.5968476318239937e-05
7711,1.5967521298176905e-05
7712,1.596656627822491e-05
7713,1.5965616974034095e-05
7714,1.596466481623704e-05
7715,1.596371456180633e-05
7716,1.5962762404120312e-05
7717,1.5961813099929494e-05
7718,1.5960862845498816e-05
7719,1.595991068770175e-05
7720,1.5958960433271062e-05
7721,1.595800158360471e-05
7722,1.5957050378045956e-05
7723,1.5956101073855134e-05
7724,1.5955148916058093e-05
7725,1.5954210941138133e-05
7726,1.5953252091471814e-05
7727,1.5952313177636228e-05
7728,1.595136197196646e-05
7729,1.5950412667775624e-05
7730,1.5949460509978593e-05
7731,1.594850166042328e-05
7732,1.5947541850969128e-05
7733,1.5946583960091403e-05
7734,1.5945631802405394e-05
7735,1.594467964460833e-05
7736,1.5943727486811273e-05
7737,1.5942777232380592e-05
7738,1.594182697794987e-05
7739,1.5940868128283558e-05
7740,1.593990927872824e-05
7741,1.5938950429061894e-05
7742,1.5937993496195634e-05
7743,1.593704324176493e-05
7744,1.5936087265799863e-05
7745,1.5935135108002815e-05
7746,1.593418485357211e-05
7747,1.5933238394438824e-05
7748,1.5932283374486832e-05
7749,1.5931332168817033e-05
7750,1.5930385709794777e-05
7751,1.5929429733829728e-05
7752,1.5928477576032666e-05
7753,1.5927521600067603e-05
7754,1.5926565624102544e-05
7755,1.5925609648137502e-05
7756,1.5924653672172433e-05
7757,1.592369769620738e-05
7758,1.592274172024234e-05
7759,1.592178574427726e-05
7760,1.592083833779068e-05
7761,1.591988236182561e-05
7762,1.5918926385860566e-05
7763,1.591797040989551e-05
7764,1.591701443393044e-05
7765,1.591605558437515e-05
7766,1.591509960841008e-05
7767,1.591413305335187e-05
7768,1.5913169394976546e-05
7769,1.5912217237179515e-05
7770,1.5911256467049394e-05
7771,1.5910295696808255e-05
7772,1.5909338763941954e-05
7773,1.5908382787976915e-05
7774,1.590742681201184e-05
7775,1.5906466041770716e-05
7776,1.590551958263742e-05
7777,1.5904575960123963e-05
7778,1.5903630447455786e-05
7779,1.590266775286507e-05
7780,1.5901706020948755e-05
7781,1.590075386315172e-05
7782,1.5899801705354655e-05
7783,1.589884859443115e-05
7784,1.589789548350762e-05
7785,1.5896932788916903e-05
7786,1.5895970094215163e-05
7787,1.5895015074263164e-05
7788,1.5894060054311154e-05
7789,1.5893105034359145e-05
7790,1.5892150969309956e-05
7791,1.5891196904371782e-05
7792,1.589024283943364e-05
7793,1.5889292585002944e-05
7794,1.588834233057223e-05
7795,1.588738731062022e-05
7796,1.5886432290668224e-05
7797,1.5885477270605193e-05
7798,1.588452225065317e-05
7799,1.588356723070116e-05
7800,1.5882611254736126e-05
7801,1.5881655278771066e-05
7802,1.5880701213832896e-05
7803,1.587973851913117e-05
7804,1.5878785408318673e-05
7805,1.587782271361693e-05
7806,1.5876867693664934e-05
7807,1.5875913628726757e-05
7808,1.587496337429606e-05
7809,1.5874017861627895e-05
7810,1.5873061885662856e-05
7811,1.5872107820724672e-05
7812,1.5871157566293988e-05
7813,1.5870190043676416e-05
7814,1.5869222521058823e-05
7815,1.586826558819254e-05
7816,1.5867311523254376e-05
7817,1.5866357458316206e-05
7818,1.5865412891113977e-05
7819,1.586446737855686e-05
7820,1.586351902360672e-05
7821,1.5862574456515514e-05
7822,1.5861627050028915e-05
7823,1.5860670117162624e-05
7824,1.585972554996039e-05
7825,1.585878098286918e-05
7826,1.5857836415777992e-05
7827,1.585689184857575e-05
7828,1.585594538955348e-05
7829,1.5854988456576183e-05
7830,1.5854041997553907e-05
7831,1.5853094590956296e-05
7832,1.585214433652561e-05
7833,1.585119408220592e-05
7834,1.5850246675608317e-05
7835,1.584929926912172e-05
7836,1.5848349014691007e-05
7837,1.5847398760260322e-05
7838,1.5846448505829603e-05
7839,1.5845498251398922e-05
7840,1.5844547996968227e-05
7841,1.584359774264853e-05
7842,1.5842649387698405e-05
7843,1.5841695322760252e-05
7844,1.5840741257822102e-05
7845,1.583978719288392e-05
7846,1.5838833127834743e-05
7847,1.583788001702225e-05
7848,1.5836925952084077e-05
7849,1.583597474641429e-05
7850,1.5835021635490786e-05
7851,1.583405701255368e-05
7852,1.583310103658865e-05
7853,1.5832137378324327e-05
7854,1.5831173720060053e-05
7855,1.5830225365220927e-05
7856,1.5829277958623332e-05
7857,1.5828322938671303e-05
7858,1.5827372684240615e-05
7859,1.5826428117149405e-05
7860,1.5825480710662802e-05
7861,1.582452186099648e-05
7862,1.5823569703199428e-05
7863,1.5822617545402366e-05
7864,1.5821650022784808e-05
7865,1.5820682500278238e-05
7866,1.5819714977660653e-05
7867,1.5818767571174054e-05
7868,1.581780391290977e-05
7869,1.5816840254534455e-05
7870,1.5815876596270154e-05
7871,1.5814911973333068e-05
7872,1.581394831506877e-05
7873,1.5812982726570717e-05
7874,1.5812023876904398e-05
7875,1.5811061182313676e-05
7876,1.5810102332647336e-05
7877,1.5809152078216645e-05
7878,1.5808197058264636e-05
7879,1.5807248703425533e-05
7880,1.5806292727460484e-05
7881,1.580534342326966e-05
7882,1.5804392217599873e-05
7883,1.5803440059802828e-05
7884,1.580248980537214e-05
7885,1.5801540501292337e-05
7886,1.5800591197101536e-05
7887,1.579963042686038e-05
7888,1.5798673493994115e-05
7889,1.579771560322739e-05
7890,1.5796767248277274e-05
7891,1.579581509059124e-05
7892,1.5794862932794206e-05
7893,1.5793910774997137e-05
7894,1.5792958617200082e-05
7895,1.5792006459403034e-05
7896,1.5791054301605986e-05
7897,1.579010214380893e-05
7898,1.5789149986011896e-05
7899,1.5788197828214844e-05
7900,1.5787245670417782e-05
7901,1.578629351273175e-05
7902,1.5785343258301068e-05
7903,1.578438632532374e-05
7904,1.5783428434557055e-05
7905,1.5782472458592e-05
7906,1.5781521253033216e-05
7907,1.578056240336689e-05
7908,1.577961024556983e-05
7909,1.5778658087772787e-05
7910,1.5777705929975745e-05
7911,1.577675377217869e-05
7912,1.5775797796324653e-05
7913,1.5774841820359587e-05
7914,1.5773885844394542e-05
7915,1.5772929868429483e-05
7916,1.577196621005417e-05
7917,1.577100255178986e-05
7918,1.5770051346231106e-05
7919,1.576909918843405e-05
7920,1.5768146077510536e-05
7921,1.5767193919713478e-05
7922,1.5766241761916426e-05
7923,1.5765287696978263e-05
7924,1.5764337442547568e-05
7925,1.576338623687779e-05
7926,1.5762428346111072e-05
7927,1.5761469496444747e-05
7928,1.576050776452842e-05
7929,1.5759545069937698e-05
7930,1.5758593864267933e-05
7931,1.5757642658709162e-05
7932,1.5756683809042836e-05
7933,1.5755725918276106e-05
7934,1.575477376047908e-05
7935,1.575381969554091e-05
7936,1.5752867537743867e-05
7937,1.575192485880895e-05
7938,1.5750984064255582e-05
7939,1.5750046089335602e-05
7940,1.5749109989360306e-05
7941,1.574816258287371e-05
7942,1.574721707020553e-05
7943,1.5746270611072245e-05
7944,1.5745326043981038e-05
7945,1.5744380531312875e-05
7946,1.5743413008695303e-05
7947,1.5742454159139996e-05
7948,1.574149722616269e-05
7949,1.5740535494246356e-05
7950,1.5739577603479656e-05
7951,1.5738621627514604e-05
7952,1.5737655072456388e-05
7953,1.5736698139590124e-05
7954,1.5735745981793056e-05
7955,1.5734799522659767e-05
7956,1.573385495556856e-05
7957,1.5732900890630397e-05
7958,1.5731944914665348e-05
7959,1.5730990849616162e-05
7960,1.5730035829664136e-05
7961,1.5729083671867098e-05
7962,1.5728130560943573e-05
7963,1.5727179355384816e-05
7964,1.5726240441438225e-05
7965,1.5725287330625726e-05
7966,1.5724337076195027e-05
7967,1.5723385870525238e-05
7968,1.5722430850573232e-05
7969,1.5721485337905066e-05
7970,1.5720529361940013e-05
7971,1.571958195545341e-05
7972,1.5718635496320146e-05
7973,1.571768238550763e-05
7974,1.5716730227710588e-05
7975,1.571577711678707e-05
7976,1.5714821140822017e-05
7977,1.57138680298985e-05
7978,1.5712917775467787e-05
7979,1.571196275551577e-05
7980,1.5711007735563772e-05
7981,1.571005271550074e-05
7982,1.5709097695548735e-05
7983,1.570814171958367e-05
7984,1.5707191465152984e-05
7985,1.570624121072229e-05
7986,1.570529569816513e-05
7987,1.5704350185496975e-05
7988,1.5703397074573456e-05
7989,1.5702448719734373e-05
7990,1.5701503207066213e-05
7991,1.5700547231101158e-05
7992,1.5699588381434815e-05
7993,1.56986333614828e-05
7994,1.5697682155924042e-05
7995,1.5696723306257723e-05
7996,1.5695767330292647e-05
7997,1.569481992380606e-05
7998,1.5693870619615257e-05
7999,1.5692920365184552e-05
8000,1.5691970110753843e-05
8001,1.569101795295681e-05
8002,1.5690062933004796e-05
8003,1.5689106957039727e-05
8004,1.568814810737339e-05
8005,1.5687193087421388e-05
8006,1.5686238067469382e-05
8007,1.568528304740634e-05
8008,1.5684327071552318e-05
8009,1.568337109558727e-05
8010,1.5682415119622196e-05
8011,1.5681459143657157e-05
8012,1.568050603273364e-05
8013,1.5679549099867358e-05
8014,1.567859216700106e-05
8015,1.5677634276123356e-05
8016,1.567668021118519e-05
8017,1.567572423522013e-05
8018,1.567477682873352e-05
8019,1.5673831316065368e-05
8020,1.5672875340100312e-05
8021,1.5671917449333606e-05
8022,1.5670949926827036e-05
8023,1.5669982404209474e-05
8024,1.5669014881591885e-05
8025,1.56680473589743e-05
8026,1.5667101846417175e-05
8027,1.566614587045213e-05
8028,1.5665210706616854e-05
8029,1.5664268027570917e-05
8030,1.5663326291326375e-05
8031,1.5662381724235178e-05
8032,1.566143146980448e-05
8033,1.5660485957136303e-05
8034,1.5659529981171257e-05
8035,1.565858635865781e-05
8036,1.5657638952171215e-05
8037,1.56566858412477e-05
8038,1.5655740328579533e-05
8039,1.5654790074148838e-05
8040,1.5653836009210674e-05
8041,1.565288289828714e-05
8042,1.5651928833348976e-05
8043,1.5650983320680812e-05
8044,1.565004346693043e-05
8045,1.564910361329109e-05
8046,1.5648159990666603e-05
8047,1.5647215423575396e-05
8048,1.5646268964442094e-05
8049,1.5645321557955505e-05
8050,1.5644355002897292e-05
8051,1.5643405698706487e-05
8052,1.5642446849040158e-05
8053,1.5641510749175854e-05
8054,1.5640575585229567e-05
8055,1.563963196271611e-05
8056,1.5638693048880537e-05
8057,1.5637750369834617e-05
8058,1.563680863359008e-05
8059,1.56358697197545e-05
8060,1.563492704081958e-05
8061,1.5633984361884675e-05
8062,1.5633045447938094e-05
8063,1.563210276900317e-05
8064,1.5631163855167597e-05
8065,1.5630221176232688e-05
8066,1.5629282262397116e-05
8067,1.5628343348450535e-05
8068,1.562739404425971e-05
8069,1.562644093344723e-05
8070,1.5625487822523702e-05
8071,1.5624548908688134e-05
8072,1.5623593888625123e-05
8073,1.562263982368694e-05
8074,1.5621688618017146e-05
8075,1.562072592342644e-05
8076,1.5619761300489365e-05
8077,1.5618815787821215e-05
8078,1.5617866483741406e-05
8079,1.561692474738586e-05
8080,1.5615983011141303e-05
8081,1.5615035604654728e-05
8082,1.5614085350224016e-05
8083,1.561313889109074e-05
8084,1.5612199977255162e-05
8085,1.561124877158537e-05
8086,1.561030136509877e-05
8087,1.5609349207301726e-05
8088,1.560840841285938e-05
8089,1.5607472312884063e-05
8090,1.5606531518330687e-05
8091,1.5605591664580306e-05
8092,1.5604651810829938e-05
8093,1.560371195719056e-05
8094,1.56027721034402e-05
8095,1.5601836003464875e-05
8096,1.5600890490796715e-05
8097,1.5599947811861796e-05
8098,1.559900607561725e-05
8099,1.5598063396682352e-05
8100,1.559711693754907e-05
8101,1.559617047841576e-05
8102,1.559522022398508e-05
8103,1.5594266159046896e-05
8104,1.559334030487581e-05
8105,1.559238719395228e-05
8106,1.5591434083139798e-05
8107,1.5590476192262066e-05
8108,1.5589524986703306e-05
8109,1.5588570921765126e-05
8110,1.558762066733444e-05
8111,1.558666469136938e-05
8112,1.5585706800602672e-05
8113,1.558474890983598e-05
8114,1.5583812809860643e-05
8115,1.5582874834829667e-05
8116,1.558193309858514e-05
8117,1.5580980940788077e-05
8118,1.558002305002138e-05
8119,1.5579070892224323e-05
8120,1.5578114916259257e-05
8121,1.5577153184342947e-05
8122,1.557618856140586e-05
8123,1.5575236403608805e-05
8124,1.5574281383656806e-05
8125,1.557332922585973e-05
8126,1.5572373249894696e-05
8127,1.5571417273929636e-05
8128,1.557046416311714e-05
8129,1.5569511052193612e-05
8130,1.5568557941270087e-05
8131,1.5567601965305048e-05
8132,1.5566648854381516e-05
8133,1.5565692878416477e-05
8134,1.5564739767603968e-05
8135,1.5563786656680466e-05
8136,1.5562828765913763e-05
8137,1.5561872789948704e-05
8138,1.5560916813983628e-05
8139,1.5559960838018583e-05
8140,1.5559003905152312e-05
8141,1.5558047929187243e-05
8142,1.555708234068921e-05
8143,1.5556127320626174e-05
8144,1.5555171344772127e-05
8145,1.5554217279722938e-05
8146,1.5553263214784785e-05
8147,1.5552304365118445e-05
8148,1.5551361686183527e-05
8149,1.555041333134444e-05
8150,1.554946212567466e-05
8151,1.5548506149820625e-05
8152,1.5547560637152448e-05
8153,1.554661890090791e-05
8154,1.5545676221973004e-05
8155,1.5544733543038078e-05
8156,1.554378803036994e-05
8157,1.5542846294125386e-05
8158,1.5541903615190478e-05
8159,1.5540963761440083e-05
8160,1.553999623882253e-05
8161,1.5539033544231793e-05
8162,1.5538068921294737e-05
8163,1.5537119617103922e-05
8164,1.5536160767437572e-05
8165,1.5535199997307465e-05
8166,1.5534242106429716e-05
8167,1.553328421566303e-05
8168,1.5532326324896327e-05
8169,1.5531381757805114e-05
8170,1.553044378277414e-05
8171,1.552949827021698e-05
8172,1.552855275754882e-05
8173,1.5527607244880674e-05
8174,1.5526661732212517e-05
8175,1.5525718109699046e-05
8176,1.552477354249682e-05
8177,1.552382233693805e-05
8178,1.5522870179141002e-05
8179,1.5521925612049792e-05
8180,1.5520968679072492e-05
8181,1.552002976523693e-05
8182,1.5519077607439872e-05
8183,1.5518127353009177e-05
8184,1.5517188439173595e-05
8185,1.5516228629719478e-05
8186,1.5515268820265333e-05
8187,1.551431951607452e-05
8188,1.551337210958791e-05
8189,1.551242565045464e-05
8190,1.5511492356012895e-05
8191,1.5510537336060902e-05
8192,1.5509582316108883e-05
8193,1.550863396115876e-05
8194,1.5507685606319665e-05
8195,1.5506728673453367e-05
8196,1.5505776515656312e-05
8197,1.550482053969126e-05
8198,1.5503857845100565e-05
8199,1.5502899954333845e-05
8200,1.5501942063456127e-05
8201,1.5500984172689414e-05
8202,1.5500027239823126e-05
8203,1.5499070306956846e-05
8204,1.5498129512403477e-05
8205,1.5497186833468575e-05
8206,1.5496236579037856e-05
8207,1.549527676958372e-05
8208,1.5494327465392917e-05
8209,1.5493379110553824e-05
8210,1.5492424090601795e-05
8211,1.549147002566363e-05
8212,1.549051977123295e-05
8213,1.548956666030944e-05
8214,1.5488615454639653e-05
8215,1.54876479321331e-05
8216,1.548668040951552e-05
8217,1.5485712886897922e-05
8218,1.5484760729100867e-05
8219,1.5483797070836573e-05
8220,1.5482829548219005e-05
8221,1.5481871657452295e-05
8222,1.548090992553597e-05
8223,1.5479960621345147e-05
8224,1.5479006556406997e-05
8225,1.54780553507372e-05
8226,1.5477105096306516e-05
8227,1.5476156741467403e-05
8228,1.5475206487036704e-05
8229,1.5474248596269995e-05
8230,1.5473293576317992e-05
8231,1.547233855636597e-05
8232,1.547138449131681e-05
8233,1.5470436136477684e-05
8234,1.546948493091892e-05
8235,1.546852704004121e-05
8236,1.546757963355461e-05
8237,1.546662556861643e-05
8238,1.5465679109483168e-05
8239,1.5464731702996573e-05
8240,1.546377381222985e-05
8241,1.5462821654432798e-05
8242,1.546186949663574e-05
8243,1.5460920192444935e-05
8244,1.545996803464788e-05
8245,1.5459018730568104e-05
8246,1.545807227143481e-05
8247,1.545711725148281e-05
8248,1.545616604581301e-05
8249,1.5455221478721803e-05
8250,1.54542712242911e-05
8251,1.5453320018621313e-05
8252,1.545236212785462e-05
8253,1.5451413773015503e-05
8254,1.5450458753063497e-05
8255,1.5449504688014315e-05
8256,1.5448556333175222e-05
8257,1.5447608926688623e-05
8258,1.5446653906736597e-05
8259,1.544569984168743e-05
8260,1.5444750537607642e-05
8261,1.544380502493948e-05
8262,1.5442854770508764e-05
8263,1.5441899750556765e-05
8264,1.544094568550759e-05
8265,1.54399887526413e-05
8266,1.5439042293508006e-05
8267,1.543809298942821e-05
8268,1.5437141783758424e-05
8269,1.5436206619923183e-05
8270,1.5435258265084066e-05
8271,1.543430896089327e-05
8272,1.5433353940941242e-05
8273,1.543239892087822e-05
8274,1.5431443900926205e-05
8275,1.543048888097421e-05
8276,1.5429532905009143e-05
8277,1.5428575014242447e-05
8278,1.542762094930427e-05
8279,1.5426666884255088e-05
8280,1.5425712819316938e-05
8281,1.5424758754378758e-05
8282,1.5423808499948063e-05
8283,1.542284965028172e-05
8284,1.5421904137724603e-05
8285,1.5420955782774474e-05
8286,1.5420007427935377e-05
8287,1.541905907309625e-05
8288,1.541811071825715e-05
8289,1.541716236330705e-05
8290,1.5416210205620996e-05
8291,1.541525899995123e-05
8292,1.5414306842154175e-05
8293,1.5413351822202173e-05
8294,1.541240061653237e-05
8295,1.5411449410862598e-05
8296,1.541049534592441e-05
8297,1.5409543188127362e-05
8298,1.540858529736068e-05
8299,1.5407632186437158e-05
8300,1.5406671416307037e-05
8301,1.5405714483440757e-05
8302,1.540476422901004e-05
8303,1.5403813974579343e-05
8304,1.5402864670388532e-05
8305,1.5401914415957854e-05
8306,1.540096606111874e-05
8307,1.540001675692793e-05
8308,1.53990502018697e-05
8309,1.539809613693156e-05
8310,1.5397140160966494e-05
8311,1.539619085677569e-05
8312,1.539524155258486e-05
8313,1.539429224839407e-05
8314,1.5393337228442053e-05
8315,1.5392382208490044e-05
8316,1.539142431772333e-05
8317,1.539047501353253e-05
8318,1.5389519993580514e-05
8319,1.5388556335205188e-05
8320,1.5387589780146972e-05
8321,1.53866423736604e-05
8322,1.538569401882128e-05
8323,1.538474566398217e-05
8324,1.5383793506185118e-05
8325,1.5382828883248045e-05
8326,1.538187003358171e-05
8327,1.538091022412758e-05
8328,1.5379955204175552e-05
8329,1.537899922821051e-05
8330,1.53780518217239e-05
8331,1.53770968017719e-05
8332,1.5376141781708884e-05
8333,1.537518389094217e-05
8334,1.537422887099017e-05
8335,1.5373265212725862e-05
8336,1.5372301554350543e-05
8337,1.5371337896086252e-05
8338,1.5370374237821942e-05
8339,1.536941057955765e-05
8340,1.5368448847530306e-05
8341,1.5367491914664022e-05
8342,1.5366535938698973e-05
8343,1.53655790058327e-05
8344,1.5364618235591533e-05
8345,1.5363667981160838e-05
8346,1.5362707211030714e-05
8347,1.536174644078957e-05
8348,1.5360785670548448e-05
8349,1.5359834464989664e-05
8350,1.535887848902463e-05
8351,1.535792251305957e-05
8352,1.5356966537094497e-05
8353,1.5356006727640356e-05
8354,1.5355044995724043e-05
8355,1.5354089019758994e-05
8356,1.5353133043793942e-05
8357,1.5352177067828883e-05
8358,1.5351221091863807e-05
8359,1.5350266071911808e-05
8360,1.534931105184879e-05
8361,1.5348356031896764e-05
8362,1.5347406727705966e-05
8363,1.534645742351516e-05
8364,1.534550811943536e-05
8365,1.5344558815244553e-05
8366,1.534360951105373e-05
8367,1.5342655446115558e-05
8368,1.5341701381177398e-05
8369,1.53407482702539e-05
8370,1.5339798015823178e-05
8371,1.5338855336888286e-05
8372,1.5337894566647143e-05
8373,1.533693187205642e-05
8374,1.5335971101815286e-05
8375,1.533501416894901e-05
8376,1.5334060104010838e-05
8377,1.5333106993087316e-05
8378,1.533215768889651e-05
8379,1.5331208384705707e-05
8380,1.5330253364753694e-05
8381,1.5329299299815528e-05
8382,1.5328354732613302e-05
8383,1.532740637777418e-05
8384,1.5326458022935096e-05
8385,1.5325503957996936e-05
8386,1.5324545108330583e-05
8387,1.5323592950533528e-05
8388,1.5322635059766838e-05
8389,1.532169049267561e-05
8390,1.5320735472612593e-05
8391,1.5319790905521377e-05
8392,1.5318845392853216e-05
8393,1.5317891327915056e-05
8394,1.531693821699154e-05
8395,1.531598701143277e-05
8396,1.5315042444230552e-05
8397,1.531409598520828e-05
8398,1.531314952607498e-05
8399,1.5312204013406837e-05
8400,1.5311252807737035e-05
8401,1.5310296831883e-05
8402,1.530934942528539e-05
8403,1.5308402018798795e-05
8404,1.5307455559665506e-05
8405,1.5306509100643236e-05
8406,1.53055540805802e-05
8407,1.530460667409361e-05
8408,1.530365736990281e-05
8409,1.5302704259090295e-05
8410,1.5301749239027267e-05
8411,1.530079612821479e-05
8412,1.5299843017291252e-05
8413,1.5298889906367754e-05
8414,1.5297936795444212e-05
8415,1.5296983684631726e-05
8416,1.5296030573708205e-05
8417,1.5295079368038422e-05
8418,1.5294130063847607e-05
8419,1.529317599890946e-05
8420,1.5292221933971284e-05
8421,1.529126691401928e-05
8422,1.5290311893956233e-05
8423,1.5289356874004224e-05
8424,1.5288401854052225e-05
8425,1.5287446834100216e-05
8426,1.5286482211163136e-05
8427,1.5285527191211134e-05
8428,1.52845740802876e-05
8429,1.5283627621154327e-05
8430,1.5282682108486143e-05
8431,1.528173375364705e-05
8432,1.528078539880795e-05
8433,1.527983704396885e-05
8434,1.527888678953815e-05
8435,1.5277940330404867e-05
8436,1.5276991026214062e-05
8437,1.5276043619727446e-05
8438,1.527508859977544e-05
8439,1.527413644197839e-05
8440,1.5273184284181344e-05
8441,1.5272234979990536e-05
8442,1.5271291357477075e-05
8443,1.527034015180727e-05
8444,1.5269388946137493e-05
8445,1.5268435835324987e-05
8446,1.5267480815261966e-05
8447,1.5266518120671254e-05
8448,1.5265566915001465e-05
8449,1.526461093903642e-05
8450,1.52636482444457e-05
8451,1.5262692268480656e-05
8452,1.526172861021636e-05
8453,1.5260765915514625e-05
8454,1.5259800327016564e-05
8455,1.5258841477461247e-05
8456,1.525789122303055e-05
8457,1.525694001736077e-05
8458,1.5255989762930081e-05
8459,1.5255041408090961e-05
8460,1.525408447522468e-05
8461,1.5253128499259645e-05
8462,1.5252178244828933e-05
8463,1.5251224179890763e-05
8464,1.5250273925460072e-05
8465,1.5249323671029377e-05
8466,1.524837341659869e-05
8467,1.524742316216797e-05
8468,1.5246477649499822e-05
8469,1.5245521673534774e-05
8470,1.52445656975697e-05
8471,1.5243609721604648e-05
8472,1.5242660417413845e-05
8473,1.5241704441559818e-05
8474,1.5240755137368996e-05
8475,1.5239797246602299e-05
8476,1.5238841270637234e-05
8477,1.5237885294672175e-05
8478,1.5236929318707121e-05
8479,1.5235973342742076e-05
8480,1.5235017366777013e-05
8481,1.5234065208979972e-05
8482,1.5233112098056453e-05
8483,1.52321599402594e-05
8484,1.523120778246235e-05
8485,1.5230252762510344e-05
8486,1.5229288139573253e-05
8487,1.522832448130896e-05
8488,1.5227377074822369e-05
8489,1.522642682039165e-05
8490,1.522547561472186e-05
8491,1.5224521549783706e-05
8492,1.52235769826925e-05
8493,1.5222619091925788e-05
8494,1.5221665981002282e-05
8495,1.5220708090235577e-05
8496,1.5219746358208213e-05
8497,1.521879229327005e-05
8498,1.5217837273318037e-05
8499,1.5216882253366048e-05
8500,1.5215927233303006e-05
8501,1.5214972213350997e-05
8502,1.521401719339899e-05
8503,1.5213068838559891e-05
8504,1.521211190558258e-05
8505,1.5211169226647671e-05
8506,1.5210228432205316e-05
8507,1.5209267661964176e-05
8508,1.5208306891723032e-05
8509,1.5207353780799502e-05
8510,1.5206400669987012e-05
8511,1.5205456102784778e-05
8512,1.5204498212018075e-05
8513,1.520354414707991e-05
8514,1.5202592941410131e-05
8515,1.5201643637330332e-05
8516,1.5200690526406812e-05
8517,1.5199738368609777e-05
8518,1.5198786210812719e-05
8519,1.5197824478896397e-05
8520,1.5196874224465688e-05
8521,1.5195924920274895e-05
8522,1.5194980353183675e-05
8523,1.5194028195386612e-05
8524,1.5193078891195802e-05
8525,1.5192126733398769e-05
8526,1.5191177429207956e-05
8527,1.5190232862116735e-05
8528,1.518928829502554e-05
8529,1.5188343727823288e-05
8530,1.5187399160732076e-05
8531,1.5186452701598803e-05
8532,1.5185497681646795e-05
8533,1.5184553114555578e-05
8534,1.5183598094492555e-05
8535,1.5182640203725837e-05
8536,1.518169089953502e-05
8537,1.5180740645104336e-05
8538,1.517979134102454e-05
8539,1.5178842036833737e-05
8540,1.5177892732642907e-05
8541,1.5176943428452114e-05
8542,1.5175995073613012e-05
8543,1.5175045769422201e-05
8544,1.5174096465231384e-05
8545,1.51731471611516e-05
8546,1.5172197856960765e-05
8547,1.5171242837008771e-05
8548,1.5170290679211718e-05
8549,1.5169329908970568e-05
8550,1.5168372018203865e-05
8551,1.5167413168537527e-05
8552,1.5166460057614014e-05
8553,1.5165504081648974e-05
8554,1.5164554777569159e-05
8555,1.5163605473378354e-05
8556,1.516265711853925e-05
8557,1.5161705912869458e-05
8558,1.5160748022102764e-05
8559,1.5159793002150765e-05
8560,1.5158838937101578e-05
8561,1.5157882004235283e-05
8562,1.5156925071369015e-05
8563,1.5155968138502729e-05
8564,1.5155011205525438e-05
8565,1.5154057140587271e-05
8566,1.5153102120635243e-05
8567,1.5152147100683236e-05
8568,1.5151190167816952e-05
8569,1.515023705689345e-05
8570,1.5149282036830415e-05
8571,1.5148326060976385e-05
8572,1.5147371995927206e-05
8573,1.5146427428835991e-05
8574,1.5145485692591444e-05
8575,1.514454583884106e-05
8576,1.5143601271749862e-05
8577,1.5142658592814951e-05
8578,1.5141711186217313e-05
8579,1.514076567366019e-05
8580,1.513980490341905e-05
8581,1.5138841245154746e-05
8582,1.5137895732486594e-05
8583,1.5136940712534581e-05
8584,1.5135984736569526e-05
8585,1.513503922390137e-05
8586,1.5134095601276864e-05
8587,1.5133151978763412e-05
8588,1.5132204572276808e-05
8589,1.5131259059608668e-05
8590,1.513031260047536e-05
8591,1.5129355667609082e-05
8592,1.5128410154940925e-05
8593,1.5127463695918657e-05
8594,1.5126506762941368e-05
8595,1.5125558408102246e-05
8596,1.5124601475235984e-05
8597,1.5123642625569634e-05
8598,1.5122693321378821e-05
8599,1.512173925644066e-05
8600,1.5120788050881904e-05
8601,1.5119833985832719e-05
8602,1.5118869362895637e-05
8603,1.5117913387041594e-05
8604,1.5116956454064304e-05
8605,1.5116001434112297e-05
8606,1.51150540276257e-05
8607,1.5114108514957531e-05
8608,1.5113162055824237e-05
8609,1.511220703587223e-05
8610,1.5111251059907194e-05
8611,1.511028450484896e-05
8612,1.5109317949790759e-05
8613,1.5108351394732554e-05
8614,1.5107384839674343e-05
8615,1.510641828461612e-05
8616,1.5105468980425295e-05
8617,1.5104533816590047e-05
8618,1.5103590194076583e-05
8619,1.5102635174013547e-05
8620,1.5101696260177997e-05
8621,1.5100764831355024e-05
8622,1.5099829667519764e-05
8623,1.5098890753684194e-05
8624,1.5097941449493379e-05
8625,1.5096992145302584e-05
8626,1.5096043790463474e-05
8627,1.5095095435624366e-05
8628,1.5094154641070999e-05
8629,1.5093211018446505e-05
8630,1.5092264559424256e-05
8631,1.5091317152826621e-05
8632,1.5090360219960356e-05
8633,1.5089411865121256e-05
8634,1.508846161069054e-05
8635,1.508751704359933e-05
8636,1.5086562978550147e-05
8637,1.5085623124910796e-05
8638,1.5084683271160402e-05
8639,1.5083743417410025e-05
8640,1.5082803563659647e-05
8641,1.508186839982439e-05
8642,1.5080932299849081e-05
8643,1.507998962091417e-05
8644,1.5079043161780886e-05
8645,1.5078100482845972e-05
8646,1.507715780391105e-05
8647,1.5076212291353917e-05
8648,1.5075251521112764e-05
8649,1.5074306953910532e-05
8650,1.5073353843098056e-05
8651,1.5072408330429897e-05
8652,1.507145902623907e-05
8653,1.507051161975248e-05
8654,1.506955372898577e-05
8655,1.5068617629010466e-05
8656,1.5067679654090513e-05
8657,1.5066741679059529e-05
8658,1.5065796166391374e-05
8659,1.506485254387791e-05
8660,1.5063894653111197e-05
8661,1.5062936762344487e-05
8662,1.5061980786379447e-05
8663,1.5061028628582381e-05
8664,1.5060080273743287e-05
8665,1.5059127162819765e-05
8666,1.5058171186854704e-05
8667,1.505720752859041e-05
8668,1.5056257274159702e-05
8669,1.505530225409668e-05
8670,1.5054350096410641e-05
8671,1.5053395076347632e-05
8672,1.5052440056395623e-05
8673,1.5051485036443596e-05
8674,1.5050530016380565e-05
8675,1.504957499642856e-05
8676,1.5048620931490406e-05
8677,1.5047666866552237e-05
8678,1.5046714708755177e-05
8679,1.5045757775888903e-05
8680,1.504480466496538e-05
8681,1.504385060002721e-05
8682,1.504289939435743e-05
8683,1.5041946283433914e-05
8684,1.5041005488991557e-05
8685,1.5040060921789337e-05
8686,1.5039125757954073e-05
8687,1.503816306336337e-05
8688,1.503720229312221e-05
8689,1.5036243443455881e-05
8690,1.503530452962032e-05
8691,1.503436467586995e-05
8692,1.5033423881316574e-05
8693,1.5032481202381653e-05
8694,1.5031536635290435e-05
8695,1.5030597721343863e-05
8696,1.5029658807508289e-05
8697,1.5028708553077582e-05
8698,1.5027766816833049e-05
8699,1.5026819410346443e-05
8700,1.5025867252549388e-05
8701,1.5024916046879617e-05
8702,1.5023967692040496e-05
8703,1.5023007882586358e-05
8704,1.5022066146341837e-05
8705,1.5021128171421866e-05
8706,1.5020187376868487e-05
8707,1.5019237122437796e-05
8708,1.5018296327884415e-05
8709,1.5017352705370968e-05
8710,1.5016407192702811e-05
8711,1.5015466398149427e-05
8712,1.5014520885481272e-05
8713,1.501357442645902e-05
8714,1.5012615576792673e-05
8715,1.501166341899561e-05
8716,1.5010717906327463e-05
8717,1.5009775227392549e-05
8718,1.5008814457262433e-05
8719,1.5007865153071618e-05
8720,1.5006909177106571e-05
8721,1.5005951286339868e-05
8722,1.5004994353362545e-05
8723,1.5004043147803783e-05
8724,1.5003089082865623e-05
8725,1.5002138828434935e-05
8726,1.5001183808371898e-05
8727,1.50002287884199e-05
8728,1.4999273768467875e-05
8729,1.4998319703529708e-05
8730,1.499735989407557e-05
8731,1.4996402003308861e-05
8732,1.4995444112542163e-05
8733,1.4994479489605077e-05
8734,1.4993526378681559e-05
8735,1.4992569445815288e-05
8736,1.499161155504858e-05
8737,1.4990666042380418e-05
8738,1.4989711022428406e-05
8739,1.498876266747829e-05
8740,1.4987821873035934e-05
8741,1.4986868762112412e-05
8742,1.4985913742160394e-05
8743,1.4984973888410013e-05
8744,1.498402932120778e-05
8745,1.498308475411657e-05
8746,1.4982136399277488e-05
8747,1.4981190886609312e-05
8748,1.4980248207674399e-05
8749,1.4979298903483584e-05
8750,1.4978332348425373e-05
8751,1.4977365793367175e-05
8752,1.4976399238308954e-05
8753,1.4975432683250753e-05
8754,1.4974466128192537e-05
8755,1.497351015222748e-05
8756,1.4972546493963188e-05
8757,1.4971583799261449e-05
8758,1.497062877930944e-05
8759,1.4969675668385908e-05
8760,1.4968721603447751e-05
8761,1.4967767538509586e-05
8762,1.4966808688843257e-05
8763,1.4965849839287951e-05
8764,1.4964890029833817e-05
8765,1.496394640720932e-05
8766,1.4962993296285814e-05
8767,1.4962042090727047e-05
8768,1.496109088505725e-05
8769,1.4960139679498485e-05
8770,1.4959188473828724e-05
8771,1.4958233453876703e-05
8772,1.495727652089939e-05
8773,1.4956322455961242e-05
8774,1.495537029816418e-05
8775,1.4954429503721833e-05
8776,1.4953479249291142e-05
8777,1.4952530894340998e-05
8778,1.4951579688782253e-05
8779,1.4950629434351546e-05
8780,1.4949682975218249e-05
8781,1.4948735568731677e-05
8782,1.4947796654896102e-05
8783,1.4946854918540517e-05
8784,1.4945908459518253e-05
8785,1.494496105292066e-05
8786,1.494402213908508e-05
8787,1.4943075679951784e-05
8788,1.49421282734652e-05
8789,1.4941181814331899e-05
8790,1.4940234407845308e-05
8791,1.4939295494009731e-05
8792,1.4938352815074817e-05
8793,1.4937409192450343e-05
8794,1.4936464625359131e-05
8795,1.4935509605407125e-05
8796,1.4934548835165989e-05
8797,1.4933606156231075e-05
8798,1.4932649223364803e-05
8799,1.4931701816878184e-05
8800,1.4930755357744917e-05
8801,1.4929805103314222e-05
8802,1.492886618947865e-05
8803,1.4927919730345365e-05
8804,1.492696947591465e-05
8805,1.4926016364991135e-05
8806,1.4925068010152033e-05
8807,1.492411775572133e-05
8808,1.4923163690783163e-05
8809,1.4922215335944079e-05
8810,1.492126413027428e-05
8811,1.4920315775435181e-05
8812,1.4919367420485052e-05
8813,1.4918417166165371e-05
8814,1.4917466911734675e-05
8815,1.491650902085696e-05
8816,1.491555208799066e-05
8817,1.4914607520899469e-05
8818,1.4913663898274983e-05
8819,1.4912713643844281e-05
8820,1.4911765289005173e-05
8821,1.4910818829982898e-05
8822,1.4909870475032791e-05
8823,1.4908916410094626e-05
8824,1.4907964252297556e-05
8825,1.4907019685206356e-05
8826,1.4906062752340082e-05
8827,1.490511439738995e-05
8828,1.490416604255084e-05
8829,1.4903217687711759e-05
8830,1.4902269332872652e-05
8831,1.4901315267934478e-05
8832,1.4900358334957182e-05
8833,1.4899406177160114e-05
8834,1.4898455922729415e-05
8835,1.4897505668409744e-05
8836,1.4896554462739959e-05
8837,1.4895595613073618e-05
8838,1.4894648206587042e-05
8839,1.4893698902396236e-05
8840,1.48927495982054e-05
8841,1.489179934388574e-05
8842,1.4890849089455035e-05
8843,1.4889897883785256e-05
8844,1.4888947629354549e-05
8845,1.4887997374923856e-05
8846,1.4887046169254077e-05
8847,1.4886095914934382e-05
8848,1.4885139938969337e-05
8849,1.4884184918906298e-05
8850,1.4883228942941246e-05
8851,1.4882271052174547e-05
8852,1.4881317941362052e-05
8853,1.4880362921299012e-05
8854,1.4879407901347003e-05
8855,1.4878452881394989e-05
8856,1.4877497861331966e-05
8857,1.4876542841379957e-05
8858,1.4875587821427954e-05
8859,1.4874632801475953e-05
8860,1.4873680643678897e-05
8861,1.4872720834224749e-05
8862,1.487176581427275e-05
8863,1.4870810794209722e-05
8864,1.4869855774257703e-05
8865,1.4868904568587903e-05
8866,1.4867951457775407e-05
8867,1.4866999299978366e-05
8868,1.4866040450312023e-05
8869,1.4865082559545318e-05
8870,1.4864127539593324e-05
8871,1.4863171563628255e-05
8872,1.4862217498690098e-05
8873,1.4861262478627064e-05
8874,1.4860307458675056e-05
8875,1.485935052580878e-05
8876,1.4858391676142438e-05
8877,1.4857435700177377e-05
8878,1.4856477809410696e-05
8879,1.4855522789458673e-05
8880,1.4854572535027973e-05
8881,1.4853622280597267e-05
8882,1.4852672026166575e-05
8883,1.4851721771735894e-05
8884,1.4850771517305192e-05
8885,1.4849821262874497e-05
8886,1.4848871008443782e-05
8887,1.484791503247873e-05
8888,1.4846967625992139e-05
8889,1.484602021950553e-05
8890,1.4845073760372243e-05
8891,1.4844125405533145e-05
8892,1.4843168472666875e-05
8893,1.4842214407728715e-05
8894,1.4841261296805183e-05
8895,1.4840302447138852e-05
8896,1.4839348382200688e-05
8897,1.4838394317262525e-05
8898,1.4837441206339017e-05
8899,1.4836489048541963e-05
8900,1.4835525390277653e-05
8901,1.4834575135846951e-05
8902,1.4833621070908805e-05
8903,1.4832672715958676e-05
8904,1.4831727203401538e-05
8905,1.4830783580777047e-05
8906,1.4829832375218302e-05
8907,1.4828879264294775e-05
8908,1.4827933751626618e-05
8909,1.4826979686688438e-05
8910,1.4826025621750283e-05
8911,1.4825072510826778e-05
8912,1.4824118445888606e-05
8913,1.4823164380839419e-05
8914,1.4822210315901249e-05
8915,1.4821245692964162e-05
8916,1.4820293535167126e-05
8917,1.4819328912341048e-05
8918,1.4818373892278015e-05
8919,1.4817428379720889e-05
8920,1.4816476221923836e-05
8921,1.4815521201860797e-05
8922,1.4814562352305506e-05
8923,1.4813609241381982e-05
8924,1.4812662782248699e-05
8925,1.4811702012007545e-05
8926,1.4810741241877427e-05
8927,1.4809790987446733e-05
8928,1.4808840733016033e-05
8929,1.480787996277489e-05
8930,1.4806928757216132e-05
8931,1.4805977551546344e-05
8932,1.4805022531594313e-05
8933,1.4804067511531295e-05
8934,1.4803112491579276e-05
8935,1.4802157471627282e-05
8936,1.4801202451675271e-05
8937,1.4800243602008937e-05
8938,1.4799291444211888e-05
8939,1.4798340238542086e-05
8940,1.4797386173603936e-05
8941,1.479643210866577e-05
8942,1.4795478043727609e-05
8943,1.479452397878945e-05
8944,1.479355935585236e-05
8945,1.4792597623825e-05
8946,1.4791647369505336e-05
8947,1.4790696163835543e-05
8948,1.4789741143883537e-05
8949,1.4788788986086477e-05
8950,1.4787839681895676e-05
8951,1.478688752409863e-05
8952,1.4785935366301576e-05
8953,1.4784981301363421e-05
8954,1.4784027236425239e-05
8955,1.4783065504397903e-05
8956,1.4782110484445889e-05
8957,1.478115927888712e-05
8958,1.4780209974696324e-05
8959,1.4779259720265612e-05
8960,1.4778294131767573e-05
8961,1.4777343877336858e-05
8962,1.4776391719539827e-05
8963,1.4775434786673538e-05
8964,1.4774471128298217e-05
8965,1.4773507470033928e-05
8966,1.4772552450081916e-05
8967,1.4771593600415564e-05
8968,1.4770644296224773e-05
8969,1.4769699729133551e-05
8970,1.4768749474702848e-05
8971,1.476779922027217e-05
8972,1.4766848014713408e-05
8973,1.4765903447511162e-05
8974,1.4764958880419954e-05
8975,1.476401242128666e-05
8976,1.476306596215338e-05
8977,1.4762113804467356e-05
8978,1.4761161646670289e-05
8979,1.476021234247949e-05
8980,1.4759263038288681e-05
8981,1.475831373409785e-05
8982,1.4757363479667175e-05
8983,1.4756414175587384e-05
8984,1.475546487139656e-05
8985,1.4754514616965853e-05
8986,1.4753563411296086e-05
8987,1.4752611253499026e-05
8988,1.4751659095701985e-05
8989,1.4750706937904933e-05
8990,1.4749756683585259e-05
8991,1.4748794951557898e-05
8992,1.4747842793760836e-05
8993,1.4746890636074805e-05
8994,1.4745936571025629e-05
8995,1.4744981551073627e-05
8996,1.4744028440150103e-05
8997,1.4743075329337607e-05
8998,1.474212221841408e-05
8999,1.4741169107490574e-05
9000,1.4740217901820774e-05
9001,1.4739254243556496e-05
9002,1.4738300178618331e-05
9003,1.4737346113680163e-05
9004,1.4736397758730042e-05
9005,1.4735436026813702e-05
9006,1.4734485772382998e-05
9007,1.4733539313360752e-05
9008,1.473259380069259e-05
9009,1.4731647341559302e-05
9010,1.4730696135889504e-05
9011,1.4729750623332375e-05
9012,1.4728800368901673e-05
9013,1.4727851064710862e-05
9014,1.472690555204269e-05
9015,1.4725959092909423e-05
9016,1.4725005027971262e-05
9017,1.4724058568837966e-05
9018,1.4723112109815685e-05
9019,1.4722166597147536e-05
9020,1.472121919066095e-05
9021,1.4720267032863879e-05
9022,1.4719314875066844e-05
9023,1.4718360810128682e-05
9024,1.471740960445888e-05
9025,1.4716460300268063e-05
9026,1.4715511945428963e-05
9027,1.4714559787631913e-05
9028,1.4713605722693753e-05
9029,1.471265546826306e-05
9030,1.4711709955594895e-05
9031,1.4710765388503698e-05
9032,1.4709813230706628e-05
9033,1.4708861072909595e-05
9034,1.4707910818478888e-05
9035,1.4706960564048192e-05
9036,1.47060103096175e-05
9037,1.4705060055186803e-05
9038,1.47041098007561e-05
9039,1.470314710616539e-05
9040,1.4702189215398676e-05
9041,1.470123036573234e-05
9042,1.4700272474965626e-05
9043,1.4699317455013617e-05
9044,1.4698357645559482e-05
9045,1.4697396875318342e-05
9046,1.4696448520479232e-05
9047,1.469550111399264e-05
9048,1.469455465485937e-05
9049,1.4693606300020258e-05
9050,1.4692649367153984e-05
9051,1.4691703854485806e-05
9052,1.4690748834533817e-05
9053,1.4689803321865647e-05
9054,1.4688848301913644e-05
9055,1.4687887531672486e-05
9056,1.4686937277241803e-05
9057,1.4685982257289784e-05
9058,1.4685032002859078e-05
9059,1.4684086490190942e-05
9060,1.4683131470238926e-05
9061,1.4682176450175881e-05
9062,1.4681221430223887e-05
9063,1.468026641027188e-05
9064,1.4679314252474806e-05
9065,1.4678370629961367e-05
9066,1.4677426062759137e-05
9067,1.467647770792002e-05
9068,1.467552935308093e-05
9069,1.4674580998130791e-05
9070,1.4673635485573652e-05
9071,1.4672683327776612e-05
9072,1.4671731169979547e-05
9073,1.467078186578875e-05
9074,1.4669835406655462e-05
9075,1.4668884201096688e-05
9076,1.4667930136158525e-05
9077,1.466697607110935e-05
9078,1.4666023913312299e-05
9079,1.466507175562626e-05
9080,1.4664118644702746e-05
9081,1.4663163624750725e-05
9082,1.4662201892723371e-05
9083,1.4661240160807047e-05
9084,1.4660275537869968e-05
9085,1.465931380595364e-05
9086,1.4658363551522951e-05
9087,1.4657408531570942e-05
9088,1.4656453511507897e-05
9089,1.4655504207428116e-05
9090,1.4654549187365096e-05
9091,1.4653592254498792e-05
9092,1.4652635321632528e-05
9093,1.4651689808964362e-05
9094,1.4650742402477756e-05
9095,1.464978929155424e-05
9096,1.464883618074175e-05
9097,1.4647883069818242e-05
9098,1.4646929958894708e-05
9099,1.4645976847971203e-05
9100,1.4645023737047685e-05
9101,1.4644070626235186e-05
9102,1.4643117515311659e-05
9103,1.4642167260880957e-05
9104,1.4641212240928961e-05
9105,1.4640256264963896e-05
9106,1.4639302200025744e-05
9107,1.4638340467998386e-05
9108,1.463738161844308e-05
9109,1.4636430412773287e-05
9110,1.4635481108582492e-05
9111,1.4634531804391665e-05
9112,1.4633591009949327e-05
9113,1.463263980427953e-05
9114,1.4631690500088723e-05
9115,1.4630739294529956e-05
9116,1.4629789990339153e-05
9117,1.4628838784669357e-05
9118,1.4627889480478558e-05
9119,1.4626938274919777e-05
9120,1.4625988970728984e-05
9121,1.462503776505919e-05
9122,1.4624090358572593e-05
9123,1.4623144845904446e-05
9124,1.4622196491065321e-05
9125,1.4621248136226221e-05
9126,1.4620299781387128e-05
9127,1.4619339011145987e-05
9128,1.4618377279229665e-05
9129,1.4617427024798967e-05
9130,1.4616463366534667e-05
9131,1.4615515011584531e-05
9132,1.4614569499027395e-05
9133,1.4613623986359243e-05
9134,1.461266801039417e-05
9135,1.4611712990442175e-05
9136,1.4610768423239926e-05
9137,1.4609810532473235e-05
9138,1.4608863125986632e-05
9139,1.4607911920316855e-05
9140,1.4606959762519788e-05
9141,1.4606007604722758e-05
9142,1.4605053539784593e-05
9143,1.460409756381953e-05
9144,1.4603140630953243e-05
9145,1.4602180821499111e-05
9146,1.4601223888632834e-05
9147,1.4600265997866124e-05
9148,1.4599312886942611e-05
9149,1.4598359776019077e-05
9150,1.4597406665206595e-05
9151,1.459645355428307e-05
9152,1.4595500443359556e-05
9153,1.4594547332436041e-05
9154,1.4593595174638991e-05
9155,1.459263919867392e-05
9156,1.4591683222819894e-05
9157,1.4590732968389204e-05
9158,1.458977699242414e-05
9159,1.4588821016459079e-05
9160,1.4587865996396043e-05
9161,1.4586911931457877e-05
9162,1.4585948273193589e-05
9163,1.4584994208255424e-05
9164,1.4584039188303427e-05
9165,1.4583085123254243e-05
9166,1.4582132012441748e-05
9167,1.4581179854644698e-05
9168,1.4580227696847631e-05
9169,1.457927363190948e-05
9170,1.4578319566860297e-05
9171,1.4577365501922115e-05
9172,1.457641143698395e-05
9173,1.4575457372045795e-05
9174,1.45745033069966e-05
9175,1.457355305267693e-05
9176,1.457259994175342e-05
9177,1.4571659147200045e-05
9178,1.4570720233364469e-05
9179,1.4569777554429574e-05
9180,1.4568836759876191e-05
9181,1.4567874065174461e-05
9182,1.4566913295044332e-05
9183,1.4565958274981297e-05
9184,1.45650051641688e-05
9185,1.4564046314502477e-05
9186,1.4563095108832691e-05
9187,1.4562141043894534e-05
9188,1.456118697895636e-05
9189,1.456023482115932e-05
9190,1.4559285516968503e-05
9191,1.4558330497016502e-05
9192,1.4557387818081592e-05
9193,1.4556436612411806e-05
9194,1.4555485406853027e-05
9195,1.4554529430887963e-05
9196,1.4553575365838784e-05
9197,1.4552621300900614e-05
9198,1.4551673894414023e-05
9199,1.4550720783490513e-05
9200,1.454977052905982e-05
9201,1.4548814553094754e-05
9202,1.4547860488156604e-05
9203,1.4546907377233081e-05
9204,1.4545952357281065e-05
9205,1.4545000199484017e-05
9206,1.4544048041686975e-05
9207,1.4543092065721914e-05
9208,1.4542138000783742e-05
9209,1.4541182980831727e-05
9210,1.4540217392333676e-05
9211,1.4539251803835648e-05
9212,1.4538306291167487e-05
9213,1.4537354133370415e-05
9214,1.4536403878939726e-05
9215,1.4535455524100637e-05
9216,1.4534489935602583e-05
9217,1.4533524347104527e-05
9218,1.453256357686339e-05
9219,1.4531602806622253e-05
9220,1.4530642036492139e-05
9221,1.4529676447994088e-05
9222,1.4528715677752925e-05
9223,1.4527754907511799e-05
9224,1.4526795098057644e-05
9225,1.4525844843626968e-05
9226,1.4524902164692054e-05
9227,1.4523951910261356e-05
9228,1.4523003555422254e-05
9229,1.452205709628896e-05
9230,1.4521117242649607e-05
9231,1.4520176448096233e-05
9232,1.4519229041609639e-05
9233,1.4518281635012e-05
9234,1.45173332801729e-05
9235,1.4516385873686319e-05
9236,1.4515450709851042e-05
9237,1.4514512734820061e-05
9238,1.4513570055885163e-05
9239,1.451262737695025e-05
9240,1.451166371868595e-05
9241,1.4510718206017794e-05
9242,1.450977458350434e-05
9243,1.450881956355233e-05
9244,1.4507872156954703e-05
9245,1.4506919046142217e-05
9246,1.4505976367207294e-05
9247,1.450503180000506e-05
9248,1.4504098505563343e-05
9249,1.4503159591727759e-05
9250,1.4502218797174398e-05
9251,1.450127423008317e-05
9252,1.4500330607458707e-05
9253,1.4499384148325412e-05
9254,1.4498431990528367e-05
9255,1.4497479832842332e-05
9256,1.4496521941964612e-05
9257,1.4495567877026437e-05
9258,1.449463364833203e-05
9259,1.4493695673412085e-05
9260,1.4492757698381091e-05
9261,1.4491797889037983e-05
9262,1.4490840956060688e-05
9263,1.448989070162999e-05
9264,1.4488941397550201e-05
9265,1.448799209335937e-05
9266,1.4487042789168581e-05
9267,1.4486093484977751e-05
9268,1.4485140374054246e-05
9269,1.448417767946353e-05
9270,1.4483223614525376e-05
9271,1.4482274310334562e-05
9272,1.4481325006143735e-05
9273,1.448037380058498e-05
9274,1.4479421642787923e-05
9275,1.4478467577849756e-05
9276,1.4477515420052718e-05
9277,1.4476562309129186e-05
9278,1.447560919820568e-05
9279,1.4474654178253664e-05
9280,1.4473702020456624e-05
9281,1.447274795551844e-05
9282,1.4471791979553388e-05
9283,1.4470835046687114e-05
9284,1.4469887640089494e-05
9285,1.4468943072998286e-05
9286,1.4468001336753756e-05
9287,1.4467039604837424e-05
9288,1.446610069089083e-05
9289,1.4465152336051718e-05
9290,1.4464214361131766e-05
9291,1.446327262477619e-05
9292,1.4462330888531654e-05
9293,1.4461389152287129e-05
9294,1.4460449298536736e-05
9295,1.4459504731445529e-05
9296,1.4458568631470204e-05
9297,1.4457634402775806e-05
9298,1.445669736577226e-05
9299,1.4455745207975214e-05
9300,1.4454786358419907e-05
9301,1.4453831338356866e-05
9302,1.4452875362502836e-05
9303,1.4451925108072142e-05
9304,1.445096913210709e-05
9305,1.4450013156142031e-05
9306,1.4449057180176963e-05
9307,1.4448101204211914e-05
9308,1.444714522824686e-05
9309,1.4446185418792718e-05
9310,1.4445233260995676e-05
9311,1.4444282055436906e-05
9312,1.4443325122459596e-05
9313,1.444236914649455e-05
9314,1.4441414126542533e-05
9315,1.4440461015619018e-05
9316,1.4439516448527822e-05
9317,1.4438564290730758e-05
9318,1.4437625376895184e-05
9319,1.443667226597167e-05
9320,1.4435718201033515e-05
9321,1.4434774578409026e-05
9322,1.4433835664573451e-05
9323,1.4432895810823076e-05
9324,1.4431951243731861e-05
9325,1.4431002888892767e-05
9326,1.4430037300283695e-05
9327,1.442907171178564e-05
9328,1.4428106123287588e-05
9329,1.4427140534789551e-05
9330,1.4426180725335422e-05
9331,1.4425218993419097e-05
9332,1.4424257261502756e-05
9333,1.4423292638565687e-05
9334,1.4422344283726584e-05
9335,1.4421393078056801e-05
9336,1.442043326860264e-05
9337,1.4419478248650641e-05
9338,1.4418518439196499e-05
9339,1.441755766895537e-05
9340,1.4416605511269325e-05
9341,1.441566753623835e-05
9342,1.4414713471300196e-05
9343,1.4413761313503142e-05
9344,1.4412810107833341e-05
9345,1.4411872132913395e-05
9346,1.4410925673780111e-05
9347,1.4409982994845184e-05
9348,1.4409040315910275e-05
9349,1.4408103278906745e-05
9350,1.4407162484464385e-05
9351,1.440622544746085e-05
9352,1.4405283711216299e-05
9353,1.4404337252083e-05
9354,1.44033879478922e-05
9355,1.4402444325378733e-05
9356,1.4401500702754264e-05
9357,1.440055708024079e-05
9358,1.4399617226490423e-05
9359,1.4398666972059706e-05
9360,1.4397713861136202e-05
9361,1.4396765506297085e-05
9362,1.439580761553038e-05
9363,1.4394847806076248e-05
9364,1.439390701152287e-05
9365,1.4392950078656587e-05
9366,1.4392005511565392e-05
9367,1.4391060944363153e-05
9368,1.4390113537876555e-05
9369,1.4389171801632005e-05
9370,1.4388226288963847e-05
9371,1.4387275083294066e-05
9372,1.43863210183559e-05
9373,1.4385383981352374e-05
9374,1.4384447881488073e-05
9375,1.4383496675818293e-05
9376,1.4382544518021227e-05
9377,1.4381595213830412e-05
9378,1.4380657238910466e-05
9379,1.4379714559975566e-05
9380,1.4378769992773332e-05
9381,1.4377828256528785e-05
9382,1.4376886520284238e-05
9383,1.437594100761607e-05
9384,1.437498598766407e-05
9385,1.4374028096897374e-05
9386,1.43730721209323e-05
9387,1.437211805599415e-05
9388,1.4371162080029086e-05
9389,1.4370215620895787e-05
9390,1.4369271053804584e-05
9391,1.4368326486602361e-05
9392,1.4367380974045215e-05
9393,1.4366427863121695e-05
9394,1.4365474752198178e-05
9395,1.436451973224616e-05
9396,1.4363560882579847e-05
9397,1.4362615369911675e-05
9398,1.436166511548098e-05
9399,1.4360718656458715e-05
9400,1.4359770301619619e-05
9401,1.4358818143822569e-05
9402,1.4357859294156233e-05
9403,1.4356911887669634e-05
9404,1.4355966375001477e-05
9405,1.435501707081066e-05
9406,1.4354070611677384e-05
9407,1.4353114635712306e-05
9408,1.4352158659858285e-05
9409,1.435120268389322e-05
9410,1.4350242874439097e-05
9411,1.4349285941572814e-05
9412,1.434833853497518e-05
9413,1.4347392075952922e-05
9414,1.4346445616819636e-05
9415,1.434549726198053e-05
9416,1.4344548907030401e-05
9417,1.434360055219131e-05
9418,1.4342652197352212e-05
9419,1.4341703842513093e-05
9420,1.434075168471604e-05
9421,1.4339797619777881e-05
9422,1.433883877011155e-05
9423,1.4337880879344856e-05
9424,1.4336930624914146e-05
9425,1.4335980370483453e-05
9426,1.4335021520817105e-05
9427,1.4334062671261811e-05
9428,1.433310382159546e-05
9429,1.4332144971929151e-05
9430,1.4331192814132081e-05
9431,1.4330238749193914e-05
9432,1.4329278939739794e-05
9433,1.4328325828816277e-05
9434,1.4327370808864249e-05
9435,1.4326419603305494e-05
9436,1.4325469348874796e-05
9437,1.432451337290974e-05
9438,1.4323557396944674e-05
9439,1.4322602376992675e-05
9440,1.432164831194349e-05
9441,1.4320694247005323e-05
9442,1.4319740182067168e-05
9443,1.4318781332400842e-05
9444,1.4317822482845513e-05
9445,1.4316868417796332e-05
9446,1.4315911484930053e-05
9447,1.4314962180739244e-05
9448,1.43140100229422e-05
9449,1.4313055002990193e-05
9450,1.431209902702513e-05
9451,1.4311145916101607e-05
9452,1.431018994024758e-05
9453,1.430923492018455e-05
9454,1.4308279900232524e-05
9455,1.4307324880280534e-05
9456,1.4306368904315473e-05
9457,1.4305413884252433e-05
9458,1.4304463629932757e-05
9459,1.4303508609869729e-05
9460,1.4302551677003442e-05
9461,1.4301597612065288e-05
9462,1.4300643547127127e-05
9463,1.4299695192176988e-05
9464,1.4298738259310722e-05
9465,1.4297772670812658e-05
9466,1.4296828103721451e-05
9467,1.4295882591053298e-05
9468,1.429492565818701e-05
9469,1.4293969682221953e-05
9470,1.4293027945977428e-05
9471,1.4292086209732876e-05
9472,1.4291137854782742e-05
9473,1.4290186649223989e-05
9474,1.4289231629160967e-05
9475,1.42882756531959e-05
9476,1.4287319677341882e-05
9477,1.428637132239174e-05
9478,1.4285422018311953e-05
9479,1.4284475559178672e-05
9480,1.4283527204339553e-05
9481,1.4282578849389445e-05
9482,1.428163049455034e-05
9483,1.4280682139711223e-05
9484,1.427973188528053e-05
9485,1.4278782581089727e-05
9486,1.4277828516151558e-05
9487,1.427687349619954e-05
9488,1.4275915605432836e-05
9489,1.4274964399763057e-05
9490,1.4274010334824882e-05
9491,1.4273056269775703e-05
9492,1.4272102204837533e-05
9493,1.4271147184885525e-05
9494,1.4270190252019248e-05
9495,1.4269235232067247e-05
9496,1.4268280212004212e-05
9497,1.4267325192052195e-05
9498,1.4266370172100187e-05
9499,1.4265413239233903e-05
9500,1.4264459174184726e-05
9501,1.4263504154232729e-05
9502,1.4262549134280706e-05
9503,1.4261601727794127e-05
9504,1.4260647662744928e-05
9505,1.4259698358665152e-05
9506,1.4258733735728056e-05
9507,1.4257780624804543e-05
9508,1.4256833218317937e-05
9509,1.4255882012648151e-05
9510,1.4254926992696138e-05
9511,1.42539748348991e-05
9512,1.4253020769960935e-05
9513,1.4252061920294599e-05
9514,1.4251112616103788e-05
9515,1.425016520961719e-05
9516,1.4249210189665191e-05
9517,1.424826183482609e-05
9518,1.424731347987596e-05
9519,1.4246360369063453e-05
9520,1.4245397674361724e-05
9521,1.424443305142464e-05
9522,1.424347803147263e-05
9523,1.4242523011520613e-05
9524,1.4241574656681527e-05
9525,1.4240624402250816e-05
9526,1.4239671291327295e-05
9527,1.4238718180403792e-05
9528,1.4237763160451772e-05
9529,1.4236811002654726e-05
9530,1.4235862647815631e-05
9531,1.4234908582877457e-05
9532,1.4233950691999729e-05
9533,1.4232992801233021e-05
9534,1.4232032991778895e-05
9535,1.4231081786220128e-05
9536,1.423013153178943e-05
9537,1.422918127735872e-05
9538,1.4228227212420572e-05
9539,1.4227273147371378e-05
9540,1.4226319082433204e-05
9541,1.4225359272979075e-05
9542,1.4224405208040917e-05
9543,1.4223451143102745e-05
9544,1.4222497078164581e-05
9545,1.4221543013226418e-05
9546,1.4220588948177236e-05
9547,1.4219634883239079e-05
9548,1.4218676992472378e-05
9549,1.4217728637633265e-05
9550,1.4216784070431042e-05
9551,1.421583286487228e-05
9552,1.4214880707075224e-05
9553,1.4213928549278169e-05
9554,1.4212976391481125e-05
9555,1.4212026137050419e-05
9556,1.4211073979253375e-05
9557,1.4210121821456317e-05
9558,1.4209171567025617e-05
9559,1.4208216547073594e-05
9560,1.420725865630689e-05
9561,1.4206299806640559e-05
9562,1.420534191587385e-05
9563,1.420438785093569e-05
9564,1.4203439496096588e-05
9565,1.4202487338299538e-05
9566,1.4201534227376028e-05
9567,1.420058587253692e-05
9568,1.4199633714739863e-05
9569,1.4198681556942813e-05
9570,1.4197729399145756e-05
9571,1.4196779144715064e-05
9572,1.4195828890284356e-05
9573,1.4194878635853674e-05
9574,1.4193935956918752e-05
9575,1.4192975186788642e-05
9576,1.4192014416547495e-05
9577,1.4191058440582426e-05
9578,1.4190097670341287e-05
9579,1.4189143605403125e-05
9580,1.4188186672536854e-05
9581,1.4187224940620526e-05
9582,1.4186276585670404e-05
9583,1.4185320609705355e-05
9584,1.418436271893864e-05
9585,1.4183404828171936e-05
9586,1.4182446937405212e-05
9587,1.4181504258470312e-05
9588,1.4180547325604032e-05
9589,1.4179592305541012e-05
9590,1.4178643950701892e-05
9591,1.4177695595862795e-05
9592,1.417674248493928e-05
9593,1.417578937401576e-05
9594,1.4174840069935966e-05
9595,1.4173890765745156e-05
9596,1.4172941461554338e-05
9597,1.4171992157363542e-05
9598,1.4171042853172727e-05
9599,1.4170093549092936e-05
9600,1.4169143294662243e-05
9601,1.4168192088992447e-05
9602,1.4167240883433683e-05
9603,1.4166289677763896e-05
9604,1.4165339423333208e-05
9605,1.4164389168902506e-05
9606,1.4163437011105463e-05
9607,1.4162474316514727e-05
9608,1.4161511621813007e-05
9609,1.416055946401596e-05
9610,1.4159607306218907e-05
9611,1.4158655148532873e-05
9612,1.4157702990735824e-05
9613,1.415675273630512e-05
9614,1.415580248187443e-05
9615,1.4154853177683613e-05
9616,1.4153906718550334e-05
9617,1.4152958363711233e-05
9618,1.4152000472944513e-05
9619,1.4151037778353802e-05
9620,1.4150077008112669e-05
9621,1.4149128653273567e-05
9622,1.4148177447603763e-05
9623,1.4147230988470484e-05
9624,1.4146278830673434e-05
9625,1.4145336151738531e-05
9626,1.4144389692716248e-05
9627,1.4143443233582973e-05
9628,1.414249866638072e-05
9629,1.4141554099289527e-05
9630,1.4140590441025237e-05
9631,1.4139637330101703e-05
9632,1.4138688025910885e-05
9633,1.4137737771480195e-05
9634,1.4136787517049507e-05
9635,1.4135830584183218e-05
9636,1.4134879378624461e-05
9637,1.413391668392273e-05
9638,1.4132953989332004e-05
9639,1.4131991294630268e-05
9640,1.4131041040199565e-05
9641,1.413009078576889e-05
9642,1.4129143379282285e-05
9643,1.4128195972795676e-05
9644,1.4127233278204964e-05
9645,1.4126289655580488e-05
9646,1.4125339401149784e-05
9647,1.4124390096958983e-05
9648,1.412344269047239e-05
9649,1.4122481920342257e-05
9650,1.412152115010112e-05
9651,1.4120560379859983e-05
9652,1.4119599609618836e-05
9653,1.4118636915028137e-05
9654,1.4117676144786994e-05
9655,1.4116715374656855e-05
9656,1.4115766070466058e-05
9657,1.4114816766275233e-05
9658,1.4113853108010935e-05
9659,1.411290854080871e-05
9660,1.4111955429996218e-05
9661,1.4111010862793979e-05
9662,1.4110064403660704e-05
9663,1.4109121724725792e-05
9664,1.4108172420645984e-05
9665,1.4107218355596795e-05
9666,1.4106255661006105e-05
9667,1.4105306356815289e-05
9668,1.4104364620570747e-05
9669,1.4103414366140038e-05
9670,1.4102471687205128e-05
9671,1.4101525228071846e-05
9672,1.4100581605558384e-05
9673,1.4099637038356158e-05
9674,1.4098684880670114e-05
9675,1.4097735576479305e-05
9676,1.4096791953854838e-05
9677,1.4095848331341377e-05
9678,1.4094904708716887e-05
9679,1.409396108620343e-05
9680,1.409301083177272e-05
9681,1.4092059626102934e-05
9682,1.4091113167080661e-05
9683,1.4090164812130537e-05
9684,1.4089222133195645e-05
9685,1.4088269022383132e-05
9686,1.4087315911459619e-05
9687,1.4086362800536092e-05
9688,1.4085409689612572e-05
9689,1.4084456578800086e-05
9690,1.4083502513750907e-05
9691,1.4082549402938398e-05
9692,1.4081600098747588e-05
9693,1.4080647940950552e-05
9694,1.4079696735280767e-05
9695,1.4078746480850067e-05
9696,1.407779622641936e-05
9697,1.407683353182866e-05
9698,1.4075882326158862e-05
9699,1.4074934919672275e-05
9700,1.40739837141135e-05
9701,1.4073031556316446e-05
9702,1.4072084149718826e-05
9703,1.4071136743232244e-05
9704,1.4070174048641536e-05
9705,1.4069222842971747e-05
9706,1.4068276383949469e-05
9707,1.4067320407984418e-05
9708,1.4066368250187373e-05
9709,1.4065424627562885e-05
9710,1.4064466736796187e-05
9711,1.4063514578999136e-05
9712,1.4062564324568419e-05
9713,1.4061613119009667e-05
9714,1.4060660008086139e-05
9715,1.40597078502891e-05
9716,1.4058758546098289e-05
9717,1.4057808291667577e-05
9718,1.4056847521537453e-05
9719,1.4055887712083334e-05
9720,1.4054936506413552e-05
9721,1.4053985300743764e-05
9722,1.4053034095184986e-05
9723,1.4052078119219942e-05
9724,1.4051124054281784e-05
9725,1.4050175699331656e-05
9726,1.4049226395251847e-05
9727,1.404827614082115e-05
9728,1.4047326836630337e-05
9729,1.4046379430143752e-05
9730,1.404543012595294e-05
9731,1.4044482719466333e-05
9732,1.4043533415275537e-05
9733,1.4042586008788933e-05
9734,1.4041636704598131e-05
9735,1.4040673046333836e-05
9736,1.4039723742143007e-05
9737,1.40387744379522e-05
9738,1.4037824183521498e-05
9739,1.4036875828682413e-05
9740,1.4035926524491597e-05
9741,1.403497627006089e-05
9742,1.4034025064502121e-05
9743,1.4033070044439095e-05
9744,1.4032116933515593e-05
9745,1.4031167629435804e-05
9746,1.4030210696458483e-05
9747,1.4029254720604458e-05
9748,1.4028304466173764e-05
9749,1.4027358953505589e-05
9750,1.4026406795708551e-05
9751,1.4025447946042201e-05
9752,1.4024486214125888e-05
9753,1.402352832335919e-05
9754,1.4022575212435663e-05
9755,1.4021628753302375e-05
9756,1.4020676595616349e-05
9757,1.4019724437819285e-05
9758,1.4018769417756257e-05
9759,1.4017814397804248e-05
9760,1.4016857464937981e-05
9761,1.4015902444985961e-05
9762,1.4014945512008648e-05
9763,1.401398857914238e-05
9764,1.401303546821887e-05
9765,1.4012080448266862e-05
9766,1.4011127337343335e-05
9767,1.4010176131784572e-05
9768,1.4009222066846405e-05
9769,1.4008269909049357e-05
9770,1.400731870337956e-05
9771,1.4006365592456058e-05
9772,1.400541248153254e-05
9773,1.4004458416594359e-05
9774,1.40035043516562e-05
9775,1.4002551240732686e-05
9776,1.400160003517391e-05
9777,1.4000653576040642e-05
9778,1.3999706169554035e-05
9779,1.3998760656885871e-05
9780,1.3997810402455171e-05
9781,1.3996868666210633e-05
9782,1.399591173334435e-05
9783,1.3994953842577658e-05
9784,1.399400738344435e-05
9785,1.3993051407479308e-05
9786,1.3992094474613038e-05
9787,1.3991142316815968e-05
9788,1.3990195857682689e-05
9789,1.3989243699885637e-05
9790,1.3988286767019353e-05
9791,1.3987337462828533e-05
9792,1.3986389107989442e-05
9793,1.3985440753150344e-05
9794,1.3984486688101148e-05
9795,1.3983530712136094e-05
9796,1.3982581408056315e-05
9797,1.3981630202386528e-05
9798,1.3980675182434507e-05
9799,1.3979710559497418e-05
9800,1.3978745936560332e-05
9801,1.397778131362327e-05
9802,1.3976816690686181e-05
9803,1.3975852067860119e-05
9804,1.3974887444923031e-05
9805,1.397394382229856e-05
9806,1.3973002086054011e-05
9807,1.3972040354137683e-05
9808,1.3971075731200594e-05
9809,1.3970118798334327e-05
9810,1.3969168543903616e-05
9811,1.3968220189064519e-05
9812,1.396726325619824e-05
9813,1.396631300176753e-05
9814,1.3965364646817403e-05
9815,1.3964410581879251e-05
9816,1.3963466959365784e-05
9817,1.3962518604415665e-05
9818,1.3961571197929068e-05
9819,1.3960627575415612e-05
9820,1.3959687721665231e-05
9821,1.3958728871998887e-05
9822,1.3957784304907682e-05
9823,1.3956840682394226e-05
9824,1.3955895169726052e-05
9825,1.3954946814886956e-05
9826,1.3953998459936839e-05
9827,1.395304630213979e-05
9828,1.3952101735048572e-05
9829,1.395114957725153e-05
9830,1.3950207841006973e-05
9831,1.3949255683209925e-05
9832,1.3948302572286417e-05
9833,1.3947353268206628e-05
9834,1.3946398248143586e-05
9835,1.3945444183205431e-05
9836,1.3944502446960884e-05
9837,1.3943558824336406e-05
9838,1.3942608569905708e-05
9839,1.3941659265825917e-05
9840,1.3940713753157762e-05
9841,1.3939770130533274e-05
9842,1.393882367151099e-05
9843,1.393787721237771e-05
9844,1.3936927908186894e-05
9845,1.393597860399609e-05
9846,1.3935031197509504e-05
9847,1.3934081893318687e-05
9848,1.3933131638999001e-05
9849,1.3932178528075501e-05
9850,1.393122922388469e-05
9851,1.393027706608763e-05
9852,1.3929322046135626e-05
9853,1.392837084046584e-05
9854,1.3927420586035145e-05
9855,1.392646938047638e-05
9856,1.3925515315427196e-05
9857,1.3924556465871868e-05
9858,1.3923603354948362e-05
9859,1.3922648334996337e-05
9860,1.3921692359031287e-05
9861,1.3920740201234244e-05
9862,1.3919788995564461e-05
9863,1.391883588464093e-05
9864,1.391788277382844e-05
9865,1.3916931568158653e-05
9866,1.3915979410361599e-05
9867,1.391503295122832e-05
9868,1.3914080793542283e-05
9869,1.3913128635745223e-05
9870,1.3912176477948171e-05
9871,1.3911223367024664e-05
9872,1.3910272161354879e-05
9873,1.3909317141402864e-05
9874,1.3908367837212063e-05
9875,1.3907414726399548e-05
9876,1.3906461615476045e-05
9877,1.3905508504552523e-05
9878,1.3904555393628993e-05
9879,1.39035975028623e-05
9880,1.3902644391938774e-05
9881,1.3901690327000603e-05
9882,1.3900731477334291e-05
9883,1.389976878274358e-05
9884,1.3898806088152853e-05
9885,1.389784531791172e-05
9886,1.389688262320999e-05
9887,1.3895942769570632e-05
9888,1.389499631043733e-05
9889,1.3894052687812842e-05
9890,1.3893113773977287e-05
9891,1.3892174860141718e-05
9892,1.389123782313818e-05
9893,1.3890302659302903e-05
9894,1.3889359036678426e-05
9895,1.3888422936703126e-05
9896,1.388748777286785e-05
9897,1.3886529882101142e-05
9898,1.3885576771177622e-05
9899,1.3884617921622325e-05
9900,1.3883659071955996e-05
9901,1.3882703095990934e-05
9902,1.3881749985067414e-05
9903,1.3880792094300718e-05
9904,1.3879839936503662e-05
9905,1.3878882045736943e-05
9906,1.3877927025784933e-05
9907,1.3876990925809622e-05
9908,1.3876051072059256e-05
9909,1.3875108393124344e-05
9910,1.3874156235327277e-05
9911,1.3873199302461015e-05
9912,1.3872261327541052e-05
9913,1.3871321473790655e-05
9914,1.387035685085359e-05
9915,1.3869403739930054e-05
9916,1.3868440081665765e-05
9917,1.3867478349749439e-05
9918,1.3866527144079663e-05
9919,1.3865570211213377e-05
9920,1.3864621856374283e-05
9921,1.3863663006707943e-05
9922,1.3862711801038154e-05
9923,1.3861763446199042e-05
9924,1.3860822651645667e-05
9925,1.3859875245159086e-05
9926,1.3858935391408697e-05
9927,1.3857991768895234e-05
9928,1.3857048146270756e-05
9929,1.3856097891951075e-05
9930,1.3855160854947535e-05
9931,1.3854217232323062e-05
9932,1.3853270773300782e-05
9933,1.3852322418350662e-05
9934,1.3851374063511552e-05
9935,1.3850425708672454e-05
9936,1.384947735383335e-05
9937,1.3848528998883235e-05
9938,1.3847582539860967e-05
9939,1.3846637972658738e-05
9940,1.3845682952706724e-05
9941,1.3844724103040381e-05
9942,1.3843765253485069e-05
9943,1.3842809277520018e-05
9944,1.3841869423769637e-05
9945,1.3840929570019264e-05
9946,1.3839966875428541e-05
9947,1.3839019468830935e-05
9948,1.3838076789896014e-05
9949,1.3837139753003488e-05
9950,1.3836198958450115e-05
9951,1.3835255335825643e-05
9952,1.3834314541383286e-05
9953,1.3833377504379742e-05
9954,1.3832436709826375e-05
9955,1.383148073386132e-05
9956,1.3830532379022207e-05
9957,1.3829586866354037e-05
9958,1.3828638511514958e-05
9959,1.3827692052381666e-05
9960,1.3826747485290447e-05
9961,1.3825805749045912e-05
9962,1.3824868712042368e-05
9963,1.3823930737011379e-05
9964,1.3822989000766849e-05
9965,1.3822052900791521e-05
9966,1.3821116800927234e-05
9967,1.3820180700951931e-05
9968,1.3819239906398544e-05
9969,1.3818295339307335e-05
9970,1.3817350772105118e-05
9971,1.3816406205013898e-05
9972,1.3815460692345728e-05
9973,1.3814504716380677e-05
9974,1.3813550651442509e-05
9975,1.3812599445772731e-05
9976,1.3811647288086712e-05
9977,1.3810701775418555e-05
9978,1.380975815279405e-05
9979,1.3808812640236913e-05
9980,1.3807856664271867e-05
9981,1.3806902599222691e-05
9982,1.3805946623257624e-05
9983,1.380499064729258e-05
9984,1.3804034671438538e-05
9985,1.3803077738461222e-05
9986,1.3802128434381441e-05
9987,1.3801179130190638e-05
9988,1.3800231723704044e-05
9989,1.3799272874037701e-05
9990,1.3798335837034152e-05
9991,1.3797391269942939e-05
9992,1.3796440064273156e-05
9993,1.3795482173506452e-05
9994,1.3794522364052328e-05
9995,1.3793565431186036e-05
9996,1.37926056217319e-05
9997,1.3791658215245308e-05
9998,1.3790711756112022e-05
9999,1.3789763401272916e-05
10000,1.3788811243475857e-05
10001,1.3787862888636747e-05
10002,1.3786911682966982e-05
10003,1.3785959525169917e-05
10004,1.3785003549204854e-05
10005,1.3784053294774158e-05
10006,1.3783103990583356e-05
10007,1.3782154686503576e-05
10008,1.3781203480833781e-05
10009,1.378025512599469e-05
10010,1.3779310558792456e-05
10011,1.3778354582938404e-05
10012,1.3777403377268632e-05
10013,1.3776452171598851e-05
10014,1.3775500966040072e-05
10015,1.3774549760370286e-05
10016,1.3773601405531187e-05
10017,1.3772655892863021e-05
10018,1.3771706588672212e-05
10019,1.3770754430875162e-05
10020,1.3769802273078122e-05
10021,1.3768844382311416e-05
10022,1.3767891271387885e-05
10023,1.3766941967308108e-05
10024,1.376598980951104e-05
10025,1.3765038603841252e-05
10026,1.3764086446044217e-05
10027,1.3763133335231723e-05
10028,1.3762180224308194e-05
10029,1.376122711338468e-05
10030,1.3760274002461157e-05
10031,1.375932374803047e-05
10032,1.3758373493599752e-05
10033,1.3757423239169054e-05
10034,1.3756472984849385e-05
10035,1.3755516051872082e-05
10036,1.3754558161105379e-05
10037,1.3753606003308338e-05
10038,1.375265289249582e-05
10039,1.3751697872432807e-05
10040,1.3750744761509271e-05
10041,1.3749791650696782e-05
10042,1.374883853977326e-05
10043,1.3747885428849752e-05
10044,1.3746932317926232e-05
10045,1.3745976342072205e-05
10046,1.3745026087641505e-05
10047,1.3744070111676453e-05
10048,1.374311604662726e-05
10049,1.3742161981689102e-05
10050,1.3741205048822825e-05
10051,1.3740247158056098e-05
10052,1.3739289267289407e-05
10053,1.3738331376522691e-05
10054,1.3737378265599171e-05
10055,1.3736425154675656e-05
10056,1.3735472043752148e-05
10057,1.3734518932939633e-05
10058,1.373356199996233e-05
10059,1.3732605067096061e-05
10060,1.3731653861537301e-05
10061,1.3730700750613778e-05
10062,1.3729746685675606e-05
10063,1.3728793574752093e-05
10064,1.3727838554800097e-05
10065,1.3726882578835033e-05
10066,1.3725929467911506e-05
10067,1.3724975402973341e-05
10068,1.3724022292049836e-05
10069,1.3723069181126311e-05
10070,1.3722112248260034e-05
10071,1.3721161042590255e-05
10072,1.3720196419653152e-05
10073,1.3719241399701166e-05
10074,1.3718293993214562e-05
10075,1.3717329370277479e-05
10076,1.3716364747340393e-05
10077,1.3715401089076096e-05
10078,1.3714443198309391e-05
10079,1.3713494843470297e-05
10080,1.3712544589039578e-05
10081,1.3711599076371425e-05
10082,1.3710647870701652e-05
10083,1.3709695712904602e-05
10084,1.370875020034745e-05
10085,1.370780374121417e-05
10086,1.3706862004969619e-05
10087,1.3705910799299826e-05
10088,1.3704955779347836e-05
10089,1.3704002668424297e-05
10090,1.3703051462754531e-05
10091,1.3702096442802514e-05
10092,1.3701139509936242e-05
10093,1.3700181619169534e-05
10094,1.3699234212682921e-05
10095,1.3698285857732797e-05
10096,1.3697332746920303e-05
10097,1.369637963599679e-05
10098,1.369542174523009e-05
10099,1.3694472441039269e-05
10100,1.3693520283242229e-05
10101,1.3692562392475528e-05
10102,1.36916045017088e-05
10103,1.3690651390785283e-05
10104,1.3689698279861781e-05
10105,1.3688745169049272e-05
10106,1.3687792058125765e-05
10107,1.3686838947202252e-05
10108,1.3685885836278732e-05
10109,1.3684932725355215e-05
10110,1.3683977705403203e-05
10111,1.3683023640465034e-05
10112,1.3682070529541516e-05
10113,1.3681117418617999e-05
10114,1.3680164307805503e-05
10115,1.3679211196881978e-05
10116,1.3678258085958458e-05
10117,1.3677304975034938e-05
10118,1.3676351864222442e-05
10119,1.3675395888257391e-05
10120,1.3674436078803254e-05
10121,1.3673494342558714e-05
10122,1.3672542184761648e-05
10123,1.367158907383814e-05
10124,1.367063786816836e-05
10125,1.3669690461681769e-05
10126,1.3668743055195173e-05
10127,1.3667795648708573e-05
10128,1.3666851081506344e-05
10129,1.3665900827186653e-05
10130,1.3664943894209365e-05
10131,1.3663997435187088e-05
10132,1.3663052867984858e-05
10133,1.3662099757061345e-05
10134,1.3661153298039077e-05
10135,1.3660200187115551e-05
10136,1.3659248981445766e-05
10137,1.3658299677365976e-05
10138,1.3657342744388673e-05
10139,1.3656390586591639e-05
10140,1.3655438428905606e-05
10141,1.3654485317982077e-05
10142,1.3653534112312305e-05
10143,1.3652581954515252e-05
10144,1.3651628843591727e-05
10145,1.3650672867737697e-05
10146,1.364971975681417e-05
10147,1.3648766645890658e-05
10148,1.3647810669925606e-05
10149,1.364685755900207e-05
10150,1.364590730457139e-05
10151,1.3644959898084792e-05
10152,1.3644007740287742e-05
10153,1.3643059385448622e-05
10154,1.364210532051047e-05
10155,1.3641144550269333e-05
10156,1.3640194295838622e-05
10157,1.3639237362972345e-05
10158,1.3638283298034188e-05
10159,1.3637332092364387e-05
10160,1.3636370360448066e-05
10161,1.3635416295509899e-05
10162,1.3634466991319094e-05
10163,1.363352431238419e-05
10164,1.3632577853250892e-05
10165,1.3631628549060079e-05
10166,1.363067734350133e-05
10167,1.3629728988551203e-05
10168,1.3628776830865158e-05
10169,1.3627816060624022e-05
10170,1.3626855290382878e-05
10171,1.3625894520141738e-05
10172,1.3624942362455693e-05
10173,1.3623994007505588e-05
10174,1.3623040896693075e-05
10175,1.3622085876630057e-05
10176,1.3621131811691899e-05
10177,1.3620178700768365e-05
10178,1.3619224635830212e-05
10179,1.3618270570892045e-05
10180,1.3617321266701232e-05
10181,1.3616371012270542e-05
10182,1.3615410242029394e-05
10183,1.3614449471899275e-05
10184,1.361349445183625e-05
10185,1.3612539431884223e-05
10186,1.361158441193223e-05
10187,1.3610630346994062e-05
10188,1.3609676281944863e-05
10189,1.3608722217006713e-05
10190,1.360776815206854e-05
10191,1.3606816946398754e-05
10192,1.3605863835586266e-05
10193,1.3604910724662756e-05
10194,1.3603960470232051e-05
10195,1.360300926456227e-05
10196,1.3602058059003493e-05
10197,1.3601099209337171e-05
10198,1.3600148954906464e-05
10199,1.359920154841986e-05
10200,1.3598241738965743e-05
10201,1.3597291484535026e-05
10202,1.3596343129695921e-05
10203,1.3595383320241796e-05
10204,1.3594426387375505e-05
10205,1.359347422957847e-05
10206,1.3592517296712174e-05
10207,1.3591562276649141e-05
10208,1.3590602467306045e-05
10209,1.358965221287534e-05
10210,1.3588698147826159e-05
10211,1.358774503701365e-05
10212,1.3586790971964467e-05
10213,1.358584734945102e-05
10214,1.3584896143781212e-05
10215,1.358394398598416e-05
10216,1.358299563114506e-05
10217,1.3582041566206895e-05
10218,1.3581087501268737e-05
10219,1.3580136295598953e-05
10220,1.3579185090040188e-05
10221,1.3578234835609498e-05
10222,1.3577284581178793e-05
10223,1.357633717458117e-05
10224,1.3575389768094578e-05
10225,1.3574429958640452e-05
10226,1.3573476847827943e-05
10227,1.3572527543637141e-05
10228,1.3571570610770849e-05
10229,1.3570608878743508e-05
10230,1.356964714682717e-05
10231,1.3568696892396476e-05
10232,1.356774663796578e-05
10233,1.356679733377496e-05
10234,1.3565834639184265e-05
10235,1.3564881528260736e-05
10236,1.3563918833670033e-05
10237,1.3562956138968305e-05
10238,1.3562006834888495e-05
10239,1.3561058479938392e-05
10240,1.3560110125099273e-05
10241,1.3559161770260179e-05
10242,1.3558211515829482e-05
10243,1.3557261261398789e-05
10244,1.3556318582463856e-05
10245,1.3555372123330571e-05
10246,1.3554410391414256e-05
10247,1.3553459185744472e-05
10248,1.3552510830905372e-05
10249,1.355154909898904e-05
10250,1.3550587367072715e-05
10251,1.3549627557618573e-05
10252,1.3548680151131967e-05
10253,1.3547731796181848e-05
10254,1.3546783441342752e-05
10255,1.3545827465377684e-05
10256,1.3544884786442776e-05
10257,1.354393453201208e-05
10258,1.3542985227932295e-05
10259,1.3542029251967234e-05
10260,1.3541076141043716e-05
10261,1.3540130628375547e-05
10262,1.3539183221888972e-05
10263,1.3538242427335581e-05
10264,1.353729596820229e-05
10265,1.3536348561715709e-05
10266,1.3535403994624487e-05
10267,1.3534457535491202e-05
10268,1.3533507281060503e-05
10269,1.3532563658547043e-05
10270,1.3531615303596929e-05
10271,1.3530668844574649e-05
10272,1.3529719540383855e-05
10273,1.352877118554475e-05
10274,1.3527825672876586e-05
10275,1.3526878266389982e-05
10276,1.3525926108592929e-05
10277,1.3524978702106326e-05
10278,1.3524027496436563e-05
10279,1.3523076290766763e-05
10280,1.3522129831744506e-05
10281,1.3521179577313802e-05
10282,1.352022837164401e-05
10283,1.3519280016804908e-05
10284,1.3518328811135132e-05
10285,1.3517378556704424e-05
10286,1.3516429252624648e-05
10287,1.351548845807126e-05
10288,1.3514538203640564e-05
10289,1.3513587949209859e-05
10290,1.351263674354009e-05
10291,1.3511683632727594e-05
10292,1.3510732427057808e-05
10293,1.3509781221388023e-05
10294,1.3508830015829242e-05
10295,1.3507878810159472e-05
10296,1.3506927604489679e-05
10297,1.3505977350169996e-05
10298,1.3505028995219888e-05
10299,1.3504078740789183e-05
10300,1.3503128486358496e-05
10301,1.3502178232038813e-05
10302,1.3501228927848009e-05
10303,1.35002805730089e-05
10304,1.3499332218058758e-05
10305,1.349838386321967e-05
10306,1.3497435508380569e-05
10307,1.3496489049247263e-05
10308,1.3495529239793136e-05
10309,1.3494571349026418e-05
10310,1.3493625836358273e-05
10311,1.3492682213844809e-05
10312,1.349172719389281e-05
10313,1.3490772173829768e-05
10314,1.3489815240963479e-05
10315,1.348885543150935e-05
10316,1.3487900411557334e-05
10317,1.3486952056718228e-05
10318,1.3485998945794726e-05
10319,1.348504296982966e-05
10320,1.3484091764159881e-05
10321,1.348314055860111e-05
10322,1.348219125441031e-05
10323,1.34812409999796e-05
10324,1.348029264514051e-05
10325,1.3479340487343453e-05
10326,1.3478391183152647e-05
10327,1.3477441878961828e-05
10328,1.347649257488204e-05
10329,1.347554327069123e-05
10330,1.3474593966500418e-05
10331,1.3473644662309601e-05
10332,1.3472682930393273e-05
10333,1.3471723120939137e-05
10334,1.3470766188072858e-05
10335,1.3469807338406519e-05
10336,1.3468847528952386e-05
10337,1.3467897274521691e-05
10338,1.3466949868035089e-05
10339,1.3465994848083095e-05
10340,1.3465035038628946e-05
10341,1.3464075229174805e-05
10342,1.3463115419720671e-05
10343,1.3462155610266542e-05
10344,1.346119963430149e-05
10345,1.3460252227814879e-05
10346,1.3459298162876717e-05
10347,1.3458351703743432e-05
10348,1.3457395727778366e-05
10349,1.3456437837011661e-05
10350,1.3455480904145393e-05
10351,1.3454531599954586e-05
10352,1.3453590805401209e-05
10353,1.3452641501321426e-05
10354,1.3451692197130598e-05
10355,1.3450742892939793e-05
10356,1.3449800214004876e-05
10357,1.3448847103081354e-05
10358,1.3447897798890541e-05
10359,1.344694849481076e-05
10360,1.344599919061996e-05
10361,1.3445049886429151e-05
10362,1.3444096775505626e-05
10363,1.3443147471425821e-05
10364,1.344219626575604e-05
10365,1.3441239332889775e-05
10366,1.3440289078459068e-05
10367,1.343933310249402e-05
10368,1.3438377126528949e-05
10369,1.3437426872098267e-05
10370,1.3436470896133195e-05
10371,1.3435514920168137e-05
10372,1.3434561809244637e-05
10373,1.3433609651447579e-05
10374,1.3432657493761556e-05
10375,1.3431705335964486e-05
10376,1.3430753178167448e-05
10377,1.3429796245190143e-05
10378,1.3428845990870464e-05
10379,1.342789287994694e-05
10380,1.3426943575756125e-05
10381,1.3425991417959074e-05
10382,1.3425039260162042e-05
10383,1.3424090905322929e-05
10384,1.3423138747525876e-05
10385,1.3422193234857716e-05
10386,1.3421244880018607e-05
10387,1.3420292722221557e-05
10388,1.341933865728339e-05
10389,1.3418387451613617e-05
10390,1.3417435293816556e-05
10391,1.3416483136130532e-05
10392,1.3415530978333474e-05
10393,1.3414578820536415e-05
10394,1.3413625709612903e-05
10395,1.341267068966089e-05
10396,1.3411718531863858e-05
10397,1.3410768277433151e-05
10398,1.3409814212494991e-05
10399,1.3408854403040842e-05
10400,1.340789842707579e-05
10401,1.3406950072236681e-05
10402,1.3406007393301786e-05
10403,1.340505808911096e-05
10404,1.3404103069158953e-05
10405,1.340314517828122e-05
10406,1.3402188245414938e-05
10407,1.3401239890575843e-05
10408,1.3400285825637681e-05
10409,1.339932793487097e-05
10410,1.3398368125416844e-05
10411,1.339741977057774e-05
10412,1.3396469516147041e-05
10413,1.339552494894481e-05
10414,1.3394573743386037e-05
10415,1.3393621585588995e-05
10416,1.339266942779193e-05
10417,1.3391713451826874e-05
10418,1.3390765096987788e-05
10419,1.338981198606425e-05
10420,1.3388860780394464e-05
10421,1.3387903847528195e-05
10422,1.3386949782590036e-05
10423,1.3385989012348887e-05
10424,1.3385030162682556e-05
10425,1.3384068430766237e-05
10426,1.3383113410814228e-05
10427,1.3382158390862207e-05
10428,1.3381200500095494e-05
10429,1.338025498742734e-05
10430,1.3379311364802851e-05
10431,1.3378357299864704e-05
10432,1.3377406094194915e-05
10433,1.3376456790115133e-05
10434,1.3375515053759555e-05
10435,1.3374568594737292e-05
10436,1.3373615483813769e-05
10437,1.3372664278143985e-05
10438,1.3371706387377275e-05
10439,1.3370754229580218e-05
10440,1.3369807770557972e-05
10441,1.3368859415607843e-05
10442,1.3367913903050707e-05
10443,1.336696269738091e-05
10444,1.3366013393190113e-05
10445,1.3365070714255186e-05
10446,1.3364131800419631e-05
10447,1.3363172950753298e-05
10448,1.336222079295624e-05
10449,1.3361269587397468e-05
10450,1.3360318381727677e-05
10451,1.335936717605791e-05
10452,1.3358423553544429e-05
10453,1.3357471395747397e-05
10454,1.3356515419782325e-05
10455,1.3355570852691125e-05
10456,1.3354628173756213e-05
10457,1.3353683606553977e-05
10458,1.3352740927619062e-05
10459,1.3351796360527862e-05
10460,1.3350853681592951e-05
10461,1.3349909114390717e-05
10462,1.3348966435455805e-05
10463,1.3348022812942348e-05
10464,1.3347078245851121e-05
10465,1.3346127991420426e-05
10466,1.3345180584822822e-05
10467,1.3344235072265677e-05
10468,1.3343283866595885e-05
10469,1.3342326933729607e-05
10470,1.3341370957764555e-05
10471,1.3340410187523419e-05
10472,1.3339461832684312e-05
10473,1.3338515373551019e-05
10474,1.3337566069360202e-05
10475,1.3336616765280418e-05
10476,1.3335661745217385e-05
10477,1.333471149078669e-05
10478,1.3333763135947593e-05
10479,1.3332810978150532e-05
10480,1.3331858820353487e-05
10481,1.333091141386689e-05
10482,1.3329957348928723e-05
10483,1.3329003283990554e-05
10484,1.3328049219052404e-05
10485,1.332709515400322e-05
10486,1.3326148694980942e-05
10487,1.3325191762003641e-05
10488,1.3324239604206577e-05
10489,1.3323280754651267e-05
10490,1.3322329548981483e-05
10491,1.3321374529029487e-05
10492,1.3320420464091319e-05
10493,1.3319465444028279e-05
10494,1.3318511379090137e-05
10495,1.3317557314151967e-05
10496,1.3316603249213792e-05
10497,1.3315654894374694e-05
10498,1.3314704639944006e-05
10499,1.3313756284993877e-05
10500,1.3312799352127596e-05
10501,1.3311845287189423e-05
10502,1.3310892176265901e-05
10503,1.3309940970707154e-05
10504,1.3308989765037369e-05
10505,1.3308034745085342e-05
10506,1.3307079725022316e-05
10507,1.3306137046087416e-05
10508,1.3305194367152507e-05
10509,1.3304250744639043e-05
10510,1.3303308065704128e-05
10511,1.330236160657083e-05
10512,1.3301415147437554e-05
10513,1.330048371872561e-05
10514,1.3299545743694626e-05
10515,1.3298598337208024e-05
10516,1.3297649982368936e-05
10517,1.3296690172914785e-05
10518,1.329574466024663e-05
10519,1.3294789640294619e-05
10520,1.3293839385863936e-05
10521,1.3292889131433217e-05
10522,1.329193411148121e-05
10523,1.3290988598813062e-05
10524,1.3290045919878145e-05
10525,1.3289104183633604e-05
10526,1.3288158670965454e-05
10527,1.328721693472091e-05
10528,1.3286271422052747e-05
10529,1.3285323067213637e-05
10530,1.3284378500011415e-05
10531,1.3283433932920209e-05
10532,1.3282488420252042e-05
10533,1.3281543853160833e-05
10534,1.3280599286069606e-05
10535,1.3279658491516244e-05
10536,1.3278700600749528e-05
10537,1.3277759806196155e-05
10538,1.3276798074279842e-05
10539,1.3275849719329722e-05
10540,1.3274901364490622e-05
10541,1.3273953009651497e-05
10542,1.3273011273406968e-05
10543,1.3272067650782487e-05
10544,1.3271135289705244e-05
10545,1.327019543595487e-05
10546,1.326925652200828e-05
10547,1.3268314785763725e-05
10548,1.3267373049519185e-05
10549,1.326643131327465e-05
10550,1.3265489577030111e-05
10551,1.3264551601999129e-05
10552,1.3263607979485675e-05
10553,1.326266530055076e-05
10554,1.3261720733348515e-05
10555,1.326077522079138e-05
10556,1.3259820200728363e-05
10557,1.3258873741706081e-05
10558,1.325792158390903e-05
10559,1.3256971329478348e-05
10560,1.3256034292474793e-05
10561,1.3255100063780383e-05
10562,1.3254162088860436e-05
10563,1.3253220352504874e-05
10564,1.3252285188669615e-05
10565,1.3251338729647339e-05
10566,1.3250391323049728e-05
10567,1.3249450528607385e-05
10568,1.324849550854435e-05
10569,1.3247554714102003e-05
10570,1.3246616739071019e-05
10571,1.3245666484640317e-05
10572,1.3244720972083188e-05
10573,1.324376499611812e-05
10574,1.3242806146451788e-05
10575,1.3241848255685078e-05
10576,1.3240891322818794e-05
10577,1.3239934389841503e-05
10578,1.323898793081924e-05
10579,1.3238043363617003e-05
10580,1.323709785105986e-05
10581,1.323614664539007e-05
10582,1.3235201132721919e-05
10583,1.323424992705214e-05
10584,1.3233300622972334e-05
10585,1.3232352268022223e-05
10586,1.323139629216819e-05
10587,1.3230446037737485e-05
10588,1.3229488146859763e-05
10589,1.3228533126907747e-05
10590,1.3227584772068646e-05
10591,1.3226627839202363e-05
10592,1.3225675681405315e-05
10593,1.3224727326566198e-05
10594,1.3223778971616092e-05
10595,1.32228296675363e-05
10596,1.3221880363345482e-05
10597,1.3220929157675697e-05
10598,1.3219983645007545e-05
10599,1.3219029580069381e-05
10600,1.3218080275878553e-05
10601,1.3217125255926545e-05
10602,1.3216171190988392e-05
10603,1.3215214258122107e-05
10604,1.3214256367355405e-05
10605,1.3213301347292374e-05
10606,1.3212346327340373e-05
10607,1.3211389394474084e-05
10608,1.3210437236677022e-05
10609,1.3209482216725021e-05
10610,1.320852719666199e-05
10611,1.32075740858495e-05
10612,1.3206619065786467e-05
10613,1.320566308982141e-05
10614,1.320471757726426e-05
10615,1.320376637159449e-05
10616,1.3202815165924694e-05
10617,1.320186396036594e-05
10618,1.3200909895427777e-05
10619,1.3199946237052441e-05
10620,1.319899312612894e-05
10621,1.3198040015316437e-05
10622,1.3197086904392908e-05
10623,1.3196134746595863e-05
10624,1.3195186391756752e-05
10625,1.3194235186086986e-05
10626,1.3193283028289931e-05
10627,1.3192328008337922e-05
10628,1.3191372988385897e-05
10629,1.3190417968433907e-05
10630,1.3189461035456602e-05
10631,1.3188504102590325e-05
10632,1.3187550991666786e-05
10633,1.3186598833869736e-05
10634,1.318564381391774e-05
10635,1.318468783795269e-05
10636,1.3183733773014513e-05
10637,1.3182779708076353e-05
10638,1.3181823732111287e-05
10639,1.3180870621187784e-05
10640,1.3179920366757074e-05
10641,1.3178962475990363e-05
10642,1.3178024501070421e-05
10643,1.3177070436021237e-05
10644,1.3176114460056175e-05
10645,1.3175173665613816e-05
10646,1.3174210007238507e-05
10647,1.317326354821624e-05
10648,1.3172313293785542e-05
10649,1.3171365887298945e-05
10650,1.3170427912267961e-05
10651,1.316947575447092e-05
10652,1.316853965460662e-05
10653,1.3167596031982143e-05
10654,1.3166651464890945e-05
10655,1.3165703109940804e-05
10656,1.3164759487427353e-05
10657,1.3163817751182803e-05
10658,1.3162881651207487e-05
10659,1.3161941797457117e-05
10660,1.316098677750509e-05
10661,1.3160045982951734e-05
10662,1.3159090962999727e-05
10663,1.3158145450331563e-05
10664,1.3157190430379547e-05
10665,1.315623253961285e-05
10666,1.3155276563647792e-05
10667,1.315432058768273e-05
10668,1.315337223284363e-05
10669,1.31524172127806e-05
10670,1.315146410196811e-05
10671,1.315050908190507e-05
10672,1.314955406195306e-05
10673,1.3148598085988004e-05
10674,1.314764211002296e-05
10675,1.314668421925625e-05
10676,1.3145742483011712e-05
10677,1.314479697034354e-05
10678,1.3143842905405368e-05
10679,1.3142887885453368e-05
10680,1.314194047885576e-05
10681,1.3140982588089054e-05
10682,1.314003423324994e-05
10683,1.3139088720581785e-05
10684,1.3138140365742672e-05
10685,1.3137192010903576e-05
10686,1.3136246498235426e-05
10687,1.3135298143396316e-05
10688,1.313435263072816e-05
10689,1.3133407118059997e-05
10690,1.313245686362929e-05
10691,1.3131506609309614e-05
10692,1.3130557305118808e-05
10693,1.3129608000928003e-05
10694,1.3128658696737187e-05
10695,1.312770463179902e-05
10696,1.312675056686085e-05
10697,1.3125799361191064e-05
10698,1.312484720339401e-05
10699,1.312389409247051e-05
10700,1.3122943838039812e-05
10701,1.3121992632481029e-05
10702,1.3121039521557512e-05
10703,1.3120090217366719e-05
10704,1.3119139011807942e-05
10705,1.3118185900884429e-05
10706,1.3117234695214645e-05
10707,1.3116283489655873e-05
10708,1.31153322839861e-05
10709,1.3114379173062579e-05
10710,1.3113427015265534e-05
10711,1.311247485746846e-05
10712,1.311151983751647e-05
10713,1.3110561946749763e-05
10714,1.3109612642558955e-05
10715,1.3108667130001799e-05
10716,1.3107720670868529e-05
10717,1.3106781756921917e-05
10718,1.3105827691983754e-05
10719,1.3104876486424992e-05
10720,1.3103924328627944e-05
10721,1.3102972170830894e-05
10722,1.3102020965161115e-05
10723,1.3101071660970296e-05
10724,1.3100120455411545e-05
10725,1.3099169249741752e-05
10726,1.3098218044071973e-05
10727,1.3097266838513211e-05
10728,1.309631468071615e-05
10729,1.3095351022451856e-05
10730,1.3094387364076535e-05
10731,1.309342659394642e-05
10732,1.3092480134813126e-05
10733,1.3091520325358995e-05
10734,1.3090570070928299e-05
10735,1.3089623611795003e-05
10736,1.3088679989281541e-05
10737,1.3087732582794952e-05
10738,1.3086785176308346e-05
10739,1.308583492187765e-05
10740,1.3084884667446955e-05
10741,1.308392964738392e-05
10742,1.3082980343304119e-05
10743,1.3082029137634333e-05
10744,1.30810874013898e-05
10745,1.3080141888721641e-05
10746,1.3079198266208182e-05
10747,1.3078236534180821e-05
10748,1.3077274802264495e-05
10749,1.307632834313121e-05
10750,1.3075380936644624e-05
10751,1.3074441082894241e-05
10752,1.3073486062942222e-05
10753,1.3072531042990214e-05
10754,1.3071588364055314e-05
10755,1.3070641904922025e-05
10756,1.306969449843543e-05
10757,1.3068748039302126e-05
10758,1.3067799684463028e-05
10759,1.3066855117371825e-05
10760,1.3065906762421708e-05
10761,1.3064952697483529e-05
10762,1.3063997677531525e-05
10763,1.3063046471861732e-05
10764,1.3062088581095028e-05
10765,1.3061137375425238e-05
10766,1.3060188071345463e-05
10767,1.3059244448720976e-05
10768,1.3058292290923923e-05
10769,1.305734583190165e-05
10770,1.3056398425304047e-05
10771,1.305544626750698e-05
10772,1.3054500754949839e-05
10773,1.3053549549280062e-05
10774,1.3052601194440957e-05
10775,1.305165189025015e-05
10776,1.3050700684580375e-05
10777,1.304975327809377e-05
10778,1.3048805871607164e-05
10779,1.3047853713810108e-05
10780,1.3046899648871965e-05
10781,1.3045947491074905e-05
10782,1.3044995333277852e-05
10783,1.30440431754808e-05
10784,1.304309387129e-05
10785,1.304214551645089e-05
10786,1.3041193358653835e-05
10787,1.304024024784135e-05
10788,1.3039288090044284e-05
10789,1.3038334024995092e-05
10790,1.3037382819436347e-05
10791,1.3036430661639295e-05
10792,1.3035478503842245e-05
10793,1.3034527298172456e-05
10794,1.3033575140375394e-05
10795,1.3032622982689366e-05
10796,1.3031670824892304e-05
10797,1.3030719619222536e-05
10798,1.3029763643257466e-05
10799,1.3028811485460428e-05
10800,1.3027859327663382e-05
10801,1.3026907169866311e-05
10802,1.3025955964307546e-05
10803,1.3025003806510513e-05
10804,1.302405164871345e-05
10805,1.30230994909164e-05
10806,1.3022148285246612e-05
10807,1.3021196127560598e-05
10808,1.3020243016637062e-05
10809,1.3019292762206376e-05
10810,1.3018340604409326e-05
10811,1.3017388446612276e-05
10812,1.3016436288815216e-05
10813,1.3015486034384526e-05
10814,1.3014531969446354e-05
10815,1.3013578858522832e-05
10816,1.3012625747710328e-05
10817,1.3011672636786818e-05
10818,1.3010719525863298e-05
10819,1.3009766414939783e-05
10820,1.3008812350001613e-05
10821,1.3007860192204561e-05
10822,1.3006904216239514e-05
10823,1.3005953961808822e-05
10824,1.300500655532221e-05
10825,1.3004061042654051e-05
10826,1.3003110788223368e-05
10827,1.3002161484143576e-05
10828,1.300121217995277e-05
10829,1.3000258115014589e-05
10830,1.2999308810823793e-05
10831,1.2998358556393094e-05
10832,1.2997408301962377e-05
10833,1.2996454237024224e-05
10834,1.2995504932833404e-05
10835,1.2994548956868352e-05
10836,1.2993596799071315e-05
10837,1.2992644641274265e-05
10838,1.2991683871033119e-05
10839,1.2990729806094946e-05
10840,1.2989775741156796e-05
10841,1.2988821676218625e-05
10842,1.2987871421787925e-05
10843,1.2986911612333778e-05
10844,1.2985954679467499e-05
10845,1.2984997746601227e-05
10846,1.2984042726538192e-05
10847,1.2983088661600025e-05
10848,1.2982130770833317e-05
10849,1.2981174794868267e-05
10850,1.2980215945201936e-05
10851,1.2979266641011119e-05
10852,1.2978316386691443e-05
10853,1.2977366132260751e-05
10854,1.2976416828069948e-05
10855,1.2975465622400156e-05
10856,1.2974516318209348e-05
10857,1.297356416052332e-05
10858,1.2972603390282177e-05
10859,1.2971651232485108e-05
10860,1.2970697167546948e-05
10861,1.2969739276780242e-05
10862,1.2968785211731051e-05
10863,1.2967835907651267e-05
10864,1.2966886603460452e-05
10865,1.2965933492536936e-05
10866,1.296498418834612e-05
10867,1.2964034884155323e-05
10868,1.2963078908190264e-05
10869,1.2962122932336224e-05
10870,1.2961170774539177e-05
10871,1.2960218616742127e-05
10872,1.2959258807287986e-05
10873,1.295830569636446e-05
10874,1.2957351631426301e-05
10875,1.295639278175998e-05
10876,1.2955437761807954e-05
10877,1.2954488457617154e-05
10878,1.2953540102778046e-05
10879,1.2952581253111719e-05
10880,1.2951627188173552e-05
10881,1.2950678833334455e-05
10882,1.2949718063093309e-05
10883,1.294876208712825e-05
10884,1.2947808976204728e-05
10885,1.294685586539223e-05
10886,1.2945900845329196e-05
10887,1.2944943912462934e-05
10888,1.2943995557623812e-05
10889,1.2943047202784717e-05
10890,1.2942099796187103e-05
10891,1.2941146685374613e-05
10892,1.2940196430943913e-05
10893,1.2939242366005741e-05
10894,1.2938286390040698e-05
10895,1.2937330414075637e-05
10896,1.2936374438110586e-05
10897,1.2935418462145529e-05
10898,1.2934469157954702e-05
10899,1.2933519853763904e-05
10900,1.2932570549573091e-05
10901,1.2931617438760583e-05
10902,1.2930664327837073e-05
10903,1.2929714073406366e-05
10904,1.2928762867736594e-05
10905,1.2927811662177815e-05
10906,1.2926860456508035e-05
10907,1.2925905436556022e-05
10908,1.2924956132365207e-05
10909,1.2924003021441696e-05
10910,1.2923046088575412e-05
10911,1.2922096784384597e-05
10912,1.2921150325362347e-05
10913,1.2920197214438824e-05
10914,1.2919244103515314e-05
10915,1.2918290992591774e-05
10916,1.2917337881779286e-05
10917,1.2916381905814242e-05
10918,1.2915432601623415e-05
10919,1.2914482347192729e-05
10920,1.291353209276202e-05
10921,1.2912581838331326e-05
10922,1.2911630632661533e-05
10923,1.2910683226174946e-05
10924,1.2909732971744246e-05
10925,1.2908782717313544e-05
10926,1.2907823867758246e-05
10927,1.2906877408624947e-05
10928,1.2905931895956789e-05
10929,1.2904978785033279e-05
10930,1.2904025674220766e-05
10931,1.2903080161552618e-05
10932,1.2902127050629092e-05
10933,1.2901183428115645e-05
10934,1.290023507316551e-05
10935,1.2899280053213512e-05
10936,1.2898329798782809e-05
10937,1.2897378593224044e-05
10938,1.2896434026021805e-05
10939,1.28954837715911e-05
10940,1.2894542035346568e-05
10941,1.2893593680507458e-05
10942,1.2892651001572553e-05
10943,1.2891705488904387e-05
10944,1.2890753331107346e-05
10945,1.2889809708593887e-05
10946,1.2888860404403075e-05
10947,1.2887912997916482e-05
10948,1.2886965591429883e-05
10949,1.2886015336999184e-05
10950,1.2885064131329383e-05
10951,1.2884115776490282e-05
10952,1.2883167421651184e-05
10953,1.2882219066701062e-05
10954,1.2881270711861962e-05
10955,1.2880322357022852e-05
10956,1.2879374002183742e-05
10957,1.287842564723362e-05
10958,1.2877478240747036e-05
10959,1.2876530834260425e-05
10960,1.2875582479421338e-05
10961,1.2874634124582233e-05
10962,1.2873686717984617e-05
10963,1.2872737413904817e-05
10964,1.2871788109714009e-05
10965,1.2870826377797684e-05
10966,1.2869864645770345e-05
10967,1.2868913440211568e-05
10968,1.2867964136020765e-05
10969,1.2867012930350982e-05
10970,1.2866063626160162e-05
10971,1.2865114322080377e-05
10972,1.2864174468329994e-05
10973,1.2863213698088849e-05
10974,1.2862264393898027e-05
10975,1.2861316987411449e-05
10976,1.2860367683220629e-05
10977,1.2859417428789927e-05
10978,1.285846717435923e-05
10979,1.2857517870279434e-05
10980,1.285656856608863e-05
10981,1.285561831165793e-05
10982,1.2854667105988152e-05
10983,1.2853717801908356e-05
10984,1.2852771342775068e-05
10985,1.2851821088344375e-05
10986,1.2850871784153555e-05
10987,1.2849922479962755e-05
10988,1.2848972225532058e-05
10989,1.2848026712974904e-05
10990,1.284708120030675e-05
10991,1.2846135687638592e-05
10992,1.2845190174970423e-05
10993,1.2844244662302268e-05
10994,1.2843283892172154e-05
10995,1.2842341213237247e-05
10996,1.284138523727219e-05
10997,1.2840431172334027e-05
10998,1.2839485659665866e-05
10999,1.2838542980730951e-05
11000,1.2837594625780825e-05
11001,1.283664627094171e-05
11002,1.2835697916102609e-05
11003,1.2834749561263521e-05
11004,1.2833804048595358e-05
11005,1.2832860426081883e-05
11006,1.283191491341374e-05
11007,1.2830962755616683e-05
11008,1.2830008690678528e-05
11009,1.2829056532881458e-05
11010,1.2828106278450761e-05
11011,1.282715507278098e-05
11012,1.2826202914983927e-05
11013,1.2825241183067597e-05
11014,1.2824282333401278e-05
11015,1.282332348384595e-05
11016,1.2822364634179618e-05
11017,1.2821407701313343e-05
11018,1.2820451725348287e-05
11019,1.2819499567551242e-05
11020,1.2818550263360432e-05
11021,1.2817591413694096e-05
11022,1.2816643058854991e-05
11023,1.2815692804424293e-05
11024,1.2814733954868993e-05
11025,1.2813775105202647e-05
11026,1.2812816255536319e-05
11027,1.2811861235584301e-05
11028,1.2810907170646148e-05
11029,1.2809956916215441e-05
11030,1.2809002851277278e-05
11031,1.2808047831214253e-05
11032,1.2807093766276085e-05
11033,1.2806136833409802e-05
11034,1.280518276847164e-05
11035,1.2804228703533487e-05
11036,1.2803274638484303e-05
11037,1.2802317705618006e-05
11038,1.280135981485131e-05
11039,1.2800403838886256e-05
11040,1.2799462102641705e-05
11041,1.2798522248891341e-05
11042,1.2797575789758034e-05
11043,1.2796615019627927e-05
11044,1.2795664765197228e-05
11045,1.2794713559527437e-05
11046,1.2793764255336628e-05
11047,1.2792813049777856e-05
11048,1.2791861844108077e-05
11049,1.2790910638438282e-05
11050,1.2789965125881143e-05
11051,1.2789015821690331e-05
11052,1.278806366389329e-05
11053,1.278711150609623e-05
11054,1.2786163151257135e-05
11055,1.2785210040333627e-05
11056,1.2784255020381618e-05
11057,1.2783300000318566e-05
11058,1.2782344980366572e-05
11059,1.2781394725935863e-05
11060,1.2780444471505175e-05
11061,1.2779496116666062e-05
11062,1.27785449111073e-05
11063,1.2777596556157185e-05
11064,1.2776646301726473e-05
11065,1.2775697946887385e-05
11066,1.2774743881949211e-05
11067,1.2773791724152167e-05
11068,1.2772839566355118e-05
11069,1.2771888360796355e-05
11070,1.2770936202999298e-05
11071,1.2769984045202236e-05
11072,1.2769031887405184e-05
11073,1.2768082583214386e-05
11074,1.2767135176727779e-05
11075,1.2766188717594499e-05
11076,1.2765241311107902e-05
11077,1.2764289153310853e-05
11078,1.2763341746824244e-05
11079,1.2762392442633453e-05
11080,1.2761440284836398e-05
11081,1.2760488127039333e-05
11082,1.2759536921480584e-05
11083,1.2758580945515522e-05
11084,1.2757630691084819e-05
11085,1.27566775801613e-05
11086,1.2755724469237785e-05
11087,1.2754768493272718e-05
11088,1.2753822980604573e-05
11089,1.2752879358091095e-05
11090,1.2751920508424764e-05
11091,1.2750964532459712e-05
11092,1.275000855649466e-05
11093,1.2749053536542657e-05
11094,1.2748103282111945e-05
11095,1.2747149217173782e-05
11096,1.2746199912982984e-05
11097,1.2745250608792164e-05
11098,1.2744292718025473e-05
11099,1.2743342463594756e-05
11100,1.2742394108755663e-05
11101,1.274144385432496e-05
11102,1.274049074340144e-05
11103,1.2739532852634732e-05
11104,1.273857783268274e-05
11105,1.2737624721759202e-05
11106,1.2736665872203902e-05
11107,1.2735708939226587e-05
11108,1.27347596351468e-05
11109,1.2733812228549187e-05
11110,1.2732864822062602e-05
11111,1.2731919309394442e-05
11112,1.2730978514952088e-05
11113,1.2730039601005502e-05
11114,1.2729088395446737e-05
11115,1.2728139091255929e-05
11116,1.2727189787065099e-05
11117,1.2726230937398766e-05
11118,1.2725285424841627e-05
11119,1.2724335170410934e-05
11120,1.2723386815460805e-05
11121,1.2722436561141146e-05
11122,1.2721488206191013e-05
11123,1.2720539851351903e-05
11124,1.2719598115107377e-05
11125,1.2718649760268258e-05
11126,1.2717702353781665e-05
11127,1.2716753998831551e-05
11128,1.2715805643992434e-05
11129,1.2714859184859139e-05
11130,1.271391083002005e-05
11131,1.2712955810068032e-05
11132,1.2712003652270977e-05
11133,1.2711046719404703e-05
11134,1.2710088828638002e-05
11135,1.2709144261435774e-05
11136,1.270819969434455e-05
11137,1.270724848867478e-05
11138,1.2706296330877715e-05
11139,1.2705340354912659e-05
11140,1.2704382464145948e-05
11141,1.2703428399207788e-05
11142,1.270246858975366e-05
11143,1.2701520234914562e-05
11144,1.2700573775781255e-05
11145,1.2699625420942172e-05
11146,1.2698678961808872e-05
11147,1.2697730606969767e-05
11148,1.2696784147836477e-05
11149,1.2695835792997382e-05
11150,1.26948893338641e-05
11151,1.2693939079433388e-05
11152,1.2692990724594278e-05
11153,1.269203570464227e-05
11154,1.269108829815569e-05
11155,1.2690138993964882e-05
11156,1.2689189689774059e-05
11157,1.2688240385583251e-05
11158,1.2687289180024487e-05
11159,1.26863379743547e-05
11160,1.2685385816557658e-05
11161,1.2684435562126953e-05
11162,1.2683485307696262e-05
11163,1.2682535053265547e-05
11164,1.268158479894588e-05
11165,1.2680638339812584e-05
11166,1.2679682363847536e-05
11167,1.2678730206050492e-05
11168,1.2677783746917183e-05
11169,1.2676838234249033e-05
11170,1.2675887979929352e-05
11171,1.267493200396429e-05
11172,1.2673977938915112e-05
11173,1.2673025781229096e-05
11174,1.2672078374631466e-05
11175,1.267113286207434e-05
11176,1.2670177842011307e-05
11177,1.2669224731198808e-05
11178,1.2668275427008e-05
11179,1.2667320406944965e-05
11180,1.2666372052105858e-05
11181,1.2665424645619263e-05
11182,1.2664474391188556e-05
11183,1.2663522233391506e-05
11184,1.2662571027832746e-05
11185,1.2661619822162955e-05
11186,1.266066671123944e-05
11187,1.2659717407048642e-05
11188,1.2658767152617944e-05
11189,1.2657814041805446e-05
11190,1.2656860930881917e-05
11191,1.2655906865943766e-05
11192,1.265495280089457e-05
11193,1.2653996825040537e-05
11194,1.2653041804977505e-05
11195,1.2652079110386795e-05
11196,1.2651116415685055e-05
11197,1.2650153721094348e-05
11198,1.2649205366255245e-05
11199,1.264826551250486e-05
11200,1.2647314306835088e-05
11201,1.2646368794277944e-05
11202,1.2645425171653447e-05
11203,1.2644474917222769e-05
11204,1.2643523711664004e-05
11205,1.2642571553866949e-05
11206,1.2641620348197156e-05
11207,1.264066914252737e-05
11208,1.2639717936968609e-05
11209,1.2638766731298828e-05
11210,1.2637812666360663e-05
11211,1.263686050856362e-05
11212,1.2635905488611592e-05
11213,1.2634959029478308e-05
11214,1.263400591855479e-05
11215,1.2633055664124093e-05
11216,1.2632095854669952e-05
11217,1.2631144649111199e-05
11218,1.263018962915918e-05
11219,1.2629226934457439e-05
11220,1.2628270001591175e-05
11221,1.2627313068724895e-05
11222,1.2626372274171519e-05
11223,1.2625436174196208e-05
11224,1.2624492551682744e-05
11225,1.2623545145196159e-05
11226,1.2622600577993923e-05
11227,1.2621656010902706e-05
11228,1.262070670671189e-05
11229,1.2619763084198425e-05
11230,1.261882417025184e-05
11231,1.2617880547738375e-05
11232,1.261694351073483e-05
11233,1.261599705160154e-05
11234,1.2615055315357008e-05
11235,1.2614113579112468e-05
11236,1.2613170900177549e-05
11237,1.2612230105624171e-05
11238,1.2611292130704221e-05
11239,1.2610350394348656e-05
11240,1.2609406771835188e-05
11241,1.2608463149321732e-05
11242,1.2607519526697248e-05
11243,1.2606575904183796e-05
11244,1.260563605043342e-05
11245,1.2604689591300112e-05
11246,1.2603740287109317e-05
11247,1.2602784311144252e-05
11248,1.2601834056713548e-05
11249,1.26008988928783e-05
11250,1.2599964664183897e-05
11251,1.2599022927939345e-05
11252,1.2598075521452751e-05
11253,1.2597117630686047e-05
11254,1.2596161654720991e-05
11255,1.2595210449051214e-05
11256,1.2594250639597074e-05
11257,1.259330796066217e-05
11258,1.259235960582305e-05
11259,1.2591409351392349e-05
11260,1.2590455286454197e-05
11261,1.258949739568749e-05
11262,1.258853758623335e-05
11263,1.258759207356519e-05
11264,1.258663800862702e-05
11265,1.2585686802957241e-05
11266,1.2584736548526544e-05
11267,1.2583783437714055e-05
11268,1.258282937266487e-05
11269,1.2581880068585072e-05
11270,1.2580926957661548e-05
11271,1.2579965225745232e-05
11272,1.25790102056822e-05
11273,1.2578053272815908e-05
11274,1.2577097296850855e-05
11275,1.2576139406084158e-05
11276,1.2575179596630017e-05
11277,1.257421978717587e-05
11278,1.2573264767223863e-05
11279,1.2572307834357595e-05
11280,1.2571352814405572e-05
11281,1.2570395881428286e-05
11282,1.256944562699758e-05
11283,1.2568489651143537e-05
11284,1.256753654022003e-05
11285,1.2566581520268023e-05
11286,1.2565628409344508e-05
11287,1.2564675298420988e-05
11288,1.2563726943581868e-05
11289,1.2562770967616824e-05
11290,1.2561816902678649e-05
11291,1.2560860926713598e-05
11292,1.2559922951682624e-05
11293,1.2558967931730622e-05
11294,1.2558018627539795e-05
11295,1.2557064562601644e-05
11296,1.255611145167813e-05
11297,1.2555158340865624e-05
11298,1.2554203320802598e-05
11299,1.2553252115243822e-05
11300,1.2552296139278779e-05
11301,1.2551341119215735e-05
11302,1.2550385143250688e-05
11303,1.2549431078312518e-05
11304,1.2548473187545827e-05
11305,1.2547519122607643e-05
11306,1.2546560272941326e-05
11307,1.254560334007504e-05
11308,1.2544666303071503e-05
11309,1.2543716048640803e-05
11310,1.2542759115774519e-05
11311,1.2541816436839612e-05
11312,1.2540868082000505e-05
11313,1.2539926345755955e-05
11314,1.253899118180968e-05
11315,1.2538048502874776e-05
11316,1.2537106766630226e-05
11317,1.2536164087695312e-05
11318,1.2535220465181841e-05
11319,1.2534274952513684e-05
11320,1.2533334157960317e-05
11321,1.253238864529215e-05
11322,1.2531435534479666e-05
11323,1.2530479558514603e-05
11324,1.25295264475911e-05
11325,1.2528572382652916e-05
11326,1.2527619271729415e-05
11327,1.2526684107894158e-05
11328,1.2525736701407556e-05
11329,1.2524780725442487e-05
11330,1.2523824749477433e-05
11331,1.2522879236809285e-05
11332,1.2521934669718076e-05
11333,1.2520990102515829e-05
11334,1.2520045535424619e-05
11335,1.251909528099393e-05
11336,1.2518142170070417e-05
11337,1.2517189059146899e-05
11338,1.2516242600124636e-05
11339,1.2515293295933826e-05
11340,1.2514337319968757e-05
11341,1.2513388015777957e-05
11342,1.2512439660938852e-05
11343,1.2511491306099747e-05
11344,1.2510534373233463e-05
11345,1.2509580308184276e-05
11346,1.2508631003993471e-05
11347,1.2507681699913677e-05
11348,1.2506732395722864e-05
11349,1.250578309153205e-05
11350,1.2504833787341244e-05
11351,1.2503882581782472e-05
11352,1.2502934226832353e-05
11353,1.2501980161894193e-05
11354,1.250102895633543e-05
11355,1.2500078701904735e-05
11356,1.2499125590981198e-05
11357,1.2498162896390495e-05
11358,1.2497212641959793e-05
11359,1.2496262387529098e-05
11360,1.2495312133098409e-05
11361,1.2494359022174892e-05
11362,1.2493405911251365e-05
11363,1.2492458504764768e-05
11364,1.2491507299094982e-05
11365,1.2490556093536215e-05
11366,1.248960393573916e-05
11367,1.2488652730069376e-05
11368,1.2487699619145868e-05
11369,1.2486747461459827e-05
11370,1.2485796255790056e-05
11371,1.2484843144866533e-05
11372,1.248389098706947e-05
11373,1.2482939781510724e-05
11374,1.2481986670587202e-05
11375,1.2481034512790146e-05
11376,1.2480083307120362e-05
11377,1.247912924218219e-05
11378,1.2478177084385135e-05
11379,1.2477227780194343e-05
11380,1.2476272760242332e-05
11381,1.2475331023997772e-05
11382,1.2474379818327988e-05
11383,1.2473429563897308e-05
11384,1.247247549895914e-05
11385,1.2471524293400371e-05
11386,1.2470573087730575e-05
11387,1.2469619976807059e-05
11388,1.2468666865994568e-05
11389,1.246771470819753e-05
11390,1.2466766353247387e-05
11391,1.2465808462480688e-05
11392,1.2464850571713985e-05
11393,1.2463907892779078e-05
11394,1.2462958588588246e-05
11395,1.2462006430791216e-05
11396,1.246105236585305e-05
11397,1.246011813715864e-05
11398,1.245916502623512e-05
11399,1.2458215722155327e-05
11400,1.245726641796451e-05
11401,1.2456315212294731e-05
11402,1.2455364957864028e-05
11403,1.2454421335350564e-05
11404,1.245347298051146e-05
11405,1.245251891546229e-05
11406,1.245156485052412e-05
11407,1.2450620283432917e-05
11408,1.2449681369486327e-05
11409,1.2448738690551414e-05
11410,1.2447797896109052e-05
11411,1.2446852383440895e-05
11412,1.2445908760816415e-05
11413,1.2444965138302961e-05
11414,1.2444027163383005e-05
11415,1.2443084484448096e-05
11416,1.2442140861823605e-05
11417,1.2441200067270229e-05
11418,1.2440258331025682e-05
11419,1.2439309026834879e-05
11420,1.2438359722755088e-05
11421,1.2437406611831568e-05
11422,1.2436453500908061e-05
11423,1.243550038998454e-05
11424,1.2434556767471069e-05
11425,1.2433619730467535e-05
11426,1.2432676107954071e-05
11427,1.243172204290488e-05
11428,1.243076606693982e-05
11429,1.2429816762860037e-05
11430,1.2428860786894988e-05
11431,1.242790385391767e-05
11432,1.2426964000278323e-05
11433,1.2426021321343407e-05
11434,1.2425072017152601e-05
11435,1.2424127449950365e-05
11436,1.2423180043463775e-05
11437,1.242223263697716e-05
11438,1.2421289958042248e-05
11439,1.242034633541777e-05
11440,1.2419397980578681e-05
11441,1.2418445822781614e-05
11442,1.2417500310224493e-05
11443,1.2416551006033682e-05
11444,1.241559980036389e-05
11445,1.2414647642566827e-05
11446,1.2413691666601783e-05
11447,1.2412740461043025e-05
11448,1.2411788303245961e-05
11449,1.2410835192322453e-05
11450,1.2409886837483331e-05
11451,1.2408937533292538e-05
11452,1.2407988229101722e-05
11453,1.2407037023542947e-05
11454,1.240608581787318e-05
11455,1.2405134612203382e-05
11456,1.240418340664462e-05
11457,1.2403232200974838e-05
11458,1.2402282896784033e-05
11459,1.2401333592593218e-05
11460,1.240038238703444e-05
11461,1.2399432132603753e-05
11462,1.2398480926933974e-05
11463,1.2397529721375203e-05
11464,1.2396582314777572e-05
11465,1.2395633010697796e-05
11466,1.2394681805027999e-05
11467,1.2393732500837199e-05
11468,1.2392776524872137e-05
11469,1.2391823414059639e-05
11470,1.2390864564393321e-05
11471,1.2389914309962608e-05
11472,1.2388962152165571e-05
11473,1.2388006176200495e-05
11474,1.2387053065276979e-05
11475,1.2386099000338832e-05
11476,1.2385146842541769e-05
11477,1.2384195636983007e-05
11478,1.2383242526059489e-05
11479,1.2382289415135974e-05
11480,1.238133343917091e-05
11481,1.2380381281373868e-05
11482,1.237942912357681e-05
11483,1.2378473147611755e-05
11484,1.237752098992573e-05
11485,1.2376569784255947e-05
11486,1.2375616673332429e-05
11487,1.2374664515535367e-05
11488,1.2373715211344554e-05
11489,1.2372763053658524e-05
11490,1.2371811847988747e-05
11491,1.237085682803674e-05
11492,1.2369907523845923e-05
11493,1.2368956318176142e-05
11494,1.2368007013985322e-05
11495,1.2367056759665646e-05
11496,1.2366105553995875e-05
11497,1.2365153396198814e-05
11498,1.236420504135972e-05
11499,1.2363252883562662e-05
11500,1.2362300725765604e-05
11501,1.2361349520095816e-05
11502,1.2360398314537056e-05
11503,1.2359447108867272e-05
11504,1.235849399794376e-05
11505,1.2357541840146692e-05
11506,1.2356590634587937e-05
11507,1.2355639428918148e-05
11508,1.2354686317994634e-05
11509,1.2353732253056474e-05
11510,1.2352780095259417e-05
11511,1.2351825075307418e-05
11512,1.2350872917510368e-05
11513,1.23499207597133e-05
11514,1.2348968601916255e-05
11515,1.2348016444119212e-05
11516,1.2347059511252926e-05
11517,1.2346104491300915e-05
11518,1.2345149471348909e-05
11519,1.2344192538371601e-05
11520,1.2343251743929246e-05
11521,1.2342299586132196e-05
11522,1.2341358791578832e-05
11523,1.2340412332445543e-05
11524,1.233946776535433e-05
11525,1.2338521306221048e-05
11526,1.2337574847198782e-05
11527,1.2336620782149591e-05
11528,1.2335668624352533e-05
11529,1.2334713604400528e-05
11530,1.233376714526723e-05
11531,1.233282257817603e-05
11532,1.233186276872188e-05
11533,1.2330901036805555e-05
11534,1.2329951732614762e-05
11535,1.2328999574817692e-05
11536,1.2328044554865683e-05
11537,1.2327095250674871e-05
11538,1.2326140230722864e-05
11539,1.2325192824236272e-05
11540,1.2324247311568125e-05
11541,1.2323287502113976e-05
11542,1.2322337247683288e-05
11543,1.232138699325258e-05
11544,1.2320436738821883e-05
11545,1.2319484581024826e-05
11546,1.2318527648158559e-05
11547,1.2317570715292273e-05
11548,1.2316613782425987e-05
11549,1.231565589165929e-05
11550,1.231469800078156e-05
11551,1.231374011001484e-05
11552,1.2312782219248143e-05
11553,1.2311826243283078e-05
11554,1.2310870267318037e-05
11555,1.2309914291352985e-05
11556,1.2308958315387924e-05
11557,1.2308002339533887e-05
11558,1.230705113386409e-05
11559,1.2306102779024992e-05
11560,1.230515252459429e-05
11561,1.2304196548629248e-05
11562,1.2303243437705726e-05
11563,1.2302288417753707e-05
11564,1.230133530683019e-05
11565,1.2300381241892043e-05
11566,1.2299428130968525e-05
11567,1.2298475020045003e-05
11568,1.2297514249914886e-05
11569,1.229655635903715e-05
11570,1.2295603248224655e-05
11571,1.2294652993793943e-05
11572,1.229370273936325e-05
11573,1.2292745806496981e-05
11574,1.2291787915619254e-05
11575,1.2290830982752965e-05
11576,1.2289875962800956e-05
11577,1.2288927607961861e-05
11578,1.2287978303771041e-05
11579,1.2287023283819027e-05
11580,1.2286068263755999e-05
11581,1.2285114198817835e-05
11582,1.2284162041020789e-05
11583,1.2283209883223739e-05
11584,1.2282257725426672e-05
11585,1.2281305567740642e-05
11586,1.2280353409943592e-05
11587,1.2279404105752794e-05
11588,1.2278450040814624e-05
11589,1.2277496929891099e-05
11590,1.2276536159649954e-05
11591,1.2275578268883265e-05
11592,1.2274617498642114e-05
11593,1.2273670092155511e-05
11594,1.2272712201388819e-05
11595,1.2271760043591767e-05
11596,1.2270805023639751e-05
11597,1.226985761715315e-05
11598,1.226890641148338e-05
11599,1.226795520581358e-05
11600,1.226700779932698e-05
11601,1.226605468840347e-05
11602,1.2265101577590977e-05
11603,1.2264148466667467e-05
11604,1.2263195355743939e-05
11605,1.2262247000904837e-05
11606,1.2261293889981316e-05
11607,1.2260349322890116e-05
11608,1.2259397165093059e-05
11609,1.2258439274326344e-05
11610,1.2257478504085213e-05
11611,1.2256533936993995e-05
11612,1.2255584632803195e-05
11613,1.2254629612851165e-05
11614,1.2253676501927652e-05
11615,1.2252716692473513e-05
11616,1.2251773069960068e-05
11617,1.2250822815529371e-05
11618,1.2249873511338548e-05
11619,1.2248921353541494e-05
11620,1.224796824261797e-05
11621,1.2247024620104512e-05
11622,1.2246076265154391e-05
11623,1.2245128858667789e-05
11624,1.2244182399645533e-05
11625,1.2243227379582498e-05
11626,1.2242279973095899e-05
11627,1.2241333513962609e-05
11628,1.2240387054940344e-05
11629,1.223944059580706e-05
11630,1.2238494136673782e-05
11631,1.2237547677540477e-05
11632,1.2236601218518215e-05
11633,1.223565001284843e-05
11634,1.223468924260729e-05
11635,1.2233734222655284e-05
11636,1.2232783968224591e-05
11637,1.2231832762665823e-05
11638,1.2230885356068198e-05
11639,1.2229937001229091e-05
11640,1.2228991488560946e-05
11641,1.2228039330763874e-05
11642,1.2227084310811875e-05
11643,1.2226129290859856e-05
11644,1.2225174270907852e-05
11645,1.2224219250844829e-05
11646,1.2223264230892823e-05
11647,1.2222315876053708e-05
11648,1.2221366571862891e-05
11649,1.222042671811251e-05
11650,1.2219466908658383e-05
11651,1.2218518553819283e-05
11652,1.2217573041151121e-05
11653,1.2216627528593977e-05
11654,1.2215682015925818e-05
11655,1.2214736503257653e-05
11656,1.2213783392334135e-05
11657,1.2212828372382136e-05
11658,1.2211875261458614e-05
11659,1.2210922150646111e-05
11660,1.2209973795695992e-05
11661,1.2209025440856894e-05
11662,1.2208077086017798e-05
11663,1.2207126831587084e-05
11664,1.220618320896261e-05
11665,1.2205233904882824e-05
11666,1.2204279839833625e-05
11667,1.2203332433347031e-05
11668,1.2202383129156231e-05
11669,1.2201434774317123e-05
11670,1.2200486419478025e-05
11671,1.21995371152872e-05
11672,1.2198589708800616e-05
11673,1.2197644196132448e-05
11674,1.2196694891941648e-05
11675,1.2195747485455049e-05
11676,1.2194800078968438e-05
11677,1.2193850774777629e-05
11678,1.2192895754825626e-05
11679,1.219195401858109e-05
11680,1.2191008505912933e-05
11681,1.2190059201722121e-05
11682,1.2189108947291421e-05
11683,1.218815774173266e-05
11684,1.2187211282599369e-05
11685,1.2186262927760256e-05
11686,1.2185315521273672e-05
11687,1.2184366217082855e-05
11688,1.2183420704414699e-05
11689,1.2182470449983985e-05
11690,1.2181513517117718e-05
11691,1.2180560406194198e-05
11692,1.217961394706091e-05
11693,1.2178656056294195e-05
11694,1.2177700080329156e-05
11695,1.217674982589844e-05
11696,1.2175791935131738e-05
11697,1.2174845475998463e-05
11698,1.2173890456046443e-05
11699,1.217294115185563e-05
11700,1.2171992797016524e-05
11701,1.2171039686093015e-05
11702,1.2170088480534257e-05
11703,1.2169133460582244e-05
11704,1.216817939553305e-05
11705,1.2167221504766347e-05
11706,1.2166266484814333e-05
11707,1.2165312419876168e-05
11708,1.2164354529109467e-05
11709,1.2163401418185948e-05
11710,1.2162447353247783e-05
11711,1.216149424232427e-05
11712,1.2160541131400738e-05
11713,1.215958706646259e-05
11714,1.2158633001524428e-05
11715,1.2157676068547108e-05
11716,1.215672295773462e-05
11717,1.21557698468111e-05
11718,1.2154816735887593e-05
11719,1.2153863624964067e-05
11720,1.215290669209779e-05
11721,1.2151949759231505e-05
11722,1.215099378326646e-05
11723,1.2150036850400168e-05
11724,1.2149091337732017e-05
11725,1.2148148658797091e-05
11726,1.2147199354606286e-05
11727,1.2146245289668131e-05
11728,1.2145295985477315e-05
11729,1.21443466812865e-05
11730,1.2143397377206704e-05
11731,1.2142449022256577e-05
11732,1.2141500667417482e-05
11733,1.2140544691452431e-05
11734,1.2139595387261605e-05
11735,1.213864513283091e-05
11736,1.2137695828751117e-05
11737,1.2136747473800992e-05
11738,1.2135792453848986e-05
11739,1.2134841248290222e-05
11740,1.2133890042620442e-05
11741,1.2132938836950647e-05
11742,1.2131987631391902e-05
11743,1.2131032611328859e-05
11744,1.2130078546390699e-05
11745,1.2129125435467182e-05
11746,1.2128170415515165e-05
11747,1.2127223956381886e-05
11748,1.212627370195119e-05
11749,1.2125324397871392e-05
11750,1.2124372240074354e-05
11751,1.2123417220122328e-05
11752,1.2122462200059295e-05
11753,1.2121507180107284e-05
11754,1.2120559773620705e-05
11755,1.2119611418781585e-05
11756,1.2118661164350905e-05
11757,1.2117710909920195e-05
11758,1.2116760655489492e-05
11759,1.2115810401058797e-05
11760,1.2114859195389011e-05
11761,1.2113900345833699e-05
11762,1.2112941496167378e-05
11763,1.211198838524386e-05
11764,1.2111042872575691e-05
11765,1.2110086896610629e-05
11766,1.2109147042971272e-05
11767,1.2108199636373655e-05
11768,1.2107251281534564e-05
11769,1.2106301027103862e-05
11770,1.2105352672264761e-05
11771,1.2104403368073936e-05
11772,1.210345216251518e-05
11773,1.2102500004718124e-05
11774,1.2101550700527326e-05
11775,1.2100604241394036e-05
11776,1.2099659674302827e-05
11777,1.2098715107100597e-05
11778,1.2097760087148574e-05
11779,1.2096811732309469e-05
11780,1.2095860526639687e-05
11781,1.2094910272209002e-05
11782,1.2093959066650222e-05
11783,1.2093007860980453e-05
11784,1.2092055703183389e-05
11785,1.2091106398992573e-05
11786,1.2090155193433826e-05
11787,1.2089203987764032e-05
11788,1.208825468357321e-05
11789,1.2087306328734122e-05
11790,1.208635986960083e-05
11791,1.2085402936734548e-05
11792,1.2084451731175783e-05
11793,1.2083502426984968e-05
11794,1.2082551221315184e-05
11795,1.2081599063518125e-05
11796,1.2080647857959372e-05
11797,1.207969665228959e-05
11798,1.2078745446619795e-05
11799,1.2077793288822737e-05
11800,1.2076842083263994e-05
11801,1.2075888018325817e-05
11802,1.2074938714135008e-05
11803,1.207398464919684e-05
11804,1.2073023878955704e-05
11805,1.2072076472469105e-05
11806,1.2071130959800951e-05
11807,1.2070181655610138e-05
11808,1.2069240861056757e-05
11809,1.2068293454570164e-05
11810,1.2067335563803471e-05
11811,1.2066390996712249e-05
11812,1.2065448317777332e-05
11813,1.206449520685383e-05
11814,1.206354209593031e-05
11815,1.2062586119965243e-05
11816,1.2061638713478661e-05
11817,1.20606932008105e-05
11818,1.2059743896619676e-05
11819,1.2058796490133077e-05
11820,1.2057847185942277e-05
11821,1.205689977945568e-05
11822,1.2055951424616568e-05
11823,1.2055005911948415e-05
11824,1.2054060399280255e-05
11825,1.205310442342621e-05
11826,1.2052150358377039e-05
11827,1.2051197247564548e-05
11828,1.2050240314587232e-05
11829,1.2049293855564959e-05
11830,1.2048349288362736e-05
11831,1.2047406609427834e-05
11832,1.2046449676561547e-05
11833,1.2045495611623384e-05
11834,1.204453772085667e-05
11835,1.2043578871190341e-05
11836,1.2042624806252178e-05
11837,1.2041677399765591e-05
11838,1.20407233347164e-05
11839,1.2039775928229808e-05
11840,1.2038821863291645e-05
11841,1.2037874456805049e-05
11842,1.2036920391755855e-05
11843,1.2035972985269256e-05
11844,1.2035025578782659e-05
11845,1.2034080066114505e-05
11846,1.2033131711275392e-05
11847,1.2032183356436306e-05
11848,1.2031235001597186e-05
11849,1.2030288542463904e-05
11850,1.2029340187624797e-05
11851,1.2028389933194114e-05
11852,1.2027438727524322e-05
11853,1.202648656972727e-05
11854,1.2025537265536457e-05
11855,1.2024587961456674e-05
11856,1.2023638657265854e-05
11857,1.2022684592327682e-05
11858,1.202173052727851e-05
11859,1.2020776462340349e-05
11860,1.2019822397402178e-05
11861,1.2018870239605123e-05
11862,1.2017919033935351e-05
11863,1.201696782837657e-05
11864,1.2016017573945872e-05
11865,1.2015062553993877e-05
11866,1.2014119875058968e-05
11867,1.2013164854995933e-05
11868,1.2012213649437154e-05
11869,1.2011262443767379e-05
11870,1.2010311238097593e-05
11871,1.2009360032538823e-05
11872,1.2008407874741783e-05
11873,1.2007455716944728e-05
11874,1.2006511149853506e-05
11875,1.2005560895422808e-05
11876,1.2004599163395479e-05
11877,1.2003646052582981e-05
11878,1.2002698646096382e-05
11879,1.2001755967050437e-05
11880,1.2000813288115536e-05
11881,1.199987060918061e-05
11882,1.1998927930245698e-05
11883,1.1997975772448656e-05
11884,1.199702741760955e-05
11885,1.1996076212050785e-05
11886,1.1995123101127278e-05
11887,1.1994169990203755e-05
11888,1.1993216879280233e-05
11889,1.1992264721483188e-05
11890,1.1991310656545021e-05
11891,1.1990361352354196e-05
11892,1.1989406332402192e-05
11893,1.1988458925915603e-05
11894,1.198751341324744e-05
11895,1.1986570734312536e-05
11896,1.1985611884646188e-05
11897,1.1984658773833702e-05
11898,1.1983714206631477e-05
11899,1.1982766800144876e-05
11900,1.1981821287476713e-05
11901,1.1980873880990122e-05
11902,1.1979932144745574e-05
11903,1.1978979986948534e-05
11904,1.1978034474280357e-05
11905,1.1977090851766908e-05
11906,1.1976146284564676e-05
11907,1.1975194126767615e-05
11908,1.1974243872447951e-05
11909,1.197329171465089e-05
11910,1.1972342410460086e-05
11911,1.1971394055620975e-05
11912,1.197044854295281e-05
11913,1.1969501136466226e-05
11914,1.1968544203488911e-05
11915,1.1967599636397715e-05
11916,1.1966649381967e-05
11917,1.1965703869298844e-05
11918,1.1964752663740091e-05
11919,1.1963802409309391e-05
11920,1.1962853105118583e-05
11921,1.1961897129153527e-05
11922,1.1960947824962719e-05
11923,1.1959991848997662e-05
11924,1.1959032999442353e-05
11925,1.195807126741499e-05
11926,1.1957114334548705e-05
11927,1.195616882188056e-05
11928,1.1955211889014274e-05
11929,1.1954260683455507e-05
11930,1.1953315170787355e-05
11931,1.195236965811919e-05
11932,1.1951426035605731e-05
11933,1.19504786290081e-05
11934,1.1949538775368751e-05
11935,1.1948598921618365e-05
11936,1.1947658127064997e-05
11937,1.1946718273314611e-05
11938,1.194578217333931e-05
11939,1.1944841378896943e-05
11940,1.1943898699962041e-05
11941,1.1942958846211651e-05
11942,1.1942017109967113e-05
11943,1.1941080072963566e-05
11944,1.1940135505761335e-05
11945,1.193917665620604e-05
11946,1.1938233977271114e-05
11947,1.1937290354646645e-05
11948,1.1936343895513344e-05
11949,1.1935394591433565e-05
11950,1.1934445287242752e-05
11951,1.1933497880756143e-05
11952,1.1932542860693118e-05
11953,1.1931589749880622e-05
11954,1.1930637592083567e-05
11955,1.1929686386413792e-05
11956,1.1928727536747444e-05
11957,1.1927775379061416e-05
11958,1.1926822268137911e-05
11959,1.1925870110340848e-05
11960,1.1924916999417341e-05
11961,1.1923959108650623e-05
11962,1.1923007902980842e-05
11963,1.1922056697422084e-05
11964,1.1921099764444774e-05
11965,1.192015046036499e-05
11966,1.1919193527387679e-05
11967,1.1918239462449529e-05
11968,1.1917285397511365e-05
11969,1.1916332286587842e-05
11970,1.1915382032157149e-05
11971,1.1914431777726442e-05
11972,1.1913479620040404e-05
11973,1.1912527462243362e-05
11974,1.1911573397194182e-05
11975,1.1910624093114391e-05
11976,1.1909669073051361e-05
11977,1.1908713097086297e-05
11978,1.1907758077134296e-05
11979,1.1906802101169234e-05
11980,1.190584803623106e-05
11981,1.1904893971292917e-05
11982,1.190393895134089e-05
11983,1.1902981060463167e-05
11984,1.1902023169696471e-05
11985,1.1901079547182995e-05
11986,1.1900133088049703e-05
11987,1.1899188520958493e-05
11988,1.1898245842023583e-05
11989,1.189730598827321e-05
11990,1.1896366134522836e-05
11991,1.1895420621854669e-05
11992,1.1894476999341213e-05
11993,1.1893537145590823e-05
11994,1.1892601981755579e-05
11995,1.1891648870832042e-05
11996,1.189069002116571e-05
11997,1.1889735001213715e-05
11998,1.1888793264969163e-05
11999,1.1887842059299389e-05
12000,1.1886891804868672e-05
12001,1.188594629231155e-05
12002,1.1884993181388026e-05
12003,1.1884044826548926e-05
12004,1.1883095522358113e-05
12005,1.1882146218167293e-05
12006,1.1881196913976492e-05
12007,1.1880244756179445e-05
12008,1.187928398604932e-05
12009,1.1878328965986283e-05
12010,1.1877373946034265e-05
12011,1.1876418926082256e-05
12012,1.1875466768285225e-05
12013,1.1874511748333212e-05
12014,1.1873560542663425e-05
12015,1.1872606477725258e-05
12016,1.1871653366801727e-05
12017,1.1870699301863571e-05
12018,1.186974428191156e-05
12019,1.1868795926961443e-05
12020,1.1867845672530731e-05
12021,1.186689541810005e-05
12022,1.1865947063260948e-05
12023,1.186499680883025e-05
12024,1.1864046554399545e-05
12025,1.1863096299968843e-05
12026,1.1862144142282812e-05
12027,1.1861196735685193e-05
12028,1.1860245530126429e-05
12029,1.185929812363984e-05
12030,1.18583431035768e-05
12031,1.18573928491461e-05
12032,1.1856442594715409e-05
12033,1.185548852977724e-05
12034,1.1854538275346542e-05
12035,1.185359086885996e-05
12036,1.1852647246346503e-05
12037,1.1851698891396377e-05
12038,1.1850747685837599e-05
12039,1.1849797431406912e-05
12040,1.1848848127216102e-05
12041,1.1847897872785402e-05
12042,1.1846945714988354e-05
12043,1.1845996410797541e-05
12044,1.1845041390845522e-05
12045,1.1844084457979251e-05
12046,1.1843132300182201e-05
12047,1.1842176324217128e-05
12048,1.1841218433450426e-05
12049,1.1840261500584155e-05
12050,1.1839303609817445e-05
12051,1.183835809714929e-05
12052,1.1837410690662681e-05
12053,1.1836460436231983e-05
12054,1.1835506371182794e-05
12055,1.1834558016343701e-05
12056,1.1833617221901344e-05
12057,1.1832666967470661e-05
12058,1.183171861252053e-05
12059,1.1830770257681426e-05
12060,1.1829825690590214e-05
12061,1.1828884896036833e-05
12062,1.1827937489550234e-05
12063,1.1826991030416945e-05
12064,1.1826053055496992e-05
12065,1.1825104700546863e-05
12066,1.1824158241524612e-05
12067,1.1823217446971231e-05
12068,1.1822275710726698e-05
12069,1.1821333031791777e-05
12070,1.182038940916729e-05
12071,1.1819442002680709e-05
12072,1.1818498380167238e-05
12073,1.1817550973569624e-05
12074,1.1816606406478405e-05
12075,1.1815667492642843e-05
12076,1.1814725756398295e-05
12077,1.1813784961844931e-05
12078,1.1812844167291552e-05
12079,1.181190337273819e-05
12080,1.1810962578295828e-05
12081,1.18100255412923e-05
12082,1.1809082862357382e-05
12083,1.1808140183422466e-05
12084,1.1807188025625411e-05
12085,1.1806237771194706e-05
12086,1.1805296034950183e-05
12087,1.1804359934974869e-05
12088,1.1803410630784042e-05
12089,1.180246322429746e-05
12090,1.1801515817810868e-05
12091,1.1800564612141077e-05
12092,1.1799617205654475e-05
12093,1.1798669799167884e-05
12094,1.1797722392570271e-05
12095,1.1796770234773203e-05
12096,1.1795827555838306e-05
12097,1.17948933271439e-05
12098,1.1793957227279612e-05
12099,1.1793012660077366e-05
12100,1.1792076560213088e-05
12101,1.1791124402416033e-05
12102,1.1790168426450974e-05
12103,1.1789212450485923e-05
12104,1.178826314629511e-05
12105,1.1787313842104303e-05
12106,1.1786363587673598e-05
12107,1.178540761170855e-05
12108,1.1784468697872964e-05
12109,1.1783525075248488e-05
12110,1.1782582396313572e-05
12111,1.1781641601871222e-05
12112,1.1780693246921103e-05
12113,1.1779744892082009e-05
12114,1.17787965372429e-05
12115,1.177784437944585e-05
12116,1.1776896024606744e-05
12117,1.1775947669767632e-05
12118,1.1774999314817514e-05
12119,1.1774050959978409e-05
12120,1.1773102605139307e-05
12121,1.1772150447342257e-05
12122,1.1771200192911547e-05
12123,1.1770250888720746e-05
12124,1.1769301584640967e-05
12125,1.1768351330210255e-05
12126,1.1767398219286737e-05
12127,1.1766446061489681e-05
12128,1.1765488170722973e-05
12129,1.1764543603520743e-05
12130,1.1763597144498483e-05
12131,1.1762650685365188e-05
12132,1.1761704226231898e-05
12133,1.176075776720964e-05
12134,1.1759809412259521e-05
12135,1.1758860108179725e-05
12136,1.175791364904644e-05
12137,1.1756965294207323e-05
12138,1.175601599001652e-05
12139,1.1755064784346734e-05
12140,1.1754117377860146e-05
12141,1.1753165220063094e-05
12142,1.1752212109139575e-05
12143,1.1751256133174513e-05
12144,1.1750302068236351e-05
12145,1.1749346092271296e-05
12146,1.1748390116306245e-05
12147,1.174743414034119e-05
12148,1.1746483885910494e-05
12149,1.174553553107139e-05
12150,1.1744585276640688e-05
12151,1.1743629300675639e-05
12152,1.174267140990892e-05
12153,1.174172305506981e-05
12154,1.1740773750879001e-05
12155,1.1739827291856741e-05
12156,1.1738867482402609e-05
12157,1.1737918178211796e-05
12158,1.1736968874020988e-05
12159,1.1736019569830175e-05
12160,1.1735064549878152e-05
12161,1.173410952992616e-05
12162,1.173315927549546e-05
12163,1.1732210920656343e-05
12164,1.1731261616465536e-05
12165,1.1730311362034835e-05
12166,1.1729363007195738e-05
12167,1.1728414652245613e-05
12168,1.1727463446686853e-05
12169,1.1726511288889788e-05
12170,1.1725561984698976e-05
12171,1.1724610779029192e-05
12172,1.1723660524709526e-05
12173,1.172270836691247e-05
12174,1.17217628542443e-05
12175,1.1720813550053501e-05
12176,1.1719863295622811e-05
12177,1.1718914940783703e-05
12178,1.1717962782986651e-05
12179,1.1717008718048476e-05
12180,1.1716060363209378e-05
12181,1.1715112008259246e-05
12182,1.1714163653420161e-05
12183,1.1713211495623108e-05
12184,1.1712263140784001e-05
12185,1.171131002986047e-05
12186,1.1710361675021375e-05
12187,1.1709413320182266e-05
12188,1.1708464965343165e-05
12189,1.1707513759673377e-05
12190,1.1706563505242677e-05
12191,1.1705613250811991e-05
12192,1.170466299638128e-05
12193,1.1703711790822514e-05
12194,1.1702766278154372e-05
12195,1.1701816023723667e-05
12196,1.1700865769292962e-05
12197,1.1699916465102161e-05
12198,1.1698967160911346e-05
12199,1.1698016906480638e-05
12200,1.1697062841542483e-05
12201,1.1696112587111781e-05
12202,1.169516233268109e-05
12203,1.169421207825038e-05
12204,1.1693261823819698e-05
12205,1.1692311569500019e-05
12206,1.169136131506931e-05
12207,1.1690411060638627e-05
12208,1.168946080620792e-05
12209,1.1688510551777225e-05
12210,1.1687557440853705e-05
12211,1.1686603375915549e-05
12212,1.168564931097737e-05
12213,1.1684698105307591e-05
12214,1.168374404036942e-05
12215,1.1682791882572378e-05
12216,1.1681837817634204e-05
12217,1.1680885659837162e-05
12218,1.1679937304998056e-05
12219,1.1678988000807244e-05
12220,1.1678033935869084e-05
12221,1.1677079870819895e-05
12222,1.1676125805881737e-05
12223,1.1675171740943567e-05
12224,1.1674216720991554e-05
12225,1.1673262655942363e-05
12226,1.1672306679977314e-05
12227,1.1671352615039151e-05
12228,1.1670401409480393e-05
12229,1.1669451155049703e-05
12230,1.1668502800099576e-05
12231,1.166755064241353e-05
12232,1.1666602287463412e-05
12233,1.1665646311498355e-05
12234,1.1664700798941215e-05
12235,1.1663756231738981e-05
12236,1.166279834097228e-05
12237,1.1661849986133174e-05
12238,1.1660897828336119e-05
12239,1.1659947573905422e-05
12240,1.1658995416108382e-05
12241,1.165804421054962e-05
12242,1.1657095855599495e-05
12243,1.165614655151969e-05
12244,1.1655197247328875e-05
12245,1.1654247943138066e-05
12246,1.1653295785341019e-05
12247,1.1652342674417502e-05
12248,1.1651388609479339e-05
12249,1.1650445930544437e-05
12250,1.1649495676113727e-05
12251,1.1648540656161721e-05
12252,1.1647585636209705e-05
12253,1.1646630616146674e-05
12254,1.1645683209660093e-05
12255,1.1644734854820978e-05
12256,1.1643789342152832e-05
12257,1.1642841935666221e-05
12258,1.1641896422998073e-05
12259,1.1640942358059897e-05
12260,1.1639993053869094e-05
12261,1.1639046594735802e-05
12262,1.1638097290656017e-05
12263,1.1637152723453774e-05
12264,1.1636191953323653e-05
12265,1.1635248330699172e-05
12266,1.163429426576102e-05
12267,1.1633345910921907e-05
12268,1.1632393753124849e-05
12269,1.1631445398174744e-05
12270,1.16304998856176e-05
12271,1.1629551530667462e-05
12272,1.1628608851732551e-05
12273,1.1627648081602434e-05
12274,1.162669687593265e-05
12275,1.1625752308841437e-05
12276,1.1624801103171661e-05
12277,1.1623851798980853e-05
12278,1.1622905339958568e-05
12279,1.1621956035767768e-05
12280,1.1621009576634488e-05
12281,1.1620054556682464e-05
12282,1.1619100491744295e-05
12283,1.1618146426695111e-05
12284,1.1617198071856013e-05
12285,1.1616251612722731e-05
12286,1.161530420623613e-05
12287,1.1614353951805425e-05
12288,1.1613394142351298e-05
12289,1.1612446735864708e-05
12290,1.1611491715912702e-05
12291,1.161053573994763e-05
12292,1.1609579763982572e-05
12293,1.160862474403057e-05
12294,1.1607669724078557e-05
12295,1.160671470401553e-05
12296,1.1605758728050485e-05
12297,1.1604812269028203e-05
12298,1.1603862964837405e-05
12299,1.1602904115171064e-05
12300,1.1601949095219047e-05
12301,1.1600999791028254e-05
12302,1.160004572609008e-05
12303,1.1599085916635934e-05
12304,1.1598126107181816e-05
12305,1.1597179648048508e-05
12306,1.1596233189026257e-05
12307,1.1595281031229199e-05
12308,1.1594330776798492e-05
12309,1.1593379571128718e-05
12310,1.1592423595163667e-05
12311,1.159146378570953e-05
12312,1.1590507809744457e-05
12313,1.1589551833890422e-05
12314,1.1588595857925382e-05
12315,1.1587639881960326e-05
12316,1.1586685816911127e-05
12317,1.1585731751972965e-05
12318,1.1584772902417656e-05
12319,1.158382549582005e-05
12320,1.158287808933345e-05
12321,1.1581930682846858e-05
12322,1.158097661790868e-05
12323,1.1580022552859502e-05
12324,1.1579074198020402e-05
12325,1.15781258431813e-05
12326,1.1577175588750602e-05
12327,1.15762253343199e-05
12328,1.1575271269381734e-05
12329,1.1574317204443567e-05
12330,1.1573363139505409e-05
12331,1.1572416680372112e-05
12332,1.1571470221238831e-05
12333,1.1570518063441773e-05
12334,1.1569568759250973e-05
12335,1.1568619455171174e-05
12336,1.156767015098036e-05
12337,1.1566717993183321e-05
12338,1.1565765835386264e-05
12339,1.1564812724462753e-05
12340,1.156385961353924e-05
12341,1.1562906502726725e-05
12342,1.1561953391803216e-05
12343,1.156099932686505e-05
12344,1.156005286773176e-05
12345,1.1559103563540946e-05
12346,1.155815330911025e-05
12347,1.1557203054679551e-05
12348,1.155625469984046e-05
12349,1.1555306345001355e-05
12350,1.1554357990162245e-05
12351,1.1553407735731554e-05
12352,1.1552453670793382e-05
12353,1.1551507211660085e-05
12354,1.1550555053863052e-05
12355,1.1549604799432352e-05
12356,1.1548650734494173e-05
12357,1.15477042753609e-05
12358,1.1546751164437374e-05
12359,1.1545801860357592e-05
12360,1.1544847795308396e-05
12361,1.1543893730370236e-05
12362,1.1542945375531126e-05
12363,1.1541999862862981e-05
12364,1.154104770506592e-05
12365,1.1540100298579319e-05
12366,1.1539146233641152e-05
12367,1.1538191213689151e-05
12368,1.1537244754555861e-05
12369,1.1536294500125166e-05
12370,1.1535346145286068e-05
12371,1.1534399686152767e-05
12372,1.1533449431722083e-05
12373,1.1532502025235484e-05
12374,1.15315508195657e-05
12375,1.1530600565135006e-05
12376,1.1529646500196831e-05
12377,1.152869719600603e-05
12378,1.1527743131067861e-05
12379,1.1526789066129701e-05
12380,1.1525845443505203e-05
12381,1.1524895189074517e-05
12382,1.1523944934754827e-05
12383,1.152300131213036e-05
12384,1.1522057689616889e-05
12385,1.1521107435186199e-05
12386,1.1520160976052907e-05
12387,1.1519214516919621e-05
12388,1.1518267110433019e-05
12389,1.1517319703946434e-05
12390,1.151635989449228e-05
12391,1.1515407736695236e-05
12392,1.1514457482264531e-05
12393,1.1513511023131253e-05
12394,1.151255217357593e-05
12395,1.1511605714442654e-05
12396,1.1510660201774482e-05
12397,1.150971089758367e-05
12398,1.1508765385026546e-05
12399,1.1507817978428923e-05
12400,1.1506865820742887e-05
12401,1.1505913662945844e-05
12402,1.1504961505148799e-05
12403,1.150400934735175e-05
12404,1.1503057189554685e-05
12405,1.1502105031757635e-05
12406,1.1501145222303498e-05
12407,1.1500193064506454e-05
12408,1.1499239953582919e-05
12409,1.149829254709634e-05
12410,1.1497345140609742e-05
12411,1.1496391075671568e-05
12412,1.1495437964748067e-05
12413,1.1494490558261463e-05
12414,1.1493541254070644e-05
12415,1.1492593847584064e-05
12416,1.1491650224959573e-05
12417,1.1490697114147078e-05
12418,1.1489749707660478e-05
12419,1.1488800403469661e-05
12420,1.1487854890801508e-05
12421,1.148691032371029e-05
12422,1.1485964811042143e-05
12423,1.1485019298373982e-05
12424,1.148407378570581e-05
12425,1.148312448151501e-05
12426,1.1482183687072649e-05
12427,1.1481237227939376e-05
12428,1.1480287923748547e-05
12429,1.1479338619557746e-05
12430,1.1478389315477946e-05
12431,1.147744001128715e-05
12432,1.147649070709633e-05
12433,1.1475537596172819e-05
12434,1.1474586390614053e-05
12435,1.1473634232816998e-05
12436,1.1472683027147214e-05
12437,1.147173277271651e-05
12438,1.1470782518285809e-05
12439,1.146983226385511e-05
12440,1.1468882009424418e-05
12441,1.1467927944486261e-05
12442,1.1466980537999657e-05
12443,1.1466026473061507e-05
12444,1.1465072408123327e-05
12445,1.146412689545518e-05
12446,1.1463182328252933e-05
12447,1.1462234921766346e-05
12448,1.1461281810842837e-05
12449,1.1460327745904667e-05
12450,1.1459381286882406e-05
12451,1.1458438607836456e-05
12452,1.1457484542898291e-05
12453,1.1456540920384832e-05
12454,1.1455596353182615e-05
12455,1.1454647998343512e-05
12456,1.145370248567535e-05
12457,1.145274363612004e-05
12458,1.1451785745353323e-05
12459,1.145082785447559e-05
12460,1.1449885175540695e-05
12461,1.1448944381098338e-05
12462,1.144799222330129e-05
12463,1.1447035290435009e-05
12464,1.1446089777766838e-05
12465,1.1445134757703822e-05
12466,1.1444177824837535e-05
12467,1.144322375989936e-05
12468,1.1442270648975848e-05
12469,1.1441317538163349e-05
12470,1.1440371079030055e-05
12471,1.1439427456405582e-05
12472,1.143847243645358e-05
12473,1.1437520278656531e-05
12474,1.1436567167733004e-05
12475,1.1435614056920512e-05
12476,1.1434663802489819e-05
12477,1.1433708782426782e-05
12478,1.1432764215335569e-05
12479,1.143181110441205e-05
12480,1.143085894661499e-05
12481,1.1429910591775904e-05
12482,1.1428961287585074e-05
12483,1.1428008176772578e-05
12484,1.1427057922341893e-05
12485,1.1426107667911191e-05
12486,1.1425157413480483e-05
12487,1.1424211900812331e-05
12488,1.142325878988882e-05
12489,1.1422305679076325e-05
12490,1.1421352568152805e-05
12491,1.1420399457229282e-05
12492,1.141944825155949e-05
12493,1.1418499896720386e-05
12494,1.1417543920755332e-05
12495,1.1416587944790275e-05
12496,1.1415641485768013e-05
12497,1.1414690280098228e-05
12498,1.1413736215160056e-05
12499,1.1412785960729373e-05
12500,1.1411835706298664e-05
12501,1.141088545186797e-05
12502,1.1409935197437273e-05
12503,1.1408984943006578e-05
12504,1.1408033737447809e-05
12505,1.14070806265243e-05
12506,1.1406129420854503e-05
12507,1.1405173444889443e-05
12508,1.1404217468924392e-05
12509,1.1403258619369083e-05
12510,1.1402309315178277e-05
12511,1.1401355250240115e-05
12512,1.1400397359362381e-05
12513,1.139944138350835e-05
12514,1.1398485407543282e-05
12515,1.1397536103352477e-05
12516,1.1396587748513384e-05
12517,1.1395640341915767e-05
12518,1.13946881841187e-05
12519,1.1393735073306207e-05
12520,1.1392777182539511e-05
12521,1.1391819291661774e-05
12522,1.139086140089506e-05
12523,1.1389903510128356e-05
12524,1.1388954205937551e-05
12525,1.1387999185985536e-05
12526,1.1387049881794734e-05
12527,1.1386101526955619e-05
12528,1.1385147462017471e-05
12529,1.1384198157826648e-05
12530,1.1383244092888484e-05
12531,1.1382296686401902e-05
12532,1.1381342621352715e-05
12533,1.1380387601400695e-05
12534,1.1379435443603639e-05
12535,1.1378480423651638e-05
12536,1.1377524447686579e-05
12537,1.137656751482031e-05
12538,1.1375609624053599e-05
12539,1.1374653648088535e-05
12540,1.137369671522226e-05
12541,1.1372740739257203e-05
12542,1.13717904848265e-05
12543,1.13708335518492e-05
12544,1.136988424776941e-05
12545,1.1368936841171802e-05
12546,1.1367996046729442e-05
12547,1.1367045792298743e-05
12548,1.1366097437459635e-05
12549,1.136515003086202e-05
12550,1.1364199776431332e-05
12551,1.1363254263874188e-05
12552,1.1362307804740894e-05
12553,1.136135659907112e-05
12554,1.1360408244232012e-05
12555,1.1359457038562216e-05
12556,1.1358502018610217e-05
12557,1.1357553663771105e-05
12558,1.1356606257284515e-05
12559,1.1355660744616351e-05
12560,1.1354710490185665e-05
12561,1.1353762135346555e-05
12562,1.1352820399102012e-05
12563,1.1351870144671325e-05
12564,1.1350921789832212e-05
12565,1.1349971535401508e-05
12566,1.1349023180451381e-05
12567,1.13480729260207e-05
12568,1.1347124571181583e-05
12569,1.1346174316750887e-05
12570,1.1345225961911794e-05
12571,1.1344275707481083e-05
12572,1.1343324501922328e-05
12573,1.1342371390998803e-05
12574,1.1341411581544659e-05
12575,1.1340459423747616e-05
12576,1.1339506312824101e-05
12577,1.1338556058393397e-05
12578,1.1337601993455246e-05
12579,1.133665173902453e-05
12580,1.1335698628101028e-05
12581,1.1334749324021238e-05
12582,1.1333801917423607e-05
12583,1.133285071186485e-05
12584,1.1331896646926692e-05
12585,1.1330945441256896e-05
12586,1.1329990421304897e-05
12587,1.1329034445339831e-05
12588,1.1328091766404919e-05
12589,1.1327138655481399e-05
12590,1.1326187449811623e-05
12591,1.132523338487346e-05
12592,1.1324280273949933e-05
12593,1.1323319503819809e-05
12594,1.1322373991151657e-05
12595,1.1321423736720956e-05
12596,1.1320474432530141e-05
12597,1.1319524178099456e-05
12598,1.1318572020302393e-05
12599,1.131762934136749e-05
12600,1.1316685718854035e-05
12601,1.1315735464423335e-05
12602,1.1314785209992628e-05
12603,1.1313833052195578e-05
12604,1.1312881846525787e-05
12605,1.1311930640967034e-05
12606,1.1310977530043514e-05
12607,1.1310029175204396e-05
12608,1.1309076064280898e-05
12609,1.1308121044328885e-05
12610,1.1307163153562165e-05
12611,1.1306210042638647e-05
12612,1.1305258836968871e-05
12613,1.1304320862048903e-05
12614,1.1303381948102318e-05
12615,1.130243738101112e-05
12616,1.1301494702076208e-05
12617,1.1300539682124187e-05
12618,1.1299584662172175e-05
12619,1.1298632504375131e-05
12620,1.1297681298705332e-05
12621,1.1296723407938627e-05
12622,1.1295778840736409e-05
12623,1.1294836161801498e-05
12624,1.1293888755314903e-05
12625,1.1292943242646741e-05
12626,1.1292000563711824e-05
12627,1.1291052208872717e-05
12628,1.1290102904681907e-05
12629,1.128915549819532e-05
12630,1.1288197607428616e-05
12631,1.1287249252589497e-05
12632,1.1286297094792449e-05
12633,1.128535063565917e-05
12634,1.1284406068567952e-05
12635,1.1283454862898171e-05
12636,1.1282500797960003e-05
12637,1.1281548640162956e-05
12638,1.1280596482365906e-05
12639,1.1279644324568854e-05
12640,1.1278690259630688e-05
12641,1.1277739053960907e-05
12642,1.1276784034008882e-05
12643,1.1275831876211843e-05
12644,1.1274875900246787e-05
12645,1.1273921835308629e-05
12646,1.1272970629749865e-05
12647,1.1272026062547628e-05
12648,1.1271083383612702e-05
12649,1.1270136924479427e-05
12650,1.1269185718920658e-05
12651,1.126822782815395e-05
12652,1.1267267057912814e-05
12653,1.1266314900115764e-05
12654,1.126535988016375e-05
12655,1.1264410575972945e-05
12656,1.126344980573179e-05
12657,1.1262489996277667e-05
12658,1.1261530186823519e-05
12659,1.1260584674266385e-05
12660,1.1259641051641907e-05
12661,1.1258686986703728e-05
12662,1.1257736732273036e-05
12663,1.1256794053338135e-05
12664,1.125583903338611e-05
12665,1.1254884013323075e-05
12666,1.1253928993371075e-05
12667,1.1252973973419077e-05
12668,1.1252032237174534e-05
12669,1.1251094262143543e-05
12670,1.1250157225251026e-05
12671,1.124921454620508e-05
12672,1.1248271867270171e-05
12673,1.1247327300178975e-05
12674,1.124638367766551e-05
12675,1.1245440055041014e-05
12676,1.1244498318796486e-05
12677,1.1243558465046098e-05
12678,1.1242613897954898e-05
12679,1.1241671219019977e-05
12680,1.1240728540085064e-05
12681,1.123978397288283e-05
12682,1.123883466880304e-05
12683,1.1237883463133253e-05
12684,1.1236937950465103e-05
12685,1.1235986744906326e-05
12686,1.1235041232238174e-05
12687,1.1234094773104889e-05
12688,1.123314641826578e-05
12689,1.123220090559763e-05
12690,1.1231254446464327e-05
12691,1.1230300381526172e-05
12692,1.1229346316588007e-05
12693,1.1228394158790955e-05
12694,1.122744769965766e-05
12695,1.1226495541860617e-05
12696,1.1225537651093905e-05
12697,1.1224590244607311e-05
12698,1.1223639038937534e-05
12699,1.1222684018985525e-05
12700,1.1221732813315737e-05
12701,1.122078730075859e-05
12702,1.1219835142961541e-05
12703,1.1218880123009532e-05
12704,1.1217923190032229e-05
12705,1.1216966257165959e-05
12706,1.1216017902326842e-05
12707,1.121507616608231e-05
12708,1.1214130653414145e-05
12709,1.1213185140745976e-05
12710,1.1212236785906873e-05
12711,1.1211287481716074e-05
12712,1.1210336276157305e-05
12713,1.1209386021726607e-05
12714,1.1208434816056823e-05
12715,1.1207483610387033e-05
12716,1.1206529545448872e-05
12717,1.1205575480510713e-05
12718,1.1204617589744012e-05
12719,1.1203662569791996e-05
12720,1.1202719890746067e-05
12721,1.1201778154501511e-05
12722,1.1200844860059779e-05
12723,1.1199905006309402e-05
12724,1.119896515255902e-05
12725,1.1198022473624123e-05
12726,1.1197087309788859e-05
12727,1.1196147456038468e-05
12728,1.1195210419145944e-05
12729,1.1194267740211044e-05
12730,1.1193309849333319e-05
12731,1.1192352916467028e-05
12732,1.1191397896515024e-05
12733,1.1190448592324204e-05
12734,1.1189502133190915e-05
12735,1.1188548068252754e-05
12736,1.1187594003314602e-05
12737,1.1186639938376427e-05
12738,1.1185685873438274e-05
12739,1.1184736569247457e-05
12740,1.1183787265056635e-05
12741,1.1182836059386851e-05
12742,1.1181885804956168e-05
12743,1.1180935550525458e-05
12744,1.1179981485587298e-05
12745,1.1179029327790243e-05
12746,1.1178075262852075e-05
12747,1.1177121197913913e-05
12748,1.1176167132975758e-05
12749,1.1175211157010702e-05
12750,1.1174258046087177e-05
12751,1.1173303026135163e-05
12752,1.1172348961197016e-05
12753,1.1171391070319281e-05
12754,1.117044650322807e-05
12755,1.1169494345431023e-05
12756,1.1168538369465965e-05
12757,1.1167581436599676e-05
12758,1.1166636869508474e-05
12759,1.1165680893543414e-05
12760,1.116472491757837e-05
12761,1.1163786942547386e-05
12762,1.1162837638467602e-05
12763,1.1161882618404565e-05
12764,1.1160927598452549e-05
12765,1.115998868461698e-05
12766,1.1159043171948814e-05
12767,1.1158099549324347e-05
12768,1.1157147391638303e-05
12769,1.1156190458661002e-05
12770,1.1155256229966599e-05
12771,1.1154312607453146e-05
12772,1.1153368040361931e-05
12773,1.1152423473159706e-05
12774,1.1151476066673103e-05
12775,1.115053433042856e-05
12776,1.1149593535875192e-05
12777,1.1148652741321815e-05
12778,1.114771288757144e-05
12779,1.1146763583491643e-05
12780,1.1145814279300835e-05
12781,1.1144864024870145e-05
12782,1.1143927924894832e-05
12783,1.114297767046413e-05
12784,1.1142034047950658e-05
12785,1.1141092311706128e-05
12786,1.1140145852572836e-05
12787,1.1139199393439556e-05
12788,1.113826047960397e-05
12789,1.1137318743359447e-05
12790,1.1136377007003862e-05
12791,1.113543527075934e-05
12792,1.1134497295839367e-05
12793,1.113355555959484e-05
12794,1.11326138233503e-05
12795,1.1131670200725806e-05
12796,1.1130718042928764e-05
12797,1.1129764932116263e-05
12798,1.1128810867067069e-05
12799,1.1127856802128905e-05
12800,1.1126916007575543e-05
12801,1.1125960987623534e-05
12802,1.1125005011658478e-05
12803,1.1124049991706467e-05
12804,1.1123107312771554e-05
12805,1.1122165576527002e-05
12806,1.1121223840171444e-05
12807,1.1120281161236529e-05
12808,1.1119343186316574e-05
12809,1.1118395779829975e-05
12810,1.1117448373343386e-05
12811,1.1116500966745761e-05
12812,1.1115559230501218e-05
12813,1.1114607072704173e-05
12814,1.111365586714541e-05
12815,1.111270561271472e-05
12816,1.1111750592762699e-05
12817,1.11107936597854e-05
12818,1.1109848147228263e-05
12819,1.1108899792278129e-05
12820,1.1107953333255874e-05
12821,1.1107007820587708e-05
12822,1.1106061361454422e-05
12823,1.1105119625209874e-05
12824,1.110417788896534e-05
12825,1.1103236152720793e-05
12826,1.110229441636524e-05
12827,1.1101347009878646e-05
12828,1.1100396755447944e-05
12829,1.1099449348961342e-05
12830,1.1098500994122249e-05
12831,1.1097545974170238e-05
12832,1.1096601406967999e-05
12833,1.1095649249170942e-05
12834,1.1094697091373895e-05
12835,1.1093750632351627e-05
12836,1.1092807009727153e-05
12837,1.1091858654888051e-05
12838,1.1090909350697231e-05
12839,1.1089961944210632e-05
12840,1.1089010738540853e-05
12841,1.108805953298208e-05
12842,1.1087113073848791e-05
12843,1.1086161868179009e-05
12844,1.1085210662620247e-05
12845,1.1084259456950461e-05
12846,1.108330825139169e-05
12847,1.1082357045721918e-05
12848,1.1081405840052131e-05
12849,1.108045368225507e-05
12850,1.1079505327415964e-05
12851,1.1078549351450919e-05
12852,1.1077594331498906e-05
12853,1.1076638355533862e-05
12854,1.107568333558185e-05
12855,1.1074728315629825e-05
12856,1.1073773295566806e-05
12857,1.1072825889080213e-05
12858,1.1071875634649505e-05
12859,1.1070923476852463e-05
12860,1.1069975122013345e-05
12861,1.1069026767174257e-05
12862,1.106807651274355e-05
12863,1.1067123401820039e-05
12864,1.1066173147389342e-05
12865,1.1065221941830565e-05
12866,1.1064271687399869e-05
12867,1.1063321432969179e-05
12868,1.106236927517212e-05
12869,1.1061416164248595e-05
12870,1.1060463053325087e-05
12871,1.1059512798894399e-05
12872,1.1058561593335629e-05
12873,1.105760466046935e-05
12874,1.105665535627854e-05
12875,1.1055702245355018e-05
12876,1.1054750087557953e-05
12877,1.1053799833127266e-05
12878,1.1052849578696575e-05
12879,1.1051898373137803e-05
12880,1.1050949068946996e-05
12881,1.1049995958023465e-05
12882,1.104904665383266e-05
12883,1.1048099247346068e-05
12884,1.1047151840859469e-05
12885,1.1046203486020374e-05
12886,1.104525323158967e-05
12887,1.104430487663955e-05
12888,1.104335462231986e-05
12889,1.1042402464522823e-05
12890,1.104145600538953e-05
12891,1.1040512382765053e-05
12892,1.1039558317826884e-05
12893,1.1038610911340292e-05
12894,1.1037662556501189e-05
12895,1.1036711350831405e-05
12896,1.103576109640069e-05
12897,1.1034809890841936e-05
12898,1.1033859636411238e-05
12899,1.1032908430741445e-05
12900,1.1031961971608167e-05
12901,1.1031011717177469e-05
12902,1.1030063362338367e-05
12903,1.1029114058147544e-05
12904,1.1028160947335051e-05
12905,1.1027213540737435e-05
12906,1.1026263286417756e-05
12907,1.1025313982226954e-05
12908,1.1024366575740354e-05
12909,1.1023415370070561e-05
12910,1.1022466065879746e-05
12911,1.1021514860209974e-05
12912,1.1020560795271809e-05
12913,1.1019613388785207e-05
12914,1.1018660277861686e-05
12915,1.10177128713751e-05
12916,1.1016765464888497e-05
12917,1.1015814259218713e-05
12918,1.101486114840621e-05
12919,1.1013913741808608e-05
12920,1.101296253624983e-05
12921,1.101201512965222e-05
12922,1.1011063924093463e-05
12923,1.1010116517606855e-05
12924,1.1009163406683347e-05
12925,1.1008210295759825e-05
12926,1.1007256230821652e-05
12927,1.1006303119898147e-05
12928,1.1005350008974634e-05
12929,1.100439498902262e-05
12930,1.1003441878099093e-05
12931,1.1002487813160943e-05
12932,1.1001534702237421e-05
12933,1.1000579682285405e-05
12934,1.0999624662333394e-05
12935,1.0998670597395236e-05
12936,1.0997717486471721e-05
12937,1.099676342153354e-05
12938,1.0995806488556251e-05
12939,1.0994859082069656e-05
12940,1.0993914514978442e-05
12941,1.0992961404054926e-05
12942,1.0992013997568339e-05
12943,1.0991068484900163e-05
12944,1.099012957106461e-05
12945,1.0989185948440108e-05
12946,1.0988239489417842e-05
12947,1.0987293030284567e-05
12948,1.0986352235731188e-05
12949,1.0985399124807674e-05
12950,1.0984443148842614e-05
12951,1.0983487172877556e-05
12952,1.0982538818038456e-05
12953,1.098158666024141e-05
12954,1.0980638305402295e-05
12955,1.0979690898915706e-05
12956,1.0978742544076606e-05
12957,1.0977792289645908e-05
12958,1.0976842985455093e-05
12959,1.0975894630615981e-05
12960,1.0974948171482706e-05
12961,1.0973998867291898e-05
12962,1.0973047661733118e-05
12963,1.0972093596683944e-05
12964,1.0971136663817668e-05
12965,1.097017877305096e-05
12966,1.0969226615253909e-05
12967,1.096827826041479e-05
12968,1.0967333693323585e-05
12969,1.0966384389132784e-05
12970,1.0965436034293676e-05
12971,1.0964483876496624e-05
12972,1.0963535521546487e-05
12973,1.0962590008989357e-05
12974,1.0961639754558657e-05
12975,1.0960686643635137e-05
12976,1.0959737339444336e-05
12977,1.095878993295773e-05
12978,1.0957841578118624e-05
12979,1.0956890372448841e-05
12980,1.0955940118018145e-05
12981,1.0954995550926948e-05
12982,1.0954048144440343e-05
12983,1.0953095033516831e-05
12984,1.0952141922593308e-05
12985,1.095118881166979e-05
12986,1.095023570085729e-05
12987,1.0949293964501726e-05
12988,1.0948344660421947e-05
12989,1.0947396305471806e-05
12990,1.094644319465931e-05
12991,1.0945484344992975e-05
12992,1.0944531234069464e-05
12993,1.0943588555134554e-05
12994,1.094264587619964e-05
12995,1.0941703197264723e-05
12996,1.0940760518329814e-05
12997,1.0939812163490709e-05
12998,1.0938857143427683e-05
12999,1.0937912576336471e-05
13000,1.0936968009245256e-05
13001,1.0936016803575475e-05
13002,1.0935067499384658e-05
13003,1.0934113434446505e-05
13004,1.0933164130255684e-05
13005,1.0932213875824997e-05
13006,1.0931266469338393e-05
13007,1.0930317165147588e-05
13008,1.092936310020943e-05
13009,1.0928402329968282e-05
13010,1.0927453025888484e-05
13011,1.0926498960839295e-05
13012,1.0925550606000204e-05
13013,1.0924597495076684e-05
13014,1.092364533739065e-05
13015,1.0922695082959963e-05
13016,1.0921735273505815e-05
13017,1.0920782162582297e-05
13018,1.091983285839148e-05
13019,1.0918884503552384e-05
13020,1.0917935199361576e-05
13021,1.0916987792874982e-05
13022,1.091604228020682e-05
13023,1.0915095821184557e-05
13024,1.0914149362051264e-05
13025,1.0913196251127745e-05
13026,1.0912251684036539e-05
13027,1.0911302379845717e-05
13028,1.0910354025006624e-05
13029,1.09094056700565e-05
13030,1.0908452559244002e-05
13031,1.0907508936619514e-05
13032,1.0906555825696004e-05
13033,1.0905602714883505e-05
13034,1.0904654359933375e-05
13035,1.09037041056137e-05
13036,1.0902753851183002e-05
13037,1.090180644458539e-05
13038,1.0900846635242274e-05
13039,1.0899894477445209e-05
13040,1.089895179851031e-05
13041,1.0897997733461114e-05
13042,1.089705222090399e-05
13043,1.0896092411449837e-05
13044,1.089514595231655e-05
13045,1.0894196648125746e-05
13046,1.0893242583187587e-05
13047,1.0892289472264054e-05
13048,1.0891346793329154e-05
13049,1.0890398438490035e-05
13050,1.0889438629035901e-05
13051,1.08884836090839e-05
13052,1.0887530498160379e-05
13053,1.0886582143321269e-05
13054,1.0885631888890576e-05
13055,1.0884673998123881e-05
13056,1.088372469393306e-05
13057,1.0882775389742245e-05
13058,1.0881821324804088e-05
13059,1.0880867259865923e-05
13060,1.0879910326999642e-05
13061,1.0878955306936616e-05
13062,1.0877999330971545e-05
13063,1.087704144020484e-05
13064,1.0876087375266677e-05
13065,1.0875132355314674e-05
13066,1.0874176379349619e-05
13067,1.0873223268426095e-05
13068,1.0872270157502582e-05
13069,1.0871314181537537e-05
13070,1.0870371502602608e-05
13071,1.0869425989934449e-05
13072,1.0868483310999549e-05
13073,1.0867527335034486e-05
13074,1.086656848547918e-05
13075,1.0865617279809387e-05
13076,1.08646670253787e-05
13077,1.0863723402865238e-05
13078,1.086277978024075e-05
13079,1.0861826669428245e-05
13080,1.0860873558504732e-05
13081,1.0859920447581219e-05
13082,1.085896638264306e-05
13083,1.0858012317704889e-05
13084,1.0857063962754772e-05
13085,1.0856115607915657e-05
13086,1.085516725307655e-05
13087,1.0854218898237464e-05
13088,1.0853265787313935e-05
13089,1.0852305977859803e-05
13090,1.0851346168405659e-05
13091,1.085039781356655e-05
13092,1.0849452300898404e-05
13093,1.084850394605929e-05
13094,1.0847549881121127e-05
13095,1.084659199035442e-05
13096,1.0845636970291386e-05
13097,1.0844687666211604e-05
13098,1.0843733601162413e-05
13099,1.0842790922227518e-05
13100,1.0841835902275493e-05
13101,1.0840888495788896e-05
13102,1.083993919159809e-05
13103,1.0838989887407278e-05
13104,1.0838039632976576e-05
13105,1.0837087475179532e-05
13106,1.0836135317493504e-05
13107,1.083518696254338e-05
13108,1.0834227153089236e-05
13109,1.0833274995403203e-05
13110,1.0832328536269926e-05
13111,1.083138207713664e-05
13112,1.0830431822705924e-05
13113,1.0829481568275231e-05
13114,1.082853131384453e-05
13115,1.0827581059413836e-05
13116,1.0826630804983131e-05
13117,1.0825684345960866e-05
13118,1.0824731235037353e-05
13119,1.0823779077240305e-05
13120,1.0822825966316786e-05
13121,1.0821869990351727e-05
13122,1.0820911140796417e-05
13123,1.0819961836605609e-05
13124,1.0819011582174917e-05
13125,1.081805751723674e-05
13126,1.0817107262806052e-05
13127,1.0816152242854041e-05
13128,1.081520578372075e-05
13129,1.0814259324587464e-05
13130,1.0813306213663946e-05
13131,1.0812360701106811e-05
13132,1.0811415188438646e-05
13133,1.0810465884247838e-05
13134,1.0809521317156618e-05
13135,1.080856915935958e-05
13136,1.0807617001562523e-05
13137,1.0806664843765463e-05
13138,1.080571268596842e-05
13139,1.080476052817136e-05
13140,1.0803808370374308e-05
13141,1.0802855259450803e-05
13142,1.0801900239498778e-05
13143,1.0800950935307977e-05
13144,1.0800000680877272e-05
13145,1.079905042655759e-05
13146,1.0798103967424314e-05
13147,1.0797159400222085e-05
13148,1.0796212941199817e-05
13149,1.0795266482066527e-05
13150,1.079432002293324e-05
13151,1.0793375455842025e-05
13152,1.0792416606175687e-05
13153,1.0791468251336586e-05
13154,1.0790519896497477e-05
13155,1.0789571541658386e-05
13156,1.0788623186708262e-05
13157,1.0787671981149495e-05
13158,1.0786720775479716e-05
13159,1.0785770521049011e-05
13160,1.0784817410125491e-05
13161,1.0783864299313002e-05
13162,1.078291118838948e-05
13163,1.0781964729256197e-05
13164,1.0781010664318023e-05
13165,1.0780062309478928e-05
13166,1.0779117742276691e-05
13167,1.0778171283254418e-05
13168,1.0777224824121143e-05
13169,1.0776276469282036e-05
13170,1.0775329062795427e-05
13171,1.0774376904998382e-05
13172,1.0773424747201337e-05
13173,1.0772472589404275e-05
13174,1.077152043160722e-05
13175,1.0770566366669069e-05
13176,1.0769614208872012e-05
13177,1.0768669641669778e-05
13178,1.0767717483983754e-05
13179,1.0766768179792934e-05
13180,1.0765816974123151e-05
13181,1.0764872407031938e-05
13182,1.0763926894363781e-05
13183,1.0762973783440264e-05
13184,1.0762020672516741e-05
13185,1.076106851483072e-05
13186,1.0760115403907205e-05
13187,1.0759171781282724e-05
13188,1.0758219623485672e-05
13189,1.0757267465799634e-05
13190,1.0756320059202021e-05
13191,1.0755371704362908e-05
13192,1.0754422400172114e-05
13193,1.0753471194613333e-05
13194,1.0752519988943549e-05
13195,1.0751568783273777e-05
13196,1.0750617577715001e-05
13197,1.0749665419917955e-05
13198,1.0748717065078845e-05
13199,1.0747771552410683e-05
13200,1.0746825093277393e-05
13201,1.0745871982353886e-05
13202,1.0744918871541395e-05
13203,1.074395906208725e-05
13204,1.0743013549419084e-05
13205,1.0742066142932489e-05
13206,1.0741118736445898e-05
13207,1.0740166578648853e-05
13208,1.0739218223698728e-05
13209,1.0738272711141587e-05
13210,1.0737326252008296e-05
13211,1.073637123205629e-05
13212,1.0735416211993257e-05
13213,1.0734461192041246e-05
13214,1.073350808111772e-05
13215,1.0732554970305229e-05
13216,1.073160185938172e-05
13217,1.0730656346713557e-05
13218,1.0729705141043758e-05
13219,1.0728748208177484e-05
13220,1.0727794143239324e-05
13221,1.0726850520725865e-05
13222,1.0725898362928813e-05
13223,1.0724952850260641e-05
13224,1.0724005443774049e-05
13225,1.0723059931105894e-05
13226,1.0722109676675204e-05
13227,1.0721159422244499e-05
13228,1.0720209167813797e-05
13229,1.0719258913383099e-05
13230,1.0718308658952409e-05
13231,1.0717367864510049e-05
13232,1.0716422351841894e-05
13233,1.0715472097411202e-05
13234,1.0714525638277898e-05
13235,1.0713575383847215e-05
13236,1.0712622272923692e-05
13237,1.0711669162111186e-05
13238,1.0710716051187667e-05
13239,1.0709767696348571e-05
13240,1.0708819341398437e-05
13241,1.0707870037318655e-05
13242,1.0706916926395135e-05
13243,1.070597141372698e-05
13244,1.0705018302803466e-05
13245,1.0704068998723674e-05
13246,1.0703119694532866e-05
13247,1.0702172288046262e-05
13248,1.0701222033615562e-05
13249,1.070027462701795e-05
13250,1.0699324372698276e-05
13251,1.0698374118267564e-05
13252,1.0697423863836873e-05
13253,1.069647645723926e-05
13254,1.0695529050752658e-05
13255,1.0694581644266062e-05
13256,1.0693634237779465e-05
13257,1.069268112685596e-05
13258,1.0691732772016842e-05
13259,1.0690784417177747e-05
13260,1.0689838904509589e-05
13261,1.0688882928544521e-05
13262,1.0687942133991152e-05
13263,1.0687003220155597e-05
13264,1.0686054865316482e-05
13265,1.0685106510366357e-05
13266,1.068415910387976e-05
13267,1.0683211697393172e-05
13268,1.0682264290906582e-05
13269,1.068131308523678e-05
13270,1.0680361879678028e-05
13271,1.067940972188098e-05
13272,1.0678462315283348e-05
13273,1.0677508250345191e-05
13274,1.0676557995914484e-05
13275,1.067561058942789e-05
13276,1.0674662234588794e-05
13277,1.067370912366527e-05
13278,1.0672756965868226e-05
13279,1.0671803854944697e-05
13280,1.067085074413222e-05
13281,1.0669904284998918e-05
13282,1.0668952127201864e-05
13283,1.0667999016278343e-05
13284,1.0667046858481293e-05
13285,1.0666099451994709e-05
13286,1.0665150147803899e-05
13287,1.0664199893373197e-05
13288,1.066325248688659e-05
13289,1.0662299375963082e-05
13290,1.0661349121643404e-05
13291,1.0660393145678342e-05
13292,1.0659437169713296e-05
13293,1.065848119374823e-05
13294,1.0657526173796225e-05
13295,1.0656574968126449e-05
13296,1.065562471369575e-05
13297,1.0654679201027592e-05
13298,1.065372513608942e-05
13299,1.0652771071151255e-05
13300,1.0651817006213093e-05
13301,1.0650866751782387e-05
13302,1.0649909818805097e-05
13303,1.064895288593881e-05
13304,1.0648004531099712e-05
13305,1.0647056176260597e-05
13306,1.0646108769662977e-05
13307,1.0645161363176394e-05
13308,1.0644210157617634e-05
13309,1.064326275102001e-05
13310,1.0642312496700343e-05
13311,1.064136129103054e-05
13312,1.0640411036599856e-05
13313,1.0639462681760744e-05
13314,1.0638511476090953e-05
13315,1.0637558365167448e-05
13316,1.0636604300229288e-05
13317,1.063565594539018e-05
13318,1.0634707590551082e-05
13319,1.0633755432754017e-05
13320,1.0632811810129535e-05
13321,1.0631864403642943e-05
13322,1.0630916997156348e-05
13323,1.0629967692965535e-05
13324,1.0629018388774731e-05
13325,1.0628070033935618e-05
13326,1.0627111184269284e-05
13327,1.0626159978710534e-05
13328,1.0625207820913469e-05
13329,1.062425851672266e-05
13330,1.0623302540757612e-05
13331,1.0622346564792544e-05
13332,1.0621396310361846e-05
13333,1.0620442245423686e-05
13334,1.0619488180485527e-05
13335,1.0618535069562007e-05
13336,1.0617586714722913e-05
13337,1.0616640255589619e-05
13338,1.0615689050030862e-05
13339,1.0614736892233802e-05
13340,1.0613786637803104e-05
13341,1.0612831617740079e-05
13342,1.0611883262900969e-05
13343,1.0610934908061857e-05
13344,1.0609981797138353e-05
13345,1.0609027732200174e-05
13346,1.0608081273066887e-05
13347,1.0607124340200618e-05
13348,1.0606174085769915e-05
13349,1.0605220974846393e-05
13350,1.0604272620007285e-05
13351,1.0603327107339127e-05
13352,1.060238442840423e-05
13353,1.0601440805890764e-05
13354,1.0600492451051657e-05
13355,1.059954599191837e-05
13356,1.0598591926980197e-05
13357,1.0597645467846925e-05
13358,1.0596696163656107e-05
13359,1.0595746859465292e-05
13360,1.0594795653906525e-05
13361,1.0593842542983017e-05
13362,1.0592889432059487e-05
13363,1.059193727426244e-05
13364,1.0590987970182654e-05
13365,1.0590034859259133e-05
13366,1.0589083653589345e-05
13367,1.0588131495792292e-05
13368,1.0587179337995237e-05
13369,1.0586225273057087e-05
13370,1.0585273115260038e-05
13371,1.0584321909701271e-05
13372,1.058336975190422e-05
13373,1.0582416640980696e-05
13374,1.0581462576042535e-05
13375,1.0580508511104378e-05
13376,1.0579553491041336e-05
13377,1.0578602285482575e-05
13378,1.057764535250527e-05
13379,1.057669319481925e-05
13380,1.0575757094843921e-05
13381,1.0574803983920413e-05
13382,1.0573850872996886e-05
13383,1.0572901568806083e-05
13384,1.0571943678039378e-05
13385,1.0570986745173091e-05
13386,1.0570044066238184e-05
13387,1.0569088090273123e-05
13388,1.0568142577604972e-05
13389,1.0567195171118366e-05
13390,1.0566249658450214e-05
13391,1.0565301303611111e-05
13392,1.0564351049180411e-05
13393,1.05634026943413e-05
13394,1.056244671837625e-05
13395,1.05614907424112e-05
13396,1.0560538584614135e-05
13397,1.0559585473690618e-05
13398,1.055863616961084e-05
13399,1.055767923663354e-05
13400,1.0556737500388989e-05
13401,1.055578534259193e-05
13402,1.0554834137033184e-05
13403,1.055388956983095e-05
13404,1.0552941214991847e-05
13405,1.0551990960561143e-05
13406,1.055103784974864e-05
13407,1.0550091390615357e-05
13408,1.0549146823413123e-05
13409,1.054819846857403e-05
13410,1.0547252009440728e-05
13411,1.0546303654601638e-05
13412,1.0545353400170931e-05
13413,1.054439838021892e-05
13414,1.0543450025379826e-05
13415,1.0542492134613113e-05
13416,1.05415342438464e-05
13417,1.0540577310869105e-05
13418,1.0539622290917098e-05
13419,1.0538671085247309e-05
13420,1.0537724626225037e-05
13421,1.0536780059022817e-05
13422,1.0535833600000552e-05
13423,1.0534894686053948e-05
13424,1.0533952949809406e-05
13425,1.0533010270874506e-05
13426,1.0532053338008222e-05
13427,1.0531098318056216e-05
13428,1.0530146160259162e-05
13429,1.0529193049335632e-05
13430,1.0528249426711164e-05
13431,1.0527301071872046e-05
13432,1.0526354612738764e-05
13433,1.0525400547800602e-05
13434,1.0524455980709389e-05
13435,1.0523513301774472e-05
13436,1.0522562096104693e-05
13437,1.0521605163238407e-05
13438,1.0520659650570255e-05
13439,1.0519716028056785e-05
13440,1.0518767673217685e-05
13441,1.0517819318267558e-05
13442,1.0516871911780962e-05
13443,1.0515926399112812e-05
13444,1.0514973288300314e-05
13445,1.0514020177376794e-05
13446,1.0513068971707014e-05
13447,1.0512121565220415e-05
13448,1.0511173210381303e-05
13449,1.0510219145443147e-05
13450,1.0509270790493014e-05
13451,1.0508324331470751e-05
13452,1.0507373125800972e-05
13453,1.050642096800391e-05
13454,1.0505472613164804e-05
13455,1.0504526154031529e-05
13456,1.0503575899600819e-05
13457,1.0502631332509612e-05
13458,1.05016820283188e-05
13459,1.050073272412799e-05
13460,1.0499772914673847e-05
13461,1.0498826455651589e-05
13462,1.0497883776716677e-05
13463,1.049693920951445e-05
13464,1.0495993696957312e-05
13465,1.0495040586033791e-05
13466,1.049409223119469e-05
13467,1.0493145772061388e-05
13468,1.0492195517630695e-05
13469,1.0491245263199996e-05
13470,1.049029215227649e-05
13471,1.0489338087338325e-05
13472,1.0488386881668532e-05
13473,1.0487434723871477e-05
13474,1.0486488264849218e-05
13475,1.0485534199911046e-05
13476,1.0484583945480358e-05
13477,1.0483638432812184e-05
13478,1.0482681499945913e-05
13479,1.0481727434896724e-05
13480,1.0480789459976762e-05
13481,1.0479847723732224e-05
13482,1.0478908809785642e-05
13483,1.0477966130850724e-05
13484,1.0477020618293592e-05
13485,1.0476081704346999e-05
13486,1.0475138081833538e-05
13487,1.047419351463131e-05
13488,1.0473239449693136e-05
13489,1.0472285384754979e-05
13490,1.0471334179085197e-05
13491,1.0470383924654492e-05
13492,1.0469427948800467e-05
13493,1.046848432617598e-05
13494,1.0467528350210928e-05
13495,1.046657237424587e-05
13496,1.046561544137958e-05
13497,1.0464670874288373e-05
13498,1.0463717763364858e-05
13499,1.0462767508934153e-05
13500,1.0461816303264378e-05
13501,1.0460858412497664e-05
13502,1.0459901479631375e-05
13503,1.0458967250936984e-05
13504,1.0458016045267192e-05
13505,1.0457061980329032e-05
13506,1.0456104089562332e-05
13507,1.0455153835131632e-05
13508,1.0454195944364916e-05
13509,1.0453237094698588e-05
13510,1.0452302866004182e-05
13511,1.0451359243490714e-05
13512,1.0450417507246188e-05
13513,1.0449469152296045e-05
13514,1.0448515087357889e-05
13515,1.0447573351113357e-05
13516,1.0446616418247063e-05
13517,1.0445681254411814e-05
13518,1.0444747025717405e-05
13519,1.0443800566584118e-05
13520,1.0442854107450826e-05
13521,1.0441914253811463e-05
13522,1.0440978153836162e-05
13523,1.0440042053860836e-05
13524,1.0439104078940893e-05
13525,1.0438169850246487e-05
13526,1.0437224337578325e-05
13527,1.043627977037608e-05
13528,1.0435338034131542e-05
13529,1.0434387779700849e-05
13530,1.0433446985258492e-05
13531,1.0432505248902943e-05
13532,1.043157102031956e-05
13533,1.043063304528857e-05
13534,1.0429692250735192e-05
13535,1.042875427581525e-05
13536,1.0427820047120848e-05
13537,1.0426885818426435e-05
13538,1.0425951589732025e-05
13539,1.0425017361037617e-05
13540,1.0424083132343212e-05
13541,1.042314609533967e-05
13542,1.0422194889780905e-05
13543,1.0421245585590093e-05
13544,1.042029342779304e-05
13545,1.0419341269995998e-05
13546,1.0418385294030946e-05
13547,1.0417430274078928e-05
13548,1.0416472383312232e-05
13549,1.0415516407347176e-05
13550,1.0414559474480894e-05
13551,1.0413614907278653e-05
13552,1.041267317103412e-05
13553,1.041172671190083e-05
13554,1.0410784975656284e-05
13555,1.0409849811821034e-05
13556,1.040890807557648e-05
13557,1.0407960669089888e-05
13558,1.0407015156421723e-05
13559,1.040606299862468e-05
13560,1.0405118431533463e-05
13561,1.0404176695288916e-05
13562,1.0403232128086689e-05
13563,1.0402294153166737e-05
13564,1.0401349585964507e-05
13565,1.040040501887329e-05
13566,1.039946045178208e-05
13567,1.0398515884579851e-05
13568,1.0397571317488639e-05
13569,1.039662296264954e-05
13570,1.039568310889915e-05
13571,1.0394735702412554e-05
13572,1.0393786398221744e-05
13573,1.0392839939088452e-05
13574,1.0391891584249363e-05
13575,1.0390943229410248e-05
13576,1.0389993925219436e-05
13577,1.0389044621028626e-05
13578,1.0388095316837815e-05
13579,1.0387146012758027e-05
13580,1.0386198606160406e-05
13581,1.0385249302080618e-05
13582,1.0384302842947335e-05
13583,1.0383349732023818e-05
13584,1.0382398526465048e-05
13585,1.038144446141586e-05
13586,1.0380491350603365e-05
13587,1.0379540144933582e-05
13588,1.0378586079995414e-05
13589,1.0377632969071902e-05
13590,1.0376681763402123e-05
13591,1.0375728652589619e-05
13592,1.037477744691984e-05
13593,1.037382814272903e-05
13594,1.0372878838538206e-05
13595,1.0371935216024752e-05
13596,1.0370977325258041e-05
13597,1.0370019434491347e-05
13598,1.0369072975358051e-05
13599,1.0368127462689898e-05
13600,1.0367178158499081e-05
13601,1.036622790406839e-05
13602,1.0365278599988587e-05
13603,1.0364324534939413e-05
13604,1.0363368558974352e-05
13605,1.0362411626108065e-05
13606,1.0361465167085802e-05
13607,1.0360515862894997e-05
13608,1.0359559886929938e-05
13609,1.0358618150685391e-05
13610,1.0357673583483154e-05
13611,1.0356727124460888e-05
13612,1.0355779717863287e-05
13613,1.035483041378349e-05
13614,1.0353880159352789e-05
13615,1.035292800155574e-05
13616,1.0351974890632217e-05
13617,1.0351024636201527e-05
13618,1.0350077229714932e-05
13619,1.0349130770581631e-05
13620,1.0348180516150947e-05
13621,1.0347231211960127e-05
13622,1.0346284752937859e-05
13623,1.0345340185735625e-05
13624,1.0344389931304923e-05
13625,1.0343446308791472e-05
13626,1.0342499849658182e-05
13627,1.0341550545467379e-05
13628,1.0340598387781348e-05
13629,1.033965192864806e-05
13630,1.033870546951476e-05
13631,1.0337759010381482e-05
13632,1.033681065554237e-05
13633,1.0335863249055768e-05
13634,1.0334916789922485e-05
13635,1.0333964632125433e-05
13636,1.033301247432839e-05
13637,1.0332060316642354e-05
13638,1.033111763759643e-05
13639,1.0330159746829715e-05
13640,1.032921234034312e-05
13641,1.0328263985504024e-05
13642,1.032731373107332e-05
13643,1.0326363476642623e-05
13644,1.0325416070156029e-05
13645,1.0324465815725327e-05
13646,1.03235127048018e-05
13647,1.032255959387829e-05
13648,1.032161123903919e-05
13649,1.0320662884200088e-05
13650,1.0319714529360986e-05
13651,1.0318766174410857e-05
13652,1.0317815920091186e-05
13653,1.0316863762294118e-05
13654,1.0315915407343996e-05
13655,1.031496800085741e-05
13656,1.0314015843060345e-05
13657,1.0313063685263309e-05
13658,1.0312111527577272e-05
13659,1.031116222338646e-05
13660,1.0310209112462951e-05
13661,1.030925695466589e-05
13662,1.0308302889727722e-05
13663,1.0307350731930669e-05
13664,1.030640047749998e-05
13665,1.030544831970292e-05
13666,1.030449425476476e-05
13667,1.030354114384124e-05
13668,1.0302588032917734e-05
13669,1.030163872883794e-05
13670,1.0300689424647132e-05
13671,1.0299738218977342e-05
13672,1.0298787013418569e-05
13673,1.0297827203964445e-05
13674,1.0296877899773625e-05
13675,1.0295921923808574e-05
13676,1.0294964990942297e-05
13677,1.0294009970879266e-05
13678,1.0293068234634724e-05
13679,1.0292119879795614e-05
13680,1.0291168674125835e-05
13681,1.0290213654173814e-05
13682,1.0289255763407118e-05
13683,1.028831214089365e-05
13684,1.0287360935223864e-05
13685,1.0286418256288952e-05
13686,1.0285479342453384e-05
13687,1.028453760609782e-05
13688,1.0283594927162909e-05
13689,1.0282640862224739e-05
13690,1.0281698183289832e-05
13691,1.028074220732477e-05
13692,1.0279787187372774e-05
13693,1.0278846392819395e-05
13694,1.027790653906902e-05
13695,1.0276964802824471e-05
13696,1.0276017396337873e-05
13697,1.0275069041498766e-05
13698,1.0274118787068073e-05
13699,1.027316376700505e-05
13700,1.0272217307982787e-05
13701,1.0271270848849483e-05
13702,1.0270330054296112e-05
13703,1.0269383595273858e-05
13704,1.0268437136140554e-05
13705,1.0267490677007275e-05
13706,1.0266544217873982e-05
13707,1.0265597758851727e-05
13708,1.0264651299718435e-05
13709,1.0263703893231843e-05
13710,1.0262757434098544e-05
13711,1.026180717966784e-05
13712,1.0260859773181254e-05
13713,1.0259906662257734e-05
13714,1.0258953551334217e-05
13715,1.0258007092311943e-05
13716,1.0257060633178652e-05
13717,1.025611037874796e-05
13718,1.0255160124317262e-05
13719,1.0254208918647482e-05
13720,1.0253256760961452e-05
13721,1.0252304603164395e-05
13722,1.025135529897358e-05
13723,1.0250405044542884e-05
13724,1.0249454790112182e-05
13725,1.0248502632315144e-05
13726,1.0247552377884444e-05
13727,1.0246600220087392e-05
13728,1.0245648062290329e-05
13729,1.024469590449328e-05
13730,1.0243743746807261e-05
13731,1.0242791589010208e-05
13732,1.0241839431213156e-05
13733,1.0240887273416094e-05
13734,1.0239933208477938e-05
13735,1.0238981050680891e-05
13736,1.0238029845011097e-05
13737,1.0237079590580395e-05
13738,1.0236125525642233e-05
13739,1.0235175271211532e-05
13740,1.0234228812078252e-05
13741,1.0233276654281202e-05
13742,1.0232324496595162e-05
13743,1.023137519240436e-05
13744,1.023043062520213e-05
13745,1.0229486058110908e-05
13746,1.0228532947187402e-05
13747,1.0227578882249226e-05
13748,1.0226634315158016e-05
13749,1.022569540121143e-05
13750,1.0224747046372329e-05
13751,1.0223796791941639e-05
13752,1.0222846537510932e-05
13753,1.022190762367537e-05
13754,1.0220973394980956e-05
13755,1.0220020284057437e-05
13756,1.0219077605122532e-05
13757,1.021811971435583e-05
13758,1.0217170410165006e-05
13759,1.0216214434199947e-05
13760,1.0215270811686496e-05
13761,1.0214329075441947e-05
13762,1.0213386396507039e-05
13763,1.0212438041556913e-05
13764,1.0211493474465701e-05
13765,1.0210541316668657e-05
13766,1.0209592012477838e-05
13767,1.0208640806919087e-05
13768,1.0207687695995556e-05
13769,1.0206742183327398e-05
13770,1.0205785250461112e-05
13771,1.0204832139537592e-05
13772,1.02038818851069e-05
13773,1.0202924952240623e-05
13774,1.020197849310734e-05
13775,1.0201030138268228e-05
13776,1.020008273178164e-05
13777,1.0199136272648348e-05
13778,1.019818316172482e-05
13779,1.019723005091233e-05
13780,1.0196280746721518e-05
13781,1.0195326681783363e-05
13782,1.0194379275185734e-05
13783,1.0193431868699138e-05
13784,1.0192482564508337e-05
13785,1.019153515802174e-05
13786,1.0190587751535139e-05
13787,1.0189640345048547e-05
13788,1.0188692938561941e-05
13789,1.0187745531964337e-05
13790,1.0186800964873125e-05
13791,1.0185848807076077e-05
13792,1.018489664927902e-05
13793,1.0183944491481965e-05
13794,1.0182991380669474e-05
13795,1.0182039222872417e-05
13796,1.0181087065075362e-05
13797,1.0180134907278324e-05
13798,1.0179182749481269e-05
13799,1.0178228684543099e-05
13800,1.0177276526746047e-05
13801,1.0176323415822539e-05
13802,1.017537411163172e-05
13803,1.017442670514512e-05
13804,1.0173482138053913e-05
13805,1.0172539459119006e-05
13806,1.0171590154928188e-05
13807,1.0170643695794898e-05
13808,1.0169684846128572e-05
13809,1.0168733640569805e-05
13810,1.0167786234083202e-05
13811,1.0166839774949929e-05
13812,1.0165894262281769e-05
13813,1.0164944958090946e-05
13814,1.0163992800293897e-05
13815,1.0163052946654542e-05
13816,1.0162109324030049e-05
13817,1.0161165701516591e-05
13818,1.0160216397325786e-05
13819,1.0159268042486682e-05
13820,1.0158315884689635e-05
13821,1.0157369425556333e-05
13822,1.0156424858465121e-05
13823,1.0155480291262892e-05
13824,1.0154530987183113e-05
13825,1.0153581682992293e-05
13826,1.0152633328153193e-05
13827,1.015168592155558e-05
13828,1.0150736617475783e-05
13829,1.0149795822922412e-05
13830,1.0148847468083318e-05
13831,1.0147899113133185e-05
13832,1.014695925949382e-05
13833,1.0146010904543708e-05
13834,1.0145066337452494e-05
13835,1.0144120824784332e-05
13836,1.0143170570353639e-05
13837,1.014222126616282e-05
13838,1.0141271962083023e-05
13839,1.0140315986117981e-05
13840,1.0139360966054941e-05
13841,1.0138419229810396e-05
13842,1.0137467072013344e-05
13843,1.0136523449499888e-05
13844,1.0135564599833554e-05
13845,1.0134613394274789e-05
13846,1.0133671657919235e-05
13847,1.0132724251432633e-05
13848,1.0131777792410363e-05
13849,1.0130830385812755e-05
13850,1.0129878228015705e-05
13851,1.0128927973585002e-05
13852,1.0127975815898972e-05
13853,1.0127026511708161e-05
13854,1.0126070535743097e-05
13855,1.0125115515791098e-05
13856,1.0124160495728071e-05
13857,1.0123210241297366e-05
13858,1.012225426533231e-05
13859,1.012130020039415e-05
13860,1.0120352793907547e-05
13861,1.0119403489716732e-05
13862,1.0118453235286047e-05
13863,1.0117502980855344e-05
13864,1.011655367677555e-05
13865,1.011560342234485e-05
13866,1.0114653167914161e-05
13867,1.011370291348346e-05
13868,1.0112750755686414e-05
13869,1.01118014514956e-05
13870,1.011085214730479e-05
13871,1.0109901892874093e-05
13872,1.010895353803499e-05
13873,1.0108005183195883e-05
13874,1.010705777670928e-05
13875,1.0106106571039492e-05
13876,1.0105147721373158e-05
13877,1.0104196515814406e-05
13878,1.0103245310144617e-05
13879,1.0102294104585847e-05
13880,1.0101344800395033e-05
13881,1.0100395496204237e-05
13882,1.009944619201341e-05
13883,1.0098494986454659e-05
13884,1.009754378078486e-05
13885,1.0096592575115084e-05
13886,1.0095643271035288e-05
13887,1.0094693966844476e-05
13888,1.0093738946781443e-05
13889,1.0092786789095415e-05
13890,1.00918336781719e-05
13891,1.0090886271685301e-05
13892,1.0089930295720249e-05
13893,1.0088976230671062e-05
13894,1.0088023119858576e-05
13895,1.0087073815667758e-05
13896,1.0086123561237056e-05
13897,1.0085171403440016e-05
13898,1.0084221149009313e-05
13899,1.0083273742522705e-05
13900,1.0082322536852928e-05
13901,1.0081372282422225e-05
13902,1.0080417262470212e-05
13903,1.0079467958279409e-05
13904,1.0078518654199616e-05
13905,1.0077563634136581e-05
13906,1.0076616227649991e-05
13907,1.007566406985295e-05
13908,1.0074715715013834e-05
13909,1.0073765460583133e-05
13910,1.0072811395644971e-05
13911,1.007185637558195e-05
13912,1.0070902310643786e-05
13913,1.0069953955804675e-05
13914,1.0068999890866515e-05
13915,1.006804773306947e-05
13916,1.0067095575272418e-05
13917,1.0066148168785819e-05
13918,1.0065194103847649e-05
13919,1.0064240038798467e-05
13920,1.0063285973860306e-05
13921,1.0062333816063245e-05
13922,1.0061391137128341e-05
13923,1.0060439931569584e-05
13924,1.0059498195214005e-05
13925,1.0058547940894336e-05
13926,1.0057599585944202e-05
13927,1.0056650281864428e-05
13928,1.0055700977673618e-05
13929,1.0054748819876565e-05
13930,1.0053796662079503e-05
13931,1.0052844504282453e-05
13932,1.0051892346485406e-05
13933,1.0050940188688342e-05
13934,1.0049995621597143e-05
13935,1.0049037730830441e-05
13936,1.0048079840063732e-05
13937,1.0047121949186007e-05
13938,1.0046171694866325e-05
13939,1.0045221440435632e-05
13940,1.004427213624482e-05
13941,1.0043318071306654e-05
13942,1.0042365913509595e-05
13943,1.0041414707839816e-05
13944,1.0040465403649007e-05
13945,1.0039513245851953e-05
13946,1.0038562040293193e-05
13947,1.0037607975355021e-05
13948,1.0036653910305837e-05
13949,1.0035699845367672e-05
13950,1.0034745780429515e-05
13951,1.0033801213338295e-05
13952,1.003284810241478e-05
13953,1.0031895944617722e-05
13954,1.0030950431949574e-05
13955,1.0029999226279783e-05
13956,1.0029048020721017e-05
13957,1.0028096815051227e-05
13958,1.0027145609492478e-05
13959,1.0026194403822686e-05
13960,1.0025245099631866e-05
13961,1.0024294845201176e-05
13962,1.002335027810997e-05
13963,1.0022401923270854e-05
13964,1.0021453568320736e-05
13965,1.0020503314001056e-05
13966,1.0019553059570366e-05
13967,1.0018602805139663e-05
13968,1.0017655398542047e-05
13969,1.0016704192983288e-05
13970,1.0015752987313496e-05
13971,1.0014804632474393e-05
13972,1.0013861009960929e-05
13973,1.0012918330915003e-05
13974,1.0011972818357856e-05
13975,1.0011021612688069e-05
13976,1.0010075153554782e-05
13977,1.0009123947996015e-05
13978,1.0008170837072497e-05
13979,1.0007219631402723e-05
13980,1.0006266520590222e-05
13981,1.0005315314920436e-05
13982,1.0004362203996914e-05
13983,1.0003410998438152e-05
13984,1.0002457887514644e-05
13985,1.000150668184485e-05
13986,1.0000553570921335e-05
13987,9.999602365362572e-06
13988,9.998649254439043e-06
13989,9.99769136367235e-06
13990,9.996743008833247e-06
13991,9.99579180316345e-06
13992,9.994838692239933e-06
13993,9.993889388160149e-06
13994,9.992931497282427e-06
13995,9.99198598472529e-06
13996,9.991033826928229e-06
13997,9.990084522737426e-06
13998,9.989140900112934e-06
13999,9.988192545273826e-06
14000,9.987238480335668e-06
14001,9.986292967667503e-06
14002,9.985335076900808e-06
14003,9.984382919103757e-06
14004,9.983431713544986e-06
14005,9.982486200876833e-06
14006,9.981542578252352e-06
14007,9.980593274172557e-06
14008,9.979640163249032e-06
14009,9.978692756762445e-06
14010,9.977745350164827e-06
14011,9.976797943678233e-06
14012,9.975839094011904e-06
14013,9.974885983199398e-06
14014,9.973933825402348e-06
14015,9.972979760464176e-06
14016,9.97203424779603e-06
14017,9.971086841309437e-06
14018,9.970138486359298e-06
14019,9.969187280800547e-06
14020,9.968240821667258e-06
14021,9.967292466828155e-06
14022,9.966346007694863e-06
14023,9.965394802025065e-06
14024,9.964450234933857e-06
14025,9.96350188009476e-06
14026,9.962543989328054e-06
14027,9.961588969376045e-06
14028,9.96064629033011e-06
14029,9.959692225391956e-06
14030,9.958739114468424e-06
14031,9.957781223701724e-06
14032,9.95682906590467e-06
14033,9.955877860345902e-06
14034,9.954929505506801e-06
14035,9.953982098909195e-06
14036,9.953037531817976e-06
14037,9.952092964726773e-06
14038,9.951145558129152e-06
14039,9.950194352570394e-06
14040,9.94924504837957e-06
14041,9.948291937456047e-06
14042,9.947342633376266e-06
14043,9.946400897020707e-06
14044,9.945451592940911e-06
14045,9.944504186343298e-06
14046,9.943556779856693e-06
14047,9.942614100921782e-06
14048,9.94166669443519e-06
14049,9.940718339596095e-06
14050,9.93976522867257e-06
14051,9.938818769539282e-06
14052,9.937874202448065e-06
14053,9.936926795961478e-06
14054,9.935973685037954e-06
14055,9.935029117946746e-06
14056,9.934084550744507e-06
14057,9.933139983653307e-06
14058,9.932195416451073e-06
14059,9.931248009964484e-06
14060,9.930299655125383e-06
14061,9.92935224863877e-06
14062,9.928401994208074e-06
14063,9.927455535074797e-06
14064,9.926507180235689e-06
14065,9.925559773749088e-06
14066,9.924614261080941e-06
14067,9.923664006650228e-06
14068,9.922713752219536e-06
14069,9.921760641296021e-06
14070,9.920805621344007e-06
14071,9.919850601392e-06
14072,9.918900346961298e-06
14073,9.917949141291514e-06
14074,9.916997935732752e-06
14075,9.916044824809227e-06
14076,9.915088848844183e-06
14077,9.914143336176025e-06
14078,9.913191178378971e-06
14079,9.912246611287761e-06
14080,9.911297307096936e-06
14081,9.910345149299901e-06
14082,9.909395845109078e-06
14083,9.908443687423054e-06
14084,9.907492481753275e-06
14085,9.906542227322564e-06
14086,9.905593872483466e-06
14087,9.90464646599686e-06
14088,9.903694308199824e-06
14089,9.90274024315064e-06
14090,9.901787132338134e-06
14091,9.900833067288945e-06
14092,9.899882812969274e-06
14093,9.898930655172224e-06
14094,9.897982300222088e-06
14095,9.89702536735581e-06
14096,9.896072256432298e-06
14097,9.895122952352515e-06
14098,9.894175545754887e-06
14099,9.893222434942398e-06
14100,9.892265501965093e-06
14101,9.891312391152594e-06
14102,9.890358326103403e-06
14103,9.88940426116525e-06
14104,9.888450196227087e-06
14105,9.887493263360798e-06
14106,9.886539198422648e-06
14107,9.885584178359608e-06
14108,9.884627245493332e-06
14109,9.883671269528278e-06
14110,9.882715293563212e-06
14111,9.881767887076617e-06
14112,9.880820480590026e-06
14113,9.879875913387789e-06
14114,9.878925659068123e-06
14115,9.877972548144596e-06
14116,9.877024193305491e-06
14117,9.876071082381983e-06
14118,9.87511797145845e-06
14119,9.87417811770808e-06
14120,9.873231658574797e-06
14121,9.87228519955253e-06
14122,9.871338740419238e-06
14123,9.870389436228428e-06
14124,9.869442029741831e-06
14125,9.868490824072044e-06
14126,9.867539618513268e-06
14127,9.866588412843491e-06
14128,9.865633392891484e-06
14129,9.864682187221703e-06
14130,9.863730981662936e-06
14131,9.862775961599908e-06
14132,9.86182475604113e-06
14133,9.86086973597811e-06
14134,9.859917578292082e-06
14135,9.858964467368557e-06
14136,9.858009447416553e-06
14137,9.85705633649303e-06
14138,9.856107032302218e-06
14139,9.855161519634063e-06
14140,9.854212215443251e-06
14141,9.85326291136346e-06
14142,9.852313607172655e-06
14143,9.85136240150286e-06
14144,9.850408336564691e-06
14145,9.84945903237388e-06
14146,9.848507826815123e-06
14147,9.847554715891596e-06
14148,9.846601604968091e-06
14149,9.845653250128976e-06
14150,9.844702995698285e-06
14151,9.843753691507478e-06
14152,9.842804387316662e-06
14153,9.841845537761351e-06
14154,9.840892426837824e-06
14155,9.839941221168054e-06
14156,9.838990015609285e-06
14157,9.838038809939494e-06
14158,9.837086652142441e-06
14159,9.83613639771174e-06
14160,9.835186143281044e-06
14161,9.834241576189836e-06
14162,9.833292271999026e-06
14163,9.832340114201968e-06
14164,9.831387956404924e-06
14165,9.830438652214106e-06
14166,9.829488397894439e-06
14167,9.828536240097392e-06
14168,9.827585985666687e-06
14169,9.826632874743177e-06
14170,9.82568071694612e-06
14171,9.82473331045952e-06
14172,9.823781152662468e-06
14173,9.822828994865416e-06
14174,9.821876837068368e-06
14175,9.820926582637673e-06
14176,9.819980123615398e-06
14177,9.819025103552377e-06
14178,9.818071038614208e-06
14179,9.817116018662201e-06
14180,9.816159085795919e-06
14181,9.815210730845793e-06
14182,9.814272755925835e-06
14183,9.81333665595052e-06
14184,9.812380679985468e-06
14185,9.811437057471997e-06
14186,9.81048680304131e-06
14187,9.809541290373144e-06
14188,9.80859293553405e-06
14189,9.807646476400757e-06
14190,9.8066943186037e-06
14191,9.80574120768018e-06
14192,9.804789049994161e-06
14193,9.803835939070632e-06
14194,9.802884733400857e-06
14195,9.801931622477325e-06
14196,9.800979464680277e-06
14197,9.800024444728267e-06
14198,9.799076089889166e-06
14199,9.798127735050075e-06
14200,9.797180328563474e-06
14201,9.796227217639959e-06
14202,9.795273152701785e-06
14203,9.794320041778276e-06
14204,9.793367883981212e-06
14205,9.792420477494623e-06
14206,9.791466412556463e-06
14207,9.790511392493422e-06
14208,9.789566825402212e-06
14209,9.788624146467301e-06
14210,9.787671988670255e-06
14211,9.786720783000469e-06
14212,9.785771478920683e-06
14213,9.78482122448998e-06
14214,9.783885124514669e-06
14215,9.782934870083979e-06
14216,9.781986515244872e-06
14217,9.78102862447817e-06
14218,9.780071691500854e-06
14219,9.77911571553581e-06
14220,9.7781578247691e-06
14221,9.777202804817085e-06
14222,9.776247784865072e-06
14223,9.775290851887768e-06
14224,9.774350057445426e-06
14225,9.773404544777264e-06
14226,9.772460922152778e-06
14227,9.771518243217863e-06
14228,9.770576506973322e-06
14229,9.769624349176279e-06
14230,9.768673143617512e-06
14231,9.76772193794773e-06
14232,9.766774531461136e-06
14233,9.765818555496079e-06
14234,9.76487209636279e-06
14235,9.763927529271575e-06
14236,9.76298107013829e-06
14237,9.762036503047086e-06
14238,9.761090043913794e-06
14239,9.76014547682257e-06
14240,9.759199017689286e-06
14241,9.758254450598074e-06
14242,9.757307991464799e-06
14243,9.756359636625687e-06
14244,9.755414123957524e-06
14245,9.754461013034015e-06
14246,9.753507902110495e-06
14247,9.752554791298001e-06
14248,9.751605487107181e-06
14249,9.750656182916364e-06
14250,9.749705928485678e-06
14251,9.748752817562155e-06
14252,9.74780351348236e-06
14253,9.746847537517303e-06
14254,9.745899182567179e-06
14255,9.744952723544918e-06
14256,9.744006264411628e-06
14257,9.743052199473466e-06
14258,9.742099088549948e-06
14259,9.741146930752896e-06
14260,9.740201418084742e-06
14261,9.739246398132737e-06
14262,9.738294240335682e-06
14263,9.737348727667515e-06
14264,9.73639752210875e-06
14265,9.735446316438964e-06
14266,9.734492251500795e-06
14267,9.733538186562635e-06
14268,9.732584121513456e-06
14269,9.731630056575283e-06
14270,9.73067885101653e-06
14271,9.729725740093018e-06
14272,9.728780227424856e-06
14273,9.727836604911395e-06
14274,9.726889198313762e-06
14275,9.725943685756633e-06
14276,9.724995330806506e-06
14277,9.72404887178425e-06
14278,9.723104304582009e-06
14279,9.722162568337474e-06
14280,9.721211362778697e-06
14281,9.720259204981653e-06
14282,9.719308950550952e-06
14283,9.718353930487929e-06
14284,9.717404626408124e-06
14285,9.716460059205899e-06
14286,9.715510755126113e-06
14287,9.714559549456317e-06
14288,9.713608343786533e-06
14289,9.712657138227783e-06
14290,9.711705932557983e-06
14291,9.710756628367182e-06
14292,9.709806373936485e-06
14293,9.708853263123991e-06
14294,9.707899198074802e-06
14295,9.706946087262297e-06
14296,9.705992022213117e-06
14297,9.705041767782413e-06
14298,9.704088656969914e-06
14299,9.703132681004872e-06
14300,9.702174790238157e-06
14301,9.701220725188982e-06
14302,9.700267614376486e-06
14303,9.69931545657942e-06
14304,9.698362345655909e-06
14305,9.697421551102536e-06
14306,9.696481697352153e-06
14307,9.695538074838691e-06
14308,9.694587820407993e-06
14309,9.693639465568895e-06
14310,9.692693952900736e-06
14311,9.691737020034445e-06
14312,9.690790560901155e-06
14313,9.689838403104107e-06
14314,9.688883383152103e-06
14315,9.687929318213932e-06
14316,9.686981911616313e-06
14317,9.686029753930292e-06
14318,9.685080449739479e-06
14319,9.684126384801312e-06
14320,9.68317040883626e-06
14321,9.682221104645457e-06
14322,9.681269898975669e-06
14323,9.680337537787409e-06
14324,9.679383472849249e-06
14325,9.678441736604697e-06
14326,9.677499057669785e-06
14327,9.676559203919404e-06
14328,9.675614636828209e-06
14329,9.67467101420372e-06
14330,9.673731160564355e-06
14331,9.672790366010981e-06
14332,9.671843906877706e-06
14333,9.67090405312732e-06
14334,9.669963258573947e-06
14335,9.6690215223294e-06
14336,9.668086358494145e-06
14337,9.66714556394078e-06
14338,9.6662066501052e-06
14339,9.665275221282235e-06
14340,9.664335367531866e-06
14341,9.663402073090138e-06
14342,9.662461278536769e-06
14343,9.661521424897403e-06
14344,9.660581571147015e-06
14345,9.659641717396634e-06
14346,9.658701863646254e-06
14347,9.657749705849207e-06
14348,9.6567946858972e-06
14349,9.65583775303091e-06
14350,9.654880820164642e-06
14351,9.653940966414249e-06
14352,9.653006737719851e-06
14353,9.652054579922797e-06
14354,9.651118479947486e-06
14355,9.650174857434024e-06
14356,9.649233121078467e-06
14357,9.648290442143546e-06
14358,9.647345875052346e-06
14359,9.646401307961123e-06
14360,9.645457685336638e-06
14361,9.64451122631437e-06
14362,9.643565713646218e-06
14363,9.642619254512938e-06
14364,9.641671848026329e-06
14365,9.640724441539734e-06
14366,9.639777982406458e-06
14367,9.638831523273158e-06
14368,9.63788411678656e-06
14369,9.636931005863056e-06
14370,9.635977894939531e-06
14371,9.635024784127037e-06
14372,9.634071673203523e-06
14373,9.633118562279991e-06
14374,9.632165451356481e-06
14375,9.631217096517373e-06
14376,9.630267792326572e-06
14377,9.629316586767797e-06
14378,9.628363475844275e-06
14379,9.627413221413588e-06
14380,9.6264667622803e-06
14381,9.625525967837945e-06
14382,9.624569991872885e-06
14383,9.623630138122504e-06
14384,9.622682731635915e-06
14385,9.621734376685787e-06
14386,9.620782218999755e-06
14387,9.619832914808939e-06
14388,9.618881709139165e-06
14389,9.61792859821565e-06
14390,9.616971665349357e-06
14391,9.616015689384307e-06
14392,9.615078652380758e-06
14393,9.614139738545186e-06
14394,9.613184718593178e-06
14395,9.612234464162478e-06
14396,9.611288005029195e-06
14397,9.610340598542593e-06
14398,9.609392243703496e-06
14399,9.60844862107902e-06
14400,9.6074993168882e-06
14401,9.606553804331057e-06
14402,9.605601646534005e-06
14403,9.604650440864226e-06
14404,9.603703981730938e-06
14405,9.602757522708673e-06
14406,9.601811063575376e-06
14407,9.600862708736286e-06
14408,9.599919086111788e-06
14409,9.598966928314738e-06
14410,9.598015722755981e-06
14411,9.597064517086194e-06
14412,9.596123722532818e-06
14413,9.595181043597911e-06
14414,9.594240249044537e-06
14415,9.593292842557943e-06
14416,9.592345436071356e-06
14417,9.59139041611934e-06
14418,9.59043921044955e-06
14419,9.589486099526036e-06
14420,9.588532034587864e-06
14421,9.587577014635853e-06
14422,9.586621994683853e-06
14423,9.585667929634658e-06
14424,9.584718625554871e-06
14425,9.583769321364071e-06
14426,9.582817163567011e-06
14427,9.58187070443372e-06
14428,9.580916639495562e-06
14429,9.579964481698514e-06
14430,9.579012323901466e-06
14431,9.57806775681024e-06
14432,9.577114645886736e-06
14433,9.576164391456037e-06
14434,9.575214137025337e-06
14435,9.574260072087174e-06
14436,9.573311717248074e-06
14437,9.572361462817366e-06
14438,9.571406442865362e-06
14439,9.570450466900304e-06
14440,9.569494490935242e-06
14441,9.568538514970191e-06
14442,9.56758540404668e-06
14443,9.566630384094662e-06
14444,9.5656895895413e-06
14445,9.564738383871512e-06
14446,9.56378145100523e-06
14447,9.562826431053216e-06
14448,9.56188563649985e-06
14449,9.560943900255312e-06
14450,9.560003105701934e-06
14451,9.559062311148552e-06
14452,9.558122457509201e-06
14453,9.557179778574292e-06
14454,9.55623142362417e-06
14455,9.555280218065395e-06
14456,9.554326153127228e-06
14457,9.553372088078046e-06
14458,9.552431293635706e-06
14459,9.551489557280137e-06
14460,9.550534537328119e-06
14461,9.54959091481466e-06
14462,9.548651061064282e-06
14463,9.547706493973077e-06
14464,9.546766640222701e-06
14465,9.545826786472313e-06
14466,9.544885050227774e-06
14467,9.54393859109448e-06
14468,9.542989286903674e-06
14469,9.542039982712851e-06
14470,9.541090678633062e-06
14471,9.540144219499773e-06
14472,9.539198706831616e-06
14473,9.538243686879605e-06
14474,9.537290575956099e-06
14475,9.53634600886489e-06
14476,9.5354023862404e-06
14477,9.534447366288395e-06
14478,9.533501853620237e-06
14479,9.53255634095207e-06
14480,9.531608934465476e-06
14481,9.530661527978882e-06
14482,9.529712223788064e-06
14483,9.52875720383606e-06
14484,9.527805046039003e-06
14485,9.52685858690572e-06
14486,9.525909282825922e-06
14487,9.52496187622831e-06
14488,9.52401352138921e-06
14489,9.523061363592162e-06
14490,9.522111109161456e-06
14491,9.521154176295173e-06
14492,9.520201065371665e-06
14493,9.519248907574614e-06
14494,9.518296749777555e-06
14495,9.517344592091529e-06
14496,9.516390527042337e-06
14497,9.51543836924529e-06
14498,9.514486211559259e-06
14499,9.513533100635732e-06
14500,9.51258379644493e-06
14501,9.511632590775136e-06
14502,9.51067374121983e-06
14503,9.509716808242528e-06
14504,9.508771295685397e-06
14505,9.507822940735265e-06
14506,9.506874585896168e-06
14507,9.50592147508366e-06
14508,9.50496931728661e-06
14509,9.504013341321565e-06
14510,9.503058321258535e-06
14511,9.502109017178734e-06
14512,9.50115304121368e-06
14513,9.500213187463307e-06
14514,9.499265780976702e-06
14515,9.498310760913668e-06
14516,9.497356695975512e-06
14517,9.49640549041674e-06
14518,9.495453332619705e-06
14519,9.49451535758872e-06
14520,9.493572678653802e-06
14521,9.492635641650262e-06
14522,9.491686337570469e-06
14523,9.490749300566929e-06
14524,9.489816939378663e-06
14525,9.488863828455152e-06
14526,9.487916421968555e-06
14527,9.48696140201654e-06
14528,9.486005426051493e-06
14529,9.485047535284783e-06
14530,9.484099180334656e-06
14531,9.48314416038265e-06
14532,9.482189140430636e-06
14533,9.481248345877262e-06
14534,9.48030283320911e-06
14535,9.479362038766762e-06
14536,9.478416526098594e-06
14537,9.47747384716368e-06
14538,9.476523592732983e-06
14539,9.47558279817962e-06
14540,9.474636339046332e-06
14541,9.473686084615636e-06
14542,9.472737729776524e-06
14543,9.471796935223159e-06
14544,9.470848580384044e-06
14545,9.469899276193234e-06
14546,9.46894616538075e-06
14547,9.46799591095005e-06
14548,9.467043753152998e-06
14549,9.466094448962178e-06
14550,9.465139429010167e-06
14551,9.464185363960988e-06
14552,9.463243627716451e-06
14553,9.462294323636654e-06
14554,9.461345019445844e-06
14555,9.460397612959253e-06
14556,9.459452100291085e-06
14557,9.458505641157796e-06
14558,9.457554435488017e-06
14559,9.456603229929243e-06
14560,9.455654875090142e-06
14561,9.454701764166634e-06
14562,9.453751509735924e-06
14563,9.452804103249343e-06
14564,9.451850992325818e-06
14565,9.4508978814023e-06
14566,9.449945723605241e-06
14567,9.448992612681721e-06
14568,9.448043308601932e-06
14569,9.447090197678426e-06
14570,9.446135177726411e-06
14571,9.445188718593123e-06
14572,9.444237512923328e-06
14573,9.443278663368025e-06
14574,9.44231981370169e-06
14575,9.44136765590465e-06
14576,9.440420249418048e-06
14577,9.43947473674988e-06
14578,9.438527330263298e-06
14579,9.437578026072474e-06
14580,9.436630619585876e-06
14581,9.435678461788836e-06
14582,9.434734839275367e-06
14583,9.433789326607205e-06
14584,9.432842867473923e-06
14585,9.431892613043221e-06
14586,9.430945206556634e-06
14587,9.429998747423332e-06
14588,9.429049443232527e-06
14589,9.428098237673757e-06
14590,9.427146079876709e-06
14591,9.426198673390122e-06
14592,9.4252493691993e-06
14593,9.424298163529521e-06
14594,9.423348859338708e-06
14595,9.422396701652687e-06
14596,9.421443590729167e-06
14597,9.420494286538347e-06
14598,9.419546880051748e-06
14599,9.418596625621056e-06
14600,9.41764541995127e-06
14601,9.416696115760464e-06
14602,9.415746811680665e-06
14603,9.414794653883623e-06
14604,9.413840588945456e-06
14605,9.41288843114841e-06
14606,9.411935320224891e-06
14607,9.410984114555107e-06
14608,9.410032908996328e-06
14609,9.409080751199278e-06
14610,9.408132396249151e-06
14611,9.407184041410053e-06
14612,9.406235686570959e-06
14613,9.405287331731849e-06
14614,9.404337077301149e-06
14615,9.403388722462047e-06
14616,9.402438468031354e-06
14617,9.401481535165068e-06
14618,9.400527470115883e-06
14619,9.399575312318826e-06
14620,9.398628853296573e-06
14621,9.397679549105755e-06
14622,9.396733089972463e-06
14623,9.395788522881256e-06
14624,9.394842063747957e-06
14625,9.393893708908856e-06
14626,9.392945354069761e-06
14627,9.392001731445271e-06
14628,9.391055272311988e-06
14629,9.390109759754852e-06
14630,9.38915186898815e-06
14631,9.38819397811041e-06
14632,9.387247519088145e-06
14633,9.386298214897336e-06
14634,9.38534986005823e-06
14635,9.384401505108107e-06
14636,9.383447440169949e-06
14637,9.382501927501787e-06
14638,9.381560191257247e-06
14639,9.380618455012698e-06
14640,9.379670100173593e-06
14641,9.378725533082383e-06
14642,9.377776228891575e-06
14643,9.37683166168934e-06
14644,9.375882357609548e-06
14645,9.374934002659428e-06
14646,9.373985647820323e-06
14647,9.37303634362951e-06
14648,9.372087039549733e-06
14649,9.3711424723475e-06
14650,9.370191266788737e-06
14651,9.369245754120568e-06
14652,9.368298347633983e-06
14653,9.36734045675625e-06
14654,9.366393997733974e-06
14655,9.36544753860069e-06
14656,9.364497284169992e-06
14657,9.363540351303715e-06
14658,9.362583418437433e-06
14659,9.361633164006736e-06
14660,9.360686704873436e-06
14661,9.359730728908384e-06
14662,9.358782374069279e-06
14663,9.357831168399505e-06
14664,9.35688281356039e-06
14665,9.355934458721292e-06
14666,9.354985154530487e-06
14667,9.354034900099778e-06
14668,9.353088440966488e-06
14669,9.352139136886702e-06
14670,9.351186979089659e-06
14671,9.350236724658947e-06
14672,9.349284566861904e-06
14673,9.348336212022806e-06
14674,9.34738785707267e-06
14675,9.346435699275629e-06
14676,9.3454835415896e-06
14677,9.344531383792541e-06
14678,9.343582079601724e-06
14679,9.342628968678213e-06
14680,9.341683456010053e-06
14681,9.340735101170944e-06
14682,9.339784846740258e-06
14683,9.338835542549441e-06
14684,9.337889083527182e-06
14685,9.33693692573013e-06
14686,9.335989519243526e-06
14687,9.33503640832001e-06
14688,9.334083297396488e-06
14689,9.333131139599443e-06
14690,9.332179933929645e-06
14691,9.331231579090545e-06
14692,9.330280373531783e-06
14693,9.329326308482598e-06
14694,9.328372243544443e-06
14695,9.327415310678164e-06
14696,9.326461245739994e-06
14697,9.325513839253402e-06
14698,9.324560728329871e-06
14699,9.3236095226601e-06
14700,9.32265831710132e-06
14701,9.321705206177805e-06
14702,9.320752095254292e-06
14703,9.319798984330775e-06
14704,9.31884396437877e-06
14705,9.317890853455241e-06
14706,9.316937742531735e-06
14707,9.315995063596812e-06
14708,9.315044809277145e-06
14709,9.31409455484644e-06
14710,9.313144300415743e-06
14711,9.312194045985038e-06
14712,9.311242840315264e-06
14713,9.310289729391744e-06
14714,9.309336618579252e-06
14715,9.30838350765572e-06
14716,9.307434203464915e-06
14717,9.30648584862581e-06
14718,9.3055374937867e-06
14719,9.304589138836578e-06
14720,9.303635073898421e-06
14721,9.302683868339665e-06
14722,9.301725977461926e-06
14723,9.300770001496865e-06
14724,9.29982543440566e-06
14725,9.298879921737495e-06
14726,9.297931566898395e-06
14727,9.296983212059299e-06
14728,9.296031054262245e-06
14729,9.295084595128962e-06
14730,9.294138136106684e-06
14731,9.293186930436903e-06
14732,9.292238575597803e-06
14733,9.291290220647668e-06
14734,9.290338062961647e-06
14735,9.28938208699659e-06
14736,9.288426111031534e-06
14737,9.287470135066483e-06
14738,9.286519880635781e-06
14739,9.285569626205086e-06
14740,9.284611735438382e-06
14741,9.283666222770212e-06
14742,9.282716918579405e-06
14743,9.28177140591124e-06
14744,9.280821151480542e-06
14745,9.27987469245828e-06
14746,9.278926337619172e-06
14747,9.277977982669055e-06
14748,9.277030576182456e-06
14749,9.27608316969586e-06
14750,9.275135763209257e-06
14751,9.274188356722675e-06
14752,9.273238102291976e-06
14753,9.272287847861266e-06
14754,9.271337593430575e-06
14755,9.270385435633521e-06
14756,9.269435181202825e-06
14757,9.268484926772125e-06
14758,9.267534672341423e-06
14759,9.266582514544371e-06
14760,9.265632260113683e-06
14761,9.26468200568298e-06
14762,9.26372984788592e-06
14763,9.262779593455232e-06
14764,9.261829339135559e-06
14765,9.260879084704849e-06
14766,9.259928830274152e-06
14767,9.25897952608334e-06
14768,9.258030221892527e-06
14769,9.257080917701726e-06
14770,9.256131613510903e-06
14771,9.255174680644626e-06
14772,9.254228221622366e-06
14773,9.25327796719166e-06
14774,9.252322947128633e-06
14775,9.251376488106372e-06
14776,9.250425282436587e-06
14777,9.249474076766786e-06
14778,9.248531397831876e-06
14779,9.247588718896964e-06
14780,9.246638464466272e-06
14781,9.24569010962717e-06
14782,9.244737951830114e-06
14783,9.24378769739942e-06
14784,9.242836491840663e-06
14785,9.241885286170865e-06
14786,9.240934080501083e-06
14787,9.239982874942316e-06
14788,9.239029764018806e-06
14789,9.238081409179706e-06
14790,9.237133054340596e-06
14791,9.236184699390472e-06
14792,9.23523634455137e-06
14793,9.234287040360561e-06
14794,9.233342473269346e-06
14795,9.23239790617814e-06
14796,9.231452393509969e-06
14797,9.230504987023378e-06
14798,9.2295537813536e-06
14799,9.228605426514486e-06
14800,9.227654220844697e-06
14801,9.226703966414009e-06
14802,9.225750855490497e-06
14803,9.224797744677996e-06
14804,9.223843679628807e-06
14805,9.222892474070042e-06
14806,9.22194126840026e-06
14807,9.220994809377991e-06
14808,9.22004550518718e-06
14809,9.219096200996365e-06
14810,9.218150688328215e-06
14811,9.217206121236991e-06
14812,9.216258714750398e-06
14813,9.215308460319698e-06
14814,9.214362947651544e-06
14815,9.21341838056033e-06
14816,9.21246907636952e-06
14817,9.211518821938831e-06
14818,9.210570467099716e-06
14819,9.209623060502097e-06
14820,9.2086699496896e-06
14821,9.207720645498794e-06
14822,9.206769439829013e-06
14823,9.205818234270243e-06
14824,9.204874611645764e-06
14825,9.203927205159173e-06
14826,9.202979798672576e-06
14827,9.202029544241878e-06
14828,9.201082137755275e-06
14829,9.200129026831765e-06
14830,9.199185404207274e-06
14831,9.198236100127488e-06
14832,9.197290587459326e-06
14833,9.196334611494272e-06
14834,9.195386256655171e-06
14835,9.19443600222448e-06
14836,9.193491435022232e-06
14837,9.192547812508776e-06
14838,9.191596606838995e-06
14839,9.190647302648182e-06
14840,9.18969894780907e-06
14841,9.18875059296997e-06
14842,9.187801288779161e-06
14843,9.18684913098212e-06
14844,9.185900776143006e-06
14845,9.184957153629549e-06
14846,9.184007849438737e-06
14847,9.183060442952137e-06
14848,9.182109237282358e-06
14849,9.18115803161257e-06
14850,9.18020967677347e-06
14851,9.179252743907178e-06
14852,9.178299632983666e-06
14853,9.17735883843029e-06
14854,9.176412379408033e-06
14855,9.175461173738235e-06
14856,9.174511869547434e-06
14857,9.173566356990298e-06
14858,9.172619897857e-06
14859,9.171673438723717e-06
14860,9.17072318429301e-06
14861,9.169771978734255e-06
14862,9.168820773064475e-06
14863,9.167869567394689e-06
14864,9.16692121255558e-06
14865,9.165974753422282e-06
14866,9.165024498991595e-06
14867,9.164076144152495e-06
14868,9.163128737665886e-06
14869,9.162177531996102e-06
14870,9.161226326437337e-06
14871,9.160275120767562e-06
14872,9.159322962970501e-06
14873,9.15838028403559e-06
14874,9.157434771367429e-06
14875,9.156489258810291e-06
14876,9.155540903860162e-06
14877,9.154597281346709e-06
14878,9.153652714255499e-06
14879,9.152708147053268e-06
14880,9.151762634385103e-06
14881,9.150817121827967e-06
14882,9.14986876687784e-06
14883,9.148921360391256e-06
14884,9.14797395390466e-06
14885,9.147027494771365e-06
14886,9.146080088284766e-06
14887,9.145130784093951e-06
14888,9.144181480014172e-06
14889,9.143232175823364e-06
14890,9.142284769336756e-06
14891,9.141335465145947e-06
14892,9.140378532168647e-06
14893,9.139422556314619e-06
14894,9.138466580349551e-06
14895,9.137514422552503e-06
14896,9.136563216882729e-06
14897,9.135610105959195e-06
14898,9.134656995146704e-06
14899,9.133705789476919e-06
14900,9.132758382990331e-06
14901,9.131808128559626e-06
14902,9.13085501763611e-06
14903,9.129901906712593e-06
14904,9.12894879590009e-06
14905,9.127995684976574e-06
14906,9.127044479306786e-06
14907,9.126099912215583e-06
14908,9.12514870654579e-06
14909,9.124197500987034e-06
14910,9.123248196796214e-06
14911,9.12230079030962e-06
14912,9.121349584639832e-06
14913,9.120393608674787e-06
14914,9.119443354244078e-06
14915,9.118492148574303e-06
14916,9.117539037761808e-06
14917,9.116591631164187e-06
14918,9.115637566226017e-06
14919,9.11468350128785e-06
14920,9.113730390364344e-06
14921,9.112787711429433e-06
14922,9.111833646491268e-06
14923,9.110879581553103e-06
14924,9.109925516614933e-06
14925,9.108970496551908e-06
14926,9.1080154765999e-06
14927,9.107061411661737e-06
14928,9.106114952528443e-06
14929,9.105162794731399e-06
14930,9.104212540300687e-06
14931,9.103265133814093e-06
14932,9.102313928144319e-06
14933,9.101361770458288e-06
14934,9.100415311324994e-06
14935,9.099470744122758e-06
14936,9.09852238928366e-06
14937,9.097567369331656e-06
14938,9.09661901449255e-06
14939,9.095666856695488e-06
14940,9.09471755250469e-06
14941,9.093771093371396e-06
14942,9.092828414436487e-06
14943,9.09187911024567e-06
14944,9.090925999433178e-06
14945,9.089980486765011e-06
14946,9.089028328967965e-06
14947,9.088075218044451e-06
14948,9.087127811557849e-06
14949,9.086180405071257e-06
14950,9.08523205023215e-06
14951,9.084284643634528e-06
14952,9.083327710768255e-06
14953,9.082372690816241e-06
14954,9.08141767086423e-06
14955,9.08046741643353e-06
14956,9.079516210763756e-06
14957,9.078565005204981e-06
14958,9.077613799535204e-06
14959,9.07666544469609e-06
14960,9.075715190265392e-06
14961,9.074764935834699e-06
14962,9.073814681404007e-06
14963,9.072862523606952e-06
14964,9.071916064473653e-06
14965,9.070963906676608e-06
14966,9.07001460259682e-06
14967,9.0690671959992e-06
14968,9.068117891919409e-06
14969,9.067166686249628e-06
14970,9.066215480579849e-06
14971,9.065262369767346e-06
14972,9.064311164097567e-06
14973,9.063358053174042e-06
14974,9.062403988235879e-06
14975,9.061450877312364e-06
14976,9.060497766388844e-06
14977,9.05954465557635e-06
14978,9.058591544652833e-06
14979,9.05763747971466e-06
14980,9.056681503749615e-06
14981,9.05572743881144e-06
14982,9.054779083861325e-06
14983,9.053833571304178e-06
14984,9.052889948679694e-06
14985,9.051944436011532e-06
14986,9.051000813498075e-06
14987,9.050055300829926e-06
14988,9.049111678316457e-06
14989,9.048163323366327e-06
14990,9.047214019286542e-06
14991,9.046262813616757e-06
14992,9.045309702693235e-06
14993,9.044355637755072e-06
14994,9.0433987048888e-06
14995,9.042449400697988e-06
14996,9.041502941564694e-06
14997,9.040552687133998e-06
14998,9.03961000819909e-06
14999,9.038669213756734e-06
15000,9.037724646554495e-06
15001,9.036780079463296e-06
15002,9.035837400528384e-06
15003,9.034888096337566e-06
15004,9.03394636009302e-06
15005,9.03299420229598e-06
15006,9.032042996626183e-06
15007,9.031090838829142e-06
15008,9.030137728016639e-06
15009,9.029188423825832e-06
15010,9.028235312902318e-06
15011,9.027286008711494e-06
15012,9.026331943773334e-06
15013,9.025380738103548e-06
15014,9.024437115590096e-06
15015,9.023495379345554e-06
15016,9.02254607515473e-06
15017,9.021596770963923e-06
15018,9.020647466773113e-06
15019,9.019698162693317e-06
15020,9.01874409764414e-06
15021,9.017800475130672e-06
15022,9.01685022069997e-06
15023,9.01589615576182e-06
15024,9.01494969662852e-06
15025,9.013995631690365e-06
15026,9.01304347389331e-06
15027,9.01210456005775e-06
15028,9.011155255866932e-06
15029,9.010211633242452e-06
15030,9.009261378811754e-06
15031,9.008313972325158e-06
15032,9.00736940523395e-06
15033,9.006423892565791e-06
15034,9.005480270052319e-06
15035,9.004531915102202e-06
15036,9.003585456079939e-06
15037,9.00263520164923e-06
15038,9.00168494721854e-06
15039,9.000733741548746e-06
15040,8.999782535989986e-06
15041,8.998831330320207e-06
15042,8.997882026129389e-06
15043,8.996935566996092e-06
15044,8.995980547044093e-06
15045,8.995025527092075e-06
15046,8.994070507140075e-06
15047,8.99312120294927e-06
15048,8.992166182997254e-06
15049,8.991222560372767e-06
15050,8.990269449449249e-06
15051,8.989321094610148e-06
15052,8.988369889051391e-06
15053,8.987418683381605e-06
15054,8.986467477711813e-06
15055,8.985516272153042e-06
15056,8.98456029618799e-06
15057,8.983611941348885e-06
15058,8.982661686918197e-06
15059,8.981710481248406e-06
15060,8.980756416310243e-06
15061,8.97980616187955e-06
15062,8.978852096941383e-06
15063,8.97789516396408e-06
15064,8.97694775747749e-06
15065,8.976002244809317e-06
15066,8.975054838322725e-06
15067,8.974100773384558e-06
15068,8.973153366897975e-06
15069,8.972207854229815e-06
15070,8.971260447743214e-06
15071,8.970310193312514e-06
15072,8.9693608891217e-06
15073,8.968408731324654e-06
15074,8.967456573527602e-06
15075,8.966504415730554e-06
15076,8.965554161299846e-06
15077,8.96460580646074e-06
15078,8.963652695537236e-06
15079,8.962699584724738e-06
15080,8.961750280533928e-06
15081,8.960805713442707e-06
15082,8.959862090818227e-06
15083,8.958917523727022e-06
15084,8.957972956524781e-06
15085,8.957019845712288e-06
15086,8.956064825649259e-06
15087,8.955111714836763e-06
15088,8.954157649787579e-06
15089,8.95320834570779e-06
15090,8.952260939110165e-06
15091,8.951307828297669e-06
15092,8.950360421700056e-06
15093,8.94940921614129e-06
15094,8.948459911950484e-06
15095,8.947510607759666e-06
15096,8.946564148626384e-06
15097,8.945614844546585e-06
15098,8.944656953779882e-06
15099,8.94370764958907e-06
15100,8.942752629526042e-06
15101,8.941805223039443e-06
15102,8.940859710482307e-06
15103,8.939903734517252e-06
15104,8.938947758552187e-06
15105,8.937994647628681e-06
15106,8.937048188495394e-06
15107,8.93610645225085e-06
15108,8.935151432298835e-06
15109,8.93419449943255e-06
15110,8.933245195241746e-06
15111,8.932297788755149e-06
15112,8.931352276086987e-06
15113,8.930397256023959e-06
15114,8.929448901184857e-06
15115,8.928497695626099e-06
15116,8.927544584702567e-06
15117,8.926594330271869e-06
15118,8.925645975432779e-06
15119,8.924700462764607e-06
15120,8.92375210792551e-06
15121,8.92280375297539e-06
15122,8.92185539813628e-06
15123,8.92090704329717e-06
15124,8.91996153062902e-06
15125,8.91901032507025e-06
15126,8.918060070639564e-06
15127,8.917107912842502e-06
15128,8.916150979976223e-06
15129,8.915199774306444e-06
15130,8.91425141946734e-06
15131,8.913303064628224e-06
15132,8.91235090683117e-06
15133,8.911398749034122e-06
15134,8.910451342547525e-06
15135,8.909494409570234e-06
15136,8.908542251773179e-06
15137,8.907598629259722e-06
15138,8.906642653294664e-06
15139,8.905705616291112e-06
15140,8.904760103622948e-06
15141,8.903824003758666e-06
15142,8.902887903783354e-06
15143,8.901953675088945e-06
15144,8.90101288053558e-06
15145,8.900073966700008e-06
15146,8.899135991669025e-06
15147,8.898199891804743e-06
15148,8.89726097785814e-06
15149,8.896321124107758e-06
15150,8.895381270357381e-06
15151,8.894433863870783e-06
15152,8.893478843918773e-06
15153,8.89252286795373e-06
15154,8.891566891988662e-06
15155,8.890617587797849e-06
15156,8.8896824239626e-06
15157,8.888738801449143e-06
15158,8.88779988750254e-06
15159,8.886863787638248e-06
15160,8.885922051282694e-06
15161,8.884979372347782e-06
15162,8.884036693412872e-06
15163,8.883091180855722e-06
15164,8.882144721722439e-06
15165,8.881197315235845e-06
15166,8.880251802567681e-06
15167,8.879305343434396e-06
15168,8.878355089003705e-06
15169,8.877402931206641e-06
15170,8.876452676775953e-06
15171,8.875500518978893e-06
15172,8.874550264659215e-06
15173,8.873598106862167e-06
15174,8.872646901192377e-06
15175,8.871694743395329e-06
15176,8.870748284262037e-06
15177,8.869797078703277e-06
15178,8.868843013765115e-06
15179,8.867887993702084e-06
15180,8.866935835905025e-06
15181,8.865982725092543e-06
15182,8.865026749127479e-06
15183,8.8640726840783e-06
15184,8.863115751212009e-06
15185,8.862174014967469e-06
15186,8.861220904043955e-06
15187,8.860276336952744e-06
15188,8.859329877819462e-06
15189,8.858378672260692e-06
15190,8.857426514463647e-06
15191,8.856475308793858e-06
15192,8.855529796125697e-06
15193,8.854588059881152e-06
15194,8.853647265327775e-06
15195,8.852707411688422e-06
15196,8.851755253891364e-06
15197,8.850800233828334e-06
15198,8.849846168890174e-06
15199,8.848892103952012e-06
15200,8.847938039013849e-06
15201,8.846984928090334e-06
15202,8.846030863152172e-06
15203,8.845081558961349e-06
15204,8.844130353291567e-06
15205,8.84318294680497e-06
15206,8.842233642614161e-06
15207,8.841282437055393e-06
15208,8.840330279258344e-06
15209,8.83938002482765e-06
15210,8.838429770396955e-06
15211,8.837484257728791e-06
15212,8.83652828176374e-06
15213,8.835575170951238e-06
15214,8.83462301315418e-06
15215,8.833668948104993e-06
15216,8.83271297213995e-06
15217,8.83175795218794e-06
15218,8.830804841264415e-06
15219,8.829849821312408e-06
15220,8.828895756374251e-06
15221,8.827939780409187e-06
15222,8.826984760457186e-06
15223,8.826030695519016e-06
15224,8.825073762541706e-06
15225,8.824134848706151e-06
15226,8.82319499495577e-06
15227,8.822241884032248e-06
15228,8.821296371475105e-06
15229,8.820350858806948e-06
15230,8.819412883775963e-06
15231,8.818474908856013e-06
15232,8.817535055105633e-06
15233,8.816594260552257e-06
15234,8.815656285632302e-06
15235,8.814716431881916e-06
15236,8.813776578131543e-06
15237,8.812833899196631e-06
15238,8.811894045446251e-06
15239,8.810953251003896e-06
15240,8.81000204533411e-06
15241,8.809050839664316e-06
15242,8.808098681978297e-06
15243,8.807142706013236e-06
15244,8.806194351063109e-06
15245,8.805257314170594e-06
15246,8.804318400223991e-06
15247,8.80336719466524e-06
15248,8.802428280718639e-06
15249,8.801486544474097e-06
15250,8.80054292196064e-06
15251,8.799600242914702e-06
15252,8.798656620401251e-06
15253,8.797712997887779e-06
15254,8.796770318952867e-06
15255,8.795826696328392e-06
15256,8.794883073814935e-06
15257,8.793941337459369e-06
15258,8.792991083139693e-06
15259,8.792040828708996e-06
15260,8.79109152451818e-06
15261,8.790142220327365e-06
15262,8.78919196589667e-06
15263,8.788246453228505e-06
15264,8.787291433276497e-06
15265,8.786345920608347e-06
15266,8.78539851412175e-06
15267,8.78444349416974e-06
15268,8.783488474217733e-06
15269,8.78254390701549e-06
15270,8.781593652584791e-06
15271,8.780648139916641e-06
15272,8.77969693435787e-06
15273,8.778752367155643e-06
15274,8.777801161596875e-06
15275,8.77685564892871e-06
15276,8.775910136260553e-06
15277,8.774964623703413e-06
15278,8.774017217105794e-06
15279,8.773078303270232e-06
15280,8.772138449519856e-06
15281,8.771188195089152e-06
15282,8.770235084165627e-06
15283,8.76928672932653e-06
15284,8.768340270193239e-06
15285,8.767390015873566e-06
15286,8.766446393249083e-06
15287,8.765497089058279e-06
15288,8.764543978245776e-06
15289,8.763589913196592e-06
15290,8.762633937231531e-06
15291,8.761677961266475e-06
15292,8.76072675570772e-06
15293,8.759788780676734e-06
15294,8.758847986234391e-06
15295,8.757896780564602e-06
15296,8.75694557489481e-06
15297,8.755991509956653e-06
15298,8.755037445018494e-06
15299,8.754082425066477e-06
15300,8.75312740500345e-06
15301,8.7521856687589e-06
15302,8.75124204624545e-06
15303,8.750290840575662e-06
15304,8.749341536384847e-06
15305,8.748394129898257e-06
15306,8.747445775059142e-06
15307,8.746498368572553e-06
15308,8.745555689637637e-06
15309,8.74460828315105e-06
15310,8.743659928200927e-06
15311,8.742725699506522e-06
15312,8.741774493947746e-06
15313,8.740822336150698e-06
15314,8.739866360185637e-06
15315,8.738909427319357e-06
15316,8.737953451354311e-06
15317,8.736998431291278e-06
15318,8.736045320478779e-06
15319,8.735091255540622e-06
15320,8.734137190491438e-06
15321,8.733182170539415e-06
15322,8.732228105601257e-06
15323,8.731289191654668e-06
15324,8.730351216734707e-06
15325,8.729412302899146e-06
15326,8.728474327868167e-06
15327,8.727531648933256e-06
15328,8.726594611929704e-06
15329,8.725647205443118e-06
15330,8.724712976748707e-06
15331,8.723765570262105e-06
15332,8.722815315831413e-06
15333,8.721868856698128e-06
15334,8.720928062255773e-06
15335,8.719977807825076e-06
15336,8.719027553394383e-06
15337,8.718073488456211e-06
15338,8.717121330659156e-06
15339,8.716166310596135e-06
15340,8.715223631661212e-06
15341,8.714278119104081e-06
15342,8.713331659970793e-06
15343,8.712385200837508e-06
15344,8.711439688169349e-06
15345,8.710494175612211e-06
15346,8.709548662944044e-06
15347,8.708603150275883e-06
15348,8.707657637607722e-06
15349,8.706714015094269e-06
15350,8.70576376066357e-06
15351,8.70481730153028e-06
15352,8.703869895043681e-06
15353,8.702922488557089e-06
15354,8.701975081959471e-06
15355,8.701020062007455e-06
15356,8.700074549339302e-06
15357,8.699128090317032e-06
15358,8.69818163118375e-06
15359,8.69723706409253e-06
15360,8.696293441468052e-06
15361,8.695344137277244e-06
15362,8.694394833197445e-06
15363,8.6934426754004e-06
15364,8.692492420969696e-06
15365,8.691541215299914e-06
15366,8.69060042074654e-06
15367,8.689648262949495e-06
15368,8.688699908110383e-06
15369,8.68774488815837e-06
15370,8.686791777234862e-06
15371,8.685850982681492e-06
15372,8.684902627842385e-06
15373,8.683952373411689e-06
15374,8.683004966925088e-06
15375,8.682056612085983e-06
15376,8.681104454288942e-06
15377,8.680159887197723e-06
15378,8.67921342806444e-06
15379,8.678268860973224e-06
15380,8.677317655303444e-06
15381,8.676370248816847e-06
15382,8.675423789683558e-06
15383,8.674476383196962e-06
15384,8.673528976710362e-06
15385,8.672585354085887e-06
15386,8.67163509965519e-06
15387,8.670683894096425e-06
15388,8.669734589905607e-06
15389,8.668788130772327e-06
15390,8.667834065834162e-06
15391,8.666880954910633e-06
15392,8.66593354842404e-06
15393,8.664988035755885e-06
15394,8.66403968091678e-06
15395,8.663090376725972e-06
15396,8.662145809634756e-06
15397,8.661198403148168e-06
15398,8.66025099655055e-06
15399,8.659298838753491e-06
15400,8.65834858443382e-06
15401,8.657398330003122e-06
15402,8.656447124333326e-06
15403,8.65549401340982e-06
15404,8.654543758979118e-06
15405,8.653599191887911e-06
15406,8.65265083704881e-06
15407,8.651704377915511e-06
15408,8.650755073724705e-06
15409,8.649805769533885e-06
15410,8.648855515103188e-06
15411,8.647904309544421e-06
15412,8.646954055113736e-06
15413,8.646006648627132e-06
15414,8.64505449083009e-06
15415,8.644104236399388e-06
15416,8.643153981968686e-06
15417,8.642203727537986e-06
15418,8.641253473107296e-06
15419,8.640301315310234e-06
15420,8.639349157513184e-06
15421,8.638398903082496e-06
15422,8.637448648651786e-06
15423,8.636498394221096e-06
15424,8.635548139901422e-06
15425,8.634596934231638e-06
15426,8.633645728561838e-06
15427,8.632694523003087e-06
15428,8.631747116516493e-06
15429,8.630797812325671e-06
15430,8.629849457375552e-06
15431,8.628900153295765e-06
15432,8.627952746698139e-06
15433,8.627001541139375e-06
15434,8.626049383342322e-06
15435,8.625093407377276e-06
15436,8.624142201707487e-06
15437,8.623190996148722e-06
15438,8.622238838351672e-06
15439,8.621284773413512e-06
15440,8.620332615616448e-06
15441,8.61938331142564e-06
15442,8.61843590493905e-06
15443,8.617497929908064e-06
15444,8.616552417350931e-06
15445,8.615608794726443e-06
15446,8.61466043988735e-06
15447,8.613712085048238e-06
15448,8.612764678450617e-06
15449,8.611820111359409e-06
15450,8.610872704872818e-06
15451,8.609924350033714e-06
15452,8.6089769434361e-06
15453,8.608025737877336e-06
15454,8.607076433686516e-06
15455,8.606124275889477e-06
15456,8.605171164965956e-06
15457,8.60421900727993e-06
15458,8.603262074302618e-06
15459,8.602317507211403e-06
15460,8.601378593375836e-06
15461,8.600436857020272e-06
15462,8.599492289929074e-06
15463,8.598546777260904e-06
15464,8.597602210169704e-06
15465,8.596657643078492e-06
15466,8.595710236480869e-06
15467,8.594761881641759e-06
15468,8.5938182591283e-06
15469,8.592869904178176e-06
15470,8.591912971311904e-06
15471,8.590962716881197e-06
15472,8.590020037946292e-06
15473,8.58907452527813e-06
15474,8.58811759241185e-06
15475,8.58716923757275e-06
15476,8.586220882733642e-06
15477,8.585263949867363e-06
15478,8.58431559491723e-06
15479,8.58336629083744e-06
15480,8.58242266821296e-06
15481,8.58146955728945e-06
15482,8.580512624423161e-06
15483,8.579571829869794e-06
15484,8.578624423383195e-06
15485,8.577680800869732e-06
15486,8.576736233667507e-06
15487,8.575792611154038e-06
15488,8.574845204667447e-06
15489,8.573898745534159e-06
15490,8.572952286400868e-06
15491,8.572006773732717e-06
15492,8.571057469652924e-06
15493,8.570111010519629e-06
15494,8.569160756088929e-06
15495,8.568210501658232e-06
15496,8.567257390734722e-06
15497,8.566304279922221e-06
15498,8.56535116899871e-06
15499,8.564396149046699e-06
15500,8.563443038123174e-06
15501,8.562495631636576e-06
15502,8.561548225038967e-06
15503,8.560605546104046e-06
15504,8.559658139617454e-06
15505,8.558711680484164e-06
15506,8.5577652214619e-06
15507,8.55681876232861e-06
15508,8.555872303195317e-06
15509,8.55492584417306e-06
15510,8.55397938503976e-06
15511,8.553030080848962e-06
15512,8.552078875179163e-06
15513,8.55113241615691e-06
15514,8.550178351107716e-06
15515,8.54922333115571e-06
15516,8.548274026964892e-06
15517,8.547324722885111e-06
15518,8.546375418694303e-06
15519,8.545428959561013e-06
15520,8.54448344689285e-06
15521,8.543534142702031e-06
15522,8.542584838622242e-06
15523,8.541636483672115e-06
15524,8.540688128833015e-06
15525,8.539739773993913e-06
15526,8.538791419154807e-06
15527,8.537839261357762e-06
15528,8.536889006927067e-06
15529,8.53593875249636e-06
15530,8.53499229336308e-06
15531,8.534042038932377e-06
15532,8.533091784501672e-06
15533,8.53214248042189e-06
15534,8.531190322624841e-06
15535,8.530235302561808e-06
15536,8.529280282609793e-06
15537,8.528328124812738e-06
15538,8.527378820732963e-06
15539,8.526428566302253e-06
15540,8.525476408505204e-06
15541,8.524534672260667e-06
15542,8.523581561337149e-06
15543,8.522629403540092e-06
15544,8.521677245743044e-06
15545,8.520731733074884e-06
15546,8.51978242888407e-06
15547,8.518835022397475e-06
15548,8.517887615910873e-06
15549,8.516940209424277e-06
15550,8.51598995499359e-06
15551,8.515039700562891e-06
15552,8.514090396372083e-06
15553,8.51314109218127e-06
15554,8.512191788101479e-06
15555,8.511241533670784e-06
15556,8.510287468621591e-06
15557,8.509337214190888e-06
15558,8.508385056504867e-06
15559,8.507432898707808e-06
15560,8.506480740910753e-06
15561,8.505533334424163e-06
15562,8.50458307999347e-06
15563,8.503631874323674e-06
15564,8.502680668653898e-06
15565,8.50172946309513e-06
15566,8.500783003961841e-06
15567,8.49983654482855e-06
15568,8.498880568863493e-06
15569,8.497927458051009e-06
15570,8.496983835426523e-06
15571,8.496039268335302e-06
15572,8.495089013904604e-06
15573,8.494139709713798e-06
15574,8.493189455283094e-06
15575,8.492239200852406e-06
15576,8.491287995293634e-06
15577,8.490336789623847e-06
15578,8.489385583954066e-06
15579,8.488434378395311e-06
15580,8.487486971908712e-06
15581,8.486539565311094e-06
15582,8.485590261231307e-06
15583,8.484641906281176e-06
15584,8.483691651850473e-06
15585,8.482740446291711e-06
15586,8.481793039805119e-06
15587,8.480840882008074e-06
15588,8.479891577817249e-06
15589,8.478939420020207e-06
15590,8.47798726222315e-06
15591,8.477036056553372e-06
15592,8.476087701714267e-06
15593,8.475143134623048e-06
15594,8.474198567531836e-06
15595,8.473247361862057e-06
15596,8.472297107431352e-06
15597,8.47135254034015e-06
15598,8.470407973137918e-06
15599,8.469454862214397e-06
15600,8.468498886360372e-06
15601,8.467549582169553e-06
15602,8.466601227330455e-06
15603,8.465649069533399e-06
15604,8.46469786386362e-06
15605,8.46374570606656e-06
15606,8.462788773200279e-06
15607,8.461840418361182e-06
15608,8.460891114170364e-06
15609,8.459940859739673e-06
15610,8.458991555548853e-06
15611,8.458041301118163e-06
15612,8.457091996927348e-06
15613,8.456142692847557e-06
15614,8.455185759870249e-06
15615,8.454234554311484e-06
15616,8.453288095178205e-06
15617,8.45234163604492e-06
15618,8.451385660079861e-06
15619,8.450439201057596e-06
15620,8.44948799538781e-06
15621,8.448535837590755e-06
15622,8.447588431104153e-06
15623,8.446645752169246e-06
15624,8.445698345682649e-06
15625,8.444747140012858e-06
15626,8.443799733526271e-06
15627,8.442851378687161e-06
15628,8.441907756062688e-06
15629,8.4409508231964e-06
15630,8.440001519005596e-06
15631,8.439052214814785e-06
15632,8.43810196038408e-06
15633,8.437156447826942e-06
15634,8.436206193396245e-06
15635,8.435258786909648e-06
15636,8.434311380312028e-06
15637,8.433368701377125e-06
15638,8.432416543580073e-06
15639,8.431472921066607e-06
15640,8.430528353975399e-06
15641,8.429583786773162e-06
15642,8.428639219681953e-06
15643,8.427688014012166e-06
15644,8.4267368084534e-06
15645,8.425789401855783e-06
15646,8.424841047016686e-06
15647,8.423894587883401e-06
15648,8.422943382324627e-06
15649,8.421986449458347e-06
15650,8.421039042860734e-06
15651,8.420098248418389e-06
15652,8.419154625793906e-06
15653,8.418211946858984e-06
15654,8.417255970893938e-06
15655,8.416312348380474e-06
15656,8.415367781178233e-06
15657,8.414419426339142e-06
15658,8.413472019852538e-06
15659,8.412524613365946e-06
15660,8.411577206879349e-06
15661,8.410627902688539e-06
15662,8.409677648257846e-06
15663,8.408728344067026e-06
15664,8.40777713839725e-06
15665,8.40682020553097e-06
15666,8.405873746397667e-06
15667,8.404923492077991e-06
15668,8.403973237647303e-06
15669,8.403027724979146e-06
15670,8.402080318492551e-06
15671,8.401132911894931e-06
15672,8.400177891942915e-06
15673,8.39923426942946e-06
15674,8.398288756761303e-06
15675,8.397345134136818e-06
15676,8.396400567045598e-06
15677,8.395454107912316e-06
15678,8.394507648890043e-06
15679,8.393556443220259e-06
15680,8.392611876129046e-06
15681,8.391667308926825e-06
15682,8.390715151129762e-06
15683,8.389767744643173e-06
15684,8.38882317755197e-06
15685,8.387879554927475e-06
15686,8.386931200088373e-06
15687,8.385981895897572e-06
15688,8.385032591817776e-06
15689,8.384080434020726e-06
15690,8.383129228350945e-06
15691,8.382179924160125e-06
15692,8.381228718601363e-06
15693,8.380275607677842e-06
15694,8.37932914854456e-06
15695,8.378374128592544e-06
15696,8.377419108640536e-06
15697,8.376463132675486e-06
15698,8.375512878244779e-06
15699,8.374562623814082e-06
15700,8.37361236938339e-06
15701,8.372663065192574e-06
15702,8.37171376100176e-06
15703,8.370770138488305e-06
15704,8.369825571397099e-06
15705,8.368879112263812e-06
15706,8.36793831771043e-06
15707,8.36699752315706e-06
15708,8.366052010599923e-06
15709,8.365103655649792e-06
15710,8.364151497852739e-06
15711,8.363210703410399e-06
15712,8.362271789463804e-06
15713,8.361323434624696e-06
15714,8.36037032370118e-06
15715,8.35941721288868e-06
15716,8.358464101965168e-06
15717,8.357517642831885e-06
15718,8.356571183698588e-06
15719,8.355618072886099e-06
15720,8.354664961962578e-06
15721,8.353711851039052e-06
15722,8.352758740115535e-06
15723,8.35180467517738e-06
15724,8.350850610239213e-06
15725,8.349897499315697e-06
15726,8.34894438839217e-06
15727,8.348002652147635e-06
15728,8.34705902963418e-06
15729,8.346120115687578e-06
15730,8.345169861256878e-06
15731,8.344219606826188e-06
15732,8.343271251987087e-06
15733,8.342320997556383e-06
15734,8.341373591069783e-06
15735,8.340426184583194e-06
15736,8.339476880392377e-06
15737,8.338528525553286e-06
15738,8.337581119066689e-06
15739,8.336629913396895e-06
15740,8.335678707727114e-06
15741,8.334727502168355e-06
15742,8.333773437230184e-06
15743,8.332823182799485e-06
15744,8.331881446554945e-06
15745,8.330929288757897e-06
15746,8.329977130960842e-06
15747,8.329024973163785e-06
15748,8.328072815366738e-06
15749,8.327129192742255e-06
15750,8.326177035056226e-06
15751,8.325229628458611e-06
15752,8.324279374027917e-06
15753,8.32332626321541e-06
15754,8.3223788566178e-06
15755,8.321427651059039e-06
15756,8.320479296219924e-06
15757,8.319529992029116e-06
15758,8.318579737598426e-06
15759,8.317629483167724e-06
15760,8.316682076681122e-06
15761,8.315741282127752e-06
15762,8.314791027697048e-06
15763,8.313850233143681e-06
15764,8.312902826657084e-06
15765,8.311952572226387e-06
15766,8.311001366667627e-06
15767,8.310052062476807e-06
15768,8.309103707637707e-06
15769,8.30815819496955e-06
15770,8.307208890778742e-06
15771,8.306259586587929e-06
15772,8.305307428790879e-06
15773,8.30435717436017e-06
15774,8.303406919929477e-06
15775,8.302456665609801e-06
15776,8.301506411179105e-06
15777,8.300556156748403e-06
15778,8.299607801798283e-06
15779,8.298659446959175e-06
15780,8.297708241400411e-06
15781,8.296762728732258e-06
15782,8.295813424541448e-06
15783,8.294863170110751e-06
15784,8.293911964440962e-06
15785,8.292955988586927e-06
15786,8.292000012621875e-06
15787,8.291052606024245e-06
15788,8.290100448227202e-06
15789,8.28914829054117e-06
15790,8.28819422549198e-06
15791,8.287242067694935e-06
15792,8.286289910008904e-06
15793,8.285337752211845e-06
15794,8.28438464128834e-06
15795,8.283434386857639e-06
15796,8.282488874189479e-06
15797,8.281540519350365e-06
15798,8.280594060217085e-06
15799,8.279642854658317e-06
15800,8.278689743734805e-06
15801,8.277737585937752e-06
15802,8.2767854281407e-06
15803,8.275833270343648e-06
15804,8.274887757675493e-06
15805,8.2739384535957e-06
15806,8.272989149404886e-06
15807,8.272036991607836e-06
15808,8.271087687417028e-06
15809,8.270144064903562e-06
15810,8.26920232865902e-06
15811,8.268248263609829e-06
15812,8.267298009179143e-06
15813,8.266345851382084e-06
15814,8.265396547302297e-06
15815,8.26444819235217e-06
15816,8.263498888272379e-06
15817,8.262549584081574e-06
15818,8.261596473158049e-06
15819,8.260650014024758e-06
15820,8.259697856227717e-06
15821,8.258748552147923e-06
15822,8.257796394350862e-06
15823,8.256844236553814e-06
15824,8.255894932363001e-06
15825,8.254943726693217e-06
15826,8.253993472373544e-06
15827,8.253044168182736e-06
15828,8.252094863991923e-06
15829,8.251145559801105e-06
15830,8.250196255610296e-06
15831,8.249242190672141e-06
15832,8.248293835833026e-06
15833,8.247345480993932e-06
15834,8.246389505028874e-06
15835,8.245438299359084e-06
15836,8.244485188435574e-06
15837,8.243536833596467e-06
15838,8.24258372267295e-06
15839,8.241627746707893e-06
15840,8.240674635895392e-06
15841,8.23972628094527e-06
15842,8.238773170132779e-06
15843,8.237824815182655e-06
15844,8.23687835616038e-06
15845,8.235926198363327e-06
15846,8.234974040566272e-06
15847,8.234021882769234e-06
15848,8.233074476282633e-06
15849,8.232126121443535e-06
15850,8.231173963646478e-06
15851,8.230221805849432e-06
15852,8.229269648052366e-06
15853,8.228317490255323e-06
15854,8.227361514290266e-06
15855,8.226414107803672e-06
15856,8.225466701317076e-06
15857,8.22451929471946e-06
15858,8.223573782162316e-06
15859,8.222626375564698e-06
15860,8.221678969078106e-06
15861,8.220731562591512e-06
15862,8.219784156104915e-06
15863,8.218836749618324e-06
15864,8.2178893430207e-06
15865,8.2169419365341e-06
15866,8.215993581694997e-06
15867,8.215045226855901e-06
15868,8.214097820369304e-06
15869,8.213152307701147e-06
15870,8.212202053270442e-06
15871,8.21124989547339e-06
15872,8.210297737676344e-06
15873,8.209344626752817e-06
15874,8.208391515940331e-06
15875,8.207438405016808e-06
15876,8.206486247219763e-06
15877,8.205543568284842e-06
15878,8.20459426409404e-06
15879,8.203647804960742e-06
15880,8.202703237869528e-06
15881,8.201752983438835e-06
15882,8.200804628599727e-06
15883,8.199854374169042e-06
15884,8.19890411973833e-06
15885,8.197953865307646e-06
15886,8.197003610876946e-06
15887,8.196052405318184e-06
15888,8.195103101127364e-06
15889,8.194155694640772e-06
15890,8.193205440210077e-06
15891,8.19225803361246e-06
15892,8.19131252105532e-06
15893,8.19036131538553e-06
15894,8.189412960546434e-06
15895,8.188466501413135e-06
15896,8.187514343616083e-06
15897,8.186563138057322e-06
15898,8.18561857085509e-06
15899,8.18467589192018e-06
15900,8.18372753708108e-06
15901,8.182777282650384e-06
15902,8.181831769982224e-06
15903,8.180888147468757e-06
15904,8.179942634800597e-06
15905,8.178995228314006e-06
15906,8.178043070516948e-06
15907,8.177091864847158e-06
15908,8.176137799909e-06
15909,8.175187545478304e-06
15910,8.174233480540132e-06
15911,8.173279415601972e-06
15912,8.172327257804927e-06
15913,8.171378902965827e-06
15914,8.170431496368202e-06
15915,8.169480290809435e-06
15916,8.168530986618627e-06
15917,8.16758073218793e-06
15918,8.166629526518147e-06
15919,8.165681171679033e-06
15920,8.164733765192446e-06
15921,8.163786358705847e-06
15922,8.162838952219255e-06
15923,8.161891545621642e-06
15924,8.160934612755357e-06
15925,8.159983407085573e-06
15926,8.159031249399543e-06
15927,8.158080994968836e-06
15928,8.157127884045328e-06
15929,8.156173819107156e-06
15930,8.155220708183641e-06
15931,8.154283671180101e-06
15932,8.15334287662673e-06
15933,8.152389765814222e-06
15934,8.151438560144442e-06
15935,8.150488305713742e-06
15936,8.149543738622528e-06
15937,8.148601059687626e-06
15938,8.147649854017832e-06
15939,8.146708117773295e-06
15940,8.14575881358248e-06
15941,8.144812354449193e-06
15942,8.143868731935736e-06
15943,8.142923219267566e-06
15944,8.141970108344051e-06
15945,8.141016043405894e-06
15946,8.140061023453885e-06
15947,8.13911076902318e-06
15948,8.138157658099665e-06
15949,8.137206452429884e-06
15950,8.136253341617385e-06
15951,8.135306882484096e-06
15952,8.134357578293286e-06
15953,8.133402558341267e-06
15954,8.132445625474992e-06
15955,8.131495371044298e-06
15956,8.13053843817801e-06
15957,8.129581505200705e-06
15958,8.128630299641946e-06
15959,8.127680045211246e-06
15960,8.126728839541462e-06
15961,8.125779535350646e-06
15962,8.124830231270861e-06
15963,8.123895067324576e-06
15964,8.12295990348932e-06
15965,8.122020049738936e-06
15966,8.121080196099587e-06
15967,8.120140342349199e-06
15968,8.119196719724721e-06
15969,8.118251207167587e-06
15970,8.117296187104543e-06
15971,8.116344981545792e-06
15972,8.115389005580724e-06
15973,8.114433985517694e-06
15974,8.113483731198023e-06
15975,8.112538218529857e-06
15976,8.11158510760634e-06
15977,8.110631042668188e-06
15978,8.109688363733268e-06
15979,8.108744741108788e-06
15980,8.107802062173868e-06
15981,8.106859383238966e-06
15982,8.105916704304052e-06
15983,8.104971191635887e-06
15984,8.10402473261362e-06
15985,8.103075428422807e-06
15986,8.102126124232004e-06
15987,8.101177769392904e-06
15988,8.100227514962193e-06
15989,8.09927821077139e-06
15990,8.098329855932291e-06
15991,8.097384343264126e-06
15992,8.096435988425027e-06
15993,8.095484782755234e-06
15994,8.094531671831716e-06
15995,8.093577606893547e-06
15996,8.092627352462859e-06
15997,8.091689377542902e-06
15998,8.090741022703792e-06
15999,8.089791718512977e-06
16000,8.088844312026382e-06
16001,8.0878902469772e-06
16002,8.086937136164709e-06
16003,8.085987831973899e-06
16004,8.085034721050382e-06
16005,8.084079701098375e-06
16006,8.083140787262792e-06
16007,8.082199992709432e-06
16008,8.08125637008494e-06
16009,8.080310857527808e-06
16010,8.079364398394524e-06
16011,8.078415094203704e-06
16012,8.077474299650328e-06
16013,8.076536324730378e-06
16014,8.075591757639163e-06
16015,8.07464340268904e-06
16016,8.07369504784994e-06
16017,8.072746693010842e-06
16018,8.071793582087315e-06
16019,8.070840471163803e-06
16020,8.069886406225635e-06
16021,8.068933295302111e-06
16022,8.067979230363958e-06
16023,8.067025165425791e-06
16024,8.066071100487626e-06
16025,8.06512084605693e-06
16026,8.064166781118766e-06
16027,8.063218426168646e-06
16028,8.062262450203585e-06
16029,8.06131409536448e-06
16030,8.060363840933785e-06
16031,8.059417381911512e-06
16032,8.05847092277823e-06
16033,8.057521618587414e-06
16034,8.056570412917625e-06
16035,8.055615392965624e-06
16036,8.054660373013618e-06
16037,8.053704397048552e-06
16038,8.05275319137877e-06
16039,8.0517991264406e-06
16040,8.0508441064886e-06
16041,8.049890995565082e-06
16042,8.048963286877429e-06
16043,8.048026249873884e-06
16044,8.047091086038632e-06
16045,8.046149349794085e-06
16046,8.045206670859171e-06
16047,8.04426021172589e-06
16048,8.043311856886788e-06
16049,8.042368234373326e-06
16050,8.04141893018251e-06
16051,8.040473417514342e-06
16052,8.039525062675244e-06
16053,8.038570997737082e-06
16054,8.037622642786962e-06
16055,8.036682789036577e-06
16056,8.035736330014313e-06
16057,8.034785124344522e-06
16058,8.03383201342101e-06
16059,8.032880807862238e-06
16060,8.031940954111862e-06
16061,8.030996387020652e-06
16062,8.030051819818423e-06
16063,8.029106307150261e-06
16064,8.02816362821535e-06
16065,8.027225653295382e-06
16066,8.02628673945982e-06
16067,8.025331719396782e-06
16068,8.024381464966089e-06
16069,8.0234283541536e-06
16070,8.022477148483804e-06
16071,8.0215325813926e-06
16072,8.020583277201787e-06
16073,8.019636818068493e-06
16074,8.018680842103438e-06
16075,8.017729636544676e-06
16076,8.016777478747623e-06
16077,8.015823413698435e-06
16078,8.014871256012406e-06
16079,8.01391719096322e-06
16080,8.012964080150729e-06
16081,8.012013825720036e-06
16082,8.011059760670843e-06
16083,8.010115193579643e-06
16084,8.009176279744073e-06
16085,8.008230767075906e-06
16086,8.007276702137741e-06
16087,8.006326447707046e-06
16088,8.00537142775503e-06
16089,8.00442117332434e-06
16090,8.003480378770971e-06
16091,8.00253107458016e-06
16092,8.001577963656635e-06
16093,8.00062675809788e-06
16094,7.999687844151279e-06
16095,7.99874043766469e-06
16096,7.997793031178093e-06
16097,7.996849408553605e-06
16098,7.995901053714505e-06
16099,7.9949583747796e-06
16100,7.994017580226217e-06
16101,7.993078666390645e-06
16102,7.992139752555081e-06
16103,7.991190448364266e-06
16104,7.990250594613889e-06
16105,7.989300340183185e-06
16106,7.988351985344084e-06
16107,7.987400779674298e-06
16108,7.986459985120929e-06
16109,7.985511630281833e-06
16110,7.98456042472306e-06
16111,7.983606359673873e-06
16112,7.982654201987847e-06
16113,7.981701091064336e-06
16114,7.980747980140814e-06
16115,7.979800573654211e-06
16116,7.978862598623234e-06
16117,7.977924623703276e-06
16118,7.976982887458744e-06
16119,7.976039264834253e-06
16120,7.975101289914304e-06
16121,7.974163314994344e-06
16122,7.973225339963358e-06
16123,7.97228736504341e-06
16124,7.971349390012423e-06
16125,7.970407653767888e-06
16126,7.969459298928788e-06
16127,7.96851283979549e-06
16128,7.96756258536479e-06
16129,7.966609474552293e-06
16130,7.96566679561739e-06
16131,7.964722228415155e-06
16132,7.963768163476985e-06
16133,7.962814098538825e-06
16134,7.961873303985461e-06
16135,7.960932509432085e-06
16136,7.959991714989735e-06
16137,7.959049035943794e-06
16138,7.95811199905128e-06
16139,7.957171204497897e-06
16140,7.956229468253364e-06
16141,7.955287732008813e-06
16142,7.95434599565325e-06
16143,7.953403316718347e-06
16144,7.952461580473802e-06
16145,7.951514173987211e-06
16146,7.950568661319048e-06
16147,7.949625982384136e-06
16148,7.948683303449215e-06
16149,7.947733999258412e-06
16150,7.94679508542284e-06
16151,7.945845781232034e-06
16152,7.944896477041216e-06
16153,7.943947172850404e-06
16154,7.942997868770617e-06
16155,7.942049513820494e-06
16156,7.941100209740702e-06
16157,7.94016223470972e-06
16158,7.939208169771568e-06
16159,7.938256011974504e-06
16160,7.937303854177464e-06
16161,7.936351696380411e-06
16162,7.935399538583356e-06
16163,7.934445473645189e-06
16164,7.933504679091818e-06
16165,7.932549659139802e-06
16166,7.931597501342752e-06
16167,7.930645343545699e-06
16168,7.92969603946591e-06
16169,7.928749580332633e-06
16170,7.927799325901935e-06
16171,7.926853813233773e-06
16172,7.925900702310244e-06
16173,7.924946637372095e-06
16174,7.924002070280881e-06
16175,7.92306315633429e-06
16176,7.922114801495177e-06
16177,7.921166446656086e-06
16178,7.920212381717914e-06
16179,7.919260223920864e-06
16180,7.918305203968856e-06
16181,7.917360636766622e-06
16182,7.916409431207855e-06
16183,7.915459176777167e-06
16184,7.914508922346462e-06
16185,7.913555811422949e-06
16186,7.912608404936345e-06
16187,7.91166099844976e-06
16188,7.910713591852138e-06
16189,7.90975665898585e-06
16190,7.90880545342709e-06
16191,7.907854247757303e-06
16192,7.906914394006925e-06
16193,7.905964139576229e-06
16194,7.905017680553964e-06
16195,7.904073113351727e-06
16196,7.903134199516158e-06
16197,7.902187740382866e-06
16198,7.901244117869415e-06
16199,7.900302381513845e-06
16200,7.899355922491578e-06
16201,7.898408516004983e-06
16202,7.897463003336821e-06
16203,7.89651084553977e-06
16204,7.89556343905318e-06
16205,7.894612233383398e-06
16206,7.893671438830017e-06
16207,7.892727816316565e-06
16208,7.891777561885865e-06
16209,7.89082540408881e-06
16210,7.889877049249698e-06
16211,7.888927745058887e-06
16212,7.88798789130851e-06
16213,7.88703953646941e-06
16214,7.886090232278594e-06
16215,7.885139977847896e-06
16216,7.884196355334439e-06
16217,7.883247051143629e-06
16218,7.882298696304522e-06
16219,7.881349392113712e-06
16220,7.88040103727461e-06
16221,7.879452682324482e-06
16222,7.878496706470457e-06
16223,7.877548351520321e-06
16224,7.876598097089623e-06
16225,7.875650690603034e-06
16226,7.874704231469747e-06
16227,7.873752073783711e-06
16228,7.872805614650431e-06
16229,7.871859155517137e-06
16230,7.870910800678034e-06
16231,7.869962445838936e-06
16232,7.869015986705644e-06
16233,7.868069527572357e-06
16234,7.867123068439069e-06
16235,7.866175661952465e-06
16236,7.865223504155415e-06
16237,7.864273249724711e-06
16238,7.863320138912217e-06
16239,7.862368933242435e-06
16240,7.86141391329042e-06
16241,7.860458893338421e-06
16242,7.859504828289237e-06
16243,7.858549808337218e-06
16244,7.857598602667432e-06
16245,7.856647397108677e-06
16246,7.85569714267797e-06
16247,7.854746888247279e-06
16248,7.853795682577496e-06
16249,7.852843524780434e-06
16250,7.851890413967949e-06
16251,7.850939208298161e-06
16252,7.849987050501108e-06
16253,7.849032985562936e-06
16254,7.848083681372131e-06
16255,7.847133426941431e-06
16256,7.846187914273273e-06
16257,7.845244291759817e-06
16258,7.844300669246358e-06
16259,7.843354210113061e-06
16260,7.842407750979776e-06
16261,7.841464128466318e-06
16262,7.840519561264088e-06
16263,7.839572154777479e-06
16264,7.838627587686279e-06
16265,7.837687733935894e-06
16266,7.836739379096784e-06
16267,7.835790074905978e-06
16268,7.834844562237823e-06
16269,7.833899049569654e-06
16270,7.832951643083057e-06
16271,7.832007075991855e-06
16272,7.831061563323692e-06
16273,7.830116050655528e-06
16274,7.82917242814207e-06
16275,7.828226915473916e-06
16276,7.827287061723536e-06
16277,7.826342494632326e-06
16278,7.82539887200784e-06
16279,7.824451465521241e-06
16280,7.823503110682138e-06
16281,7.822554755843035e-06
16282,7.821602598045983e-06
16283,7.820650440248931e-06
16284,7.819701136058123e-06
16285,7.818754676924836e-06
16286,7.817808217902563e-06
16287,7.816861758769281e-06
16288,7.815904825902999e-06
16289,7.814956470952874e-06
16290,7.814010958395732e-06
16291,7.81306544572757e-06
16292,7.812115191296879e-06
16293,7.811163985627095e-06
16294,7.810219418535875e-06
16295,7.809270114345073e-06
16296,7.808331200509506e-06
16297,7.807384741376216e-06
16298,7.80643163045269e-06
16299,7.805476610500677e-06
16300,7.804529204014088e-06
16301,7.80358084917498e-06
16302,7.80262869137794e-06
16303,7.80167653358088e-06
16304,7.80072342265736e-06
16305,7.799771264860311e-06
16306,7.798822910021208e-06
16307,7.79787645088792e-06
16308,7.79692999175463e-06
16309,7.795978786195867e-06
16310,7.795027580526087e-06
16311,7.794076374967311e-06
16312,7.793127070776503e-06
16313,7.792182503574278e-06
16314,7.791236044552011e-06
16315,7.790291477349772e-06
16316,7.789344070863178e-06
16317,7.788399503771965e-06
16318,7.787454936569734e-06
16319,7.786498960715701e-06
16320,7.785550605765584e-06
16321,7.784594629800518e-06
16322,7.783638653835467e-06
16323,7.782692194813204e-06
16324,7.7817447883266e-06
16325,7.780797381728988e-06
16326,7.77984712729829e-06
16327,7.778899720811689e-06
16328,7.777955153720484e-06
16329,7.777010586518248e-06
16330,7.776066019427041e-06
16331,7.775121452335826e-06
16332,7.774174993202538e-06
16333,7.773226638363435e-06
16334,7.7722820711612e-06
16335,7.771334664674615e-06
16336,7.77038915200645e-06
16337,7.769433176152422e-06
16338,7.768484821202291e-06
16339,7.767537414715704e-06
16340,7.766587160284997e-06
16341,7.7656369058543e-06
16342,7.764685700295537e-06
16343,7.76373449462575e-06
16344,7.76278613978665e-06
16345,7.761839680653358e-06
16346,7.760892274166759e-06
16347,7.75994581503348e-06
16348,7.758995560602775e-06
16349,7.758039584637723e-06
16350,7.757089330207023e-06
16351,7.756144763115808e-06
16352,7.755190698177655e-06
16353,7.754236633239481e-06
16354,7.753293010615002e-06
16355,7.752349388101544e-06
16356,7.751405765477056e-06
16357,7.750458358990467e-06
16358,7.749507153320682e-06
16359,7.748555947761911e-06
16360,7.747604742092129e-06
16361,7.746657335605539e-06
16362,7.745708031414727e-06
16363,7.744759676575614e-06
16364,7.743810372384809e-06
16365,7.742866749871352e-06
16366,7.741920290738053e-06
16367,7.74097383160477e-06
16368,7.740028318936613e-06
16369,7.739084696423149e-06
16370,7.738139183754983e-06
16371,7.737192724621705e-06
16372,7.736246265599432e-06
16373,7.735297910760327e-06
16374,7.7343428906973e-06
16375,7.733387870745288e-06
16376,7.732434759821766e-06
16377,7.731482602024726e-06
16378,7.730530444227666e-06
16379,7.729578286541645e-06
16380,7.728626128744587e-06
16381,7.72767397094753e-06
16382,7.726727511814245e-06
16383,7.72577915697514e-06
16384,7.724830802136035e-06
16385,7.723881497945235e-06
16386,7.722931243514529e-06
16387,7.721983837027933e-06
16388,7.72103167923089e-06
16389,7.720079521433833e-06
16390,7.71912831576405e-06
16391,7.718181856630752e-06
16392,7.717227791692588e-06
16393,7.716276586133837e-06
16394,7.715323475210308e-06
16395,7.71436941027215e-06
16396,7.713420106081335e-06
16397,7.712470801890527e-06
16398,7.71151673695236e-06
16399,7.710563626028845e-06
16400,7.709607650063791e-06
16401,7.708658345872981e-06
16402,7.70770999103387e-06
16403,7.706765423942658e-06
16404,7.705820856740427e-06
16405,7.704871552660638e-06
16406,7.703926985458413e-06
16407,7.702975779899649e-06
16408,7.70202362210259e-06
16409,7.701079054900357e-06
16410,7.700129750820569e-06
16411,7.699180446629761e-06
16412,7.698231142438946e-06
16413,7.697277077500784e-06
16414,7.696325871830998e-06
16415,7.695376567640192e-06
16416,7.694427263560404e-06
16417,7.6934770091297e-06
16418,7.692528654179579e-06
16419,7.691580299340474e-06
16420,7.69062718841695e-06
16421,7.68968072939469e-06
16422,7.688727618471168e-06
16423,7.687779263632061e-06
16424,7.686829009201368e-06
16425,7.685883496533203e-06
16426,7.684937983865046e-06
16427,7.683985826067994e-06
16428,7.683043147133084e-06
16429,7.682100468198177e-06
16430,7.68115495553001e-06
16431,7.680202797843987e-06
16432,7.679250640046929e-06
16433,7.678298482249886e-06
16434,7.677346324452822e-06
16435,7.676394166655774e-06
16436,7.675441055732259e-06
16437,7.674493649245657e-06
16438,7.673551913001116e-06
16439,7.672598802077603e-06
16440,7.671643782125594e-06
16441,7.670695427286494e-06
16442,7.66974707233637e-06
16443,7.668798717497257e-06
16444,7.667850362658159e-06
16445,7.666902007819054e-06
16446,7.66595175338836e-06
16447,7.665001498957658e-06
16448,7.664055986289496e-06
16449,7.663104780619715e-06
16450,7.66215357506095e-06
16451,7.661202369391162e-06
16452,7.660251163832394e-06
16453,7.659299958162615e-06
16454,7.658348752492826e-06
16455,7.65740039765373e-06
16456,7.6564472867302e-06
16457,7.655504607795294e-06
16458,7.654556252956196e-06
16459,7.653609793822899e-06
16460,7.652658588264133e-06
16461,7.65171118166652e-06
16462,7.650761877586726e-06
16463,7.649817310384496e-06
16464,7.648874631449585e-06
16465,7.64792532725877e-06
16466,7.646977920772177e-06
16467,7.646022900820167e-06
16468,7.645075494333579e-06
16469,7.644119518368526e-06
16470,7.643166407445008e-06
16471,7.64221710325419e-06
16472,7.641266848823486e-06
16473,7.640317544743707e-06
16474,7.639371085610414e-06
16475,7.638421781419599e-06
16476,7.637474374933007e-06
16477,7.63653075230853e-06
16478,7.635591838472953e-06
16479,7.634643483633855e-06
16480,7.633693229203148e-06
16481,7.632747716534993e-06
16482,7.631803149443787e-06
16483,7.63085669031049e-06
16484,7.62990548464071e-06
16485,7.628954279081942e-06
16486,7.628006872595349e-06
16487,7.627055666925566e-06
16488,7.6261092077922695e-06
16489,7.6251674715477285e-06
16490,7.624224792612818e-06
16491,7.623275488422004e-06
16492,7.622319512456951e-06
16493,7.62137305343469e-06
16494,7.620425646837074e-06
16495,7.619478240350472e-06
16496,7.618527985919775e-06
16497,7.617578681728971e-06
16498,7.6166274761701945e-06
16499,7.615684797235285e-06
16500,7.614738338102006e-06
16501,7.613786180304943e-06
16502,7.612834974635168e-06
16503,7.611883769076403e-06
16504,7.610939201985189e-06
16505,7.609995579360707e-06
16506,7.6090481728741085e-06
16507,7.60809696720432e-06
16508,7.60714956071773e-06
16509,7.60620120587863e-06
16510,7.605256638676388e-06
16511,7.6043035278639e-06
16512,7.6033542236730875e-06
16513,7.602407764539795e-06
16514,7.601459409700701e-06
16515,7.600503433735636e-06
16516,7.599556974602349e-06
16517,7.598612407511137e-06
16518,7.5976725537607575e-06
16519,7.596716577795704e-06
16520,7.59576060183065e-06
16521,7.5948046258655955e-06
16522,7.59384864990054e-06
16523,7.592901243413941e-06
16524,7.591950988983237e-06
16525,7.591000734552538e-06
16526,7.590050480121849e-06
16527,7.589100225691143e-06
16528,7.5881528192045505e-06
16529,7.587211082960004e-06
16530,7.5862684040250974e-06
16531,7.585320049185996e-06
16532,7.58436407322094e-06
16533,7.583408097255888e-06
16534,7.5824616381225985e-06
16535,7.581516125454437e-06
16536,7.580570612897303e-06
16537,7.579625100229136e-06
16538,7.578679587560978e-06
16539,7.577732181074383e-06
16540,7.576786668406223e-06
16541,7.575841155738067e-06
16542,7.57489564318093e-06
16543,7.573954848627557e-06
16544,7.5730083894942615e-06
16545,7.572053369542249e-06
16546,7.5711059630556526e-06
16547,7.57015950392237e-06
16548,7.569213044789084e-06
16549,7.568264689949979e-06
16550,7.567318230816691e-06
16551,7.5663717716834026e-06
16552,7.565430035438862e-06
16553,7.56447501548685e-06
16554,7.563533279242307e-06
16555,7.56258682010902e-06
16556,7.561646025555645e-06
16557,7.560699566533386e-06
16558,7.559751211583257e-06
16559,7.55880758906979e-06
16560,7.557852569117783e-06
16561,7.556903264926971e-06
16562,7.555953010496271e-06
16563,7.555007497828117e-06
16564,7.554058193637299e-06
16565,7.553109838798197e-06
16566,7.552160534607389e-06
16567,7.551205514655381e-06
16568,7.550252403731863e-06
16569,7.54931066748732e-06
16570,7.548367988552402e-06
16571,7.547412968600392e-06
16572,7.54646176293061e-06
16573,7.545509605133563e-06
16574,7.544557447447529e-06
16575,7.543602427384494e-06
16576,7.5426502695874425e-06
16577,7.541699064028687e-06
16578,7.5407478583589025e-06
16579,7.539796652689116e-06
16580,7.538845447130347e-06
16581,7.537892336206827e-06
16582,7.536941130537043e-06
16583,7.535989924978281e-06
16584,7.535038719308495e-06
16585,7.534087513749732e-06
16586,7.533135355952679e-06
16587,7.532186051761871e-06
16588,7.531231986823699e-06
16589,7.5302817323930105e-06
16590,7.5293409378396305e-06
16591,7.528388780042576e-06
16592,7.527439475851766e-06
16593,7.526487318054726e-06
16594,7.525540859032453e-06
16595,7.52459060460176e-06
16596,7.52363939893197e-06
16597,7.522687241134919e-06
16598,7.521734130211399e-06
16599,7.520784826131604e-06
16600,7.51983647118148e-06
16601,7.518891904090278e-06
16602,7.5179435492511655e-06
16603,7.516992343581379e-06
16604,7.516040185784334e-06
16605,7.515091830945232e-06
16606,7.514149152010314e-06
16607,7.513198897579614e-06
16608,7.512249593388803e-06
16609,7.511299338958114e-06
16610,7.510358544515766e-06
16611,7.509408290085056e-06
16612,7.508462777416898e-06
16613,7.507511571747118e-06
16614,7.5065565517951055e-06
16615,7.505609145308516e-06
16616,7.504662686175222e-06
16617,7.50371811908401e-06
16618,7.502773551881781e-06
16619,7.501820441069284e-06
16620,7.50086733014577e-06
16621,7.499918025954959e-06
16622,7.4989668202851655e-06
16623,7.498016565965495e-06
16624,7.49706345504198e-06
16625,7.4961093901038095e-06
16626,7.49515627918029e-06
16627,7.49420412138324e-06
16628,7.493260498758764e-06
16629,7.492318762514215e-06
16630,7.491368508083522e-06
16631,7.49042015324441e-06
16632,7.489471798405306e-06
16633,7.488519640608263e-06
16634,7.487570336417446e-06
16635,7.486618178620397e-06
16636,7.485666020823343e-06
16637,7.4847138631373105e-06
16638,7.4837626574675255e-06
16639,7.4828143026284325e-06
16640,7.481862144831381e-06
16641,7.480909987034328e-06
16642,7.479960682843509e-06
16643,7.479011378652703e-06
16644,7.4780620744618946e-06
16645,7.477110868903125e-06
16646,7.4761596632333385e-06
16647,7.475208457674575e-06
16648,7.474259153483761e-06
16649,7.473307947813979e-06
16650,7.472355790016925e-06
16651,7.471402679204433e-06
16652,7.470456220071137e-06
16653,7.469505014401362e-06
16654,7.468558555268073e-06
16655,7.467611148781477e-06
16656,7.466661844590656e-06
16657,7.465710639031897e-06
16658,7.4647584812348455e-06
16659,7.463807275565061e-06
16660,7.4628560700062946e-06
16661,7.461904864336509e-06
16662,7.460952706539455e-06
16663,7.459999595615935e-06
16664,7.459050291536153e-06
16665,7.4580990858663645e-06
16666,7.457145020928205e-06
16667,7.456194766497502e-06
16668,7.455247360010905e-06
16669,7.454295202213851e-06
16670,7.453343996544073e-06
16671,7.452394692353261e-06
16672,7.451445388273469e-06
16673,7.450497981675856e-06
16674,7.449548677596057e-06
16675,7.448600322645935e-06
16676,7.447653863623677e-06
16677,7.446702657953884e-06
16678,7.445751452284096e-06
16679,7.444800246725336e-06
16680,7.443852840127711e-06
16681,7.442902585808042e-06
16682,7.4419513801382556e-06
16683,7.440999222341211e-06
16684,7.440048016671416e-06
16685,7.439100610184826e-06
16686,7.438155097516663e-06
16687,7.43720769103007e-06
16688,7.436262178361904e-06
16689,7.4353147718753155e-06
16690,7.434369259207151e-06
16691,7.433421852720559e-06
16692,7.4324763400523895e-06
16693,7.431528933565802e-06
16694,7.430581527079211e-06
16695,7.429636014411047e-06
16696,7.4286923918975845e-06
16697,7.427743087706775e-06
16698,7.4267918820369855e-06
16699,7.425838771224488e-06
16700,7.4248866134274445e-06
16701,7.423944877182891e-06
16702,7.422994622752201e-06
16703,7.422049110084036e-06
16704,7.421105487459551e-06
16705,7.4201571326204555e-06
16706,7.419205927061689e-06
16707,7.418254721391905e-06
16708,7.417303515722119e-06
16709,7.416351357925061e-06
16710,7.415400152366297e-06
16711,7.414445132414296e-06
16712,7.413499619746128e-06
16713,7.412557883501592e-06
16714,7.411609528551462e-06
16715,7.410661173712367e-06
16716,7.409718494777452e-06
16717,7.408766336980402e-06
16718,7.4078151314216415e-06
16719,7.406875277671259e-06
16720,7.405937302640276e-06
16721,7.404991790083136e-06
16722,7.4040481674586595e-06
16723,7.403100760972065e-06
16724,7.402155248303903e-06
16725,7.401204042745129e-06
16726,7.400253788314435e-06
16727,7.399300677390919e-06
16728,7.398346612452759e-06
16729,7.397397308261939e-06
16730,7.396442288309935e-06
16731,7.395487268246908e-06
16732,7.3945436457334474e-06
16733,7.393600023108956e-06
16734,7.392653564086693e-06
16735,7.391703309655992e-06
16736,7.390754005465189e-06
16737,7.389803751034487e-06
16738,7.388853496603793e-06
16739,7.387903242173084e-06
16740,7.386952987742394e-06
16741,7.386001782183631e-06
16742,7.385051527752933e-06
16743,7.384102223562115e-06
16744,7.383151969131416e-06
16745,7.382202664940602e-06
16746,7.381252410509906e-06
16747,7.380300252712854e-06
16748,7.379349998282161e-06
16749,7.378402591795569e-06
16750,7.377452337364863e-06
16751,7.376498272426701e-06
16752,7.375548968235891e-06
16753,7.374594903297729e-06
16754,7.373647496811125e-06
16755,7.372699141972027e-06
16756,7.3717488875413354e-06
16757,7.37080148105474e-06
16758,7.369855968386574e-06
16759,7.368907613547475e-06
16760,7.367965877191909e-06
16761,7.367017522352806e-06
16762,7.366066316683014e-06
16763,7.365119857660746e-06
16764,7.364175290458516e-06
16765,7.363232611523607e-06
16766,7.362291817081256e-06
16767,7.361343462131127e-06
16768,7.360395107292029e-06
16769,7.359446752452926e-06
16770,7.358501239784772e-06
16771,7.357550034226002e-06
16772,7.356597876428947e-06
16773,7.3556476219982455e-06
16774,7.3546973675675506e-06
16775,7.35374711313685e-06
16776,7.352799706650264e-06
16777,7.351849452219555e-06
16778,7.350903939551407e-06
16779,7.349949874613241e-06
16780,7.348997716816189e-06
16781,7.348053149613951e-06
16782,7.347110470679036e-06
16783,7.346160216248346e-06
16784,7.345209961928663e-06
16785,7.344265394726439e-06
16786,7.34331418916767e-06
16787,7.342362983497882e-06
16788,7.34140700753283e-06
16789,7.340460548399538e-06
16790,7.339515981308325e-06
16791,7.338566677117523e-06
16792,7.337616422686825e-06
16793,7.336667118496007e-06
16794,7.335713053557844e-06
16795,7.334766594424559e-06
16796,7.333822027333342e-06
16797,7.3328736724942386e-06
16798,7.331925317655144e-06
16799,7.330980750452904e-06
16800,7.330024774487858e-06
16801,7.329074520057149e-06
16802,7.3281223623711315e-06
16803,7.327172107940422e-06
16804,7.32623694399415e-06
16805,7.325297090354791e-06
16806,7.324358176408195e-06
16807,7.323415497473282e-06
16808,7.322459521508228e-06
16809,7.321506410695728e-06
16810,7.320551390632702e-06
16811,7.319598279709187e-06
16812,7.318647074150419e-06
16813,7.3176930092122595e-06
16814,7.316739898288743e-06
16815,7.315785833350575e-06
16816,7.314832722427051e-06
16817,7.313885315940465e-06
16818,7.312936011749649e-06
16819,7.311982900826124e-06
16820,7.311030743029081e-06
16821,7.3100776321055546e-06
16822,7.309128328025772e-06
16823,7.3081865917812235e-06
16824,7.307245797227856e-06
16825,7.306301230025626e-06
16826,7.305355717468491e-06
16827,7.30440736251836e-06
16828,7.3034599560317684e-06
16829,7.302509701601067e-06
16830,7.301566079087609e-06
16831,7.300615824656913e-06
16832,7.2996655702262095e-06
16833,7.298713412429157e-06
16834,7.2977678997609926e-06
16835,7.296816694202239e-06
16836,7.295863583278715e-06
16837,7.294911425481661e-06
16838,7.2939621212908585e-06
16839,7.293016608622694e-06
16840,7.2920701496004295e-06
16841,7.291116084662263e-06
16842,7.290166780471455e-06
16843,7.289225985918078e-06
16844,7.28828707208251e-06
16845,7.28734155941435e-06
16846,7.286386539462339e-06
16847,7.285431519399305e-06
16848,7.284478408586817e-06
16849,7.28352625078976e-06
16850,7.2825702748247025e-06
16851,7.281626652200229e-06
16852,7.280683029686758e-06
16853,7.279736570553469e-06
16854,7.278788215714368e-06
16855,7.2778360579173145e-06
16856,7.276889598784036e-06
16857,7.275944086115871e-06
16858,7.275001407180961e-06
16859,7.274053052341851e-06
16860,7.273106593208571e-06
16861,7.27215823836947e-06
16862,7.271208934178646e-06
16863,7.270260579339552e-06
16864,7.2693112751487326e-06
16865,7.268365762591597e-06
16866,7.267421195389363e-06
16867,7.266473788902777e-06
16868,7.2655206779792545e-06
16869,7.264566613041089e-06
16870,7.263616358610395e-06
16871,7.2626613386583836e-06
16872,7.261706318706377e-06
16873,7.260753207782851e-06
16874,7.259800096859332e-06
16875,7.258850792668529e-06
16876,7.257897681856033e-06
16877,7.256947427425335e-06
16878,7.255994316501812e-06
16879,7.255039296549805e-06
16880,7.254104132603523e-06
16881,7.25315956551231e-06
16882,7.2522168865774e-06
16883,7.251272319486196e-06
16884,7.250329640551282e-06
16885,7.24938507334905e-06
16886,7.2484357691582355e-06
16887,7.247488362671634e-06
16888,7.246542850003478e-06
16889,7.245602996364115e-06
16890,7.2446565372308364e-06
16891,7.24370533156104e-06
16892,7.242756976721938e-06
16893,7.241802911783781e-06
16894,7.240855505297183e-06
16895,7.239907150347064e-06
16896,7.238960691324796e-06
16897,7.238014232191501e-06
16898,7.237077195187962e-06
16899,7.236140158184406e-06
16900,7.2352031211808665e-06
16901,7.234266084288349e-06
16902,7.233322461663855e-06
16903,7.232379782728944e-06
16904,7.231426671805425e-06
16905,7.230473560881908e-06
16906,7.2295204500694205e-06
16907,7.228567339145896e-06
16908,7.227613274207737e-06
16909,7.226657298242681e-06
16910,7.225702278290675e-06
16911,7.224751072620884e-06
16912,7.2237970076827145e-06
16913,7.222842942633538e-06
16914,7.221887922681524e-06
16915,7.22093766825083e-06
16916,7.219984557438327e-06
16917,7.219033351768549e-06
16918,7.218079286830381e-06
16919,7.2171252217811946e-06
16920,7.216174967461517e-06
16921,7.215224713030823e-06
16922,7.214288613055504e-06
16923,7.213339308864695e-06
16924,7.2123900046738845e-06
16925,7.2114407004830705e-06
16926,7.210491396403287e-06
16927,7.20953923860623e-06
16928,7.2085861276827095e-06
16929,7.207640615014551e-06
16930,7.206697936079644e-06
16931,7.205749581240539e-06
16932,7.204799326809842e-06
16933,7.203864162974588e-06
16934,7.202916756487993e-06
16935,7.201970297354693e-06
16936,7.201023838221414e-06
16937,7.2000868012178685e-06
16938,7.199145064973317e-06
16939,7.198205211222942e-06
16940,7.197268174219393e-06
16941,7.1963339456360114e-06
16942,7.1953969086324625e-06
16943,7.194455172387924e-06
16944,7.193507765790301e-06
16945,7.192569790870351e-06
16946,7.191633690895035e-06
16947,7.190688178226875e-06
16948,7.189733158274863e-06
16949,7.188781000477814e-06
16950,7.187828842680771e-06
16951,7.1868927427054555e-06
16952,7.185965961831188e-06
16953,7.1850279868002025e-06
16954,7.184092822964951e-06
16955,7.183153909129379e-06
16956,7.18221499518279e-06
16957,7.181262837385736e-06
16958,7.180322042943386e-06
16959,7.179370837273607e-06
16960,7.17841963160382e-06
16961,7.177468426045051e-06
16962,7.176515315121532e-06
16963,7.175575461371148e-06
16964,7.174633725126614e-06
16965,7.17369387137623e-06
16966,7.172757771400916e-06
16967,7.1718207345083965e-06
16968,7.170879939955023e-06
16969,7.1699382037104814e-06
16970,7.1689936365082465e-06
16971,7.168050013994787e-06
16972,7.167105446903582e-06
16973,7.166159934235419e-06
16974,7.1652049141723876e-06
16975,7.164258455150117e-06
16976,7.163314832525637e-06
16977,7.162373096281097e-06
16978,7.161434182445521e-06
16979,7.160481071522001e-06
16980,7.159542157686444e-06
16981,7.158592853495622e-06
16982,7.157644498656518e-06
16983,7.156694244225831e-06
16984,7.155755330279237e-06
16985,7.15481641644366e-06
16986,7.153870903775507e-06
16987,7.152923497288909e-06
16988,7.1519732428582125e-06
16989,7.151031506613673e-06
16990,7.150087883989193e-06
16991,7.1491328640371725e-06
16992,7.148178799099011e-06
16993,7.147236120164104e-06
16994,7.146292497539625e-06
16995,7.14534129198085e-06
16996,7.144393885494258e-06
16997,7.143446478896646e-06
16998,7.142499072410041e-06
16999,7.141545961486532e-06
17000,7.140599502464257e-06
17001,7.139648296794479e-06
17002,7.1386970911246965e-06
17003,7.137745885565929e-06
17004,7.136794679896138e-06
17005,7.135843474337374e-06
17006,7.134892268667597e-06
17007,7.133942014236898e-06
17008,7.132997447145681e-06
17009,7.132062283310431e-06
17010,7.131113928360301e-06
17011,7.130159863422133e-06
17012,7.129216240908672e-06
17013,7.128268834311064e-06
17014,7.127322375288791e-06
17015,7.126374020338668e-06
17016,7.125425665499567e-06
17017,7.1244735077025154e-06
17018,7.123527048680241e-06
17019,7.122584369745335e-06
17020,7.121644515994946e-06
17021,7.12069331032517e-06
17022,7.119752515771795e-06
17023,7.118806056749527e-06
17024,7.117861489547291e-06
17025,7.116913134708196e-06
17026,7.11596951219473e-06
17027,7.1150249449925e-06
17028,7.114081322479042e-06
17029,7.113137699854552e-06
17030,7.1121921872974195e-06
17031,7.111247620095189e-06
17032,7.110304941160268e-06
17033,7.109363204915725e-06
17034,7.1084233511653545e-06
17035,7.1074853762453884e-06
17036,7.106540809043159e-06
17037,7.105593402556564e-06
17038,7.1046431481258665e-06
17039,7.103693843935056e-06
17040,7.102744539855268e-06
17041,7.1017933341854825e-06
17042,7.100843079754781e-06
17043,7.099891874196013e-06
17044,7.098936854132984e-06
17045,7.097999817129442e-06
17046,7.097055250038231e-06
17047,7.0961068951991305e-06
17048,7.095153784275608e-06
17049,7.094203529844917e-06
17050,7.09324946490675e-06
17051,7.092306785971836e-06
17052,7.091360326838547e-06
17053,7.0904100724078455e-06
17054,7.0894692778544766e-06
17055,7.088523765297341e-06
17056,7.087578252629173e-06
17057,7.08663368553797e-06
17058,7.085685330587843e-06
17059,7.084736026397026e-06
17060,7.083787671557923e-06
17061,7.082843104466716e-06
17062,7.081893800275905e-06
17063,7.080943545845207e-06
17064,7.079994241654403e-06
17065,7.079043036095637e-06
17066,7.078103182345252e-06
17067,7.077153878154446e-06
17068,7.0762036237237365e-06
17069,7.075253369293039e-06
17070,7.0743031148623425e-06
17071,7.073350004049844e-06
17072,7.072397846252795e-06
17073,7.071447591822096e-06
17074,7.0704973373914015e-06
17075,7.069543272453236e-06
17076,7.068591114656187e-06
17077,7.067638956859141e-06
17078,7.066689652668321e-06
17079,7.0657393982376215e-06
17080,7.064790094046817e-06
17081,7.063839839616118e-06
17082,7.0628886340573575e-06
17083,7.061937428387572e-06
17084,7.060986222828797e-06
17085,7.060033111905279e-06
17086,7.05908000098176e-06
17087,7.058128795311984e-06
17088,7.057177589753217e-06
17089,7.056225431956166e-06
17090,7.055271367017997e-06
17091,7.054322062827186e-06
17092,7.053373707988091e-06
17093,7.052420597064566e-06
17094,7.051467486141045e-06
17095,7.050519131301944e-06
17096,7.049566020378427e-06
17097,7.048612909454909e-06
17098,7.047659798642414e-06
17099,7.0467066877189015e-06
17100,7.045767773772304e-06
17101,7.0448127538203005e-06
17102,7.043871959266919e-06
17103,7.04293022302238e-06
17104,7.041982816535788e-06
17105,7.041030658738737e-06
17106,7.0400851460705695e-06
17107,7.039136791231471e-06
17108,7.038183680307953e-06
17109,7.037240057794497e-06
17110,7.036286946870967e-06
17111,7.035333835947454e-06
17112,7.034383581516758e-06
17113,7.03343047070426e-06
17114,7.032480216273559e-06
17115,7.031529961842867e-06
17116,7.030586339218381e-06
17117,7.029635133659622e-06
17118,7.028692454724702e-06
17119,7.027752600974322e-06
17120,7.026803296783507e-06
17121,7.025854941944405e-06
17122,7.0249103748532e-06
17123,7.02396201990308e-06
17124,7.023014613416476e-06
17125,7.022067206929888e-06
17126,7.021117902739067e-06
17127,7.020170496252473e-06
17128,7.019224037119183e-06
17129,7.0182747329283765e-06
17130,7.017323527369607e-06
17131,7.016373272938912e-06
17132,7.015422067269124e-06
17133,7.014470861710363e-06
17134,7.0135196560405746e-06
17135,7.012569401609875e-06
17136,7.011619147179181e-06
17137,7.010668892748483e-06
17138,7.009714827810322e-06
17139,7.008761716886804e-06
17140,7.007808605963287e-06
17141,7.006868752323921e-06
17142,7.0059175466541416e-06
17143,7.004967292223437e-06
17144,7.00401513442639e-06
17145,7.003072455491471e-06
17146,7.002124100652376e-06
17147,7.001171942855323e-06
17148,7.000219785058265e-06
17149,6.999282748054728e-06
17150,6.998340069119808e-06
17151,6.9973964466063555e-06
17152,6.996447142415546e-06
17153,6.9955044634806226e-06
17154,6.994564609730246e-06
17155,6.993613404060461e-06
17156,6.99266029324797e-06
17157,6.991709087578184e-06
17158,6.990757881908395e-06
17159,6.989805724111344e-06
17160,6.98885546979167e-06
17161,6.987915616041289e-06
17162,6.986964410371495e-06
17163,6.986012252574453e-06
17164,6.985072398824065e-06
17165,6.984129719889148e-06
17166,6.983177562092105e-06
17167,6.982232049534966e-06
17168,6.981281795104272e-06
17169,6.980330589434476e-06
17170,6.979380335003787e-06
17171,6.978429129445017e-06
17172,6.977480774494888e-06
17173,6.976534315472624e-06
17174,6.975583109802846e-06
17175,6.974627133837782e-06
17176,6.973680674704493e-06
17177,6.9727313706247125e-06
17178,6.971777305575517e-06
17179,6.970836511133172e-06
17180,6.969891943930944e-06
17181,6.968940738372178e-06
17182,6.967998059437269e-06
17183,6.967049704487138e-06
17184,6.9661022980005436e-06
17185,6.965153943161443e-06
17186,6.96420368873074e-06
17187,6.963254384539924e-06
17188,6.962303178981168e-06
17189,6.961352924550469e-06
17190,6.960401718880677e-06
17191,6.959451464449988e-06
17192,6.95850595178183e-06
17193,6.957561384690613e-06
17194,6.956617762066126e-06
17195,6.955670355579541e-06
17196,6.954724842911371e-06
17197,6.953777436424778e-06
17198,6.952822416472771e-06
17199,6.951875009986171e-06
17200,6.950919990034169e-06
17201,6.949975422831934e-06
17202,6.949029910163777e-06
17203,6.94807489021176e-06
17204,6.947122732414718e-06
17205,6.946175325928111e-06
17206,6.945227919441524e-06
17207,6.944281460308235e-06
17208,6.9433331054691286e-06
17209,6.942381899799346e-06
17210,6.941428788875823e-06
17211,6.940477583317058e-06
17212,6.939526377647276e-06
17213,6.938575172088514e-06
17214,6.937623966418729e-06
17215,6.936673711988029e-06
17216,6.935722506318244e-06
17217,6.934769395505752e-06
17218,6.933817237708695e-06
17219,6.932868882869591e-06
17220,6.931916725072542e-06
17221,6.930964567275489e-06
17222,6.930012409478438e-06
17223,6.9290612038086525e-06
17224,6.9281128489695484e-06
17225,6.927160691172491e-06
17226,6.9262094855027135e-06
17227,6.925261130663606e-06
17228,6.9243137241770106e-06
17229,6.923366317690416e-06
17230,6.922418911203817e-06
17231,6.921473398535654e-06
17232,6.9205212407386034e-06
17233,6.919570986307911e-06
17234,6.918620731877217e-06
17235,6.917665711925202e-06
17236,6.9167154574944985e-06
17237,6.915765203063805e-06
17238,6.914819690395642e-06
17239,6.913869435964947e-06
17240,6.9129201317741405e-06
17241,6.911967020961635e-06
17242,6.911017716770833e-06
17243,6.910068412580022e-06
17244,6.90911910838921e-06
17245,6.908169804309412e-06
17246,6.907219549878712e-06
17247,6.906269295448017e-06
17248,6.905319041017319e-06
17249,6.904368786586621e-06
17250,6.903418532155921e-06
17251,6.9024682777252275e-06
17252,6.901518023294532e-06
17253,6.900567768863835e-06
17254,6.89961656319405e-06
17255,6.898666308874374e-06
17256,6.897716054443672e-06
17257,6.8967658000129725e-06
17258,6.89581554558227e-06
17259,6.894865291151571e-06
17260,6.8939131333545225e-06
17261,6.892962878923825e-06
17262,6.892012624493131e-06
17263,6.891062370062434e-06
17264,6.890109259138914e-06
17265,6.889159955059127e-06
17266,6.888212548461504e-06
17267,6.887262294030801e-06
17268,6.886313939191701e-06
17269,6.885360828379209e-06
17270,6.884407717455689e-06
17271,6.883459362616583e-06
17272,6.882511007666454e-06
17273,6.8815636011798665e-06
17274,6.880614296989051e-06
17275,6.87966689050245e-06
17276,6.878716636071757e-06
17277,6.8777663816410535e-06
17278,6.876819922618798e-06
17279,6.875869668188095e-06
17280,6.874923209054804e-06
17281,6.873972954624113e-06
17282,6.873024599785006e-06
17283,6.872076244945906e-06
17284,6.87112883834828e-06
17285,6.870186159413371e-06
17286,6.869243480478462e-06
17287,6.868296073991866e-06
17288,6.867348667505267e-06
17289,6.8663993633144605e-06
17290,6.86545005912365e-06
17291,6.864495994185488e-06
17292,6.863545739754787e-06
17293,6.8625954853240805e-06
17294,6.861644279654298e-06
17295,6.860699712563095e-06
17296,6.859753253429802e-06
17297,6.8588029989991e-06
17298,6.857854644160003e-06
17299,6.85690533996919e-06
17300,6.8559579334825876e-06
17301,6.8550199585626384e-06
17302,6.854071603723529e-06
17303,6.85312134929284e-06
17304,6.852177726668351e-06
17305,6.851231267646082e-06
17306,6.850286700443859e-06
17307,6.8493392939572615e-06
17308,6.8483966150223494e-06
17309,6.847447310831536e-06
17310,6.846501798163379e-06
17311,6.845555339141111e-06
17312,6.844607932543489e-06
17313,6.843656726984723e-06
17314,6.842706472554024e-06
17315,6.8417571683632144e-06
17316,6.840803103425047e-06
17317,6.839855696938462e-06
17318,6.838905442507761e-06
17319,6.837959929839593e-06
17320,6.837016307326138e-06
17321,6.836070794657972e-06
17322,6.8351233881713765e-06
17323,6.834176929038098e-06
17324,6.833233306413611e-06
17325,6.832284951574512e-06
17326,6.831334697143807e-06
17327,6.830386342304703e-06
17328,6.829437987465608e-06
17329,6.828490580979003e-06
17330,6.8275393753092175e-06
17331,6.82658912087852e-06
17332,6.825636009955009e-06
17333,6.824680990002996e-06
17334,6.823730735572293e-06
17335,6.8227814313814835e-06
17336,6.821832127190671e-06
17337,6.82088092163191e-06
17338,6.81993446249862e-06
17339,6.818985158307806e-06
17340,6.818041535794351e-06
17341,6.81709412930775e-06
17342,6.816143874877061e-06
17343,6.815196468390457e-06
17344,6.814246213959767e-06
17345,6.81329690976895e-06
17346,6.8123542308340416e-06
17347,6.8114077717007445e-06
17348,6.8104584675099355e-06
17349,6.809510112670839e-06
17350,6.808565545579632e-06
17351,6.8076152911489265e-06
17352,6.806666936198799e-06
17353,6.8057223691075885e-06
17354,6.80477780201638e-06
17355,6.803833234814149e-06
17356,6.802887722257015e-06
17357,6.801939367306884e-06
17358,6.800991012467786e-06
17359,6.800041708276975e-06
17360,6.799092404197187e-06
17361,6.798141198527392e-06
17362,6.797188087603876e-06
17363,6.796238783413069e-06
17364,6.79528947933328e-06
17365,6.79433445927025e-06
17366,6.793386104431145e-06
17367,6.792436800240336e-06
17368,6.791494121305425e-06
17369,6.790545766466315e-06
17370,6.789598359979725e-06
17371,6.788647154309938e-06
17372,6.787695948751172e-06
17373,6.786745694320474e-06
17374,6.785801127118245e-06
17375,6.784851823038447e-06
17376,6.783907255836213e-06
17377,6.782963633322754e-06
17378,6.782016226836158e-06
17379,6.781070714168003e-06
17380,6.780123307681407e-06
17381,6.779175901083793e-06
17382,6.778228494597193e-06
17383,6.777286758352656e-06
17384,6.7763450221081075e-06
17385,6.7754042275547385e-06
17386,6.774463433001364e-06
17387,6.773515078162257e-06
17388,6.772568619028978e-06
17389,6.771630644109022e-06
17390,6.770685131440862e-06
17391,6.769739618772693e-06
17392,6.768787461086668e-06
17393,6.767835303289612e-06
17394,6.766883145492564e-06
17395,6.765942350939196e-06
17396,6.765008122244783e-06
17397,6.764057867814092e-06
17398,6.763116131569543e-06
17399,6.76217627781917e-06
17400,6.761231710727961e-06
17401,6.760284304241358e-06
17402,6.759336897643743e-06
17403,6.758389491157146e-06
17404,6.757442084670549e-06
17405,6.756499405735641e-06
17406,6.7555519992490415e-06
17407,6.754603644298923e-06
17408,6.753653389979247e-06
17409,6.752702184309459e-06
17410,6.751750978639667e-06
17411,6.750799773080908e-06
17412,6.749848567411116e-06
17413,6.748897361741341e-06
17414,6.747959386821382e-06
17415,6.747011980334786e-06
17416,6.746063625495685e-06
17417,6.745123771745298e-06
17418,6.744182035500755e-06
17419,6.743231781070056e-06
17420,6.7422815266393616e-06
17421,6.741327461590178e-06
17422,6.740382894498962e-06
17423,6.739438327407756e-06
17424,6.7384928147395965e-06
17425,6.737543510548783e-06
17426,6.7365989434575775e-06
17427,6.735650588618466e-06
17428,6.734702233668341e-06
17429,6.733751028109579e-06
17430,6.732802673270476e-06
17431,6.73185716060232e-06
17432,6.730905954932534e-06
17433,6.729956650741726e-06
17434,6.7290073466619355e-06
17435,6.7280551888648804e-06
17436,6.727110621662642e-06
17437,6.726159416103887e-06
17438,6.725208210434103e-06
17439,6.7242570047643156e-06
17440,6.723305799205552e-06
17441,6.72235459353576e-06
17442,6.7214081344024726e-06
17443,6.720459779563375e-06
17444,6.719508574004611e-06
17445,6.718557368334821e-06
17446,6.717606162665036e-06
17447,6.716665368222688e-06
17448,6.715716064031876e-06
17449,6.714769604898589e-06
17450,6.713821250059481e-06
17451,6.71287384357289e-06
17452,6.711925488622761e-06
17453,6.710977133783658e-06
17454,6.71002972729706e-06
17455,6.709082320810465e-06
17456,6.708134914323871e-06
17457,6.70718750772625e-06
17458,6.706237253295557e-06
17459,6.705286998975875e-06
17460,6.704336744545178e-06
17461,6.70338458674813e-06
17462,6.7024295666850975e-06
17463,6.7014831076628346e-06
17464,6.700533803472019e-06
17465,6.69959112453711e-06
17466,6.698647501912624e-06
17467,6.69769819783283e-06
17468,6.696749842882705e-06
17469,6.69579863732395e-06
17470,6.694847431654159e-06
17471,6.69389907681506e-06
17472,6.692951670328456e-06
17473,6.692003315378337e-06
17474,6.69105306105866e-06
17475,6.690105654461044e-06
17476,6.689158247974452e-06
17477,6.6882108414878465e-06
17478,6.6872634350012595e-06
17479,6.686315080162151e-06
17480,6.685366725212024e-06
17481,6.684418370372922e-06
17482,6.683472857704762e-06
17483,6.682525451218172e-06
17484,6.6815770963790596e-06
17485,6.68062589070928e-06
17486,6.6796775358701765e-06
17487,6.67872918103107e-06
17488,6.67777702323402e-06
17489,6.676824865436974e-06
17490,6.6758717545134465e-06
17491,6.674920548954685e-06
17492,6.673969343284907e-06
17493,6.6730219367983026e-06
17494,6.672078314173826e-06
17495,6.671129959334725e-06
17496,6.670179704904025e-06
17497,6.669228499345257e-06
17498,6.6682763415482054e-06
17499,6.667332718923725e-06
17500,6.666390982679186e-06
17501,6.665443576192589e-06
17502,6.6644933217618935e-06
17503,6.663543067331193e-06
17504,6.662593763140384e-06
17505,6.6616454083012755e-06
17506,6.660698001814679e-06
17507,6.659747747383977e-06
17508,6.658795589586925e-06
17509,6.657844383917138e-06
17510,6.656893178358381e-06
17511,6.655943874167575e-06
17512,6.65500025154308e-06
17513,6.654051896703979e-06
17514,6.653103541864883e-06
17515,6.652155187025775e-06
17516,6.651206832186671e-06
17517,6.650258477236551e-06
17518,6.649310122397442e-06
17519,6.6483598679667415e-06
17520,6.647407710169689e-06
17521,6.646459355330597e-06
17522,6.645507197533536e-06
17523,6.644555991974781e-06
17524,6.643610479306617e-06
17525,6.642666856682134e-06
17526,6.641720397659871e-06
17527,6.640778661304299e-06
17528,6.63984068638435e-06
17529,6.638891382193541e-06
17530,6.637942078002727e-06
17531,6.636992773922928e-06
17532,6.6360425194922314e-06
17533,6.635094164542109e-06
17534,6.634145809703011e-06
17535,6.633196505512194e-06
17536,6.632247201432408e-06
17537,6.631297897241597e-06
17538,6.630344786318072e-06
17539,6.629394531887378e-06
17540,6.628451852952467e-06
17541,6.627506340284305e-06
17542,6.626555134725539e-06
17543,6.6256048802948425e-06
17544,6.624661257670356e-06
17545,6.623717635156899e-06
17546,6.622772122488739e-06
17547,6.6218303862442e-06
17548,6.620880131813498e-06
17549,6.619934619145341e-06
17550,6.618988160123075e-06
17551,6.61804264745491e-06
17552,6.617099968519999e-06
17553,6.61615445585184e-06
17554,6.615204201421139e-06
17555,6.614252995751353e-06
17556,6.613301790192589e-06
17557,6.6123505845228056e-06
17558,6.61139747359929e-06
17559,6.61044626804052e-06
17560,6.609495062370742e-06
17561,6.6085457581799315e-06
17562,6.607592647367434e-06
17563,6.606639536443913e-06
17564,6.6056911816048055e-06
17565,6.604738070681296e-06
17566,6.603784959757779e-06
17567,6.60283470532708e-06
17568,6.601885401136264e-06
17569,6.600936097056478e-06
17570,6.599987742106356e-06
17571,6.599038438026566e-06
17572,6.5980910314289465e-06
17573,6.597143624942342e-06
17574,6.596199057851133e-06
17575,6.595256378916227e-06
17576,6.594306124485533e-06
17577,6.593353966688474e-06
17578,6.592402761018693e-06
17579,6.591455354532089e-06
17580,6.590509841863934e-06
17581,6.589562435377335e-06
17582,6.5886169227091835e-06
17583,6.587669516222587e-06
17584,6.5867240035544245e-06
17585,6.585779436463211e-06
17586,6.584830132272406e-06
17587,6.583885565181195e-06
17588,6.582935310750491e-06
17589,6.58198505631979e-06
17590,6.5810367014806906e-06
17591,6.580085495810902e-06
17592,6.579138089324308e-06
17593,6.57819068283771e-06
17594,6.577247060213235e-06
17595,6.576295854654471e-06
17596,6.575349395521176e-06
17597,6.574397237724123e-06
17598,6.5734498312375305e-06
17599,6.572502424750934e-06
17600,6.571555018153323e-06
17601,6.57060761166672e-06
17602,6.569654500743206e-06
17603,6.568709933651994e-06
17604,6.567764420983833e-06
17605,6.5668207984703775e-06
17606,6.565870544039677e-06
17607,6.564916479101509e-06
17608,6.563965273431723e-06
17609,6.563019760763568e-06
17610,6.56207613825011e-06
17611,6.5611362844997245e-06
17612,6.560192661986263e-06
17613,6.559250925630699e-06
17614,6.5583063585394845e-06
17615,6.5573721298450874e-06
17616,6.556418064906917e-06
17617,6.555464953983409e-06
17618,6.554512796186349e-06
17619,6.553559685262829e-06
17620,6.552606574450339e-06
17621,6.551651554387311e-06
17622,6.550699396701271e-06
17623,6.54975104175115e-06
17624,6.548804582728879e-06
17625,6.547858123595594e-06
17626,6.546906917925814e-06
17627,6.545965181681263e-06
17628,6.5450196690131046e-06
17629,6.544076046499652e-06
17630,6.543130533831489e-06
17631,6.542188797586946e-06
17632,6.541248943836569e-06
17633,6.54030626490165e-06
17634,6.5393635859667415e-06
17635,6.538414281775931e-06
17636,6.5374649775851126e-06
17637,6.536515673505331e-06
17638,6.535566369314519e-06
17639,6.534617065123702e-06
17640,6.5336687102846005e-06
17641,6.532719406093793e-06
17642,6.531774839002576e-06
17643,6.53082553481177e-06
17644,6.529876230620959e-06
17645,6.528930717952796e-06
17646,6.527981413761983e-06
17647,6.527032109682199e-06
17648,6.526079951885148e-06
17649,6.525129697454441e-06
17650,6.524176586530928e-06
17651,6.523227282340113e-06
17652,6.522280823317846e-06
17653,6.521336256115622e-06
17654,6.520385050556851e-06
17655,6.519442371510921e-06
17656,6.518490213824885e-06
17657,6.5175456466226595e-06
17658,6.516608609619115e-06
17659,6.515661203132515e-06
17660,6.514709045335465e-06
17661,6.51375688753841e-06
17662,6.512804729741359e-06
17663,6.511856374902255e-06
17664,6.510908968415666e-06
17665,6.509958713984961e-06
17666,6.50900845955426e-06
17667,6.508055348630751e-06
17668,6.5071022378182485e-06
17669,6.5061510321484644e-06
17670,6.505200777717771e-06
17671,6.5042457577657536e-06
17672,6.503290737813749e-06
17673,6.502340483383051e-06
17674,6.501395916180816e-06
17675,6.500448509694227e-06
17676,6.4994982552635224e-06
17677,6.4985480008328275e-06
17678,6.497600594346234e-06
17679,6.496651290155414e-06
17680,6.495698179231901e-06
17681,6.494746021545874e-06
17682,6.4937967173550654e-06
17683,6.4928426524168936e-06
17684,6.491893348226091e-06
17685,6.490943093795391e-06
17686,6.4899918881256e-06
17687,6.489038777202082e-06
17688,6.488084712263916e-06
17689,6.487132554466871e-06
17690,6.486184199627763e-06
17691,6.485233945197061e-06
17692,6.484279880258903e-06
17693,6.483329625828204e-06
17694,6.482374605876194e-06
17695,6.481423400206407e-06
17696,6.480473145775711e-06
17697,6.479528578684498e-06
17698,6.478576420887448e-06
17699,6.4776384459674896e-06
17700,6.476699532020906e-06
17701,6.4757577957763584e-06
17702,6.474802775824352e-06
17703,6.473848710886188e-06
17704,6.472895599962671e-06
17705,6.471942489039151e-06
17706,6.470989378115632e-06
17707,6.470036267192111e-06
17708,6.469083156379612e-06
17709,6.468130045456095e-06
17710,6.467175025504094e-06
17711,6.4662238198343e-06
17712,6.4652773607010136e-06
17713,6.464336566258665e-06
17714,6.463393887323756e-06
17715,6.462446480726132e-06
17716,6.461497176646348e-06
17717,6.460545018849295e-06
17718,6.459591907925777e-06
17719,6.45864260373496e-06
17720,6.45768758378296e-06
17721,6.456743016580721e-06
17722,6.4558050416607705e-06
17723,6.454866127825193e-06
17724,6.4539130169016835e-06
17725,6.452959905978161e-06
17726,6.452017227043252e-06
17727,6.451064116119727e-06
17728,6.45011100530723e-06
17729,6.449160750876542e-06
17730,6.448206685827352e-06
17731,6.447254528141324e-06
17732,6.446301417217808e-06
17733,6.445346397265791e-06
17734,6.444392332216613e-06
17735,6.443439221404113e-06
17736,6.44248706360706e-06
17737,6.441533952683539e-06
17738,6.440588440015385e-06
17739,6.439649526179811e-06
17740,6.438700221989003e-06
17741,6.437746157050837e-06
17742,6.436798750564239e-06
17743,6.43585134396662e-06
17744,6.434912430131059e-06
17745,6.433986575959955e-06
17746,6.433050475984637e-06
17747,6.432106853471175e-06
17748,6.431162286268938e-06
17749,6.4302158272466736e-06
17750,6.429264621576891e-06
17751,6.428315317386077e-06
17752,6.427372638451173e-06
17753,6.4264309022066215e-06
17754,6.42549292717565e-06
17755,6.4245493046621834e-06
17756,6.423605682148721e-06
17757,6.422663945793156e-06
17758,6.421724092153798e-06
17759,6.4207842384034225e-06
17760,6.419845324456826e-06
17761,6.418902645521923e-06
17762,6.41796279177154e-06
17763,6.417021055526998e-06
17764,6.4160774330135306e-06
17765,6.415134754078616e-06
17766,6.414193017834085e-06
17767,6.413250338899169e-06
17768,6.412307659964258e-06
17769,6.4113649809183164e-06
17770,6.410419468361187e-06
17771,6.409476789426274e-06
17772,6.40853127675811e-06
17773,6.407579118961056e-06
17774,6.406633606292901e-06
17775,6.4056861998063075e-06
17776,6.404734042009248e-06
17777,6.4037866355226595e-06
17778,6.402837331331846e-06
17779,6.401885173534794e-06
17780,6.400933015737738e-06
17781,6.399986556715474e-06
17782,6.399040097582186e-06
17783,6.398090793391374e-06
17784,6.397148114456463e-06
17785,6.396195956659408e-06
17786,6.395255162106041e-06
17787,6.394314367663694e-06
17788,6.393371688728772e-06
17789,6.392429009682841e-06
17790,6.391479705603057e-06
17791,6.390530401412246e-06
17792,6.3895772904887196e-06
17793,6.388634611553817e-06
17794,6.387692875309275e-06
17795,6.3867501963743544e-06
17796,6.3858018415352496e-06
17797,6.384848730611732e-06
17798,6.383895619688223e-06
17799,6.382944414018435e-06
17800,6.381992256332405e-06
17801,6.381039145408882e-06
17802,6.380087939739095e-06
17803,6.379135781942047e-06
17804,6.3781940456975076e-06
17805,6.377240934773986e-06
17806,6.376302020938412e-06
17807,6.375351766507714e-06
17808,6.3744090875728085e-06
17809,6.373464520481593e-06
17810,6.3725199532793695e-06
17811,6.371566842466875e-06
17812,6.370614684669816e-06
17813,6.369669172001657e-06
17814,6.36873494330725e-06
17815,6.367797906303707e-06
17816,6.366853339212495e-06
17817,6.365910660277585e-06
17818,6.364970806527202e-06
17819,6.364031892580613e-06
17820,6.363089213645698e-06
17821,6.362145591132237e-06
17822,6.361201968507761e-06
17823,6.360258345994299e-06
17824,6.3593222460189835e-06
17825,6.358397317662856e-06
17826,6.3574536951493946e-06
17827,6.3565194664549864e-06
17828,6.355579612704612e-06
17829,6.354641637784651e-06
17830,6.353701784034272e-06
17831,6.352761930283888e-06
17832,6.351822076533512e-06
17833,6.350880340288969e-06
17834,6.349937661354052e-06
17835,6.348994038840591e-06
17836,6.348046632242978e-06
17837,6.347096377923297e-06
17838,6.34614422012625e-06
17839,6.345191109202728e-06
17840,6.344237998279211e-06
17841,6.343284887355699e-06
17842,6.342331776543201e-06
17843,6.34137866561968e-06
17844,6.340425554696158e-06
17845,6.3394724437726416e-06
17846,6.338523139692851e-06
17847,6.337570981895804e-06
17848,6.336627359271316e-06
17849,6.335687505520934e-06
17850,6.334746711078591e-06
17851,6.333794553281534e-06
17852,6.332841442358022e-06
17853,6.3319025285224475e-06
17854,6.330951322852668e-06
17855,6.330002018661848e-06
17856,6.329049860864801e-06
17857,6.328106238351341e-06
17858,6.327164502106798e-06
17859,6.32621993490456e-06
17860,6.325272528417972e-06
17861,6.324324173578864e-06
17862,6.323374869388058e-06
17863,6.32242080444989e-06
17864,6.32147244961079e-06
17865,6.320523145419978e-06
17866,6.319570987622919e-06
17867,6.318622632783817e-06
17868,6.317670474986772e-06
17869,6.316720220556073e-06
17870,6.315767109632548e-06
17871,6.314814951835505e-06
17872,6.313865647644691e-06
17873,6.31291158270653e-06
17874,6.311958471783004e-06
17875,6.311005360970517e-06
17876,6.3100522500469995e-06
17877,6.309098185108835e-06
17878,6.30814793067813e-06
17879,6.307197676247429e-06
17880,6.3062464705776435e-06
17881,6.305295265018887e-06
17882,6.304345010588181e-06
17883,6.3033947561574834e-06
17884,6.302444501726789e-06
17885,6.301494247296091e-06
17886,6.300542089499036e-06
17887,6.29959183506834e-06
17888,6.2986396772712945e-06
17889,6.2976884717125276e-06
17890,6.29673821728183e-06
17891,6.295787011612044e-06
17892,6.29483390068852e-06
17893,6.2938836462578285e-06
17894,6.2929333918271235e-06
17895,6.291988824735921e-06
17896,6.29104046989681e-06
17897,6.290089264227031e-06
17898,6.289140909387928e-06
17899,6.288188751590877e-06
17900,6.287234686652713e-06
17901,6.286280621714547e-06
17902,6.285326556665356e-06
17903,6.284372491727194e-06
17904,6.283419380803682e-06
17905,6.282478586361329e-06
17906,6.281534963736847e-06
17907,6.2805828059397905e-06
17908,6.279630648142746e-06
17909,6.278680393823063e-06
17910,6.277745229876786e-06
17911,6.2767902099247806e-06
17912,6.275838052127723e-06
17913,6.274910343440071e-06
17914,6.273973306436527e-06
17915,6.2730221008777625e-06
17916,6.272076588209611e-06
17917,6.271139551206066e-06
17918,6.270185486267896e-06
17919,6.269233328470842e-06
17920,6.268280217547329e-06
17921,6.26733470499019e-06
17922,6.266388245856902e-06
17923,6.265445566921992e-06
17924,6.264493409124934e-06
17925,6.263544104934126e-06
17926,6.26260142599922e-06
17927,6.261656858908002e-06
17928,6.260713236283521e-06
17929,6.259772441730152e-06
17930,6.258821236171385e-06
17931,6.257870030501595e-06
17932,6.256915965563436e-06
17933,6.255964759893649e-06
17934,6.255011649081157e-06
17935,6.2540642424835386e-06
17936,6.253122506238994e-06
17937,6.252177939147791e-06
17938,6.251232426479622e-06
17939,6.2502812208098365e-06
17940,6.249335708252696e-06
17941,6.24838450258292e-06
17942,6.247432344785866e-06
17943,6.246484938299272e-06
17944,6.2455346838685665e-06
17945,6.244584429437876e-06
17946,6.2436341750071725e-06
17947,6.24268771587388e-06
17948,6.241745979629344e-06
17949,6.2408080047093844e-06
17950,6.2398587005185755e-06
17951,6.238908446087875e-06
17952,6.2379591418970606e-06
17953,6.237009837817276e-06
17954,6.2360605336264675e-06
17955,6.2351112294356525e-06
17956,6.2341619252448385e-06
17957,6.2332088143213184e-06
17958,6.2322595102415335e-06
17959,6.231309255810835e-06
17960,6.230360900860713e-06
17961,6.229411596780921e-06
17962,6.228460391111134e-06
17963,6.2275101366804415e-06
17964,6.226560832489628e-06
17965,6.225612477650525e-06
17966,6.224663173459713e-06
17967,6.22371481862061e-06
17968,6.222764564189908e-06
17969,6.221823769636538e-06
17970,6.220869704698375e-06
17971,6.219931729778417e-06
17972,6.218982425587602e-06
17973,6.218034070748506e-06
17974,6.217086664261901e-06
17975,6.216135458592124e-06
17976,6.215189945923961e-06
17977,6.2142387403651975e-06
17978,6.2132884859344975e-06
17979,6.212338231503799e-06
17980,6.211387025834016e-06
17981,6.2104367714033185e-06
17982,6.209495035158779e-06
17983,6.208540970220607e-06
17984,6.2075897645508215e-06
17985,6.206637606753775e-06
17986,6.205685448956716e-06
17987,6.204739936399581e-06
17988,6.203790632208767e-06
17989,6.2028413280179555e-06
17990,6.201889170220908e-06
17991,6.200940815381808e-06
17992,6.199990560951106e-06
17993,6.199040306520406e-06
17994,6.1980891008506225e-06
17995,6.197138846419921e-06
17996,6.196187640861163e-06
17997,6.195235483064111e-06
17998,6.19428427739432e-06
17999,6.193336870907731e-06
18000,6.192394191972817e-06
18001,6.191451513037905e-06
18002,6.190509776793368e-06
18003,6.189567097858453e-06
18004,6.188622530656222e-06
18005,6.1876722762255165e-06
18006,6.186725817203252e-06
18007,6.185778410716659e-06
18008,6.184829106525847e-06
18009,6.1838779008560565e-06
18010,6.182932388187899e-06
18011,6.181988765674436e-06
18012,6.18103851124374e-06
18013,6.180089207052931e-06
18014,6.179140852213823e-06
18015,6.178187741290304e-06
18016,6.177241282157024e-06
18017,6.1762919780772265e-06
18018,6.1753417236465375e-06
18019,6.174395264513248e-06
18020,6.173447858026649e-06
18021,6.172500451540052e-06
18022,6.171553044942439e-06
18023,6.170603740862647e-06
18024,6.1696563342650245e-06
18025,6.168708927778436e-06
18026,6.16775962358762e-06
18027,6.16681126874852e-06
18028,6.165861014317821e-06
18029,6.1649059943658145e-06
18030,6.163961427274596e-06
18031,6.163017804650115e-06
18032,6.1620656468530655e-06
18033,6.161115392422364e-06
18034,6.1601641868636045e-06
18035,6.159213932432903e-06
18036,6.15826367800221e-06
18037,6.15731342357151e-06
18038,6.1563622179017255e-06
18039,6.1554110123429595e-06
18040,6.154462657392838e-06
18041,6.153514302553728e-06
18042,6.152566896067133e-06
18043,6.1516147382700786e-06
18044,6.150661627346568e-06
18045,6.149709469549517e-06
18046,6.14875540461135e-06
18047,6.1478051501806485e-06
18048,6.14685489574995e-06
18049,6.145915981914382e-06
18050,6.144965727483691e-06
18051,6.144019268350399e-06
18052,6.143075645836934e-06
18053,6.142128239350343e-06
18054,6.141184616725854e-06
18055,6.14023721023926e-06
18056,6.139292643148055e-06
18057,6.138345236661457e-06
18058,6.13739593247065e-06
18059,6.136444726800857e-06
18060,6.135502047865952e-06
18061,6.1345536930268435e-06
18062,6.133611014091937e-06
18063,6.132660759661237e-06
18064,6.131710505230536e-06
18065,6.130761201039724e-06
18066,6.129817578526261e-06
18067,6.1288720658581076e-06
18068,6.127925606724811e-06
18069,6.1269810396336004e-06
18070,6.126036472431368e-06
18071,6.1250862181116955e-06
18072,6.124135963681004e-06
18073,6.123186659490191e-06
18074,6.122240200356903e-06
18075,6.121291845517792e-06
18076,6.120337780579628e-06
18077,6.119393213377399e-06
18078,6.1184448585383e-06
18079,6.117497452051705e-06
18080,6.116544341128183e-06
18081,6.115591230204659e-06
18082,6.1146447711824e-06
18083,6.1136935655126166e-06
18084,6.112743311081916e-06
18085,6.111792105412128e-06
18086,6.110841851092455e-06
18087,6.109891596661754e-06
18088,6.108941342231056e-06
18089,6.107991087800353e-06
18090,6.107044628667065e-06
18091,6.1060981695337835e-06
18092,6.105151710511516e-06
18093,6.104205251378228e-06
18094,6.103256896539127e-06
18095,6.102306642108425e-06
18096,6.101354484311373e-06
18097,6.1004004193732095e-06
18098,6.099453012775591e-06
18099,6.098502758344893e-06
18100,6.097551552786125e-06
18101,6.096604146299534e-06
18102,6.095654842108724e-06
18103,6.094702684311668e-06
18104,6.093753380120862e-06
18105,6.092804075930044e-06
18106,6.0918547718502555e-06
18107,6.0909007068010715e-06
18108,6.0899514027212865e-06
18109,6.089003047771162e-06
18110,6.088048982832991e-06
18111,6.08710252369971e-06
18112,6.086148458761539e-06
18113,6.085198204330843e-06
18114,6.084253637239636e-06
18115,6.083306230753038e-06
18116,6.082355976322341e-06
18117,6.081406672131533e-06
18118,6.0804535612080085e-06
18119,6.079500450284497e-06
18120,6.078547339471991e-06
18121,6.077597085041301e-06
18122,6.076645879371516e-06
18123,6.075695624940813e-06
18124,6.074757650020861e-06
18125,6.073808345830043e-06
18126,6.072859041639239e-06
18127,6.071914474548027e-06
18128,6.070968015414734e-06
18129,6.07001680974495e-06
18130,6.069067505665158e-06
18131,6.06811629999537e-06
18132,6.0671698408620856e-06
18133,6.0662271619271786e-06
18134,6.0652807029049106e-06
18135,6.064331398714099e-06
18136,6.063377333775935e-06
18137,6.062429927178312e-06
18138,6.061479672747619e-06
18139,6.060530368667832e-06
18140,6.05958106447702e-06
18141,6.058630810046315e-06
18142,6.0576852973781595e-06
18143,6.056741674864698e-06
18144,6.0557952157314034e-06
18145,6.054845911540597e-06
18146,6.0538994524073075e-06
18147,6.052950148327523e-06
18148,6.052000844136711e-06
18149,6.051050589706011e-06
18150,6.050100335275306e-06
18151,6.049150080844611e-06
18152,6.048202674358016e-06
18153,6.047252419927315e-06
18154,6.046302165496618e-06
18155,6.045352861305803e-06
18156,6.04440165574705e-06
18157,6.0434504500772565e-06
18158,6.042503043590661e-06
18159,6.0415584763884294e-06
18160,6.040615797453518e-06
18161,6.039673118518602e-06
18162,6.038721912959841e-06
18163,6.037770707290058e-06
18164,6.036819501620277e-06
18165,6.035868296061506e-06
18166,6.0349189918706995e-06
18167,6.0339677862009145e-06
18168,6.033014675388418e-06
18169,6.032065371197606e-06
18170,6.031117016358498e-06
18171,6.030173393734019e-06
18172,6.029227881065861e-06
18173,6.02828331397465e-06
18174,6.027339691461192e-06
18175,6.026390387270377e-06
18176,6.025440132839672e-06
18177,6.024491778000577e-06
18178,6.023547210798346e-06
18179,6.022601698130184e-06
18180,6.021659961885639e-06
18181,6.020708756326872e-06
18182,6.01976607739196e-06
18183,6.018819618258676e-06
18184,6.017873159125391e-06
18185,6.016931422880841e-06
18186,6.015985910212683e-06
18187,6.015042287699226e-06
18188,6.01409866507474e-06
18189,6.013157870632387e-06
18190,6.012209515682268e-06
18191,6.011263056660003e-06
18192,6.010318489457769e-06
18193,6.00937108297117e-06
18194,6.008423676484572e-06
18195,6.007480997549661e-06
18196,6.006532642710556e-06
18197,6.005579531787042e-06
18198,6.004631176947939e-06
18199,6.0036780660244204e-06
18200,6.002727811593727e-06
18201,6.001774700670204e-06
18202,6.000827294183608e-06
18203,5.999879887697009e-06
18204,5.998933428563722e-06
18205,5.997980317640203e-06
18206,5.997036695126749e-06
18207,5.996082630188583e-06
18208,5.995135223590968e-06
18209,5.994186868751859e-06
18210,5.993232803813701e-06
18211,5.992282549382998e-06
18212,5.991329438459477e-06
18213,5.9903801342686725e-06
18214,5.989439339826322e-06
18215,5.9884890853956165e-06
18216,5.987541678909023e-06
18217,5.986588567985511e-06
18218,5.9856392637946945e-06
18219,5.984691857308104e-06
18220,5.983746344639935e-06
18221,5.982801777548732e-06
18222,5.9818534225986084e-06
18223,5.980908855507396e-06
18224,5.979962396374111e-06
18225,5.979008331435946e-06
18226,5.978065652501035e-06
18227,5.9771210854098175e-06
18228,5.976176518207589e-06
18229,5.975228163368485e-06
18230,5.974287368815111e-06
18231,5.973342801723907e-06
18232,5.972397289055745e-06
18233,5.97144893421664e-06
18234,5.970510020381065e-06
18235,5.96956071619026e-06
18236,5.96861236135115e-06
18237,5.967672507600774e-06
18238,5.966734532569796e-06
18239,5.965795618734221e-06
18240,5.964851996220763e-06
18241,5.963904589623149e-06
18242,5.962957183136554e-06
18243,5.962014504201643e-06
18244,5.961072767957104e-06
18245,5.960134793037146e-06
18246,5.9591854888463345e-06
18247,5.958241866221852e-06
18248,5.957293511382745e-06
18249,5.956345156543642e-06
18250,5.955396801704535e-06
18251,5.9544484467544115e-06
18252,5.953498192434739e-06
18253,5.952556456079169e-06
18254,5.951609049592582e-06
18255,5.9506644825013674e-06
18256,5.949723687947997e-06
18257,5.94878289339462e-06
18258,5.947842098952274e-06
18259,5.946896586284114e-06
18260,5.945949179797515e-06
18261,5.945002720664226e-06
18262,5.944050562867177e-06
18263,5.943103156380585e-06
18264,5.942154801541477e-06
18265,5.941202643744427e-06
18266,5.940250485947376e-06
18267,5.9393002315166805e-06
18268,5.9383499770859805e-06
18269,5.937400672895166e-06
18270,5.936459878341789e-06
18271,5.935510574262005e-06
18272,5.934559368592218e-06
18273,5.933612909458927e-06
18274,5.932669286945473e-06
18275,5.931720931995346e-06
18276,5.930769726436576e-06
18277,5.929818520766794e-06
18278,5.928870165927687e-06
18279,5.9279218110885895e-06
18280,5.92697345624948e-06
18281,5.926023201818786e-06
18282,5.92507389762797e-06
18283,5.924126491141374e-06
18284,5.923179084543757e-06
18285,5.922230729704659e-06
18286,5.921279524145898e-06
18287,5.920325459096707e-06
18288,5.9193771042576085e-06
18289,5.918423993334093e-06
18290,5.917470882521593e-06
18291,5.916520628090888e-06
18292,5.915570373660194e-06
18293,5.9146229671736e-06
18294,5.913671761503818e-06
18295,5.912721507073113e-06
18296,5.911775047939823e-06
18297,5.910824793509125e-06
18298,5.909874539078433e-06
18299,5.908929971987222e-06
18300,5.9079787663174335e-06
18301,5.9070266086314075e-06
18302,5.90607730444059e-06
18303,5.905129897954001e-06
18304,5.904180593763183e-06
18305,5.903230339332485e-06
18306,5.902280084901793e-06
18307,5.9013326784151926e-06
18308,5.900382423984495e-06
18309,5.899432169553802e-06
18310,5.898480963884015e-06
18311,5.897530709453311e-06
18312,5.896582354614205e-06
18313,5.8956387321007514e-06
18314,5.894695109476263e-06
18315,5.893745805285451e-06
18316,5.892795550854755e-06
18317,5.891846246774971e-06
18318,5.890895992344272e-06
18319,5.8899428814207485e-06
18320,5.888997368752587e-06
18321,5.888048064561778e-06
18322,5.8871016055395165e-06
18323,5.886157038337284e-06
18324,5.885208683498175e-06
18325,5.88425937930737e-06
18326,5.883311972820774e-06
18327,5.8823607671509865e-06
18328,5.881411463071198e-06
18329,5.8804612086405e-06
18330,5.8795109542098015e-06
18331,5.8785606997790964e-06
18332,5.877610445348398e-06
18333,5.876660190917705e-06
18334,5.875708985247923e-06
18335,5.874758730817222e-06
18336,5.873810375978121e-06
18337,5.872860121547419e-06
18338,5.871915554456205e-06
18339,5.8709728755213015e-06
18340,5.870026416388011e-06
18341,5.8690780615489055e-06
18342,5.868127807118208e-06
18343,5.867185128183293e-06
18344,5.86624433362992e-06
18345,5.865300711116464e-06
18346,5.864350456685761e-06
18347,5.863400202255065e-06
18348,5.862449947824368e-06
18349,5.861501592985267e-06
18350,5.860553238146163e-06
18351,5.859604883196032e-06
18352,5.8586546287653346e-06
18353,5.857705324685549e-06
18354,5.8567550702548445e-06
18355,5.855802912457797e-06
18356,5.854854557618696e-06
18357,5.8539052534278815e-06
18358,5.8529559492370725e-06
18359,5.852006645046255e-06
18360,5.85105639061556e-06
18361,5.850108035776458e-06
18362,5.8491644132630006e-06
18363,5.848219846060766e-06
18364,5.847271491221666e-06
18365,5.846322187030849e-06
18366,5.8453681220926825e-06
18367,5.844418817901874e-06
18368,5.843473305233713e-06
18369,5.842527792676574e-06
18370,5.84158228000842e-06
18371,5.840636767340257e-06
18372,5.839691254672101e-06
18373,5.838744795649834e-06
18374,5.837795491459017e-06
18375,5.83684713661992e-06
18376,5.835898781669789e-06
18377,5.83495042683069e-06
18378,5.834002071991586e-06
18379,5.8330537171524785e-06
18380,5.832104412961664e-06
18381,5.83115510877086e-06
18382,5.83020580458005e-06
18383,5.829253646782991e-06
18384,5.828305291943895e-06
18385,5.827356937104788e-06
18386,5.826408582265688e-06
18387,5.825458327834991e-06
18388,5.824509023644175e-06
18389,5.823558769213474e-06
18390,5.822608514782778e-06
18391,5.821662055649494e-06
18392,5.820715596627224e-06
18393,5.819768190029609e-06
18394,5.818818885949816e-06
18395,5.817864820900635e-06
18396,5.816919308343498e-06
18397,5.815970004152681e-06
18398,5.815024491484522e-06
18399,5.814076136645414e-06
18400,5.813129677512127e-06
18401,5.812178471953365e-06
18402,5.811232012820082e-06
18403,5.810284606333483e-06
18404,5.8093390936653205e-06
18405,5.808392634532037e-06
18406,5.8074442796929296e-06
18407,5.806495924853822e-06
18408,5.8055475699037e-06
18409,5.804599215064599e-06
18410,5.803650860225494e-06
18411,5.802699654555705e-06
18412,5.8017484489969445e-06
18413,5.800801042510355e-06
18414,5.79985173831954e-06
18415,5.798902434128733e-06
18416,5.797960697884186e-06
18417,5.797009492214404e-06
18418,5.7960601880235885e-06
18419,5.795108030226538e-06
18420,5.794158726146749e-06
18421,5.793210371196626e-06
18422,5.792262016357519e-06
18423,5.791316503689357e-06
18424,5.790370991132222e-06
18425,5.789422636182097e-06
18426,5.788474281342993e-06
18427,5.787524026912297e-06
18428,5.786569961974134e-06
18429,5.78562350284084e-06
18430,5.784675148001734e-06
18431,5.7837286888684486e-06
18432,5.782782229846189e-06
18433,5.781833874896062e-06
18434,5.780885520056954e-06
18435,5.77994378381241e-06
18436,5.779003930062034e-06
18437,5.778055575222928e-06
18438,5.777113838978386e-06
18439,5.776161681181339e-06
18440,5.775213326342228e-06
18441,5.774269703717749e-06
18442,5.773326081204289e-06
18443,5.7723786747176964e-06
18444,5.771430319767569e-06
18445,5.770481964928468e-06
18446,5.769535505795176e-06
18447,5.768586201715385e-06
18448,5.767635947284686e-06
18449,5.766686643093872e-06
18450,5.765743964158969e-06
18451,5.764803169605591e-06
18452,5.763859547092132e-06
18453,5.762917810847592e-06
18454,5.761974188223105e-06
18455,5.761032451978565e-06
18456,5.76008882935408e-06
18457,5.759147093109544e-06
18458,5.75820347059608e-06
18459,5.757261734351539e-06
18460,5.7563181117270545e-06
18461,5.7553650008035345e-06
18462,5.754413795244774e-06
18463,5.753462589574987e-06
18464,5.752518022483777e-06
18465,5.751573455392566e-06
18466,5.750625100442439e-06
18467,5.7496729426453905e-06
18468,5.748731206400849e-06
18469,5.7477856937326834e-06
18470,5.746833536046658e-06
18471,5.745890857000727e-06
18472,5.744949120756181e-06
18473,5.744003608199039e-06
18474,5.743051450401991e-06
18475,5.7421049912687064e-06
18476,5.741157584782111e-06
18477,5.740211125648823e-06
18478,5.739264666515529e-06
18479,5.7383134609567626e-06
18480,5.7373651060066456e-06
18481,5.736416751167542e-06
18482,5.735471238499383e-06
18483,5.734521934419591e-06
18484,5.7335735794694625e-06
18485,5.732627120447201e-06
18486,5.731679713849583e-06
18487,5.7307389194072326e-06
18488,5.7297924602739406e-06
18489,5.728845053787341e-06
18490,5.7278985946540615e-06
18491,5.726947388984274e-06
18492,5.7260037664708065e-06
18493,5.725051608673756e-06
18494,5.724099450876707e-06
18495,5.723147293079659e-06
18496,5.722195135282604e-06
18497,5.721242977485552e-06
18498,5.7202993549720915e-06
18499,5.719357618727554e-06
18500,5.718411159594256e-06
18501,5.71746659250305e-06
18502,5.71652391356814e-06
18503,5.715575558729037e-06
18504,5.714629099595747e-06
18505,5.713682640462462e-06
18506,5.712733336271647e-06
18507,5.71178592978505e-06
18508,5.7108394706517654e-06
18509,5.709896791716847e-06
18510,5.70895127915971e-06
18511,5.708005766491551e-06
18512,5.707055512060854e-06
18513,5.706109052927566e-06
18514,5.705160698088466e-06
18515,5.704209492418679e-06
18516,5.703256381495157e-06
18517,5.702303270682668e-06
18518,5.701350159759148e-06
18519,5.700399905328451e-06
18520,5.699451550489341e-06
18521,5.698501296058644e-06
18522,5.697551991867833e-06
18523,5.69659888094432e-06
18524,5.695649576864527e-06
18525,5.6946993224338255e-06
18526,5.693750018243015e-06
18527,5.692795953304848e-06
18528,5.691841888255669e-06
18529,5.6908916338249724e-06
18530,5.689941379505287e-06
18531,5.689003404474312e-06
18532,5.688055997987723e-06
18533,5.687105743557024e-06
18534,5.686154537887235e-06
18535,5.6852033323284675e-06
18536,5.684252126658685e-06
18537,5.683301872227986e-06
18538,5.6823516177972835e-06
18539,5.681401363366588e-06
18540,5.680448252554097e-06
18541,5.679497998123399e-06
18542,5.6785458403263425e-06
18543,5.677592729402822e-06
18544,5.676645322916229e-06
18545,5.675694117246446e-06
18546,5.674741959449391e-06
18547,5.673805859474075e-06
18548,5.6728546539153174e-06
18549,5.671900588977152e-06
18550,5.670953182379529e-06
18551,5.670001976820771e-06
18552,5.669049819023722e-06
18553,5.668104306355554e-06
18554,5.6671663314356024e-06
18555,5.666231167600345e-06
18556,5.665282812650218e-06
18557,5.664334457811115e-06
18558,5.663386102972012e-06
18559,5.662435848541311e-06
18560,5.6614874937022074e-06
18561,5.660537239271516e-06
18562,5.659586984840813e-06
18563,5.658644305905903e-06
18564,5.6577006832814175e-06
18565,5.656755170724279e-06
18566,5.655805866533466e-06
18567,5.654857511694364e-06
18568,5.6539091567442395e-06
18569,5.652958902313542e-06
18570,5.652007696754778e-06
18571,5.6510583925639705e-06
18572,5.650109088373159e-06
18573,5.6491626293508935e-06
18574,5.64821427440076e-06
18575,5.6472611635882686e-06
18576,5.646307098539081e-06
18577,5.645354940742032e-06
18578,5.644407534255433e-06
18579,5.6434563286966755e-06
18580,5.642508922099056e-06
18581,5.641558667668359e-06
18582,5.640607462109593e-06
18583,5.639661002976308e-06
18584,5.638709797306518e-06
18585,5.637764284749384e-06
18586,5.636819717547145e-06
18587,5.635882680543602e-06
18588,5.634950319466368e-06
18589,5.634008583221832e-06
18590,5.633065904175889e-06
18591,5.632114698617133e-06
18592,5.631164444186435e-06
18593,5.630218931518272e-06
18594,5.629271525031673e-06
18595,5.628326012363516e-06
18596,5.627384276118978e-06
18597,5.626447239115424e-06
18598,5.625498884276325e-06
18599,5.624558089722954e-06
18600,5.6236172951695815e-06
18601,5.622678381334013e-06
18602,5.6217366450894684e-06
18603,5.620794908844932e-06
18604,5.61985411429156e-06
18605,5.6189114353566455e-06
18606,5.617968756421736e-06
18607,5.6170260774868205e-06
18608,5.616083398551906e-06
18609,5.615141662307365e-06
18610,5.614199925951805e-06
18611,5.613253466929537e-06
18612,5.612307007796248e-06
18613,5.611360548662962e-06
18614,5.610414089640693e-06
18615,5.609467630507406e-06
18616,5.608522117839239e-06
18617,5.607573763000144e-06
18618,5.606632968446773e-06
18619,5.605691232202229e-06
18620,5.60474287736312e-06
18621,5.6037964182298356e-06
18622,5.602845212560043e-06
18623,5.601894007001283e-06
18624,5.600942801331497e-06
18625,5.599991595661713e-06
18626,5.5990403901029495e-06
18627,5.598092035263845e-06
18628,5.597154998260298e-06
18629,5.596209485592141e-06
18630,5.595265862967662e-06
18631,5.594322240454198e-06
18632,5.593378617940737e-06
18633,5.5924349953162525e-06
18634,5.591489482648091e-06
18635,5.5905439700909545e-06
18636,5.589591812293903e-06
18637,5.588641557863203e-06
18638,5.587692253672397e-06
18639,5.5867448471857975e-06
18640,5.5858049934354196e-06
18641,5.584857586948824e-06
18642,5.583914908013912e-06
18643,5.5829731716583495e-06
18644,5.582029549144888e-06
18645,5.581090635309315e-06
18646,5.580140380878618e-06
18647,5.579189175208828e-06
18648,5.578249321458449e-06
18649,5.577313221483137e-06
18650,5.576365814996543e-06
18651,5.575425961246164e-06
18652,5.574493600168927e-06
18653,5.573555625137954e-06
18654,5.572615771387572e-06
18655,5.571681542693164e-06
18656,5.570741689053805e-06
18657,5.5698027751072115e-06
18658,5.568862921356836e-06
18659,5.5679117157980735e-06
18660,5.566961461367369e-06
18661,5.566010255697582e-06
18662,5.5650600012668894e-06
18663,5.5641087957081175e-06
18664,5.5631585412774226e-06
18665,5.562207335607641e-06
18666,5.561257081176938e-06
18667,5.560303016238779e-06
18668,5.559349905315259e-06
18669,5.5583986997565e-06
18670,5.557448445325801e-06
18671,5.556497239656013e-06
18672,5.555558325820443e-06
18673,5.55461847207006e-06
18674,5.553678618319684e-06
18675,5.552735939384773e-06
18676,5.55179420314023e-06
18677,5.550843948709526e-06
18678,5.5499012697746195e-06
18679,5.548960475221244e-06
18680,5.548018738976705e-06
18681,5.5470732263085435e-06
18682,5.546125819821948e-06
18683,5.5451717548837795e-06
18684,5.544230960330407e-06
18685,5.543283553843811e-06
18686,5.542332348174031e-06
18687,5.541381142615263e-06
18688,5.540430888184571e-06
18689,5.539477777261046e-06
18690,5.538527522830347e-06
18691,5.537576317160562e-06
18692,5.536625111601797e-06
18693,5.535673905932015e-06
18694,5.5347227002622316e-06
18695,5.533772445942557e-06
18696,5.5328231417517415e-06
18697,5.531871936081952e-06
18698,5.530925476948668e-06
18699,5.529976172868877e-06
18700,5.529025918438183e-06
18701,5.528075664007481e-06
18702,5.5271263598166715e-06
18703,5.526176105385975e-06
18704,5.525225850955269e-06
18705,5.524273693158221e-06
18706,5.52332248759946e-06
18707,5.522373183408648e-06
18708,5.521425776922052e-06
18709,5.52047552249135e-06
18710,5.519521457442164e-06
18711,5.518567392504006e-06
18712,5.517614281580486e-06
18713,5.516662123894453e-06
18714,5.5157080588452734e-06
18715,5.514767264402922e-06
18716,5.513815106605866e-06
18717,5.512873370361326e-06
18718,5.511934456414733e-06
18719,5.5109983564394185e-06
18720,5.5100613194358755e-06
18721,5.509110113877114e-06
18722,5.5081683776325735e-06
18723,5.507227583079196e-06
18724,5.5062849041442925e-06
18725,5.505343167899742e-06
18726,5.504400488964838e-06
18727,5.503461575018239e-06
18728,5.502515115995975e-06
18729,5.5015667610458524e-06
18730,5.500620302023587e-06
18731,5.4996719470734564e-06
18732,5.4987235922343575e-06
18733,5.497775237395249e-06
18734,5.496826882556146e-06
18735,5.49588042342286e-06
18736,5.494933016936262e-06
18737,5.493986557802975e-06
18738,5.4930476439674115e-06
18739,5.49209548617036e-06
18740,5.4911433283733055e-06
18741,5.490205353342328e-06
18742,5.489258894320063e-06
18743,5.488309590129244e-06
18744,5.487365967615787e-06
18745,5.4864195084825036e-06
18746,5.4854692540518044e-06
18747,5.484529400301423e-06
18748,5.483591425381462e-06
18749,5.482649689025898e-06
18750,5.481696578213402e-06
18751,5.4807529555889215e-06
18752,5.4797998447764254e-06
18753,5.478847686979374e-06
18754,5.477903119777141e-06
18755,5.476956660754875e-06
18756,5.476003549831356e-06
18757,5.475056143344756e-06
18758,5.474107788394632e-06
18759,5.473158484314845e-06
18760,5.472212971646683e-06
18761,5.47126366745587e-06
18762,5.4703143632650625e-06
18763,5.4693650590742485e-06
18764,5.46841765258765e-06
18765,5.46746834839684e-06
18766,5.466518093966146e-06
18767,5.46556878988635e-06
18768,5.464618535455657e-06
18769,5.46366732978587e-06
18770,5.462719923299274e-06
18771,5.461767765502223e-06
18772,5.4608156077051675e-06
18773,5.459863449908117e-06
18774,5.458911292111068e-06
18775,5.457960086552309e-06
18776,5.457007928755249e-06
18777,5.456057674324555e-06
18778,5.455105516527502e-06
18779,5.454158110040912e-06
18780,5.453206904371125e-06
18781,5.452264225436207e-06
18782,5.451313019766422e-06
18783,5.450375044846471e-06
18784,5.449422887049414e-06
18785,5.4484716814906545e-06
18786,5.4475327675440636e-06
18787,5.4465834633532495e-06
18788,5.4456454884332885e-06
18789,5.444696184242479e-06
18790,5.443762889800755e-06
18791,5.4428107320037e-06
18792,5.44186993745033e-06
18793,5.4409187318915625e-06
18794,5.439981694888021e-06
18795,5.439031440457325e-06
18796,5.438084981324028e-06
18797,5.437135677133222e-06
18798,5.436184471574459e-06
18799,5.435239904372228e-06
18800,5.434294391815084e-06
18801,5.433343186145304e-06
18802,5.432396727012008e-06
18803,5.431449320525419e-06
18804,5.430509466775038e-06
18805,5.429567730530491e-06
18806,5.4286241080170345e-06
18807,5.427672902347243e-06
18808,5.426722647916547e-06
18809,5.425769536993028e-06
18810,5.4248230779707615e-06
18811,5.423869967047243e-06
18812,5.422919712616552e-06
18813,5.421972306129953e-06
18814,5.421023951179826e-06
18815,5.4200831567374806e-06
18816,5.419139534112989e-06
18817,5.4181883285542264e-06
18818,5.4172361707571815e-06
18819,5.416284012960123e-06
18820,5.415342276715589e-06
18821,5.414400540471048e-06
18822,5.413452185520916e-06
18823,5.412507618429707e-06
18824,5.4115668238763365e-06
18825,5.41062602932296e-06
18826,5.409685234880611e-06
18827,5.408744440327244e-06
18828,5.407797981193949e-06
18829,5.406849626354847e-06
18830,5.405901271515747e-06
18831,5.404951967324934e-06
18832,5.404003612485835e-06
18833,5.403053358055131e-06
18834,5.402104053864316e-06
18835,5.401153799433626e-06
18836,5.400201641636575e-06
18837,5.399251387205875e-06
18838,5.39830018164711e-06
18839,5.397357502712199e-06
18840,5.396413880087713e-06
18841,5.395470257574258e-06
18842,5.3945237984409636e-06
18843,5.393577339307676e-06
18844,5.3926270848769775e-06
18845,5.391677780797188e-06
18846,5.3907265751274025e-06
18847,5.389776320696705e-06
18848,5.388826066266007e-06
18849,5.387878659779408e-06
18850,5.386932200646126e-06
18851,5.38598952171121e-06
18852,5.385044009043046e-06
18853,5.3840984964859075e-06
18854,5.383160521454936e-06
18855,5.3822159543637235e-06
18856,5.381269495230438e-06
18857,5.380319240799734e-06
18858,5.379375618286279e-06
18859,5.378431995661795e-06
18860,5.377486482993633e-06
18861,5.376534325307603e-06
18862,5.375583119637817e-06
18863,5.3746338154470095e-06
18864,5.373683561016309e-06
18865,5.37273425682549e-06
18866,5.371784952745705e-06
18867,5.370835648554896e-06
18868,5.369885394124197e-06
18869,5.3689360899333874e-06
18870,5.367985835502684e-06
18871,5.367038429016095e-06
18872,5.366090074176992e-06
18873,5.365140769986178e-06
18874,5.364190515555476e-06
18875,5.363241211364663e-06
18876,5.362290956933966e-06
18877,5.361338799136919e-06
18878,5.360388544706217e-06
18879,5.35943733914745e-06
18880,5.3584899326608576e-06
18881,5.3575425260632414e-06
18882,5.356595119576645e-06
18883,5.35564676473754e-06
18884,5.354701252069378e-06
18885,5.353750997638687e-06
18886,5.352798839841637e-06
18887,5.351845729029139e-06
18888,5.350904934475766e-06
18889,5.349955630284955e-06
18890,5.349008223798356e-06
18891,5.348058919607541e-06
18892,5.347109615416736e-06
18893,5.346160311225919e-06
18894,5.345210056906248e-06
18895,5.344259802475548e-06
18896,5.3433085968057575e-06
18897,5.342358342375061e-06
18898,5.3414156634401505e-06
18899,5.340476749604587e-06
18900,5.339525543934799e-06
18901,5.338572433011281e-06
18902,5.337621227452518e-06
18903,5.336670973021817e-06
18904,5.33571976735203e-06
18905,5.334768561682247e-06
18906,5.333822102659983e-06
18907,5.332874696173388e-06
18908,5.3319301289711535e-06
18909,5.330984616302996e-06
18910,5.330039103745857e-06
18911,5.329090748795724e-06
18912,5.328144289773466e-06
18913,5.327197830640178e-06
18914,5.326249475801074e-06
18915,5.325300171610259e-06
18916,5.324351816771155e-06
18917,5.323402512580344e-06
18918,5.322453208389529e-06
18919,5.321507695721368e-06
18920,5.320554584908878e-06
18921,5.319610017706647e-06
18922,5.318666395193182e-06
18923,5.31772560063981e-06
18924,5.31678197812635e-06
18925,5.315835518993062e-06
18926,5.314882408069542e-06
18927,5.3139350015829495e-06
18928,5.31298854244966e-06
18929,5.312043029781502e-06
18930,5.311092775350802e-06
18931,5.310145368864209e-06
18932,5.309196064673398e-06
18933,5.308247709834288e-06
18934,5.307299354995185e-06
18935,5.306351000156082e-06
18936,5.305399794486303e-06
18937,5.304448588927532e-06
18938,5.303497383257751e-06
18939,5.302547128827051e-06
18940,5.301598773987947e-06
18941,5.300649469797132e-06
18942,5.299700165606329e-06
18943,5.2987508614155115e-06
18944,5.297801557335723e-06
18945,5.296852253144916e-06
18946,5.295902948954097e-06
18947,5.294955542467502e-06
18948,5.2940081359809125e-06
18949,5.293055025057387e-06
18950,5.292106670218288e-06
18951,5.291158315268159e-06
18952,5.29020996042906e-06
18953,5.289261605589957e-06
18954,5.288317038498744e-06
18955,5.287367734307931e-06
18956,5.286418430117125e-06
18957,5.285467224447341e-06
18958,5.2845188696082354e-06
18959,5.2835743025170245e-06
18960,5.282629735314793e-06
18961,5.281677577517741e-06
18962,5.280725419831707e-06
18963,5.279776115640904e-06
18964,5.278823957843845e-06
18965,5.277874653653034e-06
18966,5.276927247166442e-06
18967,5.275979840679843e-06
18968,5.275031485729719e-06
18969,5.27408502670745e-06
18970,5.273134772276752e-06
18971,5.272182614479706e-06
18972,5.271232360049009e-06
18973,5.270282105618307e-06
18974,5.269331851187607e-06
18975,5.268385392054317e-06
18976,5.267440824963113e-06
18977,5.266490570532409e-06
18978,5.2655412663416035e-06
18979,5.264592911502497e-06
18980,5.263640753705442e-06
18981,5.262699017460903e-06
18982,5.261750662621796e-06
18983,5.2608070399973156e-06
18984,5.2598605809750475e-06
18985,5.258907470051537e-06
18986,5.257960063564936e-06
18987,5.257013604431646e-06
18988,5.256067145298364e-06
18989,5.255120686276094e-06
18990,5.25417327967848e-06
18991,5.253225873191878e-06
18992,5.252280360523723e-06
18993,5.251332005684621e-06
18994,5.250381751253922e-06
18995,5.249436238585762e-06
18996,5.248490726028618e-06
18997,5.247539520358839e-06
18998,5.246597784114296e-06
18999,5.245651324981e-06
19000,5.24470770246754e-06
19001,5.243765966111979e-06
19002,5.2428185596253866e-06
19003,5.241873992534172e-06
19004,5.2409275334008845e-06
19005,5.239977278970187e-06
19006,5.2390270245394845e-06
19007,5.2380815119823476e-06
19008,5.237135999314194e-06
19009,5.236190486646029e-06
19010,5.235238328848983e-06
19011,5.2342861710519315e-06
19012,5.2333340132548756e-06
19013,5.232386606768279e-06
19014,5.23144014763499e-06
19015,5.230492741148395e-06
19016,5.229546282015107e-06
19017,5.228600769457969e-06
19018,5.227650515027273e-06
19019,5.226701210836459e-06
19020,5.225752855997352e-06
19021,5.224810177062448e-06
19022,5.223857066138923e-06
19023,5.2229143872040166e-06
19024,5.221966032364913e-06
19025,5.221014826695122e-06
19026,5.220066471856026e-06
19027,5.219114314058966e-06
19028,5.218167854925685e-06
19029,5.217221395792393e-06
19030,5.216274936770124e-06
19031,5.215331314145643e-06
19032,5.214382959306544e-06
19033,5.213440280371633e-06
19034,5.212494767703471e-06
19035,5.211551145190009e-06
19036,5.210603738703415e-06
19037,5.209658226035252e-06
19038,5.208713658833019e-06
19039,5.207769091741805e-06
19040,5.206824524650601e-06
19041,5.20587995744837e-06
19042,5.20493539035716e-06
19043,5.2039889312238685e-06
19044,5.203039627033056e-06
19045,5.202096004519596e-06
19046,5.201151437428383e-06
19047,5.200204978295102e-06
19048,5.1992622993601864e-06
19049,5.198313944521079e-06
19050,5.197362738851294e-06
19051,5.196419116337832e-06
19052,5.195469812147029e-06
19053,5.194521457307919e-06
19054,5.193575944639758e-06
19055,5.192625690209059e-06
19056,5.191684895655691e-06
19057,5.19074032856448e-06
19058,5.1897967059399966e-06
19059,5.188850246917731e-06
19060,5.187902840320117e-06
19061,5.18695448548101e-06
19062,5.186008972812849e-06
19063,5.1850606179737485e-06
19064,5.184111313782936e-06
19065,5.183162958943829e-06
19066,5.182220280008922e-06
19067,5.181269074339136e-06
19068,5.1803178687803674e-06
19069,5.1793685645895635e-06
19070,5.178417358919777e-06
19071,5.17746805483998e-06
19072,5.176516849170195e-06
19073,5.175566594739496e-06
19074,5.1746163403088045e-06
19075,5.173666085878105e-06
19076,5.172714880319336e-06
19077,5.171767473721721e-06
19078,5.170827620082362e-06
19079,5.169884941036431e-06
19080,5.168942262101516e-06
19081,5.167998639588058e-06
19082,5.167052180454769e-06
19083,5.1661057214325e-06
19084,5.1651620988080225e-06
19085,5.164218476294558e-06
19086,5.163267270624772e-06
19087,5.162318915785669e-06
19088,5.161369611594857e-06
19089,5.160422205108258e-06
19090,5.159471950677567e-06
19091,5.1585207450077775e-06
19092,5.1575771224943125e-06
19093,5.156637268743934e-06
19094,5.155696474190561e-06
19095,5.154751907099357e-06
19096,5.1538092281644384e-06
19097,5.1528712531334586e-06
19098,5.151924794111199e-06
19099,5.150973588441413e-06
19100,5.150029021350199e-06
19101,5.149081614752581e-06
19102,5.148134208265987e-06
19103,5.147186801779395e-06
19104,5.146237497588576e-06
19105,5.145291984920418e-06
19106,5.144344578433824e-06
19107,5.143397171947227e-06
19108,5.142446917516529e-06
19109,5.141497613325723e-06
19110,5.140556818883366e-06
19111,5.13960751469256e-06
19112,5.1386629474903245e-06
19113,5.137714592651224e-06
19114,5.136777555647674e-06
19115,5.135828251567883e-06
19116,5.134880844970265e-06
19117,5.133933438483673e-06
19118,5.132985083644567e-06
19119,5.132039570976414e-06
19120,5.13108931654571e-06
19121,5.130139062115015e-06
19122,5.129193549557872e-06
19123,5.128246142960261e-06
19124,5.127298736473658e-06
19125,5.126354169382456e-06
19126,5.125404865191636e-06
19127,5.124455561000825e-06
19128,5.123508154514233e-06
19129,5.122559799675129e-06
19130,5.12160954524443e-06
19131,5.120657387447384e-06
19132,5.119709980960788e-06
19133,5.118764468292623e-06
19134,5.117815164101814e-06
19135,5.1168668092627076e-06
19136,5.1159175050719e-06
19137,5.114969150232798e-06
19138,5.114020795393691e-06
19139,5.113070540962997e-06
19140,5.112122186123891e-06
19141,5.111172881933078e-06
19142,5.110224527093977e-06
19143,5.109275222903165e-06
19144,5.108329710235009e-06
19145,5.1073804060441955e-06
19146,5.106432051205086e-06
19147,5.105484644718498e-06
19148,5.104537238231898e-06
19149,5.103587934041084e-06
19150,5.102640527554495e-06
19151,5.101692172604364e-06
19152,5.100743817765261e-06
19153,5.09979451357445e-06
19154,5.098844259143754e-06
19155,5.097899692052545e-06
19156,5.0969541793843865e-06
19157,5.096006772897786e-06
19158,5.0950574687069735e-06
19159,5.094105310909921e-06
19160,5.093157904423331e-06
19161,5.092210497936733e-06
19162,5.091265930845522e-06
19163,5.090318524247908e-06
19164,5.089369220168115e-06
19165,5.088423707499954e-06
19166,5.087476301013361e-06
19167,5.086528894415743e-06
19168,5.085581487929148e-06
19169,5.084634081442549e-06
19170,5.083682875772766e-06
19171,5.082738308681553e-06
19172,5.081788054250858e-06
19173,5.080840647764266e-06
19174,5.079896080562033e-06
19175,5.078949621539763e-06
19176,5.0780003173489485e-06
19177,5.077049111679164e-06
19178,5.076100756840065e-06
19179,5.075151452649247e-06
19180,5.074200247090484e-06
19181,5.073249041420704e-06
19182,5.072299737229894e-06
19183,5.071348531671131e-06
19184,5.070399227480316e-06
19185,5.069448973049618e-06
19186,5.068499668858807e-06
19187,5.0675522623722085e-06
19188,5.0666029581814e-06
19189,5.065655551694807e-06
19190,5.064704346025016e-06
19191,5.0637559911859185e-06
19192,5.062809532052624e-06
19193,5.0618630730303585e-06
19194,5.06091661389707e-06
19195,5.05997015476378e-06
19196,5.059023695630491e-06
19197,5.058076289143895e-06
19198,5.057127934304792e-06
19199,5.056180527818196e-06
19200,5.055231223627391e-06
19201,5.054280969196691e-06
19202,5.053331665005878e-06
19203,5.05237855419338e-06
19204,5.051425443269864e-06
19205,5.050480876067627e-06
19206,5.049529670508872e-06
19207,5.048579416078171e-06
19208,5.047630111887359e-06
19209,5.046680807696546e-06
19210,5.045728649899494e-06
19211,5.044781243412901e-06
19212,5.043830988982203e-06
19213,5.042886421890988e-06
19214,5.041936167460296e-06
19215,5.04099254494683e-06
19216,5.040043240756018e-06
19217,5.0390986735537845e-06
19218,5.038151267067195e-06
19219,5.037205754399035e-06
19220,5.036257399559929e-06
19221,5.03530809536912e-06
19222,5.034358791289329e-06
19223,5.033410436339203e-06
19224,5.032461132259416e-06
19225,5.031515619591249e-06
19226,5.030572940656345e-06
19227,5.029632146102972e-06
19228,5.028686633434806e-06
19229,5.0277411207666515e-06
19230,5.02679181668686e-06
19231,5.025843461736734e-06
19232,5.024894157656949e-06
19233,5.023945802706823e-06
19234,5.022995548276122e-06
19235,5.02204339059009e-06
19236,5.021095035639968e-06
19237,5.020142877842912e-06
19238,5.019193573763121e-06
19239,5.01824616716551e-06
19240,5.017296863085715e-06
19241,5.016351350417554e-06
19242,5.015407727793073e-06
19243,5.01446032130648e-06
19244,5.013513862173188e-06
19245,5.0125674031509266e-06
19246,5.011620944017633e-06
19247,5.01067543134948e-06
19248,5.009726127158664e-06
19249,5.00878909026614e-06
19250,5.007853926319857e-06
19251,5.0069027207611e-06
19252,5.0059553142745e-06
19253,5.0050079076768805e-06
19254,5.004061448654619e-06
19255,5.003116881452386e-06
19256,5.002170422430115e-06
19257,5.001223963296833e-06
19258,5.000274659106018e-06
19259,4.999328199972733e-06
19260,4.998381740950465e-06
19261,4.997435281817173e-06
19262,4.996488822683883e-06
19263,4.9955414161972885e-06
19264,4.994593061358188e-06
19265,4.9936447065190865e-06
19266,4.992692548722032e-06
19267,4.991747036053869e-06
19268,4.990801523385715e-06
19269,4.989854116899119e-06
19270,4.988908604230954e-06
19271,4.98796403713975e-06
19272,4.987016630653148e-06
19273,4.986071117984992e-06
19274,4.985123711498393e-06
19275,4.984178198830234e-06
19276,4.983230792343643e-06
19277,4.982285279675483e-06
19278,4.981337873188886e-06
19279,4.9803904665912685e-06
19280,4.979448730346724e-06
19281,4.978507935793355e-06
19282,4.9775614767710854e-06
19283,4.976614070284494e-06
19284,4.975665715334365e-06
19285,4.974717360495261e-06
19286,4.973770901361973e-06
19287,4.972826334270767e-06
19288,4.971876079840063e-06
19289,4.970928673353472e-06
19290,4.969981266866871e-06
19291,4.969030061197093e-06
19292,4.968082654710494e-06
19293,4.967133350519681e-06
19294,4.966186891386391e-06
19295,4.965240432364128e-06
19296,4.964293973230842e-06
19297,4.963349406139627e-06
19298,4.962396295216111e-06
19299,4.961443184292594e-06
19300,4.960496725159306e-06
19301,4.959549318672709e-06
19302,4.958596207749187e-06
19303,4.957645002190428e-06
19304,4.956697595592803e-06
19305,4.955753028501601e-06
19306,4.954807515833439e-06
19307,4.953863893319979e-06
19308,4.952913638889275e-06
19309,4.9519681262211145e-06
19310,4.951019771382015e-06
19311,4.950070467191207e-06
19312,4.9491221123521035e-06
19313,4.94816995455505e-06
19314,4.947220650364239e-06
19315,4.9462684925671885e-06
19316,4.945316334770132e-06
19317,4.9443641770841015e-06
19318,4.943412019287055e-06
19319,4.942459861490004e-06
19320,4.941507703692947e-06
19321,4.940560297206356e-06
19322,4.939610042775656e-06
19323,4.9386616879365485e-06
19324,4.937710482266768e-06
19325,4.936760227836065e-06
19326,4.935810923645255e-06
19327,4.934861619454448e-06
19328,4.933913264615343e-06
19329,4.932962059056581e-06
19330,4.932012754865771e-06
19331,4.931060597068712e-06
19332,4.930112242229612e-06
19333,4.929165783096324e-06
19334,4.928217428257217e-06
19335,4.927266222587432e-06
19336,4.926315968156738e-06
19337,4.92536761331763e-06
19338,4.924414502394114e-06
19339,4.9234613914706e-06
19340,4.9225158789134624e-06
19341,4.9215722562889735e-06
19342,4.920620098491926e-06
19343,4.919669844061226e-06
19344,4.918734680225967e-06
19345,4.917782522428919e-06
19346,4.916831316870155e-06
19347,4.915892402923557e-06
19348,4.9149553659200185e-06
19349,4.91400795943342e-06
19350,4.913060552946827e-06
19351,4.91211029851613e-06
19352,4.911162892029526e-06
19353,4.910215485542938e-06
19354,4.909273749187373e-06
19355,4.9083282366302285e-06
19356,4.907380830032614e-06
19357,4.906433423546021e-06
19358,4.905486017059421e-06
19359,4.904538610572827e-06
19360,4.9035912040862294e-06
19361,4.902641899895424e-06
19362,4.901695440762131e-06
19363,4.900750873670925e-06
19364,4.899810079117547e-06
19365,4.898871165281982e-06
19366,4.897919959612193e-06
19367,4.8969687539424075e-06
19368,4.8960156431299165e-06
19369,4.895064437460129e-06
19370,4.894113231790342e-06
19371,4.893162977359645e-06
19372,4.892215570873052e-06
19373,4.891270058315914e-06
19374,4.890328321960345e-06
19375,4.889386585715804e-06
19376,4.888436331285103e-06
19377,4.887484173488057e-06
19378,4.886533919057355e-06
19379,4.885587460035092e-06
19380,4.884634349111571e-06
19381,4.883681238188052e-06
19382,4.88273193399724e-06
19383,4.881778823184743e-06
19384,4.880825712261225e-06
19385,4.8798745065914375e-06
19386,4.878925202400632e-06
19387,4.877972091588136e-06
19388,4.8770189806646116e-06
19389,4.876065869741099e-06
19390,4.875112758817581e-06
19391,4.874159648005082e-06
19392,4.873206537081566e-06
19393,4.8722591305949726e-06
19394,4.871310775644848e-06
19395,4.870362420805742e-06
19396,4.869414065966641e-06
19397,4.8684657111275325e-06
19398,4.867515456696832e-06
19399,4.866565202266134e-06
19400,4.865630038430881e-06
19401,4.864689243877506e-06
19402,4.8637361329539885e-06
19403,4.862792510440524e-06
19404,4.861846051307243e-06
19405,4.860897696468135e-06
19406,4.859947442037434e-06
19407,4.858998137846625e-06
19408,4.858047883415925e-06
19409,4.857097628985231e-06
19410,4.85614451817273e-06
19411,4.855195213981925e-06
19412,4.854245909791114e-06
19413,4.8532975549520074e-06
19414,4.852349200112908e-06
19415,4.851396089189382e-06
19416,4.850447734350283e-06
19417,4.849496528680493e-06
19418,4.848548173841396e-06
19419,4.847600767243778e-06
19420,4.84666091360442e-06
19421,4.845725749658137e-06
19422,4.844784013413598e-06
19423,4.843846038493634e-06
19424,4.84290618474326e-06
19425,4.8419635058083435e-06
19426,4.841025530888383e-06
19427,4.840085677138008e-06
19428,4.839140164469843e-06
19429,4.8381946518016835e-06
19430,4.837249139133529e-06
19431,4.836317710421591e-06
19432,4.835376915868219e-06
19433,4.8344323487770094e-06
19434,4.8334906124214444e-06
19435,4.83253845462439e-06
19436,4.8315891505446035e-06
19437,4.830637944874817e-06
19438,4.829684833951298e-06
19439,4.828735529871507e-06
19440,4.827790017203351e-06
19441,4.8268511032567565e-06
19442,4.82590464423449e-06
19443,4.824958185101198e-06
19444,4.824013618009991e-06
19445,4.823063363579295e-06
19446,4.822114059388486e-06
19447,4.8211704367640004e-06
19448,4.820217325951501e-06
19449,4.819264215027982e-06
19450,4.8183168085413854e-06
19451,4.8173722413391565e-06
19452,4.816427674247945e-06
19453,4.815490637244401e-06
19454,4.8145489009998565e-06
19455,4.813615606558129e-06
19456,4.812681377863726e-06
19457,4.8117462140284656e-06
19458,4.810809177024919e-06
19459,4.809868382471551e-06
19460,4.808927587918178e-06
19461,4.807985851673637e-06
19462,4.807040339005476e-06
19463,4.80609103492569e-06
19464,4.805141730734871e-06
19465,4.804192426544062e-06
19466,4.803251631990694e-06
19467,4.802301377559993e-06
19468,4.801350172001231e-06
19469,4.800398014204174e-06
19470,4.79944965936507e-06
19471,4.798501304414947e-06
19472,4.797550098856186e-06
19473,4.796599844425483e-06
19474,4.79564958999479e-06
19475,4.7947125529912384e-06
19476,4.793767040323081e-06
19477,4.792821527654927e-06
19478,4.791878848720006e-06
19479,4.790934281628801e-06
19480,4.789989714537587e-06
19481,4.789046091913103e-06
19482,4.788100579244944e-06
19483,4.7871550666878085e-06
19484,4.7862095540196475e-06
19485,4.785264041351485e-06
19486,4.784316634864892e-06
19487,4.783368280025788e-06
19488,4.782419925075666e-06
19489,4.781471570236562e-06
19490,4.780521315805865e-06
19491,4.779572960966761e-06
19492,4.7786246061276605e-06
19493,4.777676251288553e-06
19494,4.776725996857852e-06
19495,4.775776692667048e-06
19496,4.7748302335337556e-06
19497,4.7738790279749895e-06
19498,4.772929723784177e-06
19499,4.771980419593368e-06
19500,4.771030165162673e-06
19501,4.770081810323563e-06
19502,4.769136297655407e-06
19503,4.768201133820149e-06
19504,4.767248022896631e-06
19505,4.766296817226843e-06
19506,4.765345611668081e-06
19507,4.764392500744564e-06
19508,4.7634393898210465e-06
19509,4.762490085741252e-06
19510,4.7615464631167725e-06
19511,4.760607549281207e-06
19512,4.759671449305892e-06
19513,4.758735349330582e-06
19514,4.757794554777203e-06
19515,4.756844300346508e-06
19516,4.755902564101963e-06
19517,4.75496176965962e-06
19518,4.754020975106244e-06
19519,4.753080180552872e-06
19520,4.752139385999497e-06
19521,4.751201411079541e-06
19522,4.7502624971329485e-06
19523,4.7493235832973815e-06
19524,4.748378070629223e-06
19525,4.747432558072088e-06
19526,4.7464879908698555e-06
19527,4.74555189089454e-06
19528,4.74461109645219e-06
19529,4.743668417517273e-06
19530,4.742724794892793e-06
19531,4.741774540462094e-06
19532,4.740823334903331e-06
19533,4.739871177106282e-06
19534,4.738933202075299e-06
19535,4.737982947644604e-06
19536,4.737043094005243e-06
19537,4.736103240254864e-06
19538,4.735164326308271e-06
19539,4.7342235318659254e-06
19540,4.733274227675109e-06
19541,4.732323022005323e-06
19542,4.731371816446558e-06
19543,4.730420610776776e-06
19544,4.729469405106986e-06
19545,4.72851915067629e-06
19546,4.727569846596498e-06
19547,4.726619592165807e-06
19548,4.725677855810241e-06
19549,4.724733288719033e-06
19550,4.723796251715482e-06
19551,4.7228592147119394e-06
19552,4.721922177819416e-06
19553,4.720985140815873e-06
19554,4.720039628147709e-06
19555,4.719099774397331e-06
19556,4.718151419558222e-06
19557,4.7172115658078406e-06
19558,4.716269829563302e-06
19559,4.715325262361069e-06
19560,4.7143844679187205e-06
19561,4.713443673365351e-06
19562,4.7124991062741356e-06
19563,4.711555483649652e-06
19564,4.710607128810552e-06
19565,4.709657824619743e-06
19566,4.708708520428925e-06
19567,4.707759216349139e-06
19568,4.706810861399017e-06
19569,4.705862506559913e-06
19570,4.704913202369096e-06
19571,4.7039629479384e-06
19572,4.703012693507698e-06
19573,4.70206148794894e-06
19574,4.701115028815653e-06
19575,4.7001619178921274e-06
19576,4.699211663461432e-06
19577,4.698258552648939e-06
19578,4.697314930024455e-06
19579,4.696376955104499e-06
19580,4.695432387902264e-06
19581,4.694482133582591e-06
19582,4.6935328293917735e-06
19583,4.6925844745526754e-06
19584,4.691635170361863e-06
19585,4.690696256415272e-06
19586,4.68975357748036e-06
19587,4.688801419683306e-06
19588,4.687858740748395e-06
19589,4.686908486317702e-06
19590,4.685957280758933e-06
19591,4.6850193057279554e-06
19592,4.684070001648169e-06
19593,4.6831197472174645e-06
19594,4.682172340619853e-06
19595,4.681224934133256e-06
19596,4.680285080382871e-06
19597,4.679333874824111e-06
19598,4.678382669154323e-06
19599,4.677434314315224e-06
19600,4.676499150479965e-06
19601,4.675573296308856e-06
19602,4.674640001867123e-06
19603,4.673697322821193e-06
19604,4.672747068501514e-06
19605,4.671798713551387e-06
19606,4.670847507992627e-06
19607,4.669908594046039e-06
19608,4.668964971532576e-06
19609,4.668013765862792e-06
19610,4.667070143349332e-06
19611,4.666118937679546e-06
19612,4.66516868324884e-06
19613,4.66421842881815e-06
19614,4.663274806304681e-06
19615,4.66233589235809e-06
19616,4.6613969785225285e-06
19617,4.660458064686955e-06
19618,4.65950781025626e-06
19619,4.6585632430540275e-06
19620,4.657612988623331e-06
19621,4.656664633784227e-06
19622,4.655713428225463e-06
19623,4.654762222555671e-06
19624,4.653823308720105e-06
19625,4.65287684958682e-06
19626,4.651929443100226e-06
19627,4.650985820475742e-06
19628,4.6500365162849295e-06
19629,4.64909005726266e-06
19630,4.648144544594505e-06
19631,4.647194290163803e-06
19632,4.646244985972992e-06
19633,4.645295681782182e-06
19634,4.644354887339833e-06
19635,4.643411264715345e-06
19636,4.642469528470809e-06
19637,4.6415230693375165e-06
19638,4.640583215698162e-06
19639,4.639637703029997e-06
19640,4.63869596678546e-06
19641,4.637756113035077e-06
19642,4.636815318481699e-06
19643,4.635875464731318e-06
19644,4.634935610980937e-06
19645,4.633997636060984e-06
19646,4.633055899816441e-06
19647,4.632107544977336e-06
19648,4.631159190027215e-06
19649,4.630210835188106e-06
19650,4.629262480349002e-06
19651,4.62831222591831e-06
19652,4.627362921727494e-06
19653,4.626412667296797e-06
19654,4.625463363105989e-06
19655,4.624513108786312e-06
19656,4.6235599978627926e-06
19657,4.622609743432096e-06
19658,4.621664230763932e-06
19659,4.620714926573119e-06
19660,4.619775072822744e-06
19661,4.618830505731529e-06
19662,4.617887826796616e-06
19663,4.616942314128456e-06
19664,4.615996801460297e-06
19665,4.6150512889031595e-06
19666,4.614106721700925e-06
19667,4.6131602626786625e-06
19668,4.612211907728533e-06
19669,4.611263552889435e-06
19670,4.610316146402841e-06
19671,4.609371579311624e-06
19672,4.608428900376713e-06
19673,4.607484333174484e-06
19674,4.606537874041191e-06
19675,4.605590467554598e-06
19676,4.604642112715498e-06
19677,4.603692808524685e-06
19678,4.6027444536855785e-06
19679,4.6017951494947695e-06
19680,4.60084679465567e-06
19681,4.599897490464852e-06
19682,4.598946284906087e-06
19683,4.597997929955967e-06
19684,4.597048625876175e-06
19685,4.5960974202063875e-06
19686,4.595149065367289e-06
19687,4.594202606234e-06
19688,4.593255199747402e-06
19689,4.592304945316704e-06
19690,4.591354690886007e-06
19691,4.5904034852162254e-06
19692,4.589457026193952e-06
19693,4.588506771763259e-06
19694,4.587556517332558e-06
19695,4.586607213141744e-06
19696,4.5856550553446925e-06
19697,4.584705751153885e-06
19698,4.583756446963075e-06
19699,4.5828061925323755e-06
19700,4.581856888452586e-06
19701,4.580907584261776e-06
19702,4.579962071593612e-06
19703,4.579015612460323e-06
19704,4.578068205973727e-06
19705,4.5771160481766745e-06
19706,4.576172425663217e-06
19707,4.575222171232521e-06
19708,4.574270965562736e-06
19709,4.573318807765678e-06
19710,4.572365696953182e-06
19711,4.571412586029666e-06
19712,4.5704594751061495e-06
19713,4.5695092206754495e-06
19714,4.568558015116684e-06
19715,4.5676068094468985e-06
19716,4.5666603503136125e-06
19717,4.565711046122803e-06
19718,4.5647607916921035e-06
19719,4.563810537372423e-06
19720,4.562861233181614e-06
19721,4.561910978750915e-06
19722,4.560961674560104e-06
19723,4.560011420129408e-06
19724,4.559062115938596e-06
19725,4.558113761099495e-06
19726,4.5571644569086825e-06
19727,4.556218944351545e-06
19728,4.5552734316833795e-06
19729,4.554324127492573e-06
19730,4.55337387306187e-06
19731,4.552426466575279e-06
19732,4.551480007441988e-06
19733,4.550531652602888e-06
19734,4.54958234841207e-06
19735,4.54863399357297e-06
19736,4.5476856387338646e-06
19737,4.5467372837837425e-06
19738,4.545796489341389e-06
19739,4.544846234910697e-06
19740,4.543895980479991e-06
19741,4.542945726049299e-06
19742,4.542000213381133e-06
19743,4.541057534446221e-06
19744,4.5401072800155245e-06
19745,4.539163657502069e-06
19746,4.538216250904449e-06
19747,4.537270738347312e-06
19748,4.536323331749695e-06
19749,4.535376872727427e-06
19750,4.534430413594136e-06
19751,4.533483954460852e-06
19752,4.532534650381059e-06
19753,4.531591027756576e-06
19754,4.530650233203204e-06
19755,4.5297028267166076e-06
19756,4.528758259625402e-06
19757,4.527811800492108e-06
19758,4.526866287823951e-06
19759,4.525922665310489e-06
19760,4.52497525882389e-06
19761,4.524027852226279e-06
19762,4.523079497387174e-06
19763,4.522131142548067e-06
19764,4.5211837360614746e-06
19765,4.520240113436991e-06
19766,4.519292706950392e-06
19767,4.518346247817106e-06
19768,4.517397892978e-06
19769,4.516449538138904e-06
19770,4.51550402547074e-06
19771,4.514556618984145e-06
19772,4.513605413314357e-06
19773,4.512654207755598e-06
19774,4.511706801157981e-06
19775,4.510759394671383e-06
19776,4.509810090480569e-06
19777,4.508859836160897e-06
19778,4.507907678363846e-06
19779,4.506959323413714e-06
19780,4.506010968574611e-06
19781,4.5050626137355084e-06
19782,4.504114258896405e-06
19783,4.503164004465711e-06
19784,4.502218491797548e-06
19785,4.5012691876067345e-06
19786,4.500320832767636e-06
19787,4.49936962709785e-06
19788,4.498417469300794e-06
19789,4.497470062814198e-06
19790,4.4965217079751e-06
19791,4.4955743014885005e-06
19792,4.494627842355216e-06
19793,4.493677587924515e-06
19794,4.492731128791232e-06
19795,4.491780874471554e-06
19796,4.490830620040855e-06
19797,4.489885107372695e-06
19798,4.488936752533587e-06
19799,4.487989345935975e-06
19800,4.487042886913702e-06
19801,4.48610020797879e-06
19802,4.485155640776565e-06
19803,4.4842082342899625e-06
19804,4.483257979859272e-06
19805,4.4823086756684535e-06
19806,4.4813612691818605e-06
19807,4.480416702090648e-06
19808,4.479472134888417e-06
19809,4.478527567797212e-06
19810,4.4775839452837465e-06
19811,4.476639378081515e-06
19812,4.475694810990302e-06
19813,4.4747464561512035e-06
19814,4.473797151960388e-06
19815,4.472851639292232e-06
19816,4.471905180158939e-06
19817,4.470960613067728e-06
19818,4.470018876823186e-06
19819,4.469069572632376e-06
19820,4.468120268441569e-06
19821,4.467170964361779e-06
19822,4.466224505228489e-06
19823,4.4652780460952e-06
19824,4.464331586961914e-06
19825,4.463383232122811e-06
19826,4.462435825636209e-06
19827,4.4614865214454005e-06
19828,4.460541008777243e-06
19829,4.4595936022906466e-06
19830,4.458650923355732e-06
19831,4.457706356264522e-06
19832,4.456762733640038e-06
19833,4.4558153271534425e-06
19834,4.454867920666852e-06
19835,4.4539214615335635e-06
19836,4.4529731066944595e-06
19837,4.4520228522637595e-06
19838,4.451076393130468e-06
19839,4.450127088939662e-06
19840,4.449174931253632e-06
19841,4.448224676822932e-06
19842,4.447275372632117e-06
19843,4.446327966145527e-06
19844,4.445378661954711e-06
19845,4.444429357763905e-06
19846,4.443481951277309e-06
19847,4.442532647086492e-06
19848,4.441585240599896e-06
19849,4.440635936409088e-06
19850,4.439694200164549e-06
19851,4.438745845325439e-06
19852,4.437801278123211e-06
19853,4.436854819100942e-06
19854,4.435910251898707e-06
19855,4.434964739230555e-06
19856,4.434021116717095e-06
19857,4.433079380472552e-06
19858,4.432131025633444e-06
19859,4.4311788678363965e-06
19860,4.430232408703104e-06
19861,4.429286896034948e-06
19862,4.428343273521487e-06
19863,4.427397760853324e-06
19864,4.4264503543667305e-06
19865,4.425505787164495e-06
19866,4.424558380677898e-06
19867,4.423610974191303e-06
19868,4.4226654615231445e-06
19869,4.421725607772761e-06
19870,4.420773450086736e-06
19871,4.419825095136612e-06
19872,4.418880528045402e-06
19873,4.417932173206296e-06
19874,4.416982869015487e-06
19875,4.416040190080569e-06
19876,4.41509278359398e-06
19877,4.414145376996358e-06
19878,4.413196072916567e-06
19879,4.412255278363195e-06
19880,4.411316364527629e-06
19881,4.410373685481691e-06
19882,4.40943571056174e-06
19883,4.408493974317194e-06
19884,4.407542768647407e-06
19885,4.406593464456602e-06
19886,4.4056470054343305e-06
19887,4.404706210880959e-06
19888,4.403764474636418e-06
19889,4.4028199075452105e-06
19890,4.401878171189641e-06
19891,4.4009364349451e-06
19892,4.39999752110953e-06
19893,4.399045363312479e-06
19894,4.398103627067939e-06
19895,4.397163773317555e-06
19896,4.396220150693078e-06
19897,4.3952727442064765e-06
19898,4.394328177115269e-06
19899,4.393378872924457e-06
19900,4.392436193989548e-06
19901,4.391489734856257e-06
19902,4.390540430776466e-06
19903,4.389593024178854e-06
19904,4.388643720099064e-06
19905,4.387695365148933e-06
19906,4.386748906126671e-06
19907,4.385799601935858e-06
19908,4.384853142802567e-06
19909,4.383909520289107e-06
19910,4.382961165338986e-06
19911,4.382009007541931e-06
19912,4.381059703462145e-06
19913,4.380118908908773e-06
19914,4.379171502422178e-06
19915,4.37822693521994e-06
19916,4.37728236812873e-06
19917,4.376337801037524e-06
19918,4.375393233835291e-06
19919,4.374445827348698e-06
19920,4.373498420862098e-06
19921,4.372551014375501e-06
19922,4.371603607777885e-06
19923,4.370659985264426e-06
19924,4.369712578777831e-06
19925,4.368768956153349e-06
19926,4.367821549666749e-06
19927,4.366870344107984e-06
19928,4.365925776905755e-06
19929,4.364978370419162e-06
19930,4.364030963932566e-06
19931,4.363087341308077e-06
19932,4.3621380372282906e-06
19933,4.3611925245601304e-06
19934,4.360244169721026e-06
19935,4.359297710587737e-06
19936,4.358350304101144e-06
19937,4.357402897503523e-06
19938,4.356452643072827e-06
19939,4.35550238875315e-06
19940,4.354554033803023e-06
19941,4.353608521245888e-06
19942,4.352660166295767e-06
19943,4.35171559920455e-06
19944,4.350765344773855e-06
19945,4.34981793828726e-06
19946,4.348878084536875e-06
19947,4.34793446202342e-06
19948,4.346992725667852e-06
19949,4.3460443708287466e-06
19950,4.345094116398051e-06
19951,4.344145761558951e-06
19952,4.343199302425661e-06
19953,4.3422537898685195e-06
19954,4.341306383270902e-06
19955,4.3403580284318e-06
19956,4.339413461340588e-06
19957,4.338463206909889e-06
19958,4.337515800423296e-06
19959,4.336572177798815e-06
19960,4.335625718665526e-06
19961,4.334679259643258e-06
19962,4.333738465089885e-06
19963,4.332792005956598e-06
19964,4.331844599470002e-06
19965,4.330896244630901e-06
19966,4.329947889791795e-06
19967,4.328999534841668e-06
19968,4.328052128355076e-06
19969,4.327103773515974e-06
19970,4.32615636702938e-06
19971,4.325215572476005e-06
19972,4.324269113342717e-06
19973,4.323323600674559e-06
19974,4.3223752458354525e-06
19975,4.321430678744239e-06
19976,4.320482323905143e-06
19977,4.319533968955012e-06
19978,4.318593174512664e-06
19979,4.317644819562542e-06
19980,4.316695515482752e-06
19981,4.315746211291935e-06
19982,4.314805416738567e-06
19983,4.313856112547757e-06
19984,4.312905858117057e-06
19985,4.311956554037268e-06
19986,4.311009147439649e-06
19987,4.310058893008949e-06
19988,4.309111486522354e-06
19989,4.3081593287252994e-06
19990,4.307213816168165e-06
19991,4.306266409570545e-06
19992,4.305319950548278e-06
19993,4.304372543950665e-06
19994,4.303427031393527e-06
19995,4.302480572260239e-06
19996,4.301531268069424e-06
19997,4.300583861582829e-06
19998,4.29963455739202e-06
19999,4.298685253201205e-06
20000,4.297734998770508e-06
20001,4.29678759228391e-06
20002,4.295838288093104e-06
20003,4.294889933253999e-06
20004,4.293942526767403e-06
20005,4.292993222576594e-06
20006,4.292045816089992e-06
20007,4.291097461250889e-06
20008,4.290149106411788e-06
20009,4.2891988519810875e-06
20010,4.2882504970309645e-06
20011,4.287312522111005e-06
20012,4.286362267680314e-06
20013,4.2854177005890995e-06
20014,4.284472187920937e-06
20015,4.283523833081839e-06
20016,4.282582096837297e-06
20017,4.281642243086915e-06
20018,4.280693888247809e-06
20019,4.279750265623324e-06
20020,4.278805698532117e-06
20021,4.2778573435819905e-06
20022,4.276908988742887e-06
20023,4.275960633903784e-06
20024,4.2750094282339976e-06
20025,4.274062969211731e-06
20026,4.27311366502092e-06
20027,4.272165310181822e-06
20028,4.271217903584203e-06
20029,4.270270497097609e-06
20030,4.269324038075337e-06
20031,4.2683841843249615e-06
20032,4.267436777838364e-06
20033,4.2664884228882405e-06
20034,4.265541963865969e-06
20035,4.2645964511978116e-06
20036,4.263649044711216e-06
20037,4.2627035320430585e-06
20038,4.261753277612355e-06
20039,4.260803973421547e-06
20040,4.259852767751763e-06
20041,4.2589015621929934e-06
20042,4.257956994990764e-06
20043,4.257005789431998e-06
20044,4.256061222229769e-06
20045,4.255115709672629e-06
20046,4.254167354722506e-06
20047,4.253222787631292e-06
20048,4.252278220540082e-06
20049,4.251330814053487e-06
20050,4.2503881351185734e-06
20051,4.249436929448789e-06
20052,4.248485723779005e-06
20053,4.2475392647567415e-06
20054,4.246590909806616e-06
20055,4.245651995971046e-06
20056,4.244707428879832e-06
20057,4.243759073929712e-06
20058,4.242810719090607e-06
20059,4.241866151999399e-06
20060,4.240923473064486e-06
20061,4.239973218633782e-06
20062,4.239022964203085e-06
20063,4.238079341578606e-06
20064,4.237135719065144e-06
20065,4.236188312578552e-06
20066,4.235241853445256e-06
20067,4.234297286354048e-06
20068,4.233351773685888e-06
20069,4.2324072065946785e-06
20070,4.231460747461387e-06
20071,4.23051618025916e-06
20072,4.229569721236889e-06
20073,4.228617563439837e-06
20074,4.227665405642792e-06
20075,4.22671324784574e-06
20076,4.225764893006634e-06
20077,4.2248127352095796e-06
20078,4.2238615295397955e-06
20079,4.2229112751091e-06
20080,4.221960069550335e-06
20081,4.221009815119638e-06
20082,4.220058609449849e-06
20083,4.219108355019155e-06
20084,4.2181571494603895e-06
20085,4.217205943790604e-06
20086,4.216255689359907e-06
20087,4.2153054349292054e-06
20088,4.214358975795921e-06
20089,4.21340967171613e-06
20090,4.212462265118513e-06
20091,4.211516752561374e-06
20092,4.210573129936888e-06
20093,4.2096304510019794e-06
20094,4.208689656448606e-06
20095,4.207744143891468e-06
20096,4.206799576689235e-06
20097,4.205855009598027e-06
20098,4.2049104425068126e-06
20099,4.2039658753045845e-06
20100,4.20302225279112e-06
20101,4.202076740122961e-06
20102,4.201128385283859e-06
20103,4.200178130853164e-06
20104,4.199231671719874e-06
20105,4.198282367529061e-06
20106,4.197333063338247e-06
20107,4.1963828090185746e-06
20108,4.195432554587873e-06
20109,4.194484199637751e-06
20110,4.1935348955579624e-06
20111,4.192588436424668e-06
20112,4.191637230754888e-06
20113,4.190688875915786e-06
20114,4.189736718118727e-06
20115,4.188787413927916e-06
20116,4.1878428468367124e-06
20117,4.186900167901796e-06
20118,4.1859631308982514e-06
20119,4.185011925228464e-06
20120,4.184069246293551e-06
20121,4.183128451851207e-06
20122,4.182185772916294e-06
20123,4.1812449783629225e-06
20124,4.1803022994280096e-06
20125,4.179356786759846e-06
20126,4.178407482569034e-06
20127,4.177459127729932e-06
20128,4.176512668596642e-06
20129,4.1755737547610775e-06
20130,4.174626348274481e-06
20131,4.1736779933243565e-06
20132,4.17272773900468e-06
20133,4.171775581207624e-06
20134,4.170823423410574e-06
20135,4.169871265613524e-06
20136,4.168924806480237e-06
20137,4.167984011926865e-06
20138,4.167031854129811e-06
20139,4.166083499290708e-06
20140,4.1651313414936536e-06
20141,4.164181087062959e-06
20142,4.16323178298317e-06
20143,4.162281528552469e-06
20144,4.161338849617556e-06
20145,4.160398055064183e-06
20146,4.1594468493944e-06
20147,4.1584946915973475e-06
20148,4.157542533800298e-06
20149,4.156590376114264e-06
20150,4.15564296951665e-06
20151,4.154694614677547e-06
20152,4.153744360246849e-06
20153,4.152795056056034e-06
20154,4.151857081136078e-06
20155,4.150906826705377e-06
20156,4.149959420218785e-06
20157,4.1490129610855e-06
20158,4.1480636568946875e-06
20159,4.147112451335922e-06
20160,4.146161245666138e-06
20161,4.145209087869087e-06
20162,4.144258833438384e-06
20163,4.143306675641336e-06
20164,4.142356421210634e-06
20165,4.141408066371533e-06
20166,4.140457811940835e-06
20167,4.139514189427373e-06
20168,4.138569622225141e-06
20169,4.137622215738543e-06
20170,4.136671010179784e-06
20171,4.13571885238273e-06
20172,4.134777116138191e-06
20173,4.133838202191598e-06
20174,4.132898348441218e-06
20175,4.131963184605961e-06
20176,4.131022390052585e-06
20177,4.1300787675391265e-06
20178,4.129138913788744e-06
20179,4.128198119235374e-06
20180,4.127255440300458e-06
20181,4.1263146458581116e-06
20182,4.125373851304734e-06
20183,4.124427392171448e-06
20184,4.123488478335881e-06
20185,4.122544855711394e-06
20186,4.121604061269048e-06
20187,4.120654757078238e-06
20188,4.1197082979449445e-06
20189,4.118761838811659e-06
20190,4.1178153797893904e-06
20191,4.116863221992341e-06
20192,4.115911064195287e-06
20193,4.114969327950745e-06
20194,4.114018122280957e-06
20195,4.113075443346051e-06
20196,4.112134648792678e-06
20197,4.111184394361974e-06
20198,4.110234139931281e-06
20199,4.1092838855005775e-06
20200,4.108332679941814e-06
20201,4.107382425511121e-06
20202,4.106430267714066e-06
20203,4.105486645200603e-06
20204,4.104543966154672e-06
20205,4.103602229910133e-06
20206,4.102664254990176e-06
20207,4.1017300262957665e-06
20208,4.10079859747281e-06
20209,4.099859683637238e-06
20210,4.098909429206541e-06
20211,4.097961074367441e-06
20212,4.09701081993674e-06
20213,4.096060565506044e-06
20214,4.09511221066694e-06
20215,4.094163855716812e-06
20216,4.093219288625607e-06
20217,4.0922671308285504e-06
20218,4.091316876397855e-06
20219,4.090365670728067e-06
20220,4.089417315888965e-06
20221,4.088467061458265e-06
20222,4.087517757378475e-06
20223,4.086567502947781e-06
20224,4.085615345150725e-06
20225,4.084667938664132e-06
20226,4.083720532066512e-06
20227,4.082773125579917e-06
20228,4.081822871149219e-06
20229,4.080875464662626e-06
20230,4.079926160471813e-06
20231,4.078983481536905e-06
20232,4.078044567701332e-06
20233,4.077105653754745e-06
20234,4.076166739919176e-06
20235,4.075224060984262e-06
20236,4.074278548316103e-06
20237,4.0733282938854015e-06
20238,4.072379939046303e-06
20239,4.071430634855487e-06
20240,4.0704813306646744e-06
20241,4.069532026584884e-06
20242,4.068580820915105e-06
20243,4.06763151672429e-06
20244,4.06668221253348e-06
20245,4.065731958102781e-06
20246,4.064783603263674e-06
20247,4.063835248424575e-06
20248,4.062885944233761e-06
20249,4.0619432652988524e-06
20250,4.060997752630691e-06
20251,4.060047498199993e-06
20252,4.059097243880316e-06
20253,4.0581479396895065e-06
20254,4.057198635498694e-06
20255,4.056251229012098e-06
20256,4.0553066618098654e-06
20257,4.054361149252724e-06
20258,4.053416582050494e-06
20259,4.052471069382333e-06
20260,4.051525556825198e-06
20261,4.050580044157035e-06
20262,4.049627886359985e-06
20263,4.048678582169177e-06
20264,4.047726424372123e-06
20265,4.046774266575073e-06
20266,4.045827807552805e-06
20267,4.044882294884645e-06
20268,4.043930137087593e-06
20269,4.0429779792905415e-06
20270,4.042026773731777e-06
20271,4.041074615934726e-06
20272,4.040126260984598e-06
20273,4.0391788544980045e-06
20274,4.038239000747624e-06
20275,4.03730196374408e-06
20276,4.036353608904974e-06
20277,4.035405254065872e-06
20278,4.03445689922677e-06
20279,4.033510440093476e-06
20280,4.032560185662784e-06
20281,4.0316175067278675e-06
20282,4.030674827792959e-06
20283,4.029731205279497e-06
20284,4.028788526344581e-06
20285,4.027845847298651e-06
20286,4.02689938827638e-06
20287,4.0259614132454055e-06
20288,4.0250092554483555e-06
20289,4.024059951368563e-06
20290,4.02311727243365e-06
20291,4.022167018002951e-06
20292,4.021216763572254e-06
20293,4.02027314094777e-06
20294,4.019332346505419e-06
20295,4.018396246530113e-06
20296,4.017458271499131e-06
20297,4.0165202965791735e-06
20298,4.015583259575629e-06
20299,4.014646222572081e-06
20300,4.013707308736517e-06
20301,4.012759902249915e-06
20302,4.011812495652301e-06
20303,4.010865089165704e-06
20304,4.009917682679112e-06
20305,4.008967428248413e-06
20306,4.00802851441284e-06
20307,4.007080159573741e-06
20308,4.006144059598423e-06
20309,4.005204205848042e-06
20310,4.004261526913137e-06
20311,4.003314120426538e-06
20312,4.0023704978020555e-06
20313,4.001424985133895e-06
20314,4.000487010213937e-06
20315,3.999544331279029e-06
20316,3.998605417443455e-06
20317,3.997662738397519e-06
20318,3.996721002152982e-06
20319,3.995771698073192e-06
20320,3.99482239388238e-06
20321,3.993873089691572e-06
20322,3.99292283526087e-06
20323,3.991974480421768e-06
20324,3.99103556647518e-06
20325,3.990089107452908e-06
20326,3.989138853022213e-06
20327,3.9881866952251565e-06
20328,3.987236440794462e-06
20329,3.986293761859551e-06
20330,3.985353908109165e-06
20331,3.984406501622572e-06
20332,3.983457197431764e-06
20333,3.982516402878388e-06
20334,3.981566148447693e-06
20335,3.98062911155517e-06
20336,3.9796948828607626e-06
20337,3.978748423727471e-06
20338,3.9778095097808855e-06
20339,3.976859255461206e-06
20340,3.975910900511078e-06
20341,3.974972925591123e-06
20342,3.974032131037755e-06
20343,3.973082826846938e-06
20344,3.972131621288174e-06
20345,3.971180415618394e-06
20346,3.970236793104933e-06
20347,3.9692922259027e-06
20348,3.968341971472e-06
20349,3.9674021178326404e-06
20350,3.966466017857325e-06
20351,3.965516713666515e-06
20352,3.964568358827413e-06
20353,3.963618104396714e-06
20354,3.962675425461806e-06
20355,3.961735571711423e-06
20356,3.960796657875853e-06
20357,3.959849251278237e-06
20358,3.958902792255968e-06
20359,3.9579582250537405e-06
20360,3.957007019494975e-06
20361,3.956055813825191e-06
20362,3.955106509634375e-06
20363,3.9541581547952765e-06
20364,3.953216418550733e-06
20365,3.9522765648003525e-06
20366,3.95133105213219e-06
20367,3.95038174794138e-06
20368,3.949431493621701e-06
20369,3.9484916398713236e-06
20370,3.947548017246837e-06
20371,3.946600610760244e-06
20372,3.9456569882467835e-06
20373,3.94470863329666e-06
20374,3.943760278457554e-06
20375,3.9428147657893905e-06
20376,3.941871143275932e-06
20377,3.940931289525551e-06
20378,3.939980083855766e-06
20379,3.939028878297003e-06
20380,3.938078623866303e-06
20381,3.937131217379705e-06
20382,3.936189481135163e-06
20383,3.935248686581792e-06
20384,3.93429938239098e-06
20385,3.933359528640601e-06
20386,3.93240737084355e-06
20387,3.931472207008287e-06
20388,3.930531412454917e-06
20389,3.929595312590631e-06
20390,3.928648853457342e-06
20391,3.927702394324051e-06
20392,3.926752139893355e-06
20393,3.92580283570254e-06
20394,3.92486298206318e-06
20395,3.923923128312801e-06
20396,3.9229728738821015e-06
20397,3.9220226194514075e-06
20398,3.921073315260594e-06
20399,3.920129692747132e-06
20400,3.9191822861495115e-06
20401,3.918234879662917e-06
20402,3.917286524823818e-06
20403,3.9163362703931204e-06
20404,3.915402975951385e-06
20405,3.914465938947841e-06
20406,3.913520426279684e-06
20407,3.91257207144058e-06
20408,3.911623716601478e-06
20409,3.910673462170781e-06
20410,3.909725107331674e-06
20411,3.908781484707194e-06
20412,3.90783218051638e-06
20413,3.9068828764365895e-06
20414,3.905931670766808e-06
20415,3.9049871036755945e-06
20416,3.904042536473362e-06
20417,3.903097969382155e-06
20418,3.902152456713993e-06
20419,3.901206944045833e-06
20420,3.900263321532371e-06
20421,3.89932064259746e-06
20422,3.8983722877583585e-06
20423,3.897426775090193e-06
20424,3.896478420251089e-06
20425,3.895534797626606e-06
20426,3.8945864427875065e-06
20427,3.893637138596696e-06
20428,3.892686884165998e-06
20429,3.891736629735301e-06
20430,3.890793007221839e-06
20431,3.889842752791143e-06
20432,3.8888924983604395e-06
20433,3.88794698569228e-06
20434,3.887000526670012e-06
20435,3.8860531200723935e-06
20436,3.885104765233296e-06
20437,3.884155461042486e-06
20438,3.883209002020217e-06
20439,3.882259697829405e-06
20440,3.881311342990303e-06
20441,3.880362988040174e-06
20442,3.87941273360948e-06
20443,3.878462479178782e-06
20444,3.877512224859106e-06
20445,3.8765629206682925e-06
20446,3.8756126662375925e-06
20447,3.874662411806897e-06
20448,3.873716899138736e-06
20449,3.872765693468951e-06
20450,3.871820180911809e-06
20451,3.870874668243651e-06
20452,3.869931989308736e-06
20453,3.868985530175449e-06
20454,3.868036225984642e-06
20455,3.86708881949804e-06
20456,3.866139515307231e-06
20457,3.865189260876532e-06
20458,3.864237103190505e-06
20459,3.8632877989996945e-06
20460,3.862339444160588e-06
20461,3.861390139969779e-06
20462,3.860440835778968e-06
20463,3.859491531588155e-06
20464,3.858542227397346e-06
20465,3.857591021838583e-06
20466,3.856641717647769e-06
20467,3.855691463217068e-06
20468,3.854743108377968e-06
20469,3.853790950580916e-06
20470,3.852838792783863e-06
20471,3.851886634986815e-06
20472,3.850941122318653e-06
20473,3.849995609650491e-06
20474,3.849052930715582e-06
20475,3.848108363624368e-06
20476,3.847161904491083e-06
20477,3.8462154454688155e-06
20478,3.845271822844329e-06
20479,3.8443244163577344e-06
20480,3.843375112166926e-06
20481,3.842432433232013e-06
20482,3.841485026745414e-06
20483,3.840541404120933e-06
20484,3.839597781607477e-06
20485,3.8386588677719055e-06
20486,3.837717131416341e-06
20487,3.8367791564963855e-06
20488,3.835830801657283e-06
20489,3.834879595987495e-06
20490,3.8339302917966825e-06
20491,3.832980037477008e-06
20492,3.8320354702747724e-06
20493,3.831088063788177e-06
20494,3.830146327543636e-06
20495,3.8291998684103464e-06
20496,3.828251513571249e-06
20497,3.827303158732144e-06
20498,3.826353854541329e-06
20499,3.82540739540804e-06
20500,3.824460936274751e-06
20501,3.8235106818440565e-06
20502,3.822561377764268e-06
20503,3.821611123333571e-06
20504,3.820662768383443e-06
20505,3.819712514063763e-06
20506,3.818765107466151e-06
20507,3.817816752627046e-06
20508,3.816882523932641e-06
20509,3.815932269501946e-06
20510,3.8149848630153505e-06
20511,3.814037456528752e-06
20512,3.813088152337939e-06
20513,3.8121359945408905e-06
20514,3.8111895354075964e-06
20515,3.8102373777215695e-06
20516,3.809288073530761e-06
20517,3.8083378191000593e-06
20518,3.8073894642609544e-06
20519,3.8064392098302582e-06
20520,3.8054984152768876e-06
20521,3.8045538481856737e-06
20522,3.803612111830112e-06
20523,3.8026703755855702e-06
20524,3.801722969098972e-06
20525,3.8007736649081657e-06
20526,3.799822459349403e-06
20527,3.798872204918703e-06
20528,3.797926692250539e-06
20529,3.796982125159332e-06
20530,3.7960385025348474e-06
20531,3.7950920434015605e-06
20532,3.7941455843792937e-06
20533,3.7931981777816793e-06
20534,3.7922517187594087e-06
20535,3.7913043122728132e-06
20536,3.7903578531395246e-06
20537,3.789412340471363e-06
20538,3.788465881338074e-06
20539,3.7875222588246177e-06
20540,3.786576746156453e-06
20541,3.7856321790652437e-06
20542,3.784683824226142e-06
20543,3.78373925702391e-06
20544,3.7827880514651485e-06
20545,3.781841592331857e-06
20546,3.780893237492756e-06
20547,3.7799448825426326e-06
20548,3.7789965277035265e-06
20549,3.778049121216931e-06
20550,3.7771026620836457e-06
20551,3.7761524076529453e-06
20552,3.7752012020941805e-06
20553,3.7742518979033673e-06
20554,3.7733006922335853e-06
20555,3.772351388042774e-06
20556,3.771402083962984e-06
20557,3.7704518295322825e-06
20558,3.769508206907799e-06
20559,3.7685636398165878e-06
20560,3.767619072725381e-06
20561,3.7666697685345675e-06
20562,3.7657252013323372e-06
20563,3.7647806342411242e-06
20564,3.763833227754534e-06
20565,3.7628858212679374e-06
20566,3.761939362134649e-06
20567,3.760994795043441e-06
20568,3.7600492823752786e-06
20569,3.7591037697071194e-06
20570,3.7581554148680137e-06
20571,3.7572089557347276e-06
20572,3.7562634430665675e-06
20573,3.755318875975358e-06
20574,3.754372416842066e-06
20575,3.75342406200296e-06
20576,3.752475707163863e-06
20577,3.751527352324756e-06
20578,3.7505808931914716e-06
20579,3.7496306387607716e-06
20580,3.7486803843300716e-06
20581,3.7477348716619153e-06
20582,3.7467893589937535e-06
20583,3.7458410041546507e-06
20584,3.7448926493155454e-06
20585,3.743944294476444e-06
20586,3.742993088806658e-06
20587,3.7420447339675533e-06
20588,3.7410973274809565e-06
20589,3.740147073050262e-06
20590,3.739201560382099e-06
20591,3.738251305951404e-06
20592,3.7373029511122967e-06
20593,3.736354596273193e-06
20594,3.735407189675575e-06
20595,3.7344635671621133e-06
20596,3.7335152123230144e-06
20597,3.7325678057253936e-06
20598,3.731617551405717e-06
20599,3.730671092272433e-06
20600,3.729723685785837e-06
20601,3.7287762791882203e-06
20602,3.727828872701619e-06
20603,3.7268824135683323e-06
20604,3.725936901011193e-06
20605,3.724989494524602e-06
20606,3.7240401903337917e-06
20607,3.7230937312005005e-06
20608,3.722146324713905e-06
20609,3.721199865580614e-06
20610,3.72025340644733e-06
20611,3.71930694742506e-06
20612,3.7183604882917754e-06
20613,3.7174111841009592e-06
20614,3.7164609296702592e-06
20615,3.7155116254794515e-06
20616,3.7145661129223146e-06
20617,3.7136206002541494e-06
20618,3.7126788640096126e-06
20619,3.711729559818797e-06
20620,3.710781204979696e-06
20621,3.7098337983820754e-06
20622,3.708892062137537e-06
20623,3.707950325892994e-06
20624,3.707000071462297e-06
20625,3.706054558794134e-06
20626,3.7051099917029266e-06
20627,3.7041691971495534e-06
20628,3.70322179066296e-06
20629,3.702276277994797e-06
20630,3.7013279231556963e-06
20631,3.700377668724994e-06
20632,3.6994302622384004e-06
20633,3.6984819073992993e-06
20634,3.6975363947311362e-06
20635,3.6965899355978506e-06
20636,3.6956434765755813e-06
20637,3.694704562628989e-06
20638,3.6937609401155343e-06
20639,3.692814480982246e-06
20640,3.69186991389103e-06
20641,3.690921558940905e-06
20642,3.6899713045102094e-06
20643,3.6890229496711037e-06
20644,3.688075543184511e-06
20645,3.6871309760933015e-06
20646,3.6861873534688142e-06
20647,3.685241840800659e-06
20648,3.6842934859615544e-06
20649,3.6833479732933917e-06
20650,3.682400566806799e-06
20651,3.681455999715586e-06
20652,3.6805133207806766e-06
20653,3.6795668616473867e-06
20654,3.678616607216692e-06
20655,3.677666352785993e-06
20656,3.6767160983552897e-06
20657,3.675773419420382e-06
20658,3.6748231649896844e-06
20659,3.673872910558981e-06
20660,3.6729273980018458e-06
20661,3.671981885333684e-06
20662,3.671038262709202e-06
20663,3.670092750152064e-06
20664,3.669147237483907e-06
20665,3.668200778350617e-06
20666,3.6672580994157015e-06
20667,3.6663144769022433e-06
20668,3.6653717979673334e-06
20669,3.664424391369714e-06
20670,3.6634798242785017e-06
20671,3.6625305200876923e-06
20672,3.66158500741953e-06
20673,3.660637600932934e-06
20674,3.6596939784194734e-06
20675,3.6587494112172402e-06
20676,3.6578029521949794e-06
20677,3.6568555455973578e-06
20678,3.6559071907582593e-06
20679,3.6549607317359926e-06
20680,3.654018052690053e-06
20681,3.653069697850953e-06
20682,3.652127961606409e-06
20683,3.6511805551198176e-06
20684,3.6502312509290027e-06
20685,3.6492885719940885e-06
20686,3.648339267803283e-06
20687,3.6473890133725796e-06
20688,3.646441606885983e-06
20689,3.645497039794779e-06
20690,3.644548684955676e-06
20691,3.6436041177534393e-06
20692,3.642657658620155e-06
20693,3.6417083545403607e-06
20694,3.640763787338133e-06
20695,3.63981922024692e-06
20696,3.638871813760324e-06
20697,3.6379225095695125e-06
20698,3.6369741547304093e-06
20699,3.636026748243817e-06
20700,3.635079341646197e-06
20701,3.634131935159602e-06
20702,3.6331845286730075e-06
20703,3.632237122186408e-06
20704,3.631289715699815e-06
20705,3.6303423091021956e-06
20706,3.629395850079929e-06
20707,3.6284503374117717e-06
20708,3.6275019825726707e-06
20709,3.626561188019293e-06
20710,3.625622274072704e-06
20711,3.624676761515565e-06
20712,3.6237303023822746e-06
20713,3.622782895895679e-06
20714,3.6218364367623917e-06
20715,3.6208871325715823e-06
20716,3.619936878140885e-06
20717,3.6189866237101887e-06
20718,3.6180373196303957e-06
20719,3.6170908604971088e-06
20720,3.6161462934058987e-06
20721,3.6152017262036625e-06
20722,3.614255267070374e-06
20723,3.61330880804811e-06
20724,3.6123632953799475e-06
20725,3.6114158888933554e-06
20726,3.61046848240676e-06
20727,3.6095210758091416e-06
20728,3.6085736693225456e-06
20729,3.607624365131731e-06
20730,3.6066779061094704e-06
20731,3.6057295511593394e-06
20732,3.604782144672745e-06
20733,3.603834738186153e-06
20734,3.602887331699554e-06
20735,3.6019399252129602e-06
20736,3.600992518615344e-06
20737,3.600041313056577e-06
20738,3.599092958217477e-06
20739,3.5981427037867796e-06
20740,3.5971952971891618e-06
20741,3.5962478907025662e-06
20742,3.595299535863464e-06
20743,3.594351181024355e-06
20744,3.5934037745377597e-06
20745,3.5924601519132793e-06
20746,3.591516529399819e-06
20747,3.5905747930442523e-06
20748,3.589635879208687e-06
20749,3.588688472722091e-06
20750,3.5877439056308798e-06
20751,3.5867974464975886e-06
20752,3.585850987364304e-06
20753,3.5849016831734893e-06
20754,3.583958060660028e-06
20755,3.583008756469219e-06
20756,3.5820622973359336e-06
20757,3.5811158383136647e-06
20758,3.580167483363541e-06
20759,3.5792172289328414e-06
20760,3.578270769910576e-06
20761,3.5773243107772873e-06
20762,3.5763769042906876e-06
20763,3.575430445157402e-06
20764,3.574485878066194e-06
20765,3.573539418932906e-06
20766,3.5725910640938022e-06
20767,3.5716436576072033e-06
20768,3.5706962510095838e-06
20769,3.569750738452446e-06
20770,3.5688004840217477e-06
20771,3.5678559168195174e-06
20772,3.5669085103329228e-06
20773,3.5659582559022223e-06
20774,3.5650127432340643e-06
20775,3.564065336747466e-06
20776,3.5631150823167684e-06
20777,3.5621648278860748e-06
20778,3.561214573455373e-06
20779,3.5602690608982382e-06
20780,3.559323548230075e-06
20781,3.5583761417434784e-06
20782,3.557424936073693e-06
20783,3.5564784769404073e-06
20784,3.555536740695863e-06
20785,3.5545921736046537e-06
20786,3.553643818765551e-06
20787,3.5526973596322615e-06
20788,3.5517509004989704e-06
20789,3.550804441365685e-06
20790,3.5498598742744764e-06
20791,3.548914361606316e-06
20792,3.5479631560475507e-06
20793,3.5470157494499337e-06
20794,3.546070236892796e-06
20795,3.5451237777595085e-06
20796,3.544179210668296e-06
20797,3.5432327515350107e-06
20798,3.5422843966959075e-06
20799,3.54134171776099e-06
20800,3.5403914633302968e-06
20801,3.5394412088995968e-06
20802,3.538496641697362e-06
20803,3.5375501826750956e-06
20804,3.5366037235418116e-06
20805,3.535661044606894e-06
20806,3.5347183656719824e-06
20807,3.5337737984697496e-06
20808,3.5328282859126156e-06
20809,3.531882773244456e-06
20810,3.5309382061532446e-06
20811,3.5299955271073077e-06
20812,3.5290500145501707e-06
20813,3.5281063919256907e-06
20814,3.5271618248344773e-06
20815,3.5262144183478834e-06
20816,3.5252660633977563e-06
20817,3.524317708558657e-06
20818,3.523368404367846e-06
20819,3.522418149937146e-06
20820,3.5214773554947953e-06
20821,3.5205318428266323e-06
20822,3.5195834879875295e-06
20823,3.5186389207853e-06
20824,3.5176896167055097e-06
20825,3.5167412617553838e-06
20826,3.51579290691628e-06
20827,3.5148473942481218e-06
20828,3.5139028271569087e-06
20829,3.512957314488751e-06
20830,3.51201746073837e-06
20831,3.5110794858184157e-06
20832,3.510133026685123e-06
20833,3.5091884595939166e-06
20834,3.5082457806590024e-06
20835,3.5072993215257142e-06
20836,3.5063500173349027e-06
20837,3.5054035583126372e-06
20838,3.5044561517150186e-06
20839,3.5035087452284218e-06
20840,3.502564178137216e-06
20841,3.501618665469055e-06
20842,3.500667459799268e-06
20843,3.4997172054795928e-06
20844,3.4987669510488924e-06
20845,3.4978166966181932e-06
20846,3.4968664421874945e-06
20847,3.4959161877567975e-06
20848,3.4949659333261e-06
20849,3.4940156788954026e-06
20850,3.4930720563819398e-06
20851,3.492121801951243e-06
20852,3.4911781793267564e-06
20853,3.4902298244876558e-06
20854,3.489281469648556e-06
20855,3.4883321654577436e-06
20856,3.4873838106186375e-06
20857,3.486438297950479e-06
20858,3.485494675325993e-06
20859,3.484544420895297e-06
20860,3.4835941665756214e-06
20861,3.4826477074423298e-06
20862,3.481706912888962e-06
20863,3.4807632903754993e-06
20864,3.4798139861846856e-06
20865,3.4788637317539916e-06
20866,3.4779134773232895e-06
20867,3.476980182881559e-06
20868,3.476037503946652e-06
20869,3.4750957677021094e-06
20870,3.4741445620323236e-06
20871,3.4731962071932166e-06
20872,3.472248800706623e-06
20873,3.4712994965158134e-06
20874,3.470348290846026e-06
20875,3.4694018317127377e-06
20876,3.4684572646215302e-06
20877,3.4675060589517393e-06
20878,3.466566205312382e-06
20879,3.465622582687899e-06
20880,3.4646789601744413e-06
20881,3.4637353375499545e-06
20882,3.4627917150364947e-06
20883,3.4618499787919532e-06
20884,3.4609063561674723e-06
20885,3.4599627336540083e-06
20886,3.459019111029526e-06
20887,3.4580773747849864e-06
20888,3.4571356385404445e-06
20889,3.4561901258722827e-06
20890,3.4552446132041247e-06
20891,3.4542991006469873e-06
20892,3.4533535879788276e-06
20893,3.452402382309042e-06
20894,3.4514530781182303e-06
20895,3.450508511027015e-06
20896,3.4495629983588567e-06
20897,3.44861274392816e-06
20898,3.4476653374415612e-06
20899,3.4467179309549665e-06
20900,3.445770524468375e-06
20901,3.4448231179817755e-06
20902,3.4438776053136162e-06
20903,3.442928301122806e-06
20904,3.441980894636208e-06
20905,3.4410382157012954e-06
20906,3.440097421147927e-06
20907,3.4391462154781406e-06
20908,3.438195009919377e-06
20909,3.4372542153660027e-06
20910,3.4363124791214633e-06
20911,3.43537074287692e-06
20912,3.4344299483235466e-06
20913,3.4334900945731657e-06
20914,3.4325464720597084e-06
20915,3.4316028494352216e-06
20916,3.4306573367670598e-06
20917,3.429709930280466e-06
20918,3.4287625237938683e-06
20919,3.4278151173072728e-06
20920,3.4268677108206777e-06
20921,3.4259203042230636e-06
20922,3.424978567978518e-06
20923,3.424029263787709e-06
20924,3.4230865848527986e-06
20925,3.4221457904104486e-06
20926,3.4211945847406594e-06
20927,3.420254730990277e-06
20928,3.419314877239898e-06
20929,3.4183712547264395e-06
20930,3.4174276321019577e-06
20931,3.416482119544816e-06
20932,3.415531865114119e-06
20933,3.414582560923305e-06
20934,3.413631355253519e-06
20935,3.4126839487669267e-06
20936,3.4117336943362305e-06
20937,3.410782488777462e-06
20938,3.4098360296441725e-06
20939,3.4088905169760123e-06
20940,3.407945004307855e-06
20941,3.4069994916396946e-06
20942,3.4060511368005915e-06
20943,3.4051046777783264e-06
20944,3.404156322828201e-06
20945,3.403207018748408e-06
20946,3.4022577145575977e-06
20947,3.4013065088878128e-06
20948,3.400360049754526e-06
20949,3.3994211359189563e-06
20950,3.398480341365585e-06
20951,3.3975338823433177e-06
20952,3.396585527393193e-06
20953,3.3956343218344312e-06
20954,3.394683116164642e-06
20955,3.3937338119738344e-06
20956,3.3927835575431335e-06
20957,3.391837098520867e-06
20958,3.390892531318637e-06
20959,3.389945124832039e-06
20960,3.388996769992935e-06
20961,3.3880503108596476e-06
20962,3.387107631924738e-06
20963,3.386164009411277e-06
20964,3.3852203867867927e-06
20965,3.384276764273332e-06
20966,3.38332746008252e-06
20967,3.3823838374580366e-06
20968,3.3814514763808013e-06
20969,3.380513501349825e-06
20970,3.379567042327555e-06
20971,3.3786196357299377e-06
20972,3.377673176707675e-06
20973,3.3767238725168633e-06
20974,3.375778359848702e-06
20975,3.3748366236041596e-06
20976,3.3738939446692476e-06
20977,3.372951265734339e-06
20978,3.3720104711809627e-06
20979,3.371066848667501e-06
20980,3.3701251123119404e-06
20981,3.3691805452207265e-06
20982,3.368233138734131e-06
20983,3.3672866796008445e-06
20984,3.3663383247617443e-06
20985,3.3653909182751467e-06
20986,3.3644425633250195e-06
20987,3.363494208485919e-06
20988,3.3625458536468166e-06
20989,3.361598447160217e-06
20990,3.3606510406736217e-06
20991,3.3597026857234963e-06
20992,3.3587590632100364e-06
20993,3.357808808779338e-06
20994,3.3568727088040266e-06
20995,3.355929086290566e-06
20996,3.3549835736224037e-06
20997,3.3540352187833022e-06
20998,3.353102857595045e-06
20999,3.352154502755942e-06
21000,3.3512089900877814e-06
21001,3.3502644229965747e-06
21002,3.349320800372093e-06
21003,3.348374341238802e-06
21004,3.3474354274032315e-06
21005,3.3464870725641296e-06
21006,3.345545336319588e-06
21007,3.3445979297219682e-06
21008,3.3436505232353753e-06
21009,3.3427031167487793e-06
21010,3.3417557102621812e-06
21011,3.340808303775586e-06
21012,3.339858049344889e-06
21013,3.3389163131003506e-06
21014,3.337967958150225e-06
21015,3.3370327943149664e-06
21016,3.3360929405645804e-06
21017,3.3351474280074473e-06
21018,3.334208514060852e-06
21019,3.3332677195074797e-06
21020,3.3323278658681203e-06
21021,3.3313861295125587e-06
21022,3.3304434505776466e-06
21023,3.3295017143331043e-06
21024,3.3285599780885637e-06
21025,3.327618241844024e-06
21026,3.326672729175861e-06
21027,3.325724374336759e-06
21028,3.3247779152034717e-06
21029,3.3238324025353107e-06
21030,3.322888780021851e-06
21031,3.3219508051018933e-06
21032,3.321005292433734e-06
21033,3.320062613498821e-06
21034,3.3191152070122247e-06
21035,3.3181640013424372e-06
21036,3.317217542209149e-06
21037,3.3162710830758642e-06
21038,3.3153302886335082e-06
21039,3.3143819336833874e-06
21040,3.3134430198478154e-06
21041,3.312492765417117e-06
21042,3.3115529116667366e-06
21043,3.3106055051801415e-06
21044,3.309658098693544e-06
21045,3.3087144760690656e-06
21046,3.3077746224297023e-06
21047,3.3068243679990083e-06
21048,3.3058779088657154e-06
21049,3.3049371143123464e-06
21050,3.3039953780678008e-06
21051,3.3030517555543443e-06
21052,3.30210624288618e-06
21053,3.301166389135803e-06
21054,3.300225594582427e-06
21055,3.2992904307471696e-06
21056,3.2983515169116e-06
21057,3.297413541880625e-06
21058,3.2964765048770776e-06
21059,3.2955375910415073e-06
21060,3.2945977372911243e-06
21061,3.293658823455556e-06
21062,3.292715200831076e-06
21063,3.2917696882739357e-06
21064,3.2908213333238153e-06
21065,3.289871079004139e-06
21066,3.2889227240540126e-06
21067,3.287974369214907e-06
21068,3.2870260143758024e-06
21069,3.2860757599451046e-06
21070,3.2851274051060022e-06
21071,3.2841761994362148e-06
21072,3.283228792949624e-06
21073,3.2822870567050816e-06
21074,3.2813387017549515e-06
21075,3.2803893976751652e-06
21076,3.2794476614306263e-06
21077,3.2784983572398144e-06
21078,3.2775509507532185e-06
21079,3.2766063835509823e-06
21080,3.275656129120284e-06
21081,3.274717215284715e-06
21082,3.273780178281169e-06
21083,3.2728422033612148e-06
21084,3.2718919489305178e-06
21085,3.2709416944998157e-06
21086,3.269992390309006e-06
21087,3.26904213587831e-06
21088,3.26810322204274e-06
21089,3.267160543107828e-06
21090,3.2662159759055936e-06
21091,3.265267621066495e-06
21092,3.264323053975283e-06
21093,3.2633775413071224e-06
21094,3.262434862372208e-06
21095,3.261497825368666e-06
21096,3.260557971618281e-06
21097,3.259619057782716e-06
21098,3.2586801438361243e-06
21099,3.2577412300005544e-06
21100,3.2568023161649883e-06
21101,3.255862462414604e-06
21102,3.254920726170062e-06
21103,3.2539742670367744e-06
21104,3.2530249628459625e-06
21105,3.2520747084152654e-06
21106,3.251126353576162e-06
21107,3.2501770493853508e-06
21108,3.2492305902520604e-06
21109,3.2482822354129594e-06
21110,3.247332931222147e-06
21111,3.246381725663382e-06
21112,3.2454352665300945e-06
21113,3.2444859623392826e-06
21114,3.24353760750018e-06
21115,3.242588303309371e-06
21116,3.241638999118558e-06
21117,3.2406934865614164e-06
21118,3.239745131611296e-06
21119,3.2388033953667495e-06
21120,3.2378540911759423e-06
21121,3.2369047870961505e-06
21122,3.2359564321460255e-06
21123,3.235006177826351e-06
21124,3.2340559233956524e-06
21125,3.2331056689649546e-06
21126,3.2321573140148287e-06
21127,3.2312127469236186e-06
21128,3.230268179832409e-06
21129,3.2293217206991166e-06
21130,3.228371466268418e-06
21131,3.227428787333509e-06
21132,3.2264785329028092e-06
21133,3.225531126416212e-06
21134,3.2245808719855162e-06
21135,3.2236306175548175e-06
21136,3.2226813133640073e-06
21137,3.221731058933306e-06
21138,3.220779853374546e-06
21139,3.219830549183735e-06
21140,3.2188802947530365e-06
21141,3.2179376158181206e-06
21142,3.2169873613874257e-06
21143,3.2160371069567245e-06
21144,3.215087802765913e-06
21145,3.214137548335217e-06
21146,3.213189193496113e-06
21147,3.212239889305303e-06
21148,3.21129721037039e-06
21149,3.2103498038837954e-06
21150,3.209400499692985e-06
21151,3.2084511955021715e-06
21152,3.2075018914223835e-06
21153,3.2065525872315724e-06
21154,3.2056080201403607e-06
21155,3.204658715949548e-06
21156,3.203711309462954e-06
21157,3.2027639028653363e-06
21158,3.2018231084229836e-06
21159,3.200878541220752e-06
21160,3.199931134734155e-06
21161,3.198982779895055e-06
21162,3.198033475704241e-06
21163,3.1970841715134287e-06
21164,3.19614149257852e-06
21165,3.1951921883877085e-06
21166,3.194245729365443e-06
21167,3.193298322767823e-06
21168,3.192350916281229e-06
21169,3.1914044571479377e-06
21170,3.190457998125675e-06
21171,3.189513430923442e-06
21172,3.188565076084339e-06
21173,3.1876261622487685e-06
21174,3.1866787557621747e-06
21175,3.185728501331473e-06
21176,3.1847877067781027e-06
21177,3.1838403002915072e-06
21178,3.1828957330892774e-06
21179,3.181947378250174e-06
21180,3.1809999717635783e-06
21181,3.1800516169244743e-06
21182,3.1791098806799337e-06
21183,3.178163421546643e-06
21184,3.1772150667075415e-06
21185,3.176272387772628e-06
21186,3.1753306514170644e-06
21187,3.174384192394796e-06
21188,3.173439625192563e-06
21189,3.172495058101357e-06
21190,3.1715504910101444e-06
21191,3.1706059238079138e-06
21192,3.1696604111397507e-06
21193,3.1687148985826116e-06
21194,3.167768439449326e-06
21195,3.1668219803160394e-06
21196,3.165872676125225e-06
21197,3.164922421805548e-06
21198,3.1639778546033196e-06
21199,3.1630313954700305e-06
21200,3.1620811411503495e-06
21201,3.16113562848219e-06
21202,3.1601901158140326e-06
21203,3.15924081162322e-06
21204,3.1582896060644597e-06
21205,3.157340301873648e-06
21206,3.1563957346714116e-06
21207,3.155449275649146e-06
21208,3.1544999714583355e-06
21209,3.153562934454789e-06
21210,3.1526145796156885e-06
21211,3.151667173129093e-06
21212,3.150720713995801e-06
21213,3.1497752013276425e-06
21214,3.1488239956578576e-06
21215,3.1478784831007164e-06
21216,3.1469291789099066e-06
21217,3.145988384356535e-06
21218,3.1450409778699383e-06
21219,3.1440916736791284e-06
21220,3.14314616101097e-06
21221,3.142196856931176e-06
21222,3.1412560623778038e-06
21223,3.1403199624024914e-06
21224,3.1393819874825364e-06
21225,3.1384336325324092e-06
21226,3.137484328452624e-06
21227,3.1365350242618123e-06
21228,3.135590457059576e-06
21229,3.1346458899683687e-06
21230,3.1337003773002077e-06
21231,3.13275675478675e-06
21232,3.1318140758518366e-06
21233,3.130873281298463e-06
21234,3.12993248674509e-06
21235,3.1289850802584968e-06
21236,3.1280348258277943e-06
21237,3.1270902587365884e-06
21238,3.126144746068425e-06
21239,3.125196391229325e-06
21240,3.124247087038512e-06
21241,3.12329873219941e-06
21242,3.122347526529621e-06
21243,3.121396320970859e-06
21244,3.1204470167800484e-06
21245,3.119497712589239e-06
21246,3.1185531454980273e-06
21247,3.117609522873543e-06
21248,3.116664010205385e-06
21249,3.115721331270472e-06
21250,3.114774872248207e-06
21251,3.113830305045971e-06
21252,3.1128838459126857e-06
21253,3.1119364394260893e-06
21254,3.1109918723348792e-06
21255,3.1100444658482824e-06
21256,3.1090942114175863e-06
21257,3.10814585657848e-06
21258,3.1071975016283543e-06
21259,3.1062472471976585e-06
21260,3.10529984071106e-06
21261,3.104353381577776e-06
21262,3.1034040774979826e-06
21263,3.1024557225478614e-06
21264,3.1015092635255942e-06
21265,3.1005628043923035e-06
21266,3.0996125499616056e-06
21267,3.0986622955309048e-06
21268,3.097713940691804e-06
21269,3.0967636862611063e-06
21270,3.0958134318304055e-06
21271,3.094865076991307e-06
21272,3.093914822560605e-06
21273,3.0929664677215017e-06
21274,3.0920181127713788e-06
21275,3.091068808691587e-06
21276,3.0901185542608896e-06
21277,3.0891701994217894e-06
21278,3.088223740288496e-06
21279,3.0872744360976875e-06
21280,3.0863289234295257e-06
21281,3.08537866899883e-06
21282,3.084430314159726e-06
21283,3.0834829076731304e-06
21284,3.082536448539843e-06
21285,3.081589989406551e-06
21286,3.0806406853267627e-06
21287,3.0796942261934767e-06
21288,3.0787477670601834e-06
21289,3.0777994122210802e-06
21290,3.076853899552922e-06
21291,3.0759102770394645e-06
21292,3.0749704232890824e-06
21293,3.0740220684499796e-06
21294,3.0730765557818153e-06
21295,3.072134819537277e-06
21296,3.0711911969127946e-06
21297,3.070245684355653e-06
21298,3.0693011171534245e-06
21299,3.0683584382185124e-06
21300,3.0674100833794063e-06
21301,3.0664655162881984e-06
21302,3.0655190571549106e-06
21303,3.0645735444867496e-06
21304,3.063628977395539e-06
21305,3.0626834647273786e-06
21306,3.0617379520592185e-06
21307,3.06079054557262e-06
21308,3.0598431390860245e-06
21309,3.058895732599432e-06
21310,3.057952109974951e-06
21311,3.0570141350549918e-06
21312,3.0560667284573756e-06
21313,3.0551174243775856e-06
21314,3.054172857175353e-06
21315,3.05323017824044e-06
21316,3.052283719218173e-06
21317,3.0513391520159438e-06
21318,3.050393639347781e-06
21319,3.0494537857084234e-06
21320,3.0485054307582975e-06
21321,3.0475608636670845e-06
21322,3.0466162965758782e-06
21323,3.0456669923850633e-06
21324,3.0447205332517773e-06
21325,3.0437750205836146e-06
21326,3.042832341648704e-06
21327,3.0418830374578923e-06
21328,3.0409337333781026e-06
21329,3.039987274244814e-06
21330,3.0390408151115284e-06
21331,3.038094356089258e-06
21332,3.0371450518984493e-06
21333,3.0361995392302904e-06
21334,3.035255916605807e-06
21335,3.0343104040486675e-06
21336,3.033362997451052e-06
21337,3.0324250225310938e-06
21338,3.0314776160444974e-06
21339,3.0305283118536855e-06
21340,3.0295865756091457e-06
21341,3.028637271418331e-06
21342,3.027700234414785e-06
21343,3.026760380664407e-06
21344,3.025818644419865e-06
21345,3.024879730584295e-06
21346,3.0239408167487265e-06
21347,3.0229924617986015e-06
21348,3.022049782863689e-06
21349,3.021107103928777e-06
21350,3.020160644795489e-06
21351,3.0192170222820297e-06
21352,3.018275286037484e-06
21353,3.017328826904196e-06
21354,3.0163842598129892e-06
21355,3.0154368533263937e-06
21356,3.0144875491355818e-06
21357,3.013543926511095e-06
21358,3.0125984139539584e-06
21359,3.01165195482067e-06
21360,3.0107073876184404e-06
21361,3.0097599811318406e-06
21362,3.008809726701147e-06
21363,3.007864214144008e-06
21364,3.0069168075463914e-06
21365,3.0059712949892535e-06
21366,3.0050267277870216e-06
21367,3.004082160695811e-06
21368,3.003134754209215e-06
21369,3.0021892415410513e-06
21370,3.0012427824077622e-06
21371,3.0002944275686608e-06
21372,2.9993460727295576e-06
21373,2.9984033937946447e-06
21374,2.9974550388445218e-06
21375,2.996512359909608e-06
21376,2.99556873739615e-06
21377,2.9946194332053383e-06
21378,2.9936701290145234e-06
21379,2.9927208249347367e-06
21380,2.9917772023102533e-06
21381,2.9908278981194414e-06
21382,2.989881439097175e-06
21383,2.988937816472691e-06
21384,2.987988512281881e-06
21385,2.9870411057952833e-06
21386,2.9860936993086904e-06
21387,2.985146292822092e-06
21388,2.9841988863355006e-06
21389,2.983250531385373e-06
21390,2.982301227194563e-06
21391,2.9813538207079655e-06
21392,2.9804092536167546e-06
21393,2.9794618471301583e-06
21394,2.978513492291055e-06
21395,2.977568925088827e-06
21396,2.9766243579976144e-06
21397,2.9756788453294526e-06
21398,2.9747371090849107e-06
21399,2.9737906499516268e-06
21400,2.9728432434650274e-06
21401,2.9718948886259277e-06
21402,2.9709465336758018e-06
21403,2.9699981788366995e-06
21404,2.9690507723501027e-06
21405,2.9681024175110008e-06
21406,2.9671521630803016e-06
21407,2.9662057039470092e-06
21408,2.965255449516311e-06
21409,2.9643089904940467e-06
21410,2.963360635543919e-06
21411,2.9624122807048206e-06
21412,2.9614639258657166e-06
21413,2.9605174667324263e-06
21414,2.9595672123017255e-06
21415,2.958617908110918e-06
21416,2.957670501624322e-06
21417,2.9567249889561613e-06
21418,2.955777582469563e-06
21419,2.9548311233362763e-06
21420,2.9538837168496808e-06
21421,2.9529382042925447e-06
21422,2.951992691624384e-06
21423,2.951047178956221e-06
21424,2.950100719822933e-06
21425,2.9491523649838305e-06
21426,2.9482096860489176e-06
21427,2.947262279562322e-06
21428,2.9463139247232223e-06
21429,2.945370302098737e-06
21430,2.9444238429654494e-06
21431,2.943478330408312e-06
21432,2.942536594052745e-06
21433,2.9415948578082056e-06
21434,2.940648398785937e-06
21435,2.939700043835812e-06
21436,2.938751688996711e-06
21437,2.9378071219054998e-06
21438,2.936862554703266e-06
21439,2.9359179876120582e-06
21440,2.934972474943895e-06
21441,2.934026015921633e-06
21442,2.9330767117308215e-06
21443,2.9321311990626623e-06
21444,2.9311828442235566e-06
21445,2.9302382770213268e-06
21446,2.929291817999058e-06
21447,2.92834535886577e-06
21448,2.9273998461976075e-06
21449,2.9264533870643223e-06
21450,2.925506928042056e-06
21451,2.924561415373893e-06
21452,2.9236159027057366e-06
21453,2.9226713356145252e-06
21454,2.9217220314237125e-06
21455,2.9207774643325007e-06
21456,2.9198347853975903e-06
21457,2.9188949316472095e-06
21458,2.9179569566162304e-06
21459,2.917013334102771e-06
21460,2.916069711478285e-06
21461,2.9151260889648273e-06
21462,2.914182466451366e-06
21463,2.913238843826884e-06
21464,2.9122923846935937e-06
21465,2.9113478176023816e-06
21466,2.9104004111157886e-06
21467,2.9094511069249754e-06
21468,2.9085074844115155e-06
21469,2.907561025278226e-06
21470,2.9066155126100685e-06
21471,2.9056652581793693e-06
21472,2.9047197455112084e-06
21473,2.903776122997749e-06
21474,2.9028287165111517e-06
21475,2.901886037576238e-06
21476,2.9009395784429523e-06
21477,2.899990274252138e-06
21478,2.8990400198214395e-06
21479,2.8980897653907425e-06
21480,2.8971395109600455e-06
21481,2.896189256529348e-06
21482,2.895239002098649e-06
21483,2.8942934895415085e-06
21484,2.8933508106066007e-06
21485,2.892410016053226e-06
21486,2.8914663934287445e-06
21487,2.8905227709152834e-06
21488,2.889578203824072e-06
21489,2.888628899633259e-06
21490,2.887679595442448e-06
21491,2.8867302912516396e-06
21492,2.885780987060827e-06
21493,2.8848373645473645e-06
21494,2.883888060356554e-06
21495,2.8829416012232673e-06
21496,2.8819913469035883e-06
21497,2.8810429919534646e-06
21498,2.8800974793963246e-06
21499,2.8791481752055157e-06
21500,2.8781998203664095e-06
21501,2.8772543076982536e-06
21502,2.8763078485649604e-06
21503,2.8753642260515022e-06
21504,2.874418713383344e-06
21505,2.8734750907588604e-06
21506,2.8725333545143164e-06
21507,2.871592559960943e-06
21508,2.87064420512184e-06
21509,2.8696958502827364e-06
21510,2.8687531713478265e-06
21511,2.8678067122145357e-06
21512,2.8668564577838413e-06
21513,2.8659081029447343e-06
21514,2.864966366700194e-06
21515,2.8640217996089824e-06
21516,2.86307912056305e-06
21517,2.862133608005915e-06
21518,2.861192813452541e-06
21519,2.8602482463613295e-06
21520,2.859303679159095e-06
21521,2.858359112067887e-06
21522,2.8574135993997253e-06
21523,2.8564690323085152e-06
21524,2.855526353373607e-06
21525,2.8545779984234794e-06
21526,2.853629643584377e-06
21527,2.8526803393935647e-06
21528,2.851732932906971e-06
21529,2.850787420238808e-06
21530,2.8498437977253475e-06
21531,2.8488935432946484e-06
21532,2.847952748741276e-06
21533,2.847002494310578e-06
21534,2.84605319023079e-06
21535,2.845108623028558e-06
21536,2.844165944093644e-06
21537,2.843217589254541e-06
21538,2.8422739667410802e-06
21539,2.8413293995388525e-06
21540,2.8403848324476387e-06
21541,2.8394402652454063e-06
21542,2.838499470803057e-06
21543,2.837554903600825e-06
21544,2.8366122246659152e-06
21545,2.8356676575747026e-06
21546,2.8347249786397893e-06
21547,2.8337804114375608e-06
21548,2.8328358443463478e-06
21549,2.8318884378597527e-06
21550,2.830938183429053e-06
21551,2.829988879238241e-06
21552,2.8290443121470336e-06
21553,2.828102575902491e-06
21554,2.8271542209523668e-06
21555,2.8262096538611554e-06
21556,2.8252612990220544e-06
21557,2.824314839888763e-06
21558,2.8233702727975523e-06
21559,2.8224275938626407e-06
21560,2.8214830266604117e-06
21561,2.8205431730210493e-06
21562,2.819598605818821e-06
21563,2.818655926883908e-06
21564,2.8177160731335245e-06
21565,2.8167771592979575e-06
21566,2.815834480363046e-06
21567,2.8148918014281317e-06
21568,2.8139453422948427e-06
21569,2.812998883161556e-06
21570,2.812054316070345e-06
21571,2.8111125798258017e-06
21572,2.8101670671576446e-06
21573,2.8092206080243555e-06
21574,2.8082713039445646e-06
21575,2.8073229489944383e-06
21576,2.806374594155338e-06
21577,2.805428135022049e-06
21578,2.804484512508586e-06
21579,2.8035352083177747e-06
21580,2.802585904126963e-06
21581,2.8016366000471757e-06
21582,2.800687295856362e-06
21583,2.799737991665554e-06
21584,2.7987886874747395e-06
21585,2.7978431748065823e-06
21586,2.796899552293119e-06
21587,2.795955929668636e-06
21588,2.795016076029279e-06
21589,2.7940705633611186e-06
21590,2.7931250506929547e-06
21591,2.7921851969425776e-06
21592,2.7912453431921934e-06
21593,2.7902960391124063e-06
21594,2.7893486325147884e-06
21595,2.788405010001325e-06
21596,2.7874576035147297e-06
21597,2.7865101970281367e-06
21598,2.7855627904305197e-06
21599,2.7846134863507275e-06
21600,2.7836660797531097e-06
21601,2.7827167756733226e-06
21602,2.7817731530488405e-06
21603,2.7808295305353764e-06
21604,2.7798802263445674e-06
21605,2.778936603720082e-06
21606,2.7779872996402943e-06
21607,2.7770379954494807e-06
21608,2.7760886912586734e-06
21609,2.775141284772076e-06
21610,2.7741957721039157e-06
21611,2.773252149590456e-06
21612,2.772306636922293e-06
21613,2.7713611242541347e-06
21614,2.770410869823435e-06
21615,2.7694615656326236e-06
21616,2.7685113112019253e-06
21617,2.7675657986447875e-06
21618,2.766616494453978e-06
21619,2.765668139614875e-06
21620,2.7647188354240635e-06
21621,2.7637704805849586e-06
21622,2.7628202261542624e-06
21623,2.761869971723564e-06
21624,2.7609235125902764e-06
21625,2.759973258159576e-06
21626,2.7590230037288777e-06
21627,2.7580774910607184e-06
21628,2.75712723663002e-06
21629,2.7561948755527857e-06
21630,2.755249362884628e-06
21631,2.7543029037513395e-06
21632,2.7533526493206408e-06
21633,2.7524042944815368e-06
21634,2.7514625582369958e-06
21635,2.750522704486614e-06
21636,2.7495809682420705e-06
21637,2.7486364010398402e-06
21638,2.7476861467201613e-06
21639,2.746744410364598e-06
21640,2.745802674120057e-06
21641,2.7448562150977902e-06
21642,2.7439078601476665e-06
21643,2.7429661239031225e-06
21644,2.7420225013896622e-06
21645,2.741076042256375e-06
21646,2.740137128420807e-06
21647,2.739196333867431e-06
21648,2.7382527112429483e-06
21649,2.7373109749984107e-06
21650,2.7363711212480243e-06
21651,2.7354293850034824e-06
21652,2.7344885904501126e-06
21653,2.7335421314278455e-06
21654,2.732593776588743e-06
21655,2.731647317455454e-06
21656,2.7306970630247554e-06
21657,2.7297487081856535e-06
21658,2.72879940399484e-06
21659,2.7278500998040305e-06
21660,2.726901744964928e-06
21661,2.725954338478331e-06
21662,2.7250107158538484e-06
21663,2.7240623610147435e-06
21664,2.7231196820798314e-06
21665,2.7221826450762884e-06
21666,2.721239966141377e-06
21667,2.7202935070080856e-06
21668,2.7193479943399276e-06
21669,2.7184090805043603e-06
21670,2.717459776313546e-06
21671,2.7165189818711983e-06
21672,2.7155734692030364e-06
21673,2.714627956534876e-06
21674,2.7136852775999647e-06
21675,2.712744483046593e-06
21676,2.711799915955381e-06
21677,2.710853456822095e-06
21678,2.709910777887179e-06
21679,2.708977483445453e-06
21680,2.7080404464419057e-06
21681,2.707092091602801e-06
21682,2.706141837172106e-06
21683,2.7051963245039437e-06
21684,2.7042564707535645e-06
21685,2.7033100117312973e-06
21686,2.7023644990631385e-06
21687,2.701425585116544e-06
21688,2.7004857314771856e-06
21689,2.699545877726805e-06
21690,2.698608840723261e-06
21691,2.697672740747947e-06
21692,2.6967300618130365e-06
21693,2.6957930248094905e-06
21694,2.6948503458745785e-06
21695,2.693907666939664e-06
21696,2.6929649880047547e-06
21697,2.6920223090698427e-06
21698,2.6910815145164686e-06
21699,2.69013694742526e-06
21700,2.689188592586154e-06
21701,2.6882411859885367e-06
21702,2.6872966188973292e-06
21703,2.686353939962416e-06
21704,2.685412203717875e-06
21705,2.684472349967492e-06
21706,2.6835249434808968e-06
21707,2.6825756392900844e-06
21708,2.6816301266219235e-06
21709,2.6806865041084636e-06
21710,2.6797381492693596e-06
21711,2.678789794319234e-06
21712,2.677843335296972e-06
21713,2.6769034815465908e-06
21714,2.675965506515609e-06
21715,2.6750209394244e-06
21716,2.6740820255888317e-06
21717,2.673140289233265e-06
21718,2.6721985529887236e-06
21719,2.6712689861207993e-06
21720,2.6703328861454874e-06
21721,2.6693920917031377e-06
21722,2.668444685105522e-06
21723,2.6674972786189235e-06
21724,2.6665498721323306e-06
21725,2.665609077578956e-06
21726,2.6646635650218208e-06
21727,2.663716158424203e-06
21728,2.6627678035850994e-06
21729,2.661819448745993e-06
21730,2.660869194315295e-06
21731,2.659919890124483e-06
21732,2.6589724836378913e-06
21733,2.658025077151294e-06
21734,2.6570757729604813e-06
21735,2.6561302602923233e-06
21736,2.65519416031701e-06
21737,2.6542608658752806e-06
21738,2.653326637180876e-06
21739,2.652392408486471e-06
21740,2.651458179792066e-06
21741,2.6505098249529615e-06
21742,2.649572787949418e-06
21743,2.648633874113847e-06
21744,2.6476855192747463e-06
21745,2.6467428403398317e-06
21746,2.645804865308853e-06
21747,2.6448640708665043e-06
21748,2.6439260958355227e-06
21749,2.6429918671411222e-06
21750,2.642052953305552e-06
21751,2.6411140393589592e-06
21752,2.6401751255233906e-06
21753,2.63923433097002e-06
21754,2.638293536527669e-06
21755,2.6373527419742958e-06
21756,2.636408174772065e-06
21757,2.635462662214929e-06
21758,2.634521867661554e-06
21759,2.6335791887266416e-06
21760,2.6326327295933547e-06
21761,2.6316853231067566e-06
21762,2.6307360189159485e-06
21763,2.6297895597826603e-06
21764,2.6288449926914477e-06
21765,2.627899480023287e-06
21766,2.6269520735366908e-06
21767,2.626002769345879e-06
21768,2.6250591468324215e-06
21769,2.624118352279046e-06
21770,2.6231728396108878e-06
21771,2.6222273269427255e-06
21772,2.621278022862939e-06
21773,2.620328718672125e-06
21774,2.6193794144813133e-06
21775,2.6184301102905056e-06
21776,2.6174864877770436e-06
21777,2.616540028643756e-06
21778,2.6155916738046506e-06
21779,2.61464236961384e-06
21780,2.6136930654230296e-06
21781,2.612743761343239e-06
21782,2.611795406393113e-06
21783,2.6108461023133228e-06
21784,2.6098977473632e-06
21785,2.608949392524097e-06
21786,2.608001037684995e-06
21787,2.6070602431316216e-06
21788,2.606119448578248e-06
21789,2.6051739360211084e-06
21790,2.6042255810709826e-06
21791,2.603279122048717e-06
21792,2.6023307670985946e-06
21793,2.601389030854053e-06
21794,2.6004387764233506e-06
21795,2.59948947223254e-06
21796,2.598539217912867e-06
21797,2.597594650710632e-06
21798,2.596650083619423e-06
21799,2.595699829188726e-06
21800,2.5947580929441835e-06
21801,2.5938097381050816e-06
21802,2.5928680017495137e-06
21803,2.5919215427272503e-06
21804,2.590981688976867e-06
21805,2.5900390100419565e-06
21806,2.5890972737974117e-06
21807,2.588154594862503e-06
21808,2.5872119159275905e-06
21809,2.586263560977466e-06
21810,2.5853161544908696e-06
21811,2.584373475555955e-06
21812,2.5834326810025864e-06
21813,2.582489058489124e-06
21814,2.581543545820962e-06
21815,2.580605570901009e-06
21816,2.5796572159508813e-06
21817,2.578720179058356e-06
21818,2.5777718241082305e-06
21819,2.576822520028445e-06
21820,2.5758826662780633e-06
21821,2.5749428125276825e-06
21822,2.574000133592771e-06
21823,2.573055566390536e-06
21824,2.5721100538334006e-06
21825,2.571164541165238e-06
21826,2.5702256273296676e-06
21827,2.569276323138856e-06
21828,2.5683308104706977e-06
21829,2.5673815062798845e-06
21830,2.566432202089076e-06
21831,2.565483847249973e-06
21832,2.5645411683150603e-06
21833,2.563594709181773e-06
21834,2.562646354342669e-06
21835,2.5616960999119715e-06
21836,2.5607467957211566e-06
21837,2.559804116786247e-06
21838,2.5588586042291063e-06
21839,2.5579093000382947e-06
21840,2.5569694462879134e-06
21841,2.5560229871546286e-06
21842,2.5550736829638154e-06
21843,2.55412627647722e-06
21844,2.5531788699906244e-06
21845,2.5522295657998107e-06
21846,2.5512831066665226e-06
21847,2.550335700179931e-06
21848,2.549387345340827e-06
21849,2.548445609096282e-06
21850,2.5474953546655875e-06
21851,2.546551732152126e-06
21852,2.545601477721425e-06
21853,2.544655965053266e-06
21854,2.543705710622568e-06
21855,2.54276019795441e-06
21856,2.5418146852862486e-06
21857,2.540868226263981e-06
21858,2.5399208196663624e-06
21859,2.5389790834218213e-06
21860,2.5380307285827178e-06
21861,2.537086161491509e-06
21862,2.5361453669381366e-06
21863,2.535200799846924e-06
21864,2.5342562326446917e-06
21865,2.5333135537097826e-06
21866,2.532372759156411e-06
21867,2.5314310229118683e-06
21868,2.5304911691614858e-06
21869,2.5295456566043505e-06
21870,2.5286086196008024e-06
21871,2.5276631069326427e-06
21872,2.5267166477993524e-06
21873,2.5257682929602522e-06
21874,2.5248237258690396e-06
21875,2.52387915866681e-06
21876,2.522937422422267e-06
21877,2.5219909632889785e-06
21878,2.521043556802382e-06
21879,2.52009520196328e-06
21880,2.5191458977724696e-06
21881,2.5182060440220883e-06
21882,2.5172595849998224e-06
21883,2.5163112300496957e-06
21884,2.515371376410335e-06
21885,2.514428697475425e-06
21886,2.5134841302731893e-06
21887,2.5125386176050334e-06
21888,2.5115921585827637e-06
21889,2.5106419041520684e-06
21890,2.509697336949834e-06
21891,2.508748032870046e-06
21892,2.507802520201884e-06
21893,2.5068588975774007e-06
21894,2.5059152750639396e-06
21895,2.504968815930655e-06
21896,2.504020461091551e-06
21897,2.503076838578089e-06
21898,2.502127534387279e-06
21899,2.50118107525399e-06
21900,2.5002317710631776e-06
21901,2.4992824668723644e-06
21902,2.4983360078500972e-06
21903,2.4973876528999743e-06
21904,2.4964411938777067e-06
21905,2.4954956812095496e-06
21906,2.4945501685413895e-06
21907,2.4936046558732276e-06
21908,2.492655351793438e-06
21909,2.4917069968433142e-06
21910,2.4907576927635246e-06
21911,2.489812180095364e-06
21912,2.4888666674272027e-06
21913,2.4879202082939145e-06
21914,2.486973749271647e-06
21915,2.4860282366034897e-06
21916,2.4850827239353288e-06
21917,2.484134369096224e-06
21918,2.4831869626096275e-06
21919,2.4822395560120114e-06
21920,2.4812949889208026e-06
21921,2.480350421829593e-06
21922,2.4794058546273585e-06
21923,2.4784584481407634e-06
21924,2.477513881049554e-06
21925,2.476566474562958e-06
21926,2.475621907360725e-06
21927,2.4746754483384584e-06
21928,2.4737374733074785e-06
21929,2.4727976195571e-06
21930,2.471855883312558e-06
21931,2.4709169694769884e-06
21932,2.4699714568088282e-06
21933,2.46902594414067e-06
21934,2.4680804314725097e-06
21935,2.4671339724502396e-06
21936,2.4661856175001183e-06
21937,2.465239158477852e-06
21938,2.464292699344563e-06
21939,2.463349076831102e-06
21940,2.4624026176978103e-06
21941,2.4614561585645246e-06
21942,2.4605087520779295e-06
21943,2.459563239409768e-06
21944,2.4586148845706654e-06
21945,2.4576693719025053e-06
21946,2.456723859234343e-06
21947,2.455782122989802e-06
21948,2.454833768150697e-06
21949,2.453890145637239e-06
21950,2.452945578435005e-06
21951,2.4519991193017193e-06
21952,2.451055496788258e-06
21953,2.4501099841200977e-06
21954,2.449164471451939e-06
21955,2.4482199043607254e-06
21956,2.447278168116186e-06
21957,2.4463326554480264e-06
21958,2.445389976513112e-06
21959,2.444440672322301e-06
21960,2.443496105231092e-06
21961,2.4425534262961807e-06
21962,2.4416107473612686e-06
21963,2.440663340874671e-06
21964,2.439720661939759e-06
21965,2.4387770393152742e-06
21966,2.437832472224068e-06
21967,2.4368897932891534e-06
21968,2.43594617066467e-06
21969,2.4350006579965094e-06
21970,2.4340598635541627e-06
21971,2.433115296351928e-06
21972,2.432172617417016e-06
21973,2.4312289949035576e-06
21974,2.430285372279075e-06
21975,2.4293455186397135e-06
21976,2.428402839593779e-06
21977,2.427463925758213e-06
21978,2.4265165192716154e-06
21979,2.425568164432514e-06
21980,2.424626428187971e-06
21981,2.4236846918324083e-06
21982,2.4227410693189455e-06
21983,2.421793662832348e-06
21984,2.4208472036990626e-06
21985,2.4199016910308996e-06
21986,2.41895712393969e-06
21987,2.418014445004779e-06
21988,2.4170689323366177e-06
21989,2.4161205774975154e-06
21990,2.4151731710109224e-06
21991,2.4142286038086892e-06
21992,2.4132811973220916e-06
21993,2.412343222402134e-06
21994,2.411404308455546e-06
21995,2.4104597413643347e-06
21996,2.409515174273127e-06
21997,2.4085753205227417e-06
21998,2.407627914036146e-06
21999,2.4066805074385313e-06
22000,2.4057331009519358e-06
22001,2.4047923063985604e-06
22002,2.403848683885101e-06
22003,2.402909770049534e-06
22004,2.4019623634519158e-06
22005,2.4010149569653194e-06
22006,2.4000675504787235e-06
22007,2.399120143992128e-06
22008,2.398170839801317e-06
22009,2.397226272710105e-06
22010,2.396281705507875e-06
22011,2.3953342990212785e-06
22012,2.3943868925346817e-06
22013,2.3934394860480874e-06
22014,2.3924920794504683e-06
22015,2.3915465668933335e-06
22016,2.390598211943208e-06
22017,2.3896517529209417e-06
22018,2.388704346323321e-06
22019,2.387761667388409e-06
22020,2.386813312549308e-06
22021,2.385869690035845e-06
22022,2.3849279537913053e-06
22023,2.383979598841179e-06
22024,2.3830369199062677e-06
22025,2.3820904608840023e-06
22026,2.3811430542863836e-06
22027,2.3802069544220906e-06
22028,2.3792633317976114e-06
22029,2.378315925311014e-06
22030,2.3773685188244183e-06
22031,2.3764211123378244e-06
22032,2.3754727573876977e-06
22033,2.374525350901103e-06
22034,2.3735798382329437e-06
22035,2.3726343256758064e-06
22036,2.3716888130076454e-06
22037,2.3707433003394844e-06
22038,2.3697977876713235e-06
22039,2.3688532205801143e-06
22040,2.36790865337788e-06
22041,2.366963140820744e-06
22042,2.3660147858706174e-06
22043,2.365078686006326e-06
22044,2.364133173338169e-06
22045,2.3631876606700062e-06
22046,2.362239305830903e-06
22047,2.3612909509918003e-06
22048,2.360345438323641e-06
22049,2.359400871232432e-06
22050,2.3584563040301974e-06
22051,2.3575079491910934e-06
22052,2.356565270256183e-06
22053,2.355621647631702e-06
22054,2.3546770805404896e-06
22055,2.3537344016055762e-06
22056,2.3527936070522047e-06
22057,2.3518480944950703e-06
22058,2.350904471870584e-06
22059,2.3499646181202043e-06
22060,2.34902382356683e-06
22061,2.348079256475621e-06
22062,2.347132797342334e-06
22063,2.346184442503228e-06
22064,2.3452398754120175e-06
22065,2.3442915205729156e-06
22066,2.3433460079047546e-06
22067,2.3423976530656523e-06
22068,2.341449298115527e-06
22069,2.34049999403574e-06
22070,2.3395516390856147e-06
22071,2.3386051800633484e-06
22072,2.337657773465729e-06
22073,2.3367141509522665e-06
22074,2.3357705284388054e-06
22075,2.334826905814323e-06
22076,2.333883283300863e-06
22077,2.332941546945298e-06
22078,2.331996979854089e-06
22079,2.3310476756632772e-06
22080,2.3300983715834897e-06
22081,2.3291528589153275e-06
22082,2.328203554724519e-06
22083,2.327259932100036e-06
22084,2.326316309586573e-06
22085,2.3253679547474687e-06
22086,2.3244186505566597e-06
22087,2.3234693463658478e-06
22088,2.3225228872325596e-06
22089,2.32157737467542e-06
22090,2.3206318620072612e-06
22091,2.3196863493390986e-06
22092,2.3187408366709406e-06
22093,2.317794377648673e-06
22094,2.316847918515385e-06
22095,2.3158995636762837e-06
22096,2.3149512087261553e-06
22097,2.3140066416349474e-06
22098,2.3130592351483497e-06
22099,2.3121137224801926e-06
22100,2.311170099966731e-06
22101,2.310224587298571e-06
22102,2.309278128165283e-06
22103,2.3083363919207413e-06
22104,2.3073937129858292e-06
22105,2.3064585491505713e-06
22106,2.305514926526088e-06
22107,2.3045656224462982e-06
22108,2.3036191633130104e-06
22109,2.3026764843780967e-06
22110,2.3017281295389935e-06
22111,2.3007826168708334e-06
22112,2.299844641839856e-06
22113,2.298901019326396e-06
22114,2.297956452235184e-06
22115,2.297013773300271e-06
22116,2.2960767362967273e-06
22117,2.2951359417433537e-06
22118,2.2941970279077833e-06
22119,2.2932515152396245e-06
22120,2.292306948037391e-06
22121,2.291360489015126e-06
22122,2.2904130824175067e-06
22123,2.2894656759309137e-06
22124,2.2885239396863706e-06
22125,2.287576533199776e-06
22126,2.2866310205316133e-06
22127,2.2856836140450203e-06
22128,2.2847381013768585e-06
22129,2.2837925887086988e-06
22130,2.282847076151562e-06
22131,2.281899669553942e-06
22132,2.280954156996804e-06
22133,2.2800086443286456e-06
22134,2.279059340137835e-06
22135,2.2781147730466236e-06
22136,2.277172094111713e-06
22137,2.276233180165123e-06
22138,2.27529050123021e-06
22139,2.274349706676838e-06
22140,2.2734060841633755e-06
22141,2.272464347918833e-06
22142,2.2715226116742913e-06
22143,2.2705733074834823e-06
22144,2.2696325129301083e-06
22145,2.2686935990945396e-06
22146,2.2677480864263808e-06
22147,2.2668025737582202e-06
22148,2.2658542189191166e-06
22149,2.264905864080013e-06
22150,2.263957509129889e-06
22151,2.2630138866164294e-06
22152,2.262068373948267e-06
22153,2.261120019109163e-06
22154,2.26017166427006e-06
22155,2.2592233094309577e-06
22156,2.2582749544808314e-06
22157,2.2573284954585664e-06
22158,2.256383928256333e-06
22159,2.255441249321421e-06
22160,2.2544947902991552e-06
22161,2.253545486108346e-06
22162,2.252598079621747e-06
22163,2.251649724671623e-06
22164,2.25070042048081e-06
22165,2.249752065641707e-06
22166,2.248803710802606e-06
22167,2.2478553559635017e-06
22168,2.246907001124399e-06
22169,2.2459614884562376e-06
22170,2.2450121842654273e-06
22171,2.2440666715972655e-06
22172,2.2431239926623556e-06
22173,2.2421906982206256e-06
22174,2.241246131129414e-06
22175,2.2402977761792884e-06
22176,2.2393569817369392e-06
22177,2.238413359112457e-06
22178,2.2374687920212458e-06
22179,2.236525169396765e-06
22180,2.2355787103744973e-06
22181,2.234635087750015e-06
22182,2.233685783559203e-06
22183,2.2327364794794136e-06
22184,2.231800379504102e-06
22185,2.2308652156688407e-06
22186,2.229928178665298e-06
22187,2.228988324914917e-06
22188,2.228048471164532e-06
22189,2.227100116325432e-06
22190,2.226151761486327e-06
22191,2.2252071942840956e-06
22192,2.22426073526183e-06
22193,2.223312380311703e-06
22194,2.2223630762319155e-06
22195,2.2214137720411036e-06
22196,2.2204682593729417e-06
22197,2.2195227467047825e-06
22198,2.218575340218186e-06
22199,2.2176279337315914e-06
22200,2.2166805272449963e-06
22201,2.2157312230541856e-06
22202,2.2147838165675876e-06
22203,2.2138345123767778e-06
22204,2.2128852081859667e-06
22205,2.2119359039951547e-06
22206,2.2109951095528063e-06
22207,2.2100467546026783e-06
22208,2.2091021875114674e-06
22209,2.208152883320659e-06
22210,2.207203579129847e-06
22211,2.2062580665727096e-06
22212,2.205316330217144e-06
22213,2.2043670261373558e-06
22214,2.2034271723869745e-06
22215,2.202478817547869e-06
22216,2.201529513357061e-06
22217,2.200584000688897e-06
22218,2.1996375415556115e-06
22219,2.198700504552066e-06
22220,2.1977521497129602e-06
22221,2.19680284552215e-06
22222,2.1958535414423616e-06
22223,2.194906134844741e-06
22224,2.1939587283581457e-06
22225,2.193013215689987e-06
22226,2.1920686485987773e-06
22227,2.191119344407966e-06
22228,2.190173831739807e-06
22229,2.189237731875517e-06
22230,2.1882941092510335e-06
22231,2.187350486737572e-06
22232,2.1864068641130876e-06
22233,2.1854632415996274e-06
22234,2.1845177289314685e-06
22235,2.1835741064180082e-06
22236,2.1826304837935236e-06
22237,2.181686861280062e-06
22238,2.1807441823451495e-06
22239,2.1798005597206665e-06
22240,2.1788607059702856e-06
22241,2.1779114018904994e-06
22242,2.1769649427572087e-06
22243,2.1760156385663963e-06
22244,2.175066334375585e-06
22245,2.1741264806252056e-06
22246,2.173187566789636e-06
22247,2.172244887854725e-06
22248,2.1712965330156196e-06
22249,2.1703566792652387e-06
22250,2.1694121121740304e-06
22251,2.168468489549546e-06
22252,2.1675248670360837e-06
22253,2.166579354367924e-06
22254,2.165639500617543e-06
22255,2.164690196426732e-06
22256,2.1637446838695946e-06
22257,2.162804830119214e-06
22258,2.161862151184302e-06
22259,2.160920414828736e-06
22260,2.1599796203863887e-06
22261,2.1590407064397974e-06
22262,2.1581017926042295e-06
22263,2.1571600563596864e-06
22264,2.156214543691524e-06
22265,2.155269031023366e-06
22266,2.1543235184662262e-06
22267,2.1533780057980665e-06
22268,2.1524324931299094e-06
22269,2.1514869804617493e-06
22270,2.1505518166264884e-06
22271,2.149602512435679e-06
22272,2.148656053413411e-06
22273,2.1477086468157944e-06
22274,2.1467593426249824e-06
22275,2.1458185481826307e-06
22276,2.1448692439918217e-06
22277,2.143931269071865e-06
22278,2.142992355125273e-06
22279,2.142052501374891e-06
22280,2.1411164015106e-06
22281,2.1401774875640084e-06
22282,2.139241387588696e-06
22283,2.13830247375313e-06
22284,2.1373673099178707e-06
22285,2.1364265153644975e-06
22286,2.1354866616141183e-06
22287,2.134546807863736e-06
22288,2.1336060134213852e-06
22289,2.132665218868011e-06
22290,2.1317253651176303e-06
22291,2.130785511367249e-06
22292,2.12984283243234e-06
22293,2.1289020378789675e-06
22294,2.1279593589440525e-06
22295,2.1270157364305935e-06
22296,2.1260749418772224e-06
22297,2.125129429209061e-06
22298,2.1241848621178518e-06
22299,2.1232412396043894e-06
22300,2.122296672402158e-06
22301,2.121353049888695e-06
22302,2.1204103709537843e-06
22303,2.1194705172034026e-06
22304,2.118525950112194e-06
22305,2.1175775951620675e-06
22306,2.116635858917526e-06
22307,2.1156941226729838e-06
22308,2.1147552088374172e-06
22309,2.113808749704127e-06
22310,2.112867955150753e-06
22311,2.1119224424825957e-06
22312,2.1109750359959997e-06
22313,2.1100257318051857e-06
22314,2.109082109291727e-06
22315,2.108137542200516e-06
22316,2.1071882380097064e-06
22317,2.106238933818893e-06
22318,2.105293421150734e-06
22319,2.1043460146641363e-06
22320,2.1033976598250352e-06
22321,2.102448355634224e-06
22322,2.1015009491476294e-06
22323,2.100552594308524e-06
22324,2.0996032901177135e-06
22325,2.09865493527861e-06
22326,2.0977056310877997e-06
22327,2.096757276248696e-06
22328,2.095808921298568e-06
22329,2.0948596171077583e-06
22330,2.0939122106211623e-06
22331,2.0929629065413744e-06
22332,2.0920221119880016e-06
22333,2.0910756528547134e-06
22334,2.0901301401865524e-06
22335,2.0891968457448237e-06
22336,2.088256991994442e-06
22337,2.0873133694809805e-06
22338,2.08637257492761e-06
22339,2.085431780374238e-06
22340,2.0844862678170966e-06
22341,2.0835388612194805e-06
22342,2.0825990074691e-06
22343,2.081659153829739e-06
22344,2.0807183592763674e-06
22345,2.0797766230318272e-06
22346,2.078844261843572e-06
22347,2.077904408093191e-06
22348,2.076962671848647e-06
22349,2.0760199929137374e-06
22350,2.0750773139788232e-06
22351,2.0741384000322327e-06
22352,2.0731938329410214e-06
22353,2.0722549191054553e-06
22354,2.0713112964809693e-06
22355,2.0703686175460572e-06
22356,2.0694259386111486e-06
22357,2.0684832596762357e-06
22358,2.067541523431692e-06
22359,2.066600728878319e-06
22360,2.0656514246875108e-06
22361,2.0647021206077207e-06
22362,2.0637566079395593e-06
22363,2.062813929004647e-06
22364,2.0618646248138353e-06
22365,2.0609257109782675e-06
22366,2.059983032043354e-06
22367,2.059033727852543e-06
22368,2.058093874102164e-06
22369,2.0571445699113507e-06
22370,2.0562056560757807e-06
22371,2.055261088873549e-06
22372,2.054313682386955e-06
22373,2.0533653275478527e-06
22374,2.0524188684145615e-06
22375,2.051479014664181e-06
22376,2.050541977771658e-06
22377,2.049593622821533e-06
22378,2.0486547089859633e-06
22379,2.0477120300510533e-06
22380,2.046762725860239e-06
22381,2.0458275620249834e-06
22382,2.0448839394004987e-06
22383,2.043936532913904e-06
22384,2.042988178074802e-06
22385,2.0420445555613402e-06
22386,2.041095251370528e-06
22387,2.040159151395217e-06
22388,2.039224922700812e-06
22389,2.0382813001873514e-06
22390,2.03733578751919e-06
22391,2.036386483328379e-06
22392,2.0354371791375682e-06
22393,2.0344897726509723e-06
22394,2.0335404684601603e-06
22395,2.0325968459466988e-06
22396,2.0316484911075948e-06
22397,2.0307095771610064e-06
22398,2.029769723410624e-06
22399,2.028827987166083e-06
22400,2.0278862509215384e-06
22401,2.026946397171159e-06
22402,2.026000884503e-06
22403,2.0250534780164027e-06
22404,2.0241098555029424e-06
22405,2.0231652883007084e-06
22406,2.0222207212095013e-06
22407,2.0212752085413395e-06
22408,2.020329695984202e-06
22409,2.0193851287819697e-06
22410,2.01843961611381e-06
22411,2.01749599360035e-06
22412,2.016552370975867e-06
22413,2.015606858418729e-06
22414,2.0146613457505667e-06
22415,2.013712041559757e-06
22416,2.012762737368944e-06
22417,2.0118134332891545e-06
22418,2.010866974155868e-06
22419,2.009919567669272e-06
22420,2.0089721610716533e-06
22421,2.0080257020493883e-06
22422,2.0070763978585776e-06
22423,2.006127093667765e-06
22424,2.0051787388286604e-06
22425,2.0042294346378485e-06
22426,2.003280130447039e-06
22427,2.0023374515121257e-06
22428,2.0013947725772154e-06
22429,2.000445468386404e-06
22430,1.99950373214186e-06
22431,1.9985619958973184e-06
22432,1.9976136410582157e-06
22433,1.996667181924926e-06
22434,1.995721669256766e-06
22435,1.994775210234499e-06
22436,1.9938306430322696e-06
22437,1.9928851303641095e-06
22438,1.9919415078506475e-06
22439,1.9909988289157354e-06
22440,1.990056149980823e-06
22441,1.9891144137362807e-06
22442,1.9881660588971796e-06
22443,1.9872195997638893e-06
22444,1.986271244924787e-06
22445,1.9853238383271696e-06
22446,1.984376431840574e-06
22447,1.9834280770014688e-06
22448,1.9824806705148762e-06
22449,1.9815342113815842e-06
22450,1.9805877522482977e-06
22451,1.979640345761703e-06
22452,1.9786948330935417e-06
22453,1.9777483740712745e-06
22454,1.976800019121151e-06
22455,1.975853560098883e-06
22456,1.9749108811639715e-06
22457,1.9739625262138448e-06
22458,1.973014171374742e-06
22459,1.9720658165356414e-06
22460,1.9711221939111584e-06
22461,1.9701766813540185e-06
22462,1.9692302222207286e-06
22463,1.9682875432858187e-06
22464,1.9673401367992236e-06
22465,1.9663927303126268e-06
22466,1.965448163110395e-06
22467,1.9645017039771066e-06
22468,1.9635552449548395e-06
22469,1.9626078384682435e-06
22470,1.9616651594223083e-06
22471,1.9607205923311017e-06
22472,1.9597741331978105e-06
22473,1.958832396953269e-06
22474,1.9578887744398105e-06
22475,1.9569442072375748e-06
22476,1.9559986946804374e-06
22477,1.955054127478207e-06
22478,1.954108614810045e-06
22479,1.953163102252908e-06
22480,1.952217589584747e-06
22481,1.951273022493538e-06
22482,1.950328455291306e-06
22483,1.949383888200095e-06
22484,1.9484430936467226e-06
22485,1.9474994711332623e-06
22486,1.946555848508781e-06
22487,1.945613169573869e-06
22488,1.9446686024826585e-06
22489,1.943724979858175e-06
22490,1.9427775733715795e-06
22491,1.9418320607034185e-06
22492,1.940887493612208e-06
22493,1.9399429265209993e-06
22494,1.938999303896515e-06
22495,1.9380556813830556e-06
22496,1.937113945138513e-06
22497,1.9361731505851422e-06
22498,1.9352314143406e-06
22499,1.9342840077429804e-06
22500,1.9333469708504585e-06
22501,1.9324089958194786e-06
22502,1.9314615893328843e-06
22503,1.9305226754973157e-06
22504,1.92958093914175e-06
22505,1.928641085502391e-06
22506,1.927695572834231e-06
22507,1.926751950209749e-06
22508,1.925813036374181e-06
22509,1.9248703574392674e-06
22510,1.9239248447711085e-06
22511,1.9229793321029463e-06
22512,1.922031925616351e-06
22513,1.9210845191297582e-06
22514,1.920137112643162e-06
22515,1.9191897061565663e-06
22516,1.9182422995589472e-06
22517,1.9172948930723525e-06
22518,1.9163474865857558e-06
22519,1.915401973917595e-06
22520,1.9144536190784946e-06
22521,1.9135052642393893e-06
22522,1.9125578577527938e-06
22523,1.911613290550563e-06
22524,1.9106658840639676e-06
22525,1.9097203713958066e-06
22526,1.908775804304598e-06
22527,1.9078312371023625e-06
22528,1.9068828822632626e-06
22529,1.9059354757766658e-06
22530,1.9049880692900717e-06
22531,1.9040416101567827e-06
22532,1.903097043065573e-06
22533,1.9021515303974117e-06
22534,1.9012107358440395e-06
22535,1.9002680569091253e-06
22536,1.899327262355754e-06
22537,1.8983789075166513e-06
22538,1.8974343404254404e-06
22539,1.8964888277572811e-06
22540,1.8955433150891214e-06
22541,1.8946006361542096e-06
22542,1.8936588999096666e-06
22543,1.8927190461592862e-06
22544,1.8917763672243741e-06
22545,1.8908336882894612e-06
22546,1.889891009354548e-06
22547,1.8889473868410872e-06
22548,1.8880047079061774e-06
22549,1.8870601407039436e-06
22550,1.88611273421735e-06
22551,1.8851691117038872e-06
22552,1.884221705106271e-06
22553,1.883277138015062e-06
22554,1.882330678881773e-06
22555,1.8813861117905628e-06
22556,1.8804434328556507e-06
22557,1.8795007539207386e-06
22558,1.8785542947874504e-06
22559,1.8776135002340753e-06
22560,1.876670821299163e-06
22561,1.8757271987857053e-06
22562,1.8747835761612217e-06
22563,1.8738408972263102e-06
22564,1.8728963301350972e-06
22565,1.8719536512001854e-06
22566,1.8710081385320265e-06
22567,1.8700635714408152e-06
22568,1.8691152166017135e-06
22569,1.8681725375557796e-06
22570,1.8672308013112386e-06
22571,1.8662881223763259e-06
22572,1.8653407158897297e-06
22573,1.864396148798518e-06
22574,1.8634534698636082e-06
22575,1.8625089026613755e-06
22576,1.8615652801479145e-06
22577,1.8606282431443671e-06
22578,1.859684620630908e-06
22579,1.8587457066843172e-06
22580,1.857802084170855e-06
22581,1.8568537292207293e-06
22582,1.8559110502858206e-06
22583,1.854962695446717e-06
22584,1.854019072933256e-06
22585,1.8530754503087717e-06
22586,1.8521308832175614e-06
22587,1.8511891469730195e-06
22588,1.8502455243485357e-06
22589,1.8493037881039938e-06
22590,1.8483554332648922e-06
22591,1.8474099205967327e-06
22592,1.8464634614634422e-06
22593,1.8455226670210946e-06
22594,1.844576207887806e-06
22595,1.8436288014012077e-06
22596,1.842681394914614e-06
22597,1.8417396585590487e-06
22598,1.8407960360455882e-06
22599,1.8398495769123002e-06
22600,1.8389059543988393e-06
22601,1.8379661006484567e-06
22602,1.8370205879802996e-06
22603,1.8360816741447292e-06
22604,1.8351446371411824e-06
22605,1.8342047833908022e-06
22606,1.8332573769042082e-06
22607,1.8323118642360474e-06
22608,1.8313691853011353e-06
22609,1.8304236726329742e-06
22610,1.82947626614638e-06
22611,1.8285307534782206e-06
22612,1.8275880745433081e-06
22613,1.8266425618751476e-06
22614,1.8257008256306055e-06
22615,1.8247524707915009e-06
22616,1.823804115952398e-06
22617,1.822855761113295e-06
22618,1.8219074061631706e-06
22619,1.8209590513240672e-06
22620,1.8200154288106052e-06
22621,1.8190689696773166e-06
22622,1.8181206148382139e-06
22623,1.8171788785936725e-06
22624,1.8162314719960561e-06
22625,1.8152906775537037e-06
22626,1.8143489411981404e-06
22627,1.8134062622632288e-06
22628,1.8124626397497693e-06
22629,1.8115180726585584e-06
22630,1.8105735054563254e-06
22631,1.8096270464340591e-06
22632,1.808682479231826e-06
22633,1.8077463792565128e-06
22634,1.8068046430119707e-06
22635,1.805860075920762e-06
22636,1.8049230389172173e-06
22637,1.803976579783927e-06
22638,1.8030282249448248e-06
22639,1.802084602431365e-06
22640,1.8011362474812378e-06
22641,1.8001878926421347e-06
22642,1.7992423799739763e-06
22643,1.7982940251348722e-06
22644,1.7973475660015836e-06
22645,1.7964020534444454e-06
22646,1.7954555943111574e-06
22647,1.7945091351778673e-06
22648,1.7935664562429557e-06
22649,1.7926209435747962e-06
22650,1.7916754310176596e-06
22651,1.7907299183494974e-06
22652,1.789799421003657e-06
22653,1.788853908335497e-06
22654,1.7879083956673378e-06
22655,1.7869628829991756e-06
22656,1.7860173703310167e-06
22657,1.7850718577738785e-06
22658,1.7841263451057183e-06
22659,1.783178938619122e-06
22660,1.782230583668998e-06
22661,1.7812822288298938e-06
22662,1.780336716161735e-06
22663,1.7793883613226326e-06
22664,1.7784447388091706e-06
22665,1.7775011161846883e-06
22666,1.7765574936712267e-06
22667,1.7756129265800158e-06
22668,1.7746683593777846e-06
22669,1.7737256804428733e-06
22670,1.7727820579294126e-06
22671,1.7718384353049286e-06
22672,1.7708948127914687e-06
22673,1.7699530765469267e-06
22674,1.7690103976120146e-06
22675,1.7680686612564509e-06
22676,1.7671231486993113e-06
22677,1.7661842347527227e-06
22678,1.7652434401993501e-06
22679,1.7642969811770836e-06
22680,1.7633561866237108e-06
22681,1.7624087801371147e-06
22682,1.7614651575126308e-06
22683,1.7605168026735287e-06
22684,1.7595684478344245e-06
22685,1.7586238807432161e-06
22686,1.7576812016972797e-06
22687,1.7567460378620215e-06
22688,1.7558099379977321e-06
22689,1.754864425329573e-06
22690,1.753917966196283e-06
22691,1.752976229951741e-06
22692,1.752032607327258e-06
22693,1.7510899283923465e-06
22694,1.7501415735532422e-06
22695,1.749197006462034e-06
22696,1.748253383837549e-06
22697,1.7473050289984486e-06
22698,1.7463576225118507e-06
22699,1.7454139998873694e-06
22700,1.7444797713039868e-06
22701,1.7435483424810278e-06
22702,1.7426169136580674e-06
22703,1.741677999711476e-06
22704,1.7407400247915206e-06
22705,1.7398048609562616e-06
22706,1.738867823952718e-06
22707,1.7379317239774052e-06
22708,1.7369909295350526e-06
22709,1.736051075784673e-06
22710,1.7351149758093609e-06
22711,1.7341751220589783e-06
22712,1.7332362082234103e-06
22713,1.7322954136700385e-06
22714,1.7313546191166647e-06
22715,1.7304138245632915e-06
22716,1.7294673655410268e-06
22717,1.728519959054431e-06
22718,1.7275744463862714e-06
22719,1.7266279872529813e-06
22720,1.7256824745848218e-06
22721,1.7247397956499104e-06
22722,1.7238065012081796e-06
22723,1.7228590947215854e-06
22724,1.7219116882349886e-06
22725,1.7209642816373718e-06
22726,1.7200159267982682e-06
22727,1.7190675719591657e-06
22728,1.7181192171200608e-06
22729,1.7171708622809596e-06
22730,1.7162225073308348e-06
22731,1.715280771086291e-06
22732,1.7143362039950807e-06
22733,1.7133878491559776e-06
22734,1.7124394942058515e-06
22735,1.7114930351835881e-06
22736,1.7105456285859697e-06
22737,1.7095972737468657e-06
22738,1.7086574199964844e-06
22739,1.7077090651573814e-06
22740,1.7067607103182765e-06
22741,1.7058123554791761e-06
22742,1.704865896345887e-06
22743,1.7039175415067827e-06
22744,1.7029701350201886e-06
22745,1.7020274559742524e-06
22746,1.7010847770393407e-06
22747,1.7001486771750515e-06
22748,1.6992125771997394e-06
22749,1.6982764772244248e-06
22750,1.6973403772491129e-06
22751,1.6964024023291545e-06
22752,1.695461607775784e-06
22753,1.6945170406845733e-06
22754,1.6935724734823408e-06
22755,1.6926260144600744e-06
22756,1.6916852199067031e-06
22757,1.6907453661563206e-06
22758,1.6898073912363636e-06
22759,1.688863768611882e-06
22760,1.6879286047766233e-06
22761,1.68698592584171e-06
22762,1.6860460720913304e-06
22763,1.6851071582557594e-06
22764,1.684168244309171e-06
22765,1.6832293304736023e-06
22766,1.6822894767232214e-06
22767,1.681347740478678e-06
22768,1.68040882664311e-06
22769,1.6794661477081984e-06
22770,1.678527233761607e-06
22771,1.6775864393192565e-06
22772,1.6766437602733207e-06
22773,1.675704846437754e-06
22774,1.6747593337695942e-06
22775,1.6738128747473281e-06
22776,1.672864519797201e-06
22777,1.6719161649580974e-06
22778,1.6709763112077178e-06
22779,1.6700345749631747e-06
22780,1.6690909524497135e-06
22781,1.6681492162051725e-06
22782,1.667200861255046e-06
22783,1.6662600668126955e-06
22784,1.6653117118625705e-06
22785,1.664374674859027e-06
22786,1.663427268372431e-06
22787,1.6624827012812207e-06
22788,1.661545664277674e-06
22789,1.6606048697243015e-06
22790,1.6596734409013434e-06
22791,1.6587364040088219e-06
22792,1.6577899448755322e-06
22793,1.6568425383889365e-06
22794,1.655903624442345e-06
22795,1.6549562179557508e-06
22796,1.6540088114691528e-06
22797,1.653060456630051e-06
22798,1.652118720274487e-06
22799,1.6511779258321354e-06
22800,1.6502427619968791e-06
22801,1.6492991393723946e-06
22802,1.648356460437482e-06
22803,1.6474156658841112e-06
22804,1.6464710987929012e-06
22805,1.6455303042395299e-06
22806,1.6445913904039593e-06
22807,1.6436515366535787e-06
22808,1.6427088577186651e-06
22809,1.6417661787837543e-06
22810,1.6408234998488429e-06
22811,1.6398827052954714e-06
22812,1.6389343504563667e-06
22813,1.6379907278318824e-06
22814,1.637047105318423e-06
22815,1.6361006461851344e-06
22816,1.6351579672502215e-06
22817,1.6342124545820635e-06
22818,1.6332678874908537e-06
22819,1.6323364586678935e-06
22820,1.6313881038287916e-06
22821,1.6304406973421937e-06
22822,1.6294932908556007e-06
22823,1.628560929667345e-06
22824,1.6276191934228015e-06
22825,1.6266765144878911e-06
22826,1.625736660737509e-06
22827,1.624797746790917e-06
22828,1.6238578931515588e-06
22829,1.6229170985981856e-06
22830,1.6219781846515968e-06
22831,1.621032672094459e-06
22832,1.6200881048922268e-06
22833,1.6191444823787642e-06
22834,1.618200859754283e-06
22835,1.617256292663072e-06
22836,1.6163117255718603e-06
22837,1.6153671583696292e-06
22838,1.6144244794347167e-06
22839,1.6134799123435067e-06
22840,1.6125362897190243e-06
22841,1.611592667205563e-06
22842,1.6106490446921042e-06
22843,1.6097063656461696e-06
22844,1.6087655712038197e-06
22845,1.607823834959277e-06
22846,1.6068820986037127e-06
22847,1.6059365860465753e-06
22848,1.6049957914932035e-06
22849,1.6040493323599145e-06
22850,1.6031009775208103e-06
22851,1.6021526226817073e-06
22852,1.6012108864371657e-06
22853,1.6002682073912309e-06
22854,1.599324584877771e-06
22855,1.5983790722096107e-06
22856,1.5974335595414506e-06
22857,1.596485204702346e-06
22858,1.5955368498632451e-06
22859,1.5945922827720327e-06
22860,1.5936439278219096e-06
22861,1.5926993607306991e-06
22862,1.5917576244861569e-06
22863,1.5908168299327847e-06
22864,1.589876035379411e-06
22865,1.5889352409370629e-06
22866,1.587994446383688e-06
22867,1.5870536518303175e-06
22868,1.5861109728954052e-06
22869,1.5851626180563014e-06
22870,1.5842227643059195e-06
22871,1.5832810280613774e-06
22872,1.582336460970169e-06
22873,1.5813947246146051e-06
22874,1.5804463697755018e-06
22875,1.5795046335309597e-06
22876,1.578563838977588e-06
22877,1.5776173798442983e-06
22878,1.5766699733577017e-06
22879,1.5757225668711074e-06
22880,1.5747770542029458e-06
22881,1.5738296477163507e-06
22882,1.5728841350481925e-06
22883,1.5719367285615953e-06
22884,1.5709893220750017e-06
22885,1.5700419155884045e-06
22886,1.5690945091018104e-06
22887,1.5681471025041922e-06
22888,1.5671996960175952e-06
22889,1.5662522895309996e-06
22890,1.5653048830444062e-06
22891,1.5643574765578105e-06
22892,1.5634110174245206e-06
22893,1.5624636109379261e-06
22894,1.5615171518046375e-06
22895,1.5605716391364761e-06
22896,1.559628016623017e-06
22897,1.558683449420784e-06
22898,1.5577407704858708e-06
22899,1.5568018566503015e-06
22900,1.5558553975170155e-06
22901,1.5549117750035535e-06
22902,1.5539672078013222e-06
22903,1.5530235852878598e-06
22904,1.5520799626633774e-06
22905,1.551144798828118e-06
22906,1.5502030625835776e-06
22907,1.5492594400701152e-06
22908,1.5483186455167444e-06
22909,1.547373132848585e-06
22910,1.546429510335124e-06
22911,1.5454849431328922e-06
22912,1.5445375366462946e-06
22913,1.5435967420929227e-06
22914,1.5426502830706578e-06
22915,1.5417057158684236e-06
22916,1.5407611487772152e-06
22917,1.5398194125326725e-06
22918,1.5388804985860803e-06
22919,1.5379378196511705e-06
22920,1.5369970252088198e-06
22921,1.5360524580065875e-06
22922,1.5351059988732974e-06
22923,1.534165204430948e-06
22924,1.5332244098775769e-06
22925,1.532283615324204e-06
22926,1.5313390482329932e-06
22927,1.5303982536796217e-06
22928,1.5294593398440526e-06
22929,1.52851854529068e-06
22930,1.5275786915402991e-06
22931,1.526640716620343e-06
22932,1.5256970939958604e-06
22933,1.5247544150609458e-06
22934,1.5238098479697373e-06
22935,1.5228662253452545e-06
22936,1.5219254309029027e-06
22937,1.5209827519679907e-06
22938,1.5200391293435102e-06
22939,1.5190936166753486e-06
22940,1.5181528222329996e-06
22941,1.5172082550307662e-06
22942,1.5162617960084999e-06
22943,1.5153162833403412e-06
22944,1.5143736044054292e-06
22945,1.5134318681608858e-06
22946,1.5124863554927257e-06
22947,1.511542732868244e-06
22948,1.5106019384258935e-06
22949,1.509655479292605e-06
22950,1.5087118566681212e-06
22951,1.5077653976458551e-06
22952,1.5068208304436239e-06
22953,1.5058772079301627e-06
22954,1.5049335853056797e-06
22955,1.5039899627922171e-06
22956,1.5030463402787588e-06
22957,1.502101773076524e-06
22958,1.5011581505630647e-06
22959,1.5002145279385823e-06
22960,1.499270905425122e-06
22961,1.4983301108717482e-06
22962,1.4973836517384598e-06
22963,1.4964400292249993e-06
22964,1.4954992346716278e-06
22965,1.494555612158167e-06
22966,1.4936138758026008e-06
22967,1.4926683632454628e-06
22968,1.4917275686920919e-06
22969,1.4907877149417108e-06
22970,1.489840308455115e-06
22971,1.4888929019685193e-06
22972,1.4879454954819232e-06
22973,1.4870028164359886e-06
22974,1.4860610801914473e-06
22975,1.485119343946906e-06
22976,1.4841766650119932e-06
22977,1.4832386900920358e-06
22978,1.4822950674675535e-06
22979,1.4813552137171739e-06
22980,1.4804125347822614e-06
22981,1.4794707985377187e-06
22982,1.4785309447873372e-06
22983,1.4775901503449869e-06
22984,1.4766427437473705e-06
22985,1.475699121233908e-06
22986,1.4747573849893659e-06
22987,1.4738147060544546e-06
22988,1.472872969809914e-06
22989,1.47193123345435e-06
22990,1.4709838269677527e-06
22991,1.470040204454293e-06
22992,1.4690956372520613e-06
22993,1.468148230765464e-06
22994,1.4672064945209218e-06
22995,1.4662590880343267e-06
22996,1.4653135753661675e-06
22997,1.4643737216157849e-06
22998,1.463431985371245e-06
22999,1.4624893064363318e-06
23000,1.4615550777419273e-06
23001,1.460610510650716e-06
23002,1.459663104164123e-06
23003,1.4587232504137406e-06
23004,1.4577824558603689e-06
23005,1.4568435420248e-06
23006,1.4558989748225666e-06
23007,1.4549609999026094e-06
23008,1.4540202053492369e-06
23009,1.4530746926810784e-06
23010,1.4521282336588121e-06
23011,1.4511808270611935e-06
23012,1.4502334205745973e-06
23013,1.4492860140880016e-06
23014,1.4483386076014077e-06
23015,1.4473912011148124e-06
23016,1.4464475784903284e-06
23017,1.4455058422457859e-06
23018,1.4445593831124987e-06
23019,1.4436157605990361e-06
23020,1.4426711933968063e-06
23021,1.4417237869102083e-06
23022,1.4407763804236127e-06
23023,1.4398365266732338e-06
23024,1.4388957321198612e-06
23025,1.4379539958753172e-06
23026,1.4370141421249382e-06
23027,1.4360752282893672e-06
23028,1.4351363144537992e-06
23029,1.434190801785639e-06
23030,1.433247179161156e-06
23031,1.4323092042412002e-06
23032,1.4313674679966586e-06
23033,1.4304200615100633e-06
23034,1.4294773825751506e-06
23035,1.4285318699069915e-06
23036,1.4275882472825085e-06
23037,1.4266530834472495e-06
23038,1.4257169834719372e-06
23039,1.4247771298325784e-06
23040,1.4238335072080945e-06
23041,1.4228861007214986e-06
23042,1.421938694234903e-06
23043,1.4209931815667434e-06
23044,1.4200476688985826e-06
23045,1.419101209765295e-06
23046,1.4181575872518337e-06
23047,1.4172149083169217e-06
23048,1.4162703412257108e-06
23049,1.4153370466729604e-06
23050,1.4144000097804364e-06
23051,1.4134620347494582e-06
23052,1.4125221809990758e-06
23053,1.4115851439955305e-06
23054,1.4106462301599614e-06
23055,1.4097063764095816e-06
23056,1.4087665226591984e-06
23057,1.4078276088236304e-06
23058,1.40688775507325e-06
23059,1.4059497801532927e-06
23060,1.40500710121838e-06
23061,1.4040625340161485e-06
23062,1.4031179669249391e-06
23063,1.4021752879900256e-06
23064,1.4012307208988164e-06
23065,1.4002870982743321e-06
23066,1.39934536202979e-06
23067,1.3984120675880612e-06
23068,1.3974806387651035e-06
23069,1.3965332322785071e-06
23070,1.3955858257919116e-06
23071,1.3946384191942934e-06
23072,1.3936919601720266e-06
23073,1.3927473929697962e-06
23074,1.3918047140348843e-06
23075,1.3908573075482882e-06
23076,1.3899099010616926e-06
23077,1.388962494575096e-06
23078,1.3880150880885018e-06
23079,1.3870676814908844e-06
23080,1.386120275004287e-06
23081,1.3851728685176925e-06
23082,1.38422924589321e-06
23083,1.3832818394066133e-06
23084,1.3823372723154035e-06
23085,1.3813936496909211e-06
23086,1.3804490825997105e-06
23087,1.3795016761131156e-06
23088,1.3785542696265188e-06
23089,1.377607810493231e-06
23090,1.3766622978250705e-06
23091,1.3757233839895018e-06
23092,1.3747778713213413e-06
23093,1.373831412188054e-06
23094,1.3728906177457043e-06
23095,1.3719460505434704e-06
23096,1.3710061967930902e-06
23097,1.3700644605485488e-06
23098,1.369124606798167e-06
23099,1.3681847531588072e-06
23100,1.3672467781278286e-06
23101,1.3663069243774475e-06
23102,1.3653642454425344e-06
23103,1.364416838955939e-06
23104,1.363475102711397e-06
23105,1.3625324237764851e-06
23106,1.3615888011520023e-06
23107,1.360645178638541e-06
23108,1.3597015560140582e-06
23109,1.3587598197695178e-06
23110,1.3578171408346045e-06
23111,1.3568782269990358e-06
23112,1.3559421270237237e-06
23113,1.3550032131881553e-06
23114,1.3540624186347817e-06
23115,1.353122564884402e-06
23116,1.3521817703310299e-06
23117,1.35124191669167e-06
23118,1.3502973494894366e-06
23119,1.3493537269759776e-06
23120,1.3484138732255955e-06
23121,1.3474749593900266e-06
23122,1.3465294467218665e-06
23123,1.345590532775275e-06
23124,1.344648796530735e-06
23125,1.3437117595271886e-06
23126,1.3427690805922767e-06
23127,1.3418311056723208e-06
23128,1.3408884267374073e-06
23129,1.3399504517064283e-06
23130,1.3390096572640786e-06
23131,1.3380688627107062e-06
23132,1.3371271264661646e-06
23133,1.3361863319127922e-06
23134,1.3352436529778806e-06
23135,1.3343009740429687e-06
23136,1.333358295108056e-06
23137,1.3324156161731433e-06
23138,1.3314729372382306e-06
23139,1.33053308348785e-06
23140,1.3295922889344772e-06
23141,1.3286524351840973e-06
23142,1.327714460264141e-06
23143,1.3267736657107665e-06
23144,1.325837565735454e-06
23145,1.3248967712931037e-06
23146,1.3239559767397333e-06
23147,1.3230142404951916e-06
23148,1.3220696732929574e-06
23149,1.3211232142706921e-06
23150,1.320178647068459e-06
23151,1.319235024554999e-06
23152,1.3182970495240188e-06
23153,1.3173618856887608e-06
23154,1.3164239107688051e-06
23155,1.3154868737652598e-06
23156,1.3145535793235293e-06
23157,1.3136099566990465e-06
23158,1.3126747928637879e-06
23159,1.311734939113407e-06
23160,1.3107960252778392e-06
23161,1.3098580503578825e-06
23162,1.3089181966075007e-06
23163,1.3079755176725885e-06
23164,1.3070337814280457e-06
23165,1.3060892142258145e-06
23166,1.3051465352909022e-06
23167,1.3042029127774406e-06
23168,1.3032592901529572e-06
23169,1.3023156676394965e-06
23170,1.3013748730861258e-06
23171,1.3004331368415831e-06
23172,1.2994895142170997e-06
23173,1.2985468352821876e-06
23174,1.2976013227250513e-06
23175,1.296654863591763e-06
23176,1.2957084044584724e-06
23177,1.2947638373672643e-06
23178,1.2938202147427806e-06
23179,1.2928822398228239e-06
23180,1.291945202819278e-06
23181,1.2910062889837095e-06
23182,1.2900673750371194e-06
23183,1.2891284612015499e-06
23184,1.2881895473659819e-06
23185,1.287249693615599e-06
23186,1.2863088990622265e-06
23187,1.285367162817686e-06
23188,1.2844216501495243e-06
23189,1.2834799139049827e-06
23190,1.2825391193516107e-06
23191,1.281598324798239e-06
23192,1.2806565885536965e-06
23193,1.2797157941113466e-06
23194,1.2787749995579745e-06
23195,1.2778313769334925e-06
23196,1.2768877544200314e-06
23197,1.2759450754851198e-06
23198,1.2749995628169586e-06
23199,1.2740559403034968e-06
23200,1.2731123176790157e-06
23201,1.2721649111924183e-06
23202,1.2712297473571612e-06
23203,1.2702898936067795e-06
23204,1.269343434473491e-06
23205,1.268397921805332e-06
23206,1.2674542992918713e-06
23207,1.2665097322006594e-06
23208,1.2655632730673712e-06
23209,1.264618705976162e-06
23210,1.2636722468428727e-06
23211,1.2627257877095833e-06
23212,1.2617802750414238e-06
23213,1.260835707950214e-06
23214,1.259889248816926e-06
23215,1.2589446817257147e-06
23216,1.2580001146345048e-06
23217,1.2570555474322735e-06
23218,1.2561109803410624e-06
23219,1.2551673577165805e-06
23220,1.2542227906253709e-06
23221,1.253281054380829e-06
23222,1.252336487178596e-06
23223,1.251394750934054e-06
23224,1.2504511284205928e-06
23225,1.2495065613293828e-06
23226,1.2485638822834484e-06
23227,1.2476221460389072e-06
23228,1.2466841711189498e-06
23229,1.2457414921840375e-06
23230,1.2447988132491263e-06
23231,1.2438561343142149e-06
23232,1.2429134553793013e-06
23233,1.2419736016289205e-06
23234,1.2410318653843792e-06
23235,1.2400910708310054e-06
23236,1.2391483918960942e-06
23237,1.2382047692716124e-06
23238,1.2372592567144727e-06
23239,1.2363175203589086e-06
23240,1.2353757841143678e-06
23241,1.2344368702787997e-06
23242,1.233497016528417e-06
23243,1.232555280283876e-06
23244,1.2316182432803298e-06
23245,1.2306736761891206e-06
23246,1.229729108986887e-06
23247,1.2287835964297491e-06
23248,1.2278390292275168e-06
23249,1.2268991754771372e-06
23250,1.2259583810347858e-06
23251,1.2250128683666255e-06
23252,1.224070189431714e-06
23253,1.2231275104968012e-06
23254,1.2221838878723182e-06
23255,1.221242151627776e-06
23256,1.220298529114317e-06
23257,1.2193558501794044e-06
23258,1.218415055626033e-06
23259,1.2174704885348224e-06
23260,1.21652969398145e-06
23261,1.2155860713569668e-06
23262,1.2146443351124256e-06
23263,1.2136988224442653e-06
23264,1.2127561435093524e-06
23265,1.2118134645744411e-06
23266,1.2108698420609792e-06
23267,1.2099262194364977e-06
23268,1.2089835405015843e-06
23269,1.208045565581627e-06
23270,1.2071094656063161e-06
23271,1.2061686710529425e-06
23272,1.2052278766105928e-06
23273,1.2042823639424325e-06
23274,1.2033406276978913e-06
23275,1.2023988914533492e-06
23276,1.2014562124074157e-06
23277,1.2005116453162052e-06
23278,1.1995661326480455e-06
23279,1.198620620090906e-06
23280,1.1976798255375338e-06
23281,1.1967362029130515e-06
23282,1.1957897438907854e-06
23283,1.1948527068872399e-06
23284,1.1939109706426967e-06
23285,1.1929682917077847e-06
23286,1.1920227790396262e-06
23287,1.191081042795084e-06
23288,1.1901411890447016e-06
23289,1.1892003944913294e-06
23290,1.188259599937958e-06
23291,1.187320686102388e-06
23292,1.1863780071674766e-06
23293,1.1854390932208852e-06
23294,1.184496414285974e-06
23295,1.1835527917725128e-06
23296,1.1826185630781075e-06
23297,1.181675884143197e-06
23298,1.1807341478986544e-06
23299,1.1797876887653651e-06
23300,1.1788412296320765e-06
23301,1.1778947706098106e-06
23302,1.1769483114765216e-06
23303,1.1760037443853124e-06
23304,1.175059177183079e-06
23305,1.1741202633475114e-06
23306,1.1731822883165313e-06
23307,1.1722433744809641e-06
23308,1.1713053995610074e-06
23309,1.1703674245300282e-06
23310,1.1694322606947685e-06
23311,1.1684952236912234e-06
23312,1.1675497110230626e-06
23313,1.1666051439318547e-06
23314,1.1656596312636927e-06
23315,1.1647141187065561e-06
23316,1.1637723823509918e-06
23317,1.1628287598375304e-06
23318,1.1618889060871502e-06
23319,1.1609462271522377e-06
23320,1.160000714484078e-06
23321,1.159058035549166e-06
23322,1.1581134684579553e-06
23323,1.1571736147075746e-06
23324,1.156233760957193e-06
23325,1.1552957860372364e-06
23326,1.154353107102323e-06
23327,1.1534151320713448e-06
23328,1.1524705649801352e-06
23329,1.1515325900601783e-06
23330,1.1505880228579465e-06
23331,1.149643455766735e-06
23332,1.1486979430985762e-06
23333,1.147751483965286e-06
23334,1.1468059714081485e-06
23335,1.145868934404604e-06
23336,1.1449224752713145e-06
23337,1.1439769626031544e-06
23338,1.143030503469867e-06
23339,1.1420840444476001e-06
23340,1.1411375853143122e-06
23341,1.140199610394354e-06
23342,1.1392606964477636e-06
23343,1.1383217826121948e-06
23344,1.1373828687766265e-06
23345,1.136436409643337e-06
23346,1.135492787018855e-06
23347,1.1345519925765053e-06
23348,1.133609313641592e-06
23349,1.1326628545083035e-06
23350,1.1317163953750151e-06
23351,1.1307718282838047e-06
23352,1.1298253691505177e-06
23353,1.128878910017227e-06
23354,1.1279428101529368e-06
23355,1.1270067101776255e-06
23356,1.126067796231033e-06
23357,1.1251316963667437e-06
23358,1.1241927824201523e-06
23359,1.1232557454166066e-06
23360,1.1223168315810392e-06
23361,1.12137791774547e-06
23362,1.1204455565572149e-06
23363,1.1195000438890546e-06
23364,1.1185573649541425e-06
23365,1.1176127978629322e-06
23366,1.116666338729643e-06
23367,1.1157274247830533e-06
23368,1.1147838022695928e-06
23369,1.1138420660250499e-06
23370,1.112902212274669e-06
23371,1.1119642373547127e-06
23372,1.1110225009991477e-06
23373,1.11008264735979e-06
23374,1.1091427936094087e-06
23375,1.108206693634096e-06
23376,1.107265899080722e-06
23377,1.1063251046383728e-06
23378,1.105384310085e-06
23379,1.1044387974168408e-06
23380,1.1035017604132955e-06
23381,1.1025553012800054e-06
23382,1.1016154476406464e-06
23383,1.1006755938902663e-06
23384,1.0997385568867193e-06
23385,1.098795877951808e-06
23386,1.0978531990168969e-06
23387,1.0969067398836068e-06
23388,1.0959602807503195e-06
23389,1.0950157136591081e-06
23390,1.0940814849647038e-06
23391,1.0931435100447469e-06
23392,1.0922064730412026e-06
23393,1.0912647367966603e-06
23394,1.0903239422432884e-06
23395,1.0893869052397416e-06
23396,1.0884582679615564e-06
23397,1.0875184142111753e-06
23398,1.086575735276262e-06
23399,1.0856349407228903e-06
23400,1.0846950869725092e-06
23401,1.0837561731369407e-06
23402,1.082817259190349e-06
23403,1.081876464747999e-06
23404,1.0809337858130874e-06
23405,1.079992049457524e-06
23406,1.0790540745375667e-06
23407,1.0781123382930249e-06
23408,1.0771696593581117e-06
23409,1.0762279231135714e-06
23410,1.0752843004890877e-06
23411,1.0743425642445452e-06
23412,1.0733998853096345e-06
23413,1.0724572063747226e-06
23414,1.0715173526243398e-06
23415,1.07057373011088e-06
23416,1.0696338763604993e-06
23417,1.0686959013295188e-06
23418,1.0677494423072535e-06
23419,1.0668105283606621e-06
23420,1.0658716145250926e-06
23421,1.064932700689525e-06
23422,1.0639937867429347e-06
23423,1.0630576867676203e-06
23424,1.0621150078327082e-06
23425,1.0611713853192488e-06
23426,1.0602249261859598e-06
23427,1.0592850724355785e-06
23428,1.0583442779932278e-06
23429,1.0574006553687452e-06
23430,1.056461741533176e-06
23431,1.0555275128387718e-06
23432,1.0545904758352256e-06
23433,1.053651561999657e-06
23434,1.0527107674462863e-06
23435,1.0517737304427395e-06
23436,1.0508338766923578e-06
23437,1.0498940229419769e-06
23438,1.048953228499627e-06
23439,1.048008661297395e-06
23440,1.0470631486292348e-06
23441,1.0461223541868853e-06
23442,1.0451843791559048e-06
23443,1.0442445254055252e-06
23444,1.043303730963174e-06
23445,1.042358218295015e-06
23446,1.0414127056268532e-06
23447,1.0404812768038958e-06
23448,1.0395451769396047e-06
23449,1.038604382386232e-06
23450,1.037668282410919e-06
23451,1.0367265461663775e-06
23452,1.0357876322197861e-06
23453,1.034848718384218e-06
23454,1.0339060394493065e-06
23455,1.0329624169358462e-06
23456,1.0320225631854645e-06
23457,1.0310798842505522e-06
23458,1.0301334251172634e-06
23459,1.0291973251419504e-06
23460,1.0282537026284906e-06
23461,1.0273100800040073e-06
23462,1.026366457490546e-06
23463,1.0254237785556333e-06
23464,1.0244782658874734e-06
23465,1.023532753219314e-06
23466,1.0225872405511534e-06
23467,1.0216426734599442e-06
23468,1.0206999945250317e-06
23469,1.0197591999716593e-06
23470,1.018818405418286e-06
23471,1.0178766691737449e-06
23472,1.0169386942537886e-06
23473,1.015996015318876e-06
23474,1.0150514482276656e-06
23475,1.0141068810254333e-06
23476,1.0131660864720622e-06
23477,1.0122215193808521e-06
23478,1.0112769522896414e-06
23479,1.0103352160451004e-06
23480,1.0093944214917268e-06
23481,1.0084536269383544e-06
23482,1.0075128323849827e-06
23483,1.0065710961404414e-06
23484,1.005629359895899e-06
23485,1.004689506145518e-06
23486,1.0037449390543072e-06
23487,1.002800371852075e-06
23488,1.0018605182127154e-06
23489,1.0009178392778033e-06
23490,9.999761029222396e-07
